ID,purchaseOrderId,lineNumber,ProductId,Quantity,unitOfMeasure,Status,Value,valueCurrency
6d0d2d27-9bbc-49f9-8379-a4e7560edc84-10,6d0d2d27-9bbc-49f9-8379-a4e7560edc84,10,PART002,390,Each,Active,29250,USD
6d0d2d27-9bbc-49f9-8379-a4e7560edc84-20,6d0d2d27-9bbc-49f9-8379-a4e7560edc84,20,PART003-1,140,Each,Active,14000,USD
714e8989-508b-46dc-991b-beeec153d7b3-10,714e8989-508b-46dc-991b-beeec153d7b3,10,PART001,380,Each,Active,85500,USD
c02d0831-d7b5-470b-971b-b7e8b27307d9-10,c02d0831-d7b5-470b-971b-b7e8b27307d9,10,PART003-2,290,Each,Active,43500,USD
c02d0831-d7b5-470b-971b-b7e8b27307d9-20,c02d0831-d7b5-470b-971b-b7e8b27307d9,20,PART003-3,350,Each,Active,70000,USD
be99a9cb-e32a-4387-a0c2-419550309fe0-10,be99a9cb-e32a-4387-a0c2-419550309fe0,10,PART004,440,Each,Active,77000,USD
be99a9cb-e32a-4387-a0c2-419550309fe0-20,be99a9cb-e32a-4387-a0c2-419550309fe0,20,PART002,490,Each,Active,36750,USD
1f1cade1-2637-43ae-98f0-85d1525e86cd-10,1f1cade1-2637-43ae-98f0-85d1525e86cd,10,PART003-3,100,Each,Active,20000,USD
1f1cade1-2637-43ae-98f0-85d1525e86cd-20,1f1cade1-2637-43ae-98f0-85d1525e86cd,20,PART002,270,Each,Active,20250,USD
1f1cade1-2637-43ae-98f0-85d1525e86cd-30,1f1cade1-2637-43ae-98f0-85d1525e86cd,30,PART003,270,Each,Active,40500,USD
6a850132-086f-48ec-b108-79e75035d2a7-10,6a850132-086f-48ec-b108-79e75035d2a7,10,PART003-3,90,Each,Active,18000,USD
6a850132-086f-48ec-b108-79e75035d2a7-20,6a850132-086f-48ec-b108-79e75035d2a7,20,PART005,310,Each,Active,46500,USD
d354bf42-38f3-4238-be6f-9b2f815b8111-10,d354bf42-38f3-4238-be6f-9b2f815b8111,10,PART003-2,80,Each,Active,12000,USD
d354bf42-38f3-4238-be6f-9b2f815b8111-20,d354bf42-38f3-4238-be6f-9b2f815b8111,20,PART005,70,Each,Active,10500,USD
6d68189a-00ad-4aa2-961f-429de38f325e-10,6d68189a-00ad-4aa2-961f-429de38f325e,10,PART001,90,Each,Active,20250,USD
4133fed2-a2e7-4ed5-a017-c63b2aea3493-10,4133fed2-a2e7-4ed5-a017-c63b2aea3493,10,PART003-3,380,Each,Active,76000,USD
758fbd1e-3ed5-4bc3-8ff7-e426729a705a-10,758fbd1e-3ed5-4bc3-8ff7-e426729a705a,10,PART003-2,250,Each,Active,37500,USD
79121e21-4072-43b6-a357-d16d512d1089-10,79121e21-4072-43b6-a357-d16d512d1089,10,PART006,180,Each,Active,36000,USD
79121e21-4072-43b6-a357-d16d512d1089-20,79121e21-4072-43b6-a357-d16d512d1089,20,PART003-2,290,Each,Active,43500,USD
79121e21-4072-43b6-a357-d16d512d1089-30,79121e21-4072-43b6-a357-d16d512d1089,30,PART003-1,180,Each,Active,18000,USD
a2f26611-28ed-42bd-b189-87553b3a7975-10,a2f26611-28ed-42bd-b189-87553b3a7975,10,PART003,480,Each,Active,72000,USD
a2f26611-28ed-42bd-b189-87553b3a7975-20,a2f26611-28ed-42bd-b189-87553b3a7975,20,PART002,400,Each,Active,30000,USD
a2f26611-28ed-42bd-b189-87553b3a7975-30,a2f26611-28ed-42bd-b189-87553b3a7975,30,PART003-1,420,Each,Active,42000,USD
2bfedf9a-6e29-4824-91c5-f5f1bdd1b00e-10,2bfedf9a-6e29-4824-91c5-f5f1bdd1b00e,10,PART003,230,Each,Active,34500,USD
b60dece9-94ab-4069-b753-96ca464321b3-10,b60dece9-94ab-4069-b753-96ca464321b3,10,PART003-2,480,Each,Active,72000,USD
b60dece9-94ab-4069-b753-96ca464321b3-20,b60dece9-94ab-4069-b753-96ca464321b3,20,PART004,170,Each,Active,29750,USD
b60dece9-94ab-4069-b753-96ca464321b3-30,b60dece9-94ab-4069-b753-96ca464321b3,30,PART005,310,Each,Active,46500,USD
9a7abe49-ea44-40c1-9eee-881c8db63b79-10,9a7abe49-ea44-40c1-9eee-881c8db63b79,10,PART003,370,Each,Active,55500,USD
9a7abe49-ea44-40c1-9eee-881c8db63b79-20,9a7abe49-ea44-40c1-9eee-881c8db63b79,20,PART005,190,Each,Active,28500,USD
9a7abe49-ea44-40c1-9eee-881c8db63b79-30,9a7abe49-ea44-40c1-9eee-881c8db63b79,30,PART006,430,Each,Active,86000,USD
ffa139ac-951f-47a3-abfe-d66cbb8c422c-10,ffa139ac-951f-47a3-abfe-d66cbb8c422c,10,PART004,190,Each,Active,33250,USD
ffa139ac-951f-47a3-abfe-d66cbb8c422c-20,ffa139ac-951f-47a3-abfe-d66cbb8c422c,20,PART003-2,290,Each,Active,43500,USD
78d75105-d901-4be2-8bae-55e5105e046c-10,78d75105-d901-4be2-8bae-55e5105e046c,10,PART005,50,Each,Active,7500,USD
49899404-f8c4-4dfe-bd92-f03e956129d2-10,49899404-f8c4-4dfe-bd92-f03e956129d2,10,PART003-1,430,Each,Active,43000,USD
49899404-f8c4-4dfe-bd92-f03e956129d2-20,49899404-f8c4-4dfe-bd92-f03e956129d2,20,PART003,70,Each,Active,10500,USD
4fa1cb92-0fac-443b-9ca5-19df47f1ccd6-10,4fa1cb92-0fac-443b-9ca5-19df47f1ccd6,10,PART002,140,Each,Active,10500,USD
4fa1cb92-0fac-443b-9ca5-19df47f1ccd6-20,4fa1cb92-0fac-443b-9ca5-19df47f1ccd6,20,PART003-3,490,Each,Active,98000,USD
4fa1cb92-0fac-443b-9ca5-19df47f1ccd6-30,4fa1cb92-0fac-443b-9ca5-19df47f1ccd6,30,PART003-1,100,Each,Active,10000,USD
0915777c-21a3-47fc-8739-63c31d7740b5-10,0915777c-21a3-47fc-8739-63c31d7740b5,10,PART003,470,Each,Active,70500,USD
0915777c-21a3-47fc-8739-63c31d7740b5-20,0915777c-21a3-47fc-8739-63c31d7740b5,20,PART006,70,Each,Active,14000,USD
3e021fb2-4770-49d5-86cb-d583574d8467-10,3e021fb2-4770-49d5-86cb-d583574d8467,10,PART003-2,80,Each,Active,12000,USD
2a5befb2-c551-447e-b40e-45d04bd5c691-10,2a5befb2-c551-447e-b40e-45d04bd5c691,10,PART005,500,Each,Active,75000,USD
7e005e14-cd1f-4a25-8f90-a62c8ead0b90-10,7e005e14-cd1f-4a25-8f90-a62c8ead0b90,10,PART003-3,360,Each,Active,72000,USD
7e005e14-cd1f-4a25-8f90-a62c8ead0b90-20,7e005e14-cd1f-4a25-8f90-a62c8ead0b90,20,PART001,150,Each,Active,33750,USD
e41be754-31f5-404a-a6ea-71791c6e1751-10,e41be754-31f5-404a-a6ea-71791c6e1751,10,PART003-1,330,Each,Active,33000,USD
e41be754-31f5-404a-a6ea-71791c6e1751-20,e41be754-31f5-404a-a6ea-71791c6e1751,20,PART003-2,260,Each,Active,39000,USD
e41be754-31f5-404a-a6ea-71791c6e1751-30,e41be754-31f5-404a-a6ea-71791c6e1751,30,PART001,220,Each,Active,49500,USD
5f4993df-d387-472c-a773-4211a96e0a23-10,5f4993df-d387-472c-a773-4211a96e0a23,10,PART005,80,Each,Active,12000,USD
5f4993df-d387-472c-a773-4211a96e0a23-20,5f4993df-d387-472c-a773-4211a96e0a23,20,PART003-3,210,Each,Active,42000,USD
5f4993df-d387-472c-a773-4211a96e0a23-30,5f4993df-d387-472c-a773-4211a96e0a23,30,PART006,330,Each,Active,66000,USD
e9ab42f1-a93c-4b2b-aaa3-ffe8ddbafcd8-10,e9ab42f1-a93c-4b2b-aaa3-ffe8ddbafcd8,10,PART003-2,200,Each,Active,30000,USD
32bd4781-4e47-43cf-a1d9-ec91de19977f-10,32bd4781-4e47-43cf-a1d9-ec91de19977f,10,PART001,240,Each,Active,54000,USD
f36b595e-34b3-496f-aea8-507be2eeaf17-10,f36b595e-34b3-496f-aea8-507be2eeaf17,10,PART005,180,Each,Active,27000,USD
f36b595e-34b3-496f-aea8-507be2eeaf17-20,f36b595e-34b3-496f-aea8-507be2eeaf17,20,PART003-1,470,Each,Active,47000,USD
fa49671d-c576-4a02-86a9-f959a921e3b5-10,fa49671d-c576-4a02-86a9-f959a921e3b5,10,PART003-3,90,Each,Active,18000,USD
fa49671d-c576-4a02-86a9-f959a921e3b5-20,fa49671d-c576-4a02-86a9-f959a921e3b5,20,PART004,490,Each,Active,85750,USD
eb2d1f3a-06da-4ff3-b31e-ec0eb8488792-10,eb2d1f3a-06da-4ff3-b31e-ec0eb8488792,10,PART005,170,Each,Active,25500,USD
eb2d1f3a-06da-4ff3-b31e-ec0eb8488792-20,eb2d1f3a-06da-4ff3-b31e-ec0eb8488792,20,PART003-1,70,Each,Active,7000,USD
eb2d1f3a-06da-4ff3-b31e-ec0eb8488792-30,eb2d1f3a-06da-4ff3-b31e-ec0eb8488792,30,PART004,430,Each,Active,75250,USD
9886d608-03b6-452d-b2a4-0f0d8d3366ea-10,9886d608-03b6-452d-b2a4-0f0d8d3366ea,10,PART002,380,Each,Active,28500,USD
9886d608-03b6-452d-b2a4-0f0d8d3366ea-20,9886d608-03b6-452d-b2a4-0f0d8d3366ea,20,PART003-3,400,Each,Active,80000,USD
666ab65e-c98e-4f04-8654-d1b1de6aff41-10,666ab65e-c98e-4f04-8654-d1b1de6aff41,10,PART002,470,Each,Active,35250,USD
666ab65e-c98e-4f04-8654-d1b1de6aff41-20,666ab65e-c98e-4f04-8654-d1b1de6aff41,20,PART001,400,Each,Active,90000,USD
666ab65e-c98e-4f04-8654-d1b1de6aff41-30,666ab65e-c98e-4f04-8654-d1b1de6aff41,30,PART005,140,Each,Active,21000,USD
9e727e58-2622-4cef-80b2-d5ecc2d31e81-10,9e727e58-2622-4cef-80b2-d5ecc2d31e81,10,PART003-1,110,Each,Active,11000,USD
9e727e58-2622-4cef-80b2-d5ecc2d31e81-20,9e727e58-2622-4cef-80b2-d5ecc2d31e81,20,PART003,150,Each,Active,22500,USD
4900077c-d3e4-4ff3-ad2a-c41e70fc6598-10,4900077c-d3e4-4ff3-ad2a-c41e70fc6598,10,PART001,470,Each,Active,105750,USD
4900077c-d3e4-4ff3-ad2a-c41e70fc6598-20,4900077c-d3e4-4ff3-ad2a-c41e70fc6598,20,PART004,170,Each,Active,29750,USD
4900077c-d3e4-4ff3-ad2a-c41e70fc6598-30,4900077c-d3e4-4ff3-ad2a-c41e70fc6598,30,PART003-1,140,Each,Active,14000,USD
d21712cd-a53a-487e-bfd2-505ec5a36cf5-10,d21712cd-a53a-487e-bfd2-505ec5a36cf5,10,PART001,470,Each,Active,105750,USD
8804db32-0184-4107-a0c1-2a820b6c4b43-10,8804db32-0184-4107-a0c1-2a820b6c4b43,10,PART006,160,Each,Active,32000,USD
8804db32-0184-4107-a0c1-2a820b6c4b43-20,8804db32-0184-4107-a0c1-2a820b6c4b43,20,PART002,260,Each,Active,19500,USD
0c59b11e-4e7f-4652-8aef-beafe2bebd8b-10,0c59b11e-4e7f-4652-8aef-beafe2bebd8b,10,PART003,50,Each,Active,7500,USD
948437c1-8259-49ad-b8cf-a543b2e2adca-10,948437c1-8259-49ad-b8cf-a543b2e2adca,10,PART003-1,350,Each,Active,35000,USD
2dbd0aa4-18e6-45b9-b752-bf0529689763-10,2dbd0aa4-18e6-45b9-b752-bf0529689763,10,PART003-2,60,Each,Active,9000,USD
2dbd0aa4-18e6-45b9-b752-bf0529689763-20,2dbd0aa4-18e6-45b9-b752-bf0529689763,20,PART003,50,Each,Active,7500,USD
2dbd0aa4-18e6-45b9-b752-bf0529689763-30,2dbd0aa4-18e6-45b9-b752-bf0529689763,30,PART001,400,Each,Active,90000,USD
0fe980e6-d2c2-4890-9292-c27cf2d9452b-10,0fe980e6-d2c2-4890-9292-c27cf2d9452b,10,PART002,260,Each,Active,19500,USD
1381e4a3-9a6e-48a8-9c57-0a253017cd94-10,1381e4a3-9a6e-48a8-9c57-0a253017cd94,10,PART001,310,Each,Active,69750,USD
1381e4a3-9a6e-48a8-9c57-0a253017cd94-20,1381e4a3-9a6e-48a8-9c57-0a253017cd94,20,PART005,460,Each,Active,69000,USD
1381e4a3-9a6e-48a8-9c57-0a253017cd94-30,1381e4a3-9a6e-48a8-9c57-0a253017cd94,30,PART003-1,420,Each,Active,42000,USD
1fde701b-bae9-4c9f-a5e8-11f8b1f71d43-10,1fde701b-bae9-4c9f-a5e8-11f8b1f71d43,10,PART006,120,Each,Active,24000,USD
1fde701b-bae9-4c9f-a5e8-11f8b1f71d43-20,1fde701b-bae9-4c9f-a5e8-11f8b1f71d43,20,PART004,300,Each,Active,52500,USD
6bfbaa70-d5ba-4a9a-be1c-9eb75f119e91-10,6bfbaa70-d5ba-4a9a-be1c-9eb75f119e91,10,PART004,270,Each,Active,47250,USD
6bfbaa70-d5ba-4a9a-be1c-9eb75f119e91-20,6bfbaa70-d5ba-4a9a-be1c-9eb75f119e91,20,PART005,200,Each,Active,30000,USD
f21da985-cd03-432a-b570-8bfa1f2120d1-10,f21da985-cd03-432a-b570-8bfa1f2120d1,10,PART003,150,Each,Active,22500,USD
f21da985-cd03-432a-b570-8bfa1f2120d1-20,f21da985-cd03-432a-b570-8bfa1f2120d1,20,PART001,390,Each,Active,87750,USD
f21da985-cd03-432a-b570-8bfa1f2120d1-30,f21da985-cd03-432a-b570-8bfa1f2120d1,30,PART005,220,Each,Active,33000,USD
20a03f25-1670-437d-9685-8fe4d3b39976-10,20a03f25-1670-437d-9685-8fe4d3b39976,10,PART003-1,420,Each,Active,42000,USD
20a03f25-1670-437d-9685-8fe4d3b39976-20,20a03f25-1670-437d-9685-8fe4d3b39976,20,PART005,360,Each,Active,54000,USD
20a03f25-1670-437d-9685-8fe4d3b39976-30,20a03f25-1670-437d-9685-8fe4d3b39976,30,PART002,400,Each,Active,30000,USD
5b57df2e-6e66-465a-829c-ece45932fa8d-10,5b57df2e-6e66-465a-829c-ece45932fa8d,10,PART003,210,Each,Active,31500,USD
5b57df2e-6e66-465a-829c-ece45932fa8d-20,5b57df2e-6e66-465a-829c-ece45932fa8d,20,PART002,500,Each,Active,37500,USD
5b57df2e-6e66-465a-829c-ece45932fa8d-30,5b57df2e-6e66-465a-829c-ece45932fa8d,30,PART003-2,200,Each,Active,30000,USD
1ad1302a-1a3c-49f7-b9c7-03f75042e87a-10,1ad1302a-1a3c-49f7-b9c7-03f75042e87a,10,PART003-1,140,Each,Active,14000,USD
760752c8-3be3-49e3-824e-2a95916856ff-10,760752c8-3be3-49e3-824e-2a95916856ff,10,PART001,200,Each,Active,45000,USD
d4e669c0-c3e3-4a0a-9425-68eb853027e0-10,d4e669c0-c3e3-4a0a-9425-68eb853027e0,10,PART003,450,Each,Active,67500,USD
d4e669c0-c3e3-4a0a-9425-68eb853027e0-20,d4e669c0-c3e3-4a0a-9425-68eb853027e0,20,PART003-3,210,Each,Active,42000,USD
fe65b391-8f3e-4d74-b3f0-5bcadfe9eb7b-10,fe65b391-8f3e-4d74-b3f0-5bcadfe9eb7b,10,PART006,340,Each,Active,68000,USD
024593c7-1d20-43ae-a216-f479a8f277df-10,024593c7-1d20-43ae-a216-f479a8f277df,10,PART003-2,490,Each,Active,73500,USD
be6237bc-9902-40b3-abb6-43f9cf5264db-10,be6237bc-9902-40b3-abb6-43f9cf5264db,10,PART003,50,Each,Active,7500,USD
be6237bc-9902-40b3-abb6-43f9cf5264db-20,be6237bc-9902-40b3-abb6-43f9cf5264db,20,PART001,390,Each,Active,87750,USD
d242b67c-bb29-42ed-ac33-1583c19b168b-10,d242b67c-bb29-42ed-ac33-1583c19b168b,10,PART002,80,Each,Active,6000,USD
933f2219-7fb7-4f63-bf19-f620e7f9a475-10,933f2219-7fb7-4f63-bf19-f620e7f9a475,10,PART001,50,Each,Active,11250,USD
933f2219-7fb7-4f63-bf19-f620e7f9a475-20,933f2219-7fb7-4f63-bf19-f620e7f9a475,20,PART003-1,410,Each,Active,41000,USD
f8c0f6ca-c675-48ea-9e2d-973382835ccc-10,f8c0f6ca-c675-48ea-9e2d-973382835ccc,10,PART001,120,Each,Active,27000,USD
ffbec458-864e-4ce0-a630-7564c42403ef-10,ffbec458-864e-4ce0-a630-7564c42403ef,10,PART003-1,470,Each,Active,47000,USD
41efa7bb-7424-4d4e-b167-d8c07822cf7f-10,41efa7bb-7424-4d4e-b167-d8c07822cf7f,10,PART003-2,410,Each,Active,61500,USD
db8fc463-7fd9-4fcd-8263-68364c7703a3-10,db8fc463-7fd9-4fcd-8263-68364c7703a3,10,PART004,320,Each,Active,56000,USD
d17917ff-6b38-40ae-aad3-e5e872f1e1a1-10,d17917ff-6b38-40ae-aad3-e5e872f1e1a1,10,PART003-3,440,Each,Active,88000,USD
d17917ff-6b38-40ae-aad3-e5e872f1e1a1-20,d17917ff-6b38-40ae-aad3-e5e872f1e1a1,20,PART003-1,400,Each,Active,40000,USD
d17917ff-6b38-40ae-aad3-e5e872f1e1a1-30,d17917ff-6b38-40ae-aad3-e5e872f1e1a1,30,PART003-2,130,Each,Active,19500,USD
c17d03ee-cb75-4653-9255-eb9125e9af7c-10,c17d03ee-cb75-4653-9255-eb9125e9af7c,10,PART003-1,470,Each,Active,47000,USD
c17d03ee-cb75-4653-9255-eb9125e9af7c-20,c17d03ee-cb75-4653-9255-eb9125e9af7c,20,PART006,300,Each,Active,60000,USD
c17d03ee-cb75-4653-9255-eb9125e9af7c-30,c17d03ee-cb75-4653-9255-eb9125e9af7c,30,PART002,330,Each,Active,24750,USD
e8b43710-d5fb-4566-bcdf-1eda792623ca-10,e8b43710-d5fb-4566-bcdf-1eda792623ca,10,PART003-1,350,Each,Active,35000,USD
c2597ac3-180a-4623-94de-613ffee6d949-10,c2597ac3-180a-4623-94de-613ffee6d949,10,PART001,420,Each,Active,94500,USD
5f5efc5d-673f-470c-9734-5030831ebeb6-10,5f5efc5d-673f-470c-9734-5030831ebeb6,10,PART003-2,440,Each,Active,66000,USD
6581e336-a875-4fec-9f1f-74ed6ced2c7d-10,6581e336-a875-4fec-9f1f-74ed6ced2c7d,10,PART004,400,Each,Active,70000,USD
9a73a2d0-262b-4028-9694-eb06c7ba9492-10,9a73a2d0-262b-4028-9694-eb06c7ba9492,10,PART001,140,Each,Active,31500,USD
9a73a2d0-262b-4028-9694-eb06c7ba9492-20,9a73a2d0-262b-4028-9694-eb06c7ba9492,20,PART004,450,Each,Active,78750,USD
11018313-a907-41bd-8f41-93599d32b93a-10,11018313-a907-41bd-8f41-93599d32b93a,10,PART003-3,500,Each,Active,100000,USD
f5da8a63-ee6d-480e-9541-a993802d34a1-10,f5da8a63-ee6d-480e-9541-a993802d34a1,10,PART003-1,110,Each,Active,11000,USD
f5da8a63-ee6d-480e-9541-a993802d34a1-20,f5da8a63-ee6d-480e-9541-a993802d34a1,20,PART001,390,Each,Active,87750,USD
a3cb065c-13d1-459e-8536-ea4535f1c072-10,a3cb065c-13d1-459e-8536-ea4535f1c072,10,PART002,120,Each,Active,9000,USD
a3cb065c-13d1-459e-8536-ea4535f1c072-20,a3cb065c-13d1-459e-8536-ea4535f1c072,20,PART003-1,220,Each,Active,22000,USD
bb2dbe01-5b86-4784-8edd-8b6d8abe9d34-10,bb2dbe01-5b86-4784-8edd-8b6d8abe9d34,10,PART003-1,400,Each,Active,40000,USD
bb2dbe01-5b86-4784-8edd-8b6d8abe9d34-20,bb2dbe01-5b86-4784-8edd-8b6d8abe9d34,20,PART004,340,Each,Active,59500,USD
bb2dbe01-5b86-4784-8edd-8b6d8abe9d34-30,bb2dbe01-5b86-4784-8edd-8b6d8abe9d34,30,PART003,330,Each,Active,49500,USD
b35d2bea-b6a0-439b-be18-2dc352240527-10,b35d2bea-b6a0-439b-be18-2dc352240527,10,PART002,180,Each,Active,13500,USD
d498671a-799e-4cb0-b6a2-a8f91ddbb2df-10,d498671a-799e-4cb0-b6a2-a8f91ddbb2df,10,PART002,490,Each,Active,36750,USD
e8ec0164-10dd-4789-a7f0-648691597f97-10,e8ec0164-10dd-4789-a7f0-648691597f97,10,PART004,380,Each,Active,66500,USD
e8ec0164-10dd-4789-a7f0-648691597f97-20,e8ec0164-10dd-4789-a7f0-648691597f97,20,PART005,480,Each,Active,72000,USD
e8ec0164-10dd-4789-a7f0-648691597f97-30,e8ec0164-10dd-4789-a7f0-648691597f97,30,PART003-1,380,Each,Active,38000,USD
e0ac8da9-2b9d-448d-a348-616843a8a497-10,e0ac8da9-2b9d-448d-a348-616843a8a497,10,PART001,490,Each,Active,110250,USD
24af096a-cb7f-4e46-9b58-b3446b88d9f5-10,24af096a-cb7f-4e46-9b58-b3446b88d9f5,10,PART003-2,150,Each,Active,22500,USD
24af096a-cb7f-4e46-9b58-b3446b88d9f5-20,24af096a-cb7f-4e46-9b58-b3446b88d9f5,20,PART001,180,Each,Active,40500,USD
ae03a6d2-44e3-469e-b066-40e0027c9d66-10,ae03a6d2-44e3-469e-b066-40e0027c9d66,10,PART003,90,Each,Active,13500,USD
ae03a6d2-44e3-469e-b066-40e0027c9d66-20,ae03a6d2-44e3-469e-b066-40e0027c9d66,20,PART005,100,Each,Active,15000,USD
2e3e1cc3-61e4-48be-8cb7-90f7c28ff799-10,2e3e1cc3-61e4-48be-8cb7-90f7c28ff799,10,PART003,140,Each,Active,21000,USD
2e3e1cc3-61e4-48be-8cb7-90f7c28ff799-20,2e3e1cc3-61e4-48be-8cb7-90f7c28ff799,20,PART001,290,Each,Active,65250,USD
7d175894-da56-4314-9950-9b9b3fb423f7-10,7d175894-da56-4314-9950-9b9b3fb423f7,10,PART006,260,Each,Active,52000,USD
7d175894-da56-4314-9950-9b9b3fb423f7-20,7d175894-da56-4314-9950-9b9b3fb423f7,20,PART001,460,Each,Active,103500,USD
7d175894-da56-4314-9950-9b9b3fb423f7-30,7d175894-da56-4314-9950-9b9b3fb423f7,30,PART003-2,270,Each,Active,40500,USD
b09296b0-8544-48c5-8515-730504840db5-10,b09296b0-8544-48c5-8515-730504840db5,10,PART005,140,Each,Active,21000,USD
b09296b0-8544-48c5-8515-730504840db5-20,b09296b0-8544-48c5-8515-730504840db5,20,PART006,450,Each,Active,90000,USD
b09296b0-8544-48c5-8515-730504840db5-30,b09296b0-8544-48c5-8515-730504840db5,30,PART002,350,Each,Active,26250,USD
adf4354a-210f-461e-bf47-fe50f088b269-10,adf4354a-210f-461e-bf47-fe50f088b269,10,PART002,50,Each,Active,3750,USD
adf4354a-210f-461e-bf47-fe50f088b269-20,adf4354a-210f-461e-bf47-fe50f088b269,20,PART003-1,60,Each,Active,6000,USD
adf4354a-210f-461e-bf47-fe50f088b269-30,adf4354a-210f-461e-bf47-fe50f088b269,30,PART001,220,Each,Active,49500,USD
45c0d571-fb69-4e18-92de-a71c6d92dda2-10,45c0d571-fb69-4e18-92de-a71c6d92dda2,10,PART001,230,Each,Active,51750,USD
aa1dab3c-af7d-4c4f-9a58-c2e17b7ec2fe-10,aa1dab3c-af7d-4c4f-9a58-c2e17b7ec2fe,10,PART005,60,Each,Active,9000,USD
aa1dab3c-af7d-4c4f-9a58-c2e17b7ec2fe-20,aa1dab3c-af7d-4c4f-9a58-c2e17b7ec2fe,20,PART004,250,Each,Active,43750,USD
aa1dab3c-af7d-4c4f-9a58-c2e17b7ec2fe-30,aa1dab3c-af7d-4c4f-9a58-c2e17b7ec2fe,30,PART003-3,90,Each,Active,18000,USD
478eedf4-dccf-4dc3-a722-219b8f2cd37d-10,478eedf4-dccf-4dc3-a722-219b8f2cd37d,10,PART003-1,480,Each,Active,48000,USD
27cbf9d2-670d-42eb-b3c8-03ca22d59585-10,27cbf9d2-670d-42eb-b3c8-03ca22d59585,10,PART005,360,Each,Active,54000,USD
27cbf9d2-670d-42eb-b3c8-03ca22d59585-20,27cbf9d2-670d-42eb-b3c8-03ca22d59585,20,PART003-1,490,Each,Active,49000,USD
27cbf9d2-670d-42eb-b3c8-03ca22d59585-30,27cbf9d2-670d-42eb-b3c8-03ca22d59585,30,PART001,450,Each,Active,101250,USD
c3e260e3-cb21-4d89-a0ac-a3042c64171f-10,c3e260e3-cb21-4d89-a0ac-a3042c64171f,10,PART004,200,Each,Active,35000,USD
c3e260e3-cb21-4d89-a0ac-a3042c64171f-20,c3e260e3-cb21-4d89-a0ac-a3042c64171f,20,PART002,290,Each,Active,21750,USD
c3e260e3-cb21-4d89-a0ac-a3042c64171f-30,c3e260e3-cb21-4d89-a0ac-a3042c64171f,30,PART006,490,Each,Active,98000,USD
c7aac351-fccb-428e-ab2c-79283f7b358c-10,c7aac351-fccb-428e-ab2c-79283f7b358c,10,PART005,280,Each,Active,42000,USD
8f66771a-a0ff-4f89-8fb5-f0587568658e-10,8f66771a-a0ff-4f89-8fb5-f0587568658e,10,PART002,440,Each,Active,33000,USD
8f66771a-a0ff-4f89-8fb5-f0587568658e-20,8f66771a-a0ff-4f89-8fb5-f0587568658e,20,PART006,360,Each,Active,72000,USD
a0292fde-6bb7-4f83-b855-3b687987a0ba-10,a0292fde-6bb7-4f83-b855-3b687987a0ba,10,PART003-1,290,Each,Active,29000,USD
a0292fde-6bb7-4f83-b855-3b687987a0ba-20,a0292fde-6bb7-4f83-b855-3b687987a0ba,20,PART006,50,Each,Active,10000,USD
a0292fde-6bb7-4f83-b855-3b687987a0ba-30,a0292fde-6bb7-4f83-b855-3b687987a0ba,30,PART003,190,Each,Active,28500,USD
c1b491de-1c4a-46d9-9213-ba9f399c18c0-10,c1b491de-1c4a-46d9-9213-ba9f399c18c0,10,PART001,340,Each,Active,76500,USD
fde9c7e4-afcd-4e02-9834-e2d65a1927f9-10,fde9c7e4-afcd-4e02-9834-e2d65a1927f9,10,PART006,80,Each,Active,16000,USD
fde9c7e4-afcd-4e02-9834-e2d65a1927f9-20,fde9c7e4-afcd-4e02-9834-e2d65a1927f9,20,PART005,420,Each,Active,63000,USD
fde9c7e4-afcd-4e02-9834-e2d65a1927f9-30,fde9c7e4-afcd-4e02-9834-e2d65a1927f9,30,PART002,250,Each,Active,18750,USD
f24f43ba-f5c9-4d45-a768-463623b62def-10,f24f43ba-f5c9-4d45-a768-463623b62def,10,PART002,470,Each,Active,35250,USD
70620809-8074-4690-a749-ca2c3b2af8ea-10,70620809-8074-4690-a749-ca2c3b2af8ea,10,PART003-1,70,Each,Active,7000,USD
70620809-8074-4690-a749-ca2c3b2af8ea-20,70620809-8074-4690-a749-ca2c3b2af8ea,20,PART005,340,Each,Active,51000,USD
70620809-8074-4690-a749-ca2c3b2af8ea-30,70620809-8074-4690-a749-ca2c3b2af8ea,30,PART003,290,Each,Active,43500,USD
0cc4480b-0bd6-4e24-8292-b8ca746b9756-10,0cc4480b-0bd6-4e24-8292-b8ca746b9756,10,PART005,350,Each,Active,52500,USD
0cc4480b-0bd6-4e24-8292-b8ca746b9756-20,0cc4480b-0bd6-4e24-8292-b8ca746b9756,20,PART003-1,460,Each,Active,46000,USD
645c9166-0ac5-4784-b801-f9df144b099c-10,645c9166-0ac5-4784-b801-f9df144b099c,10,PART006,470,Each,Active,94000,USD
645c9166-0ac5-4784-b801-f9df144b099c-20,645c9166-0ac5-4784-b801-f9df144b099c,20,PART003-3,230,Each,Active,46000,USD
bf5c41c2-de7a-451a-a1b2-2f2475b54a65-10,bf5c41c2-de7a-451a-a1b2-2f2475b54a65,10,PART004,330,Each,Active,57750,USD
bf5c41c2-de7a-451a-a1b2-2f2475b54a65-20,bf5c41c2-de7a-451a-a1b2-2f2475b54a65,20,PART003-3,80,Each,Active,16000,USD
ce85192c-130d-4492-99f1-34819e143501-10,ce85192c-130d-4492-99f1-34819e143501,10,PART003-2,330,Each,Active,49500,USD
ce85192c-130d-4492-99f1-34819e143501-20,ce85192c-130d-4492-99f1-34819e143501,20,PART001,100,Each,Active,22500,USD
bca416e5-c6b7-465a-b37b-3b061d57b9e2-10,bca416e5-c6b7-465a-b37b-3b061d57b9e2,10,PART003-3,420,Each,Active,84000,USD
886f51d2-1eb1-4aab-99d9-bcd0c1fa7557-10,886f51d2-1eb1-4aab-99d9-bcd0c1fa7557,10,PART003-3,470,Each,Active,94000,USD
886f51d2-1eb1-4aab-99d9-bcd0c1fa7557-20,886f51d2-1eb1-4aab-99d9-bcd0c1fa7557,20,PART004,360,Each,Active,63000,USD
886f51d2-1eb1-4aab-99d9-bcd0c1fa7557-30,886f51d2-1eb1-4aab-99d9-bcd0c1fa7557,30,PART002,350,Each,Active,26250,USD
b2590c83-d3fa-40b7-9f85-c5a84b682393-10,b2590c83-d3fa-40b7-9f85-c5a84b682393,10,PART003-1,200,Each,Active,20000,USD
b2590c83-d3fa-40b7-9f85-c5a84b682393-20,b2590c83-d3fa-40b7-9f85-c5a84b682393,20,PART002,430,Each,Active,32250,USD
aa2c396d-30db-4eb3-bf3d-7b86f15a9674-10,aa2c396d-30db-4eb3-bf3d-7b86f15a9674,10,PART003-2,100,Each,Active,15000,USD
aa2c396d-30db-4eb3-bf3d-7b86f15a9674-20,aa2c396d-30db-4eb3-bf3d-7b86f15a9674,20,PART003-3,500,Each,Active,100000,USD
c41ba7c8-909a-4146-8d03-949e9f17d48c-10,c41ba7c8-909a-4146-8d03-949e9f17d48c,10,PART006,120,Each,Active,24000,USD
d281b1cf-c416-4826-91d1-8946550e83f2-10,d281b1cf-c416-4826-91d1-8946550e83f2,10,PART004,70,Each,Active,12250,USD
1b76af37-df81-405a-902d-9a072c2ca8e2-10,1b76af37-df81-405a-902d-9a072c2ca8e2,10,PART004,260,Each,Active,45500,USD
1b76af37-df81-405a-902d-9a072c2ca8e2-20,1b76af37-df81-405a-902d-9a072c2ca8e2,20,PART001,310,Each,Active,69750,USD
31d2b301-d581-4d54-850d-75c6698cb92f-10,31d2b301-d581-4d54-850d-75c6698cb92f,10,PART003-1,140,Each,Active,14000,USD
31d2b301-d581-4d54-850d-75c6698cb92f-20,31d2b301-d581-4d54-850d-75c6698cb92f,20,PART003,310,Each,Active,46500,USD
31d2b301-d581-4d54-850d-75c6698cb92f-30,31d2b301-d581-4d54-850d-75c6698cb92f,30,PART004,480,Each,Active,84000,USD
aa10aaf5-44a8-4681-b6f9-0e3a3ec51d1b-10,aa10aaf5-44a8-4681-b6f9-0e3a3ec51d1b,10,PART003-2,220,Each,Active,33000,USD
aa10aaf5-44a8-4681-b6f9-0e3a3ec51d1b-20,aa10aaf5-44a8-4681-b6f9-0e3a3ec51d1b,20,PART003,210,Each,Active,31500,USD
b3224e97-40d1-4fca-b8ab-2ff577684951-10,b3224e97-40d1-4fca-b8ab-2ff577684951,10,PART004,260,Each,Active,45500,USD
b3224e97-40d1-4fca-b8ab-2ff577684951-20,b3224e97-40d1-4fca-b8ab-2ff577684951,20,PART003,100,Each,Active,15000,USD
b3224e97-40d1-4fca-b8ab-2ff577684951-30,b3224e97-40d1-4fca-b8ab-2ff577684951,30,PART001,310,Each,Active,69750,USD
eaa072e4-3f5c-44e2-967f-10fe7150956e-10,eaa072e4-3f5c-44e2-967f-10fe7150956e,10,PART004,440,Each,Active,77000,USD
eaa072e4-3f5c-44e2-967f-10fe7150956e-20,eaa072e4-3f5c-44e2-967f-10fe7150956e,20,PART002,370,Each,Active,27750,USD
700c7fa1-4a36-4027-ac88-0fe33ad64f98-10,700c7fa1-4a36-4027-ac88-0fe33ad64f98,10,PART003-1,50,Each,Active,5000,USD
c96adca7-d41c-471d-8fad-edf6e1acc52c-10,c96adca7-d41c-471d-8fad-edf6e1acc52c,10,PART001,330,Each,Active,74250,USD
c96adca7-d41c-471d-8fad-edf6e1acc52c-20,c96adca7-d41c-471d-8fad-edf6e1acc52c,20,PART003-1,390,Each,Active,39000,USD
ba307200-51cf-44f2-8659-4e59fa0bb765-10,ba307200-51cf-44f2-8659-4e59fa0bb765,10,PART001,440,Each,Active,99000,USD
4f20fdf7-8c6f-42e7-9622-c7f07f22b418-10,4f20fdf7-8c6f-42e7-9622-c7f07f22b418,10,PART003-3,140,Each,Active,28000,USD
4f20fdf7-8c6f-42e7-9622-c7f07f22b418-20,4f20fdf7-8c6f-42e7-9622-c7f07f22b418,20,PART003,470,Each,Active,70500,USD
e10c8025-874d-444f-847b-1f02fe43ff7f-10,e10c8025-874d-444f-847b-1f02fe43ff7f,10,PART006,210,Each,Active,42000,USD
c8525c69-9011-4c35-8d6c-4b01bf63936a-10,c8525c69-9011-4c35-8d6c-4b01bf63936a,10,PART005,410,Each,Active,61500,USD
c8525c69-9011-4c35-8d6c-4b01bf63936a-20,c8525c69-9011-4c35-8d6c-4b01bf63936a,20,PART003,450,Each,Active,67500,USD
c8525c69-9011-4c35-8d6c-4b01bf63936a-30,c8525c69-9011-4c35-8d6c-4b01bf63936a,30,PART006,70,Each,Active,14000,USD
97ee79d6-96f0-46b5-9c83-24eab1df314a-10,97ee79d6-96f0-46b5-9c83-24eab1df314a,10,PART006,250,Each,Active,50000,USD
97ee79d6-96f0-46b5-9c83-24eab1df314a-20,97ee79d6-96f0-46b5-9c83-24eab1df314a,20,PART003,100,Each,Active,15000,USD
c57b8ca1-3ecd-4aa5-885b-441ff745f8de-10,c57b8ca1-3ecd-4aa5-885b-441ff745f8de,10,PART002,240,Each,Active,18000,USD
c57b8ca1-3ecd-4aa5-885b-441ff745f8de-20,c57b8ca1-3ecd-4aa5-885b-441ff745f8de,20,PART001,430,Each,Active,96750,USD
e79f2c1e-1296-4330-9712-97cc41d8e8c8-10,e79f2c1e-1296-4330-9712-97cc41d8e8c8,10,PART003-3,300,Each,Active,60000,USD
e79f2c1e-1296-4330-9712-97cc41d8e8c8-20,e79f2c1e-1296-4330-9712-97cc41d8e8c8,20,PART003,390,Each,Active,58500,USD
e79f2c1e-1296-4330-9712-97cc41d8e8c8-30,e79f2c1e-1296-4330-9712-97cc41d8e8c8,30,PART006,110,Each,Active,22000,USD
a376719d-c3fa-460f-adc3-cc541eaa384f-10,a376719d-c3fa-460f-adc3-cc541eaa384f,10,PART006,420,Each,Active,84000,USD
a376719d-c3fa-460f-adc3-cc541eaa384f-20,a376719d-c3fa-460f-adc3-cc541eaa384f,20,PART004,230,Each,Active,40250,USD
1d375e45-1643-4b6a-8d75-839fd88616d8-10,1d375e45-1643-4b6a-8d75-839fd88616d8,10,PART003-2,420,Each,Active,63000,USD
4f680dd5-17a4-420c-a0a4-dc8dbc7bd432-10,4f680dd5-17a4-420c-a0a4-dc8dbc7bd432,10,PART003-2,390,Each,Active,58500,USD
3224a466-0bb7-4791-a548-99eb6cf7e3af-10,3224a466-0bb7-4791-a548-99eb6cf7e3af,10,PART005,180,Each,Active,27000,USD
7eecec5f-6fad-45d2-ae2e-60f1753a547f-10,7eecec5f-6fad-45d2-ae2e-60f1753a547f,10,PART003-2,270,Each,Active,40500,USD
68e099ec-41db-4f08-8453-7597162f941b-10,68e099ec-41db-4f08-8453-7597162f941b,10,PART006,220,Each,Active,44000,USD
68e099ec-41db-4f08-8453-7597162f941b-20,68e099ec-41db-4f08-8453-7597162f941b,20,PART003-3,170,Each,Active,34000,USD
df089223-cb5d-4b2a-a289-be0346b2cdd1-10,df089223-cb5d-4b2a-a289-be0346b2cdd1,10,PART003,210,Each,Active,31500,USD
272d4b68-4625-4404-b170-96b840ef3b38-10,272d4b68-4625-4404-b170-96b840ef3b38,10,PART002,120,Each,Active,9000,USD
272d4b68-4625-4404-b170-96b840ef3b38-20,272d4b68-4625-4404-b170-96b840ef3b38,20,PART004,310,Each,Active,54250,USD
272d4b68-4625-4404-b170-96b840ef3b38-30,272d4b68-4625-4404-b170-96b840ef3b38,30,PART001,100,Each,Active,22500,USD
14d7b5e7-a89f-42c5-a50c-39962dbf6f31-10,14d7b5e7-a89f-42c5-a50c-39962dbf6f31,10,PART005,170,Each,Active,25500,USD
14d7b5e7-a89f-42c5-a50c-39962dbf6f31-20,14d7b5e7-a89f-42c5-a50c-39962dbf6f31,20,PART002,160,Each,Active,12000,USD
691f5243-f9da-4259-b6b3-b0e23002062e-10,691f5243-f9da-4259-b6b3-b0e23002062e,10,PART006,270,Each,Active,54000,USD
691f5243-f9da-4259-b6b3-b0e23002062e-20,691f5243-f9da-4259-b6b3-b0e23002062e,20,PART004,420,Each,Active,73500,USD
fa716668-2dac-4ab3-9347-f9f564f4e683-10,fa716668-2dac-4ab3-9347-f9f564f4e683,10,PART003-2,80,Each,Active,12000,USD
fa716668-2dac-4ab3-9347-f9f564f4e683-20,fa716668-2dac-4ab3-9347-f9f564f4e683,20,PART003-1,300,Each,Active,30000,USD
fa716668-2dac-4ab3-9347-f9f564f4e683-30,fa716668-2dac-4ab3-9347-f9f564f4e683,30,PART003,380,Each,Active,57000,USD
e42fd745-e3b0-43e1-a85d-3b31a90dc7d5-10,e42fd745-e3b0-43e1-a85d-3b31a90dc7d5,10,PART003-2,200,Each,Active,30000,USD
e42fd745-e3b0-43e1-a85d-3b31a90dc7d5-20,e42fd745-e3b0-43e1-a85d-3b31a90dc7d5,20,PART001,290,Each,Active,65250,USD
e42fd745-e3b0-43e1-a85d-3b31a90dc7d5-30,e42fd745-e3b0-43e1-a85d-3b31a90dc7d5,30,PART003,250,Each,Active,37500,USD
d36ac1c8-05b2-40dd-9e5c-107fed85e7ec-10,d36ac1c8-05b2-40dd-9e5c-107fed85e7ec,10,PART003-1,280,Each,Active,28000,USD
d36ac1c8-05b2-40dd-9e5c-107fed85e7ec-20,d36ac1c8-05b2-40dd-9e5c-107fed85e7ec,20,PART002,440,Each,Active,33000,USD
d36ac1c8-05b2-40dd-9e5c-107fed85e7ec-30,d36ac1c8-05b2-40dd-9e5c-107fed85e7ec,30,PART003,350,Each,Active,52500,USD
e5f24eee-8d33-4fdc-baf0-610e0a97be46-10,e5f24eee-8d33-4fdc-baf0-610e0a97be46,10,PART003-2,450,Each,Active,67500,USD
e5f24eee-8d33-4fdc-baf0-610e0a97be46-20,e5f24eee-8d33-4fdc-baf0-610e0a97be46,20,PART004,110,Each,Active,19250,USD
99ca2a4a-4467-49b0-9647-ae62eb396688-10,99ca2a4a-4467-49b0-9647-ae62eb396688,10,PART001,160,Each,Active,36000,USD
99ca2a4a-4467-49b0-9647-ae62eb396688-20,99ca2a4a-4467-49b0-9647-ae62eb396688,20,PART006,210,Each,Active,42000,USD
4f1582cb-23f2-4de9-922b-cdad3246be18-10,4f1582cb-23f2-4de9-922b-cdad3246be18,10,PART006,310,Each,Active,62000,USD
4f1582cb-23f2-4de9-922b-cdad3246be18-20,4f1582cb-23f2-4de9-922b-cdad3246be18,20,PART003-3,190,Each,Active,38000,USD
4f1582cb-23f2-4de9-922b-cdad3246be18-30,4f1582cb-23f2-4de9-922b-cdad3246be18,30,PART003,440,Each,Active,66000,USD
d2fcc587-60f5-4c7b-b2f2-e0a8bc826755-10,d2fcc587-60f5-4c7b-b2f2-e0a8bc826755,10,PART004,450,Each,Active,78750,USD
d2fcc587-60f5-4c7b-b2f2-e0a8bc826755-20,d2fcc587-60f5-4c7b-b2f2-e0a8bc826755,20,PART003-1,130,Each,Active,13000,USD
5f41924b-5d89-491b-8b9e-cb883c1f1274-10,5f41924b-5d89-491b-8b9e-cb883c1f1274,10,PART006,280,Each,Active,56000,USD
c078ed3c-1a52-46ea-82c3-1b7183ff8f71-10,c078ed3c-1a52-46ea-82c3-1b7183ff8f71,10,PART003-2,410,Each,Active,61500,USD
c078ed3c-1a52-46ea-82c3-1b7183ff8f71-20,c078ed3c-1a52-46ea-82c3-1b7183ff8f71,20,PART005,340,Each,Active,51000,USD
a096f9ef-1e70-4047-a94a-344acd2b2e26-10,a096f9ef-1e70-4047-a94a-344acd2b2e26,10,PART003-2,260,Each,Active,39000,USD
a16031d3-c0b3-44e0-a42e-82afa9433a5d-10,a16031d3-c0b3-44e0-a42e-82afa9433a5d,10,PART003-2,450,Each,Active,67500,USD
0527dac3-1c9f-4ab5-9674-5526a3a95917-10,0527dac3-1c9f-4ab5-9674-5526a3a95917,10,PART004,480,Each,Active,84000,USD
0527dac3-1c9f-4ab5-9674-5526a3a95917-20,0527dac3-1c9f-4ab5-9674-5526a3a95917,20,PART002,260,Each,Active,19500,USD
28915a92-4373-4d38-b47f-9e347d15dbf4-10,28915a92-4373-4d38-b47f-9e347d15dbf4,10,PART002,410,Each,Active,30750,USD
4788cc6e-9378-4550-b0c4-80ab71c033c1-10,4788cc6e-9378-4550-b0c4-80ab71c033c1,10,PART002,180,Each,Active,13500,USD
d42bc04a-3099-438e-b911-5ca3033e2767-10,d42bc04a-3099-438e-b911-5ca3033e2767,10,PART003-2,430,Each,Active,64500,USD
d42bc04a-3099-438e-b911-5ca3033e2767-20,d42bc04a-3099-438e-b911-5ca3033e2767,20,PART001,290,Each,Active,65250,USD
e5a6f60a-df11-4067-a08b-1441891e110f-10,e5a6f60a-df11-4067-a08b-1441891e110f,10,PART003,130,Each,Active,19500,USD
e5a6f60a-df11-4067-a08b-1441891e110f-20,e5a6f60a-df11-4067-a08b-1441891e110f,20,PART001,410,Each,Active,92250,USD
e5a6f60a-df11-4067-a08b-1441891e110f-30,e5a6f60a-df11-4067-a08b-1441891e110f,30,PART005,370,Each,Active,55500,USD
61bfb2a7-c655-4397-921f-cbd791d980a3-10,61bfb2a7-c655-4397-921f-cbd791d980a3,10,PART004,250,Each,Active,43750,USD
61bfb2a7-c655-4397-921f-cbd791d980a3-20,61bfb2a7-c655-4397-921f-cbd791d980a3,20,PART001,430,Each,Active,96750,USD
6363295d-885f-4090-a5bb-29c752cd1cac-10,6363295d-885f-4090-a5bb-29c752cd1cac,10,PART003-3,180,Each,Active,36000,USD
0f57c8c8-0699-43c1-9222-d65c40d417e3-10,0f57c8c8-0699-43c1-9222-d65c40d417e3,10,PART002,230,Each,Active,17250,USD
0f57c8c8-0699-43c1-9222-d65c40d417e3-20,0f57c8c8-0699-43c1-9222-d65c40d417e3,20,PART003,100,Each,Active,15000,USD
3f17a6c7-82bd-4d6b-84e5-88c0314a4fc9-10,3f17a6c7-82bd-4d6b-84e5-88c0314a4fc9,10,PART003-2,500,Each,Active,75000,USD
3f17a6c7-82bd-4d6b-84e5-88c0314a4fc9-20,3f17a6c7-82bd-4d6b-84e5-88c0314a4fc9,20,PART003,230,Each,Active,34500,USD
3f17a6c7-82bd-4d6b-84e5-88c0314a4fc9-30,3f17a6c7-82bd-4d6b-84e5-88c0314a4fc9,30,PART003-3,330,Each,Active,66000,USD
20fe7bbf-1712-418e-86b3-bbeb7b191ae3-10,20fe7bbf-1712-418e-86b3-bbeb7b191ae3,10,PART003-3,210,Each,Active,42000,USD
20fe7bbf-1712-418e-86b3-bbeb7b191ae3-20,20fe7bbf-1712-418e-86b3-bbeb7b191ae3,20,PART003,250,Each,Active,37500,USD
20fe7bbf-1712-418e-86b3-bbeb7b191ae3-30,20fe7bbf-1712-418e-86b3-bbeb7b191ae3,30,PART005,500,Each,Active,75000,USD
3dffe620-ddc5-476d-bc3e-bcf922b1ba8d-10,3dffe620-ddc5-476d-bc3e-bcf922b1ba8d,10,PART003,110,Each,Active,16500,USD
3dffe620-ddc5-476d-bc3e-bcf922b1ba8d-20,3dffe620-ddc5-476d-bc3e-bcf922b1ba8d,20,PART004,190,Each,Active,33250,USD
3dffe620-ddc5-476d-bc3e-bcf922b1ba8d-30,3dffe620-ddc5-476d-bc3e-bcf922b1ba8d,30,PART001,150,Each,Active,33750,USD
b955637f-58d9-4d38-812e-6922a596952a-10,b955637f-58d9-4d38-812e-6922a596952a,10,PART006,300,Each,Active,60000,USD
b955637f-58d9-4d38-812e-6922a596952a-20,b955637f-58d9-4d38-812e-6922a596952a,20,PART003-1,200,Each,Active,20000,USD
f952d44b-4573-44d7-b4c8-e7f36f080c1b-10,f952d44b-4573-44d7-b4c8-e7f36f080c1b,10,PART003,410,Each,Active,61500,USD
f952d44b-4573-44d7-b4c8-e7f36f080c1b-20,f952d44b-4573-44d7-b4c8-e7f36f080c1b,20,PART004,380,Each,Active,66500,USD
03ec1455-3be6-4bef-bbc4-b2155f88ca03-10,03ec1455-3be6-4bef-bbc4-b2155f88ca03,10,PART003,350,Each,Active,52500,USD
03ec1455-3be6-4bef-bbc4-b2155f88ca03-20,03ec1455-3be6-4bef-bbc4-b2155f88ca03,20,PART006,160,Each,Active,32000,USD
03ec1455-3be6-4bef-bbc4-b2155f88ca03-30,03ec1455-3be6-4bef-bbc4-b2155f88ca03,30,PART001,220,Each,Active,49500,USD
0e82bf0b-ffa4-4884-80fc-bdeb761015e4-10,0e82bf0b-ffa4-4884-80fc-bdeb761015e4,10,PART005,270,Each,Active,40500,USD
cfbcfa7b-1a44-48ee-9c80-926171ab4f7c-10,cfbcfa7b-1a44-48ee-9c80-926171ab4f7c,10,PART003-1,500,Each,Active,50000,USD
cfbcfa7b-1a44-48ee-9c80-926171ab4f7c-20,cfbcfa7b-1a44-48ee-9c80-926171ab4f7c,20,PART005,250,Each,Active,37500,USD
ee25bb82-c77f-4070-8619-e658fa21f23e-10,ee25bb82-c77f-4070-8619-e658fa21f23e,10,PART001,220,Each,Active,49500,USD
48b207c6-baa8-4fd5-ad45-3431d0e1ff10-10,48b207c6-baa8-4fd5-ad45-3431d0e1ff10,10,PART004,300,Each,Active,52500,USD
d9cd66d6-573b-4775-9889-6963402f14eb-10,d9cd66d6-573b-4775-9889-6963402f14eb,10,PART001,190,Each,Active,42750,USD
d9cd66d6-573b-4775-9889-6963402f14eb-20,d9cd66d6-573b-4775-9889-6963402f14eb,20,PART003-1,390,Each,Active,39000,USD
d9cd66d6-573b-4775-9889-6963402f14eb-30,d9cd66d6-573b-4775-9889-6963402f14eb,30,PART003-3,160,Each,Active,32000,USD
d65c660b-33e4-48d4-82b3-581532ec0fe1-10,d65c660b-33e4-48d4-82b3-581532ec0fe1,10,PART004,400,Each,Active,70000,USD
d65c660b-33e4-48d4-82b3-581532ec0fe1-20,d65c660b-33e4-48d4-82b3-581532ec0fe1,20,PART003,160,Each,Active,24000,USD
81b54c2b-80f9-4427-8e1b-170609f3bdff-10,81b54c2b-80f9-4427-8e1b-170609f3bdff,10,PART004,270,Each,Active,47250,USD
a93a3485-bb19-4861-979a-0d4ffbe26603-10,a93a3485-bb19-4861-979a-0d4ffbe26603,10,PART001,360,Each,Active,81000,USD
a93a3485-bb19-4861-979a-0d4ffbe26603-20,a93a3485-bb19-4861-979a-0d4ffbe26603,20,PART003,90,Each,Active,13500,USD
a93a3485-bb19-4861-979a-0d4ffbe26603-30,a93a3485-bb19-4861-979a-0d4ffbe26603,30,PART003-1,70,Each,Active,7000,USD
8aaf4ab7-6ef0-4020-b71b-be2f348b34de-10,8aaf4ab7-6ef0-4020-b71b-be2f348b34de,10,PART006,140,Each,Active,28000,USD
8aaf4ab7-6ef0-4020-b71b-be2f348b34de-20,8aaf4ab7-6ef0-4020-b71b-be2f348b34de,20,PART003-1,500,Each,Active,50000,USD
8aaf4ab7-6ef0-4020-b71b-be2f348b34de-30,8aaf4ab7-6ef0-4020-b71b-be2f348b34de,30,PART003,50,Each,Active,7500,USD
1e127b12-383f-4170-910a-c5104c384cee-10,1e127b12-383f-4170-910a-c5104c384cee,10,PART001,170,Each,Active,38250,USD
1e127b12-383f-4170-910a-c5104c384cee-20,1e127b12-383f-4170-910a-c5104c384cee,20,PART004,310,Each,Active,54250,USD
1e127b12-383f-4170-910a-c5104c384cee-30,1e127b12-383f-4170-910a-c5104c384cee,30,PART005,240,Each,Active,36000,USD
a57323f1-8f57-41ba-998a-9f24f46af310-10,a57323f1-8f57-41ba-998a-9f24f46af310,10,PART002,460,Each,Active,34500,USD
a57323f1-8f57-41ba-998a-9f24f46af310-20,a57323f1-8f57-41ba-998a-9f24f46af310,20,PART006,440,Each,Active,88000,USD
1696cdd8-b128-4481-94f7-3f1dcc6b8807-10,1696cdd8-b128-4481-94f7-3f1dcc6b8807,10,PART006,440,Each,Active,88000,USD
1696cdd8-b128-4481-94f7-3f1dcc6b8807-20,1696cdd8-b128-4481-94f7-3f1dcc6b8807,20,PART001,120,Each,Active,27000,USD
ad3eab72-726f-43d4-a479-52bd9c51740f-10,ad3eab72-726f-43d4-a479-52bd9c51740f,10,PART003-3,240,Each,Active,48000,USD
ad3eab72-726f-43d4-a479-52bd9c51740f-20,ad3eab72-726f-43d4-a479-52bd9c51740f,20,PART003,140,Each,Active,21000,USD
ad3eab72-726f-43d4-a479-52bd9c51740f-30,ad3eab72-726f-43d4-a479-52bd9c51740f,30,PART001,140,Each,Active,31500,USD
2458af46-92fe-4e55-a2ff-49b7de54f932-10,2458af46-92fe-4e55-a2ff-49b7de54f932,10,PART004,200,Each,Active,35000,USD
2458af46-92fe-4e55-a2ff-49b7de54f932-20,2458af46-92fe-4e55-a2ff-49b7de54f932,20,PART003,140,Each,Active,21000,USD
c1fd0115-1cf7-4663-8fc6-a3fdcdfdde58-10,c1fd0115-1cf7-4663-8fc6-a3fdcdfdde58,10,PART003-1,80,Each,Active,8000,USD
c1fd0115-1cf7-4663-8fc6-a3fdcdfdde58-20,c1fd0115-1cf7-4663-8fc6-a3fdcdfdde58,20,PART005,430,Each,Active,64500,USD
048e07bb-46cf-463b-8d83-77a09ffe488c-10,048e07bb-46cf-463b-8d83-77a09ffe488c,10,PART004,320,Each,Active,56000,USD
048e07bb-46cf-463b-8d83-77a09ffe488c-20,048e07bb-46cf-463b-8d83-77a09ffe488c,20,PART003-1,500,Each,Active,50000,USD
cf925c43-5fd6-4adf-8c98-6040472b5deb-10,cf925c43-5fd6-4adf-8c98-6040472b5deb,10,PART003-1,420,Each,Active,42000,USD
cf925c43-5fd6-4adf-8c98-6040472b5deb-20,cf925c43-5fd6-4adf-8c98-6040472b5deb,20,PART003-3,270,Each,Active,54000,USD
cf925c43-5fd6-4adf-8c98-6040472b5deb-30,cf925c43-5fd6-4adf-8c98-6040472b5deb,30,PART002,50,Each,Active,3750,USD
5a1bc1a6-3f50-4205-915f-2d70ad0042da-10,5a1bc1a6-3f50-4205-915f-2d70ad0042da,10,PART002,460,Each,Active,34500,USD
1b555832-a029-44e1-92a6-2920f5d011de-10,1b555832-a029-44e1-92a6-2920f5d011de,10,PART004,410,Each,Active,71750,USD
1b555832-a029-44e1-92a6-2920f5d011de-20,1b555832-a029-44e1-92a6-2920f5d011de,20,PART003-1,70,Each,Active,7000,USD
3514d8e5-8ca5-4799-9274-a64346338cb9-10,3514d8e5-8ca5-4799-9274-a64346338cb9,10,PART001,370,Each,Active,83250,USD
3514d8e5-8ca5-4799-9274-a64346338cb9-20,3514d8e5-8ca5-4799-9274-a64346338cb9,20,PART003-2,200,Each,Active,30000,USD
3514d8e5-8ca5-4799-9274-a64346338cb9-30,3514d8e5-8ca5-4799-9274-a64346338cb9,30,PART003-3,220,Each,Active,44000,USD
7c4b9725-f033-410c-aba8-865a473e2a55-10,7c4b9725-f033-410c-aba8-865a473e2a55,10,PART003,280,Each,Active,42000,USD
7c4b9725-f033-410c-aba8-865a473e2a55-20,7c4b9725-f033-410c-aba8-865a473e2a55,20,PART004,330,Each,Active,57750,USD
0b2d1575-3d2a-4832-bbca-12e589e92780-10,0b2d1575-3d2a-4832-bbca-12e589e92780,10,PART006,290,Each,Active,58000,USD
80887f4a-7e51-4826-ad8a-c1d9fbb2a417-10,80887f4a-7e51-4826-ad8a-c1d9fbb2a417,10,PART003-1,90,Each,Active,9000,USD
19966306-b728-44a5-bf0f-5f2b091e1429-10,19966306-b728-44a5-bf0f-5f2b091e1429,10,PART006,300,Each,Active,60000,USD
19966306-b728-44a5-bf0f-5f2b091e1429-20,19966306-b728-44a5-bf0f-5f2b091e1429,20,PART003-3,380,Each,Active,76000,USD
7b735b6b-cd65-4821-ba4e-6832b8b4bb70-10,7b735b6b-cd65-4821-ba4e-6832b8b4bb70,10,PART003-1,240,Each,Active,24000,USD
085a5282-e835-404b-81ce-d9631f345157-10,085a5282-e835-404b-81ce-d9631f345157,10,PART006,180,Each,Active,36000,USD
085a5282-e835-404b-81ce-d9631f345157-20,085a5282-e835-404b-81ce-d9631f345157,20,PART004,60,Each,Active,10500,USD
84be3817-0b9c-4ba2-918c-4b99d080f444-10,84be3817-0b9c-4ba2-918c-4b99d080f444,10,PART003-3,340,Each,Active,68000,USD
24b34fe4-12e7-463e-b297-87a98d432dc4-10,24b34fe4-12e7-463e-b297-87a98d432dc4,10,PART001,190,Each,Active,42750,USD
127c01bc-ca3f-49f7-a160-c2f38ec110a3-10,127c01bc-ca3f-49f7-a160-c2f38ec110a3,10,PART003-1,120,Each,Active,12000,USD
127c01bc-ca3f-49f7-a160-c2f38ec110a3-20,127c01bc-ca3f-49f7-a160-c2f38ec110a3,20,PART004,430,Each,Active,75250,USD
ee35c03d-fec4-4f1b-9a1c-b171794bd074-10,ee35c03d-fec4-4f1b-9a1c-b171794bd074,10,PART004,420,Each,Active,73500,USD
ee35c03d-fec4-4f1b-9a1c-b171794bd074-20,ee35c03d-fec4-4f1b-9a1c-b171794bd074,20,PART003-1,270,Each,Active,27000,USD
f1b0791d-7a45-43c1-834d-ab8af92ddc40-10,f1b0791d-7a45-43c1-834d-ab8af92ddc40,10,PART003-3,380,Each,Active,76000,USD
f1b0791d-7a45-43c1-834d-ab8af92ddc40-20,f1b0791d-7a45-43c1-834d-ab8af92ddc40,20,PART003-2,70,Each,Active,10500,USD
051939f9-f183-4575-9b36-6b656b91ddb0-10,051939f9-f183-4575-9b36-6b656b91ddb0,10,PART003-2,120,Each,Active,18000,USD
7e3104d7-b7bd-40bd-aced-cc2a86dde415-10,7e3104d7-b7bd-40bd-aced-cc2a86dde415,10,PART001,360,Each,Active,81000,USD
7d371b56-2cac-45b4-8142-a1bf2665f0f7-10,7d371b56-2cac-45b4-8142-a1bf2665f0f7,10,PART003-2,460,Each,Active,69000,USD
7d371b56-2cac-45b4-8142-a1bf2665f0f7-20,7d371b56-2cac-45b4-8142-a1bf2665f0f7,20,PART004,210,Each,Active,36750,USD
2a26ae90-92fa-4e3f-8968-4fa2c88242da-10,2a26ae90-92fa-4e3f-8968-4fa2c88242da,10,PART003-1,230,Each,Active,23000,USD
2a26ae90-92fa-4e3f-8968-4fa2c88242da-20,2a26ae90-92fa-4e3f-8968-4fa2c88242da,20,PART005,340,Each,Active,51000,USD
6e1da6b1-e3a5-480f-8fe5-45728438d475-10,6e1da6b1-e3a5-480f-8fe5-45728438d475,10,PART003-2,430,Each,Active,64500,USD
6e1da6b1-e3a5-480f-8fe5-45728438d475-20,6e1da6b1-e3a5-480f-8fe5-45728438d475,20,PART003-3,200,Each,Active,40000,USD
de440e20-b4d2-4bf0-b4d4-f32a516fdab8-10,de440e20-b4d2-4bf0-b4d4-f32a516fdab8,10,PART003-1,130,Each,Active,13000,USD
de440e20-b4d2-4bf0-b4d4-f32a516fdab8-20,de440e20-b4d2-4bf0-b4d4-f32a516fdab8,20,PART001,170,Each,Active,38250,USD
de440e20-b4d2-4bf0-b4d4-f32a516fdab8-30,de440e20-b4d2-4bf0-b4d4-f32a516fdab8,30,PART005,460,Each,Active,69000,USD
7cbdb875-6a5e-46cf-a274-32035ffd5d51-10,7cbdb875-6a5e-46cf-a274-32035ffd5d51,10,PART005,50,Each,Active,7500,USD
6a2acb5d-622b-4a92-b1ee-99e543b76772-10,6a2acb5d-622b-4a92-b1ee-99e543b76772,10,PART003-2,440,Each,Active,66000,USD
6a2acb5d-622b-4a92-b1ee-99e543b76772-20,6a2acb5d-622b-4a92-b1ee-99e543b76772,20,PART002,130,Each,Active,9750,USD
6a2acb5d-622b-4a92-b1ee-99e543b76772-30,6a2acb5d-622b-4a92-b1ee-99e543b76772,30,PART003-1,50,Each,Active,5000,USD
99ea879b-fbbc-4915-ad51-d7a4378ce6d3-10,99ea879b-fbbc-4915-ad51-d7a4378ce6d3,10,PART005,190,Each,Active,28500,USD
99ea879b-fbbc-4915-ad51-d7a4378ce6d3-20,99ea879b-fbbc-4915-ad51-d7a4378ce6d3,20,PART001,130,Each,Active,29250,USD
99ea879b-fbbc-4915-ad51-d7a4378ce6d3-30,99ea879b-fbbc-4915-ad51-d7a4378ce6d3,30,PART006,270,Each,Active,54000,USD
d9b151cf-972c-493b-b328-557f234b721f-10,d9b151cf-972c-493b-b328-557f234b721f,10,PART003-1,420,Each,Active,42000,USD
d9b151cf-972c-493b-b328-557f234b721f-20,d9b151cf-972c-493b-b328-557f234b721f,20,PART002,330,Each,Active,24750,USD
25451ec4-dc89-416a-b0dc-3cbed122325c-10,25451ec4-dc89-416a-b0dc-3cbed122325c,10,PART006,330,Each,Active,66000,USD
25451ec4-dc89-416a-b0dc-3cbed122325c-20,25451ec4-dc89-416a-b0dc-3cbed122325c,20,PART004,230,Each,Active,40250,USD
25451ec4-dc89-416a-b0dc-3cbed122325c-30,25451ec4-dc89-416a-b0dc-3cbed122325c,30,PART003-3,90,Each,Active,18000,USD
e5bbbab8-b9a2-48fc-9ee8-89378b24f1b6-10,e5bbbab8-b9a2-48fc-9ee8-89378b24f1b6,10,PART003,270,Each,Active,40500,USD
53693ba8-95d4-47aa-899f-3c9d527a4a93-10,53693ba8-95d4-47aa-899f-3c9d527a4a93,10,PART003,320,Each,Active,48000,USD
7aa3cc0c-9510-4ffe-9497-0b209006bfd3-10,7aa3cc0c-9510-4ffe-9497-0b209006bfd3,10,PART003-1,500,Each,Active,50000,USD
2e1f5ecb-763b-40eb-abe7-c3279c08fa2c-10,2e1f5ecb-763b-40eb-abe7-c3279c08fa2c,10,PART003-1,180,Each,Active,18000,USD
2e1f5ecb-763b-40eb-abe7-c3279c08fa2c-20,2e1f5ecb-763b-40eb-abe7-c3279c08fa2c,20,PART003-2,140,Each,Active,21000,USD
4eb03f22-f66e-466b-9a7d-f30d28808210-10,4eb03f22-f66e-466b-9a7d-f30d28808210,10,PART005,180,Each,Active,27000,USD
35fe44ab-784a-44f5-a8d3-a5c45d8e70d4-10,35fe44ab-784a-44f5-a8d3-a5c45d8e70d4,10,PART003-3,500,Each,Active,100000,USD
35fe44ab-784a-44f5-a8d3-a5c45d8e70d4-20,35fe44ab-784a-44f5-a8d3-a5c45d8e70d4,20,PART006,90,Each,Active,18000,USD
482546a9-b7fc-421b-bb4c-a590bdb936d5-10,482546a9-b7fc-421b-bb4c-a590bdb936d5,10,PART003-3,430,Each,Active,86000,USD
482546a9-b7fc-421b-bb4c-a590bdb936d5-20,482546a9-b7fc-421b-bb4c-a590bdb936d5,20,PART005,100,Each,Active,15000,USD
168ede5f-1dcb-4dd4-981a-915fbec36c0a-10,168ede5f-1dcb-4dd4-981a-915fbec36c0a,10,PART004,160,Each,Active,28000,USD
184d2634-dd55-4ff4-bf26-cf0bd39e1ac9-10,184d2634-dd55-4ff4-bf26-cf0bd39e1ac9,10,PART003-1,350,Each,Active,35000,USD
5bd82b2b-441c-4459-b3cf-a97cde1a95c6-10,5bd82b2b-441c-4459-b3cf-a97cde1a95c6,10,PART002,150,Each,Active,11250,USD
517f403a-12b8-4f79-91fa-c2e6ef6954d0-10,517f403a-12b8-4f79-91fa-c2e6ef6954d0,10,PART005,130,Each,Active,19500,USD
02cb1786-3f71-4410-956f-bb7d54af007a-10,02cb1786-3f71-4410-956f-bb7d54af007a,10,PART004,220,Each,Active,38500,USD
f5f6c1d5-aff3-4d8d-b15e-56e5aee75d7a-10,f5f6c1d5-aff3-4d8d-b15e-56e5aee75d7a,10,PART004,180,Each,Active,31500,USD
79b7a296-c58d-4982-87b3-93e155e703fe-10,79b7a296-c58d-4982-87b3-93e155e703fe,10,PART003-3,380,Each,Active,76000,USD
b1874536-e880-454a-8af5-e089db06dfd3-10,b1874536-e880-454a-8af5-e089db06dfd3,10,PART005,360,Each,Active,54000,USD
afea11c3-cec0-449c-86dc-c3d5878641d4-10,afea11c3-cec0-449c-86dc-c3d5878641d4,10,PART003-3,500,Each,Active,100000,USD
afea11c3-cec0-449c-86dc-c3d5878641d4-20,afea11c3-cec0-449c-86dc-c3d5878641d4,20,PART003-1,410,Each,Active,41000,USD
2d8c3b39-3641-42a9-a540-100c76f87761-10,2d8c3b39-3641-42a9-a540-100c76f87761,10,PART003-2,310,Each,Active,46500,USD
2d8c3b39-3641-42a9-a540-100c76f87761-20,2d8c3b39-3641-42a9-a540-100c76f87761,20,PART002,370,Each,Active,27750,USD
ca7fe539-aa1c-4715-a4dd-25f33ef30a49-10,ca7fe539-aa1c-4715-a4dd-25f33ef30a49,10,PART004,450,Each,Active,78750,USD
ca7fe539-aa1c-4715-a4dd-25f33ef30a49-20,ca7fe539-aa1c-4715-a4dd-25f33ef30a49,20,PART003,400,Each,Active,60000,USD
ca7fe539-aa1c-4715-a4dd-25f33ef30a49-30,ca7fe539-aa1c-4715-a4dd-25f33ef30a49,30,PART003-3,170,Each,Active,34000,USD
a68a4ec3-1a62-4d43-82ec-d57534ebb8f7-10,a68a4ec3-1a62-4d43-82ec-d57534ebb8f7,10,PART003-1,230,Each,Active,23000,USD
a68a4ec3-1a62-4d43-82ec-d57534ebb8f7-20,a68a4ec3-1a62-4d43-82ec-d57534ebb8f7,20,PART003-3,200,Each,Active,40000,USD
f602c502-7873-4ae2-beff-66ddf940ef35-10,f602c502-7873-4ae2-beff-66ddf940ef35,10,PART001,360,Each,Active,81000,USD
f602c502-7873-4ae2-beff-66ddf940ef35-20,f602c502-7873-4ae2-beff-66ddf940ef35,20,PART003,300,Each,Active,45000,USD
f602c502-7873-4ae2-beff-66ddf940ef35-30,f602c502-7873-4ae2-beff-66ddf940ef35,30,PART004,280,Each,Active,49000,USD
0a8d55ef-eef6-40fb-a823-0742e2fb2a99-10,0a8d55ef-eef6-40fb-a823-0742e2fb2a99,10,PART002,250,Each,Active,18750,USD
0a8d55ef-eef6-40fb-a823-0742e2fb2a99-20,0a8d55ef-eef6-40fb-a823-0742e2fb2a99,20,PART003,310,Each,Active,46500,USD
0a8d55ef-eef6-40fb-a823-0742e2fb2a99-30,0a8d55ef-eef6-40fb-a823-0742e2fb2a99,30,PART003-3,430,Each,Active,86000,USD
1f1e759c-5a21-43ee-8366-8bf473fb3586-10,1f1e759c-5a21-43ee-8366-8bf473fb3586,10,PART003,360,Each,Active,54000,USD
4d54f247-d016-4634-bae0-1c171bdf5910-10,4d54f247-d016-4634-bae0-1c171bdf5910,10,PART001,170,Each,Active,38250,USD
10e18124-3d50-43b1-b29b-856067967175-10,10e18124-3d50-43b1-b29b-856067967175,10,PART001,280,Each,Active,63000,USD
10e18124-3d50-43b1-b29b-856067967175-20,10e18124-3d50-43b1-b29b-856067967175,20,PART003,210,Each,Active,31500,USD
4224fba7-cf07-464b-a074-b5ccc851862f-10,4224fba7-cf07-464b-a074-b5ccc851862f,10,PART004,140,Each,Active,24500,USD
ba19b1bd-a988-46ab-8147-38203e2955f1-10,ba19b1bd-a988-46ab-8147-38203e2955f1,10,PART003,500,Each,Active,75000,USD
ba19b1bd-a988-46ab-8147-38203e2955f1-20,ba19b1bd-a988-46ab-8147-38203e2955f1,20,PART005,350,Each,Active,52500,USD
ba19b1bd-a988-46ab-8147-38203e2955f1-30,ba19b1bd-a988-46ab-8147-38203e2955f1,30,PART003-1,90,Each,Active,9000,USD
bf8e2561-551d-4be2-b70f-0e2475de91ee-10,bf8e2561-551d-4be2-b70f-0e2475de91ee,10,PART002,190,Each,Active,14250,USD
508d73a7-cb50-472c-bf9a-58394a478115-10,508d73a7-cb50-472c-bf9a-58394a478115,10,PART001,60,Each,Active,13500,USD
508d73a7-cb50-472c-bf9a-58394a478115-20,508d73a7-cb50-472c-bf9a-58394a478115,20,PART005,200,Each,Active,30000,USD
508d73a7-cb50-472c-bf9a-58394a478115-30,508d73a7-cb50-472c-bf9a-58394a478115,30,PART003,140,Each,Active,21000,USD
1e9ce0b6-a120-4f54-800a-8fe728ba73f7-10,1e9ce0b6-a120-4f54-800a-8fe728ba73f7,10,PART002,50,Each,Active,3750,USD
97e84aea-04e9-4a35-9f70-971405240450-10,97e84aea-04e9-4a35-9f70-971405240450,10,PART001,140,Each,Active,31500,USD
97e84aea-04e9-4a35-9f70-971405240450-20,97e84aea-04e9-4a35-9f70-971405240450,20,PART006,220,Each,Active,44000,USD
97e84aea-04e9-4a35-9f70-971405240450-30,97e84aea-04e9-4a35-9f70-971405240450,30,PART002,340,Each,Active,25500,USD
11f4e25b-a5a2-4f0d-9ded-7d74a01efd43-10,11f4e25b-a5a2-4f0d-9ded-7d74a01efd43,10,PART005,430,Each,Active,64500,USD
bff5e0d4-3429-4266-9d5e-85518e1b746a-10,bff5e0d4-3429-4266-9d5e-85518e1b746a,10,PART003-3,100,Each,Active,20000,USD
bff5e0d4-3429-4266-9d5e-85518e1b746a-20,bff5e0d4-3429-4266-9d5e-85518e1b746a,20,PART003-2,330,Each,Active,49500,USD
bff5e0d4-3429-4266-9d5e-85518e1b746a-30,bff5e0d4-3429-4266-9d5e-85518e1b746a,30,PART001,290,Each,Active,65250,USD
ebf0276a-96cb-4466-9f6c-fcec8ed38be5-10,ebf0276a-96cb-4466-9f6c-fcec8ed38be5,10,PART003-2,60,Each,Active,9000,USD
ebf0276a-96cb-4466-9f6c-fcec8ed38be5-20,ebf0276a-96cb-4466-9f6c-fcec8ed38be5,20,PART006,480,Each,Active,96000,USD
9762755c-5c4e-477c-a738-e435154d1331-10,9762755c-5c4e-477c-a738-e435154d1331,10,PART004,140,Each,Active,24500,USD
9762755c-5c4e-477c-a738-e435154d1331-20,9762755c-5c4e-477c-a738-e435154d1331,20,PART003-1,280,Each,Active,28000,USD
9762755c-5c4e-477c-a738-e435154d1331-30,9762755c-5c4e-477c-a738-e435154d1331,30,PART002,340,Each,Active,25500,USD
e90e9068-7ea3-4178-a138-746709acc101-10,e90e9068-7ea3-4178-a138-746709acc101,10,PART004,380,Each,Active,66500,USD
e90e9068-7ea3-4178-a138-746709acc101-20,e90e9068-7ea3-4178-a138-746709acc101,20,PART006,190,Each,Active,38000,USD
d5620e33-d7c9-4a2c-9396-8705701daa9e-10,d5620e33-d7c9-4a2c-9396-8705701daa9e,10,PART001,190,Each,Active,42750,USD
d5620e33-d7c9-4a2c-9396-8705701daa9e-20,d5620e33-d7c9-4a2c-9396-8705701daa9e,20,PART002,360,Each,Active,27000,USD
2a1a177e-047e-4271-adf5-63dea4ca55e4-10,2a1a177e-047e-4271-adf5-63dea4ca55e4,10,PART003-1,420,Each,Active,42000,USD
2a1a177e-047e-4271-adf5-63dea4ca55e4-20,2a1a177e-047e-4271-adf5-63dea4ca55e4,20,PART003,90,Each,Active,13500,USD
2a1a177e-047e-4271-adf5-63dea4ca55e4-30,2a1a177e-047e-4271-adf5-63dea4ca55e4,30,PART001,110,Each,Active,24750,USD
2f10075f-9ada-430b-8378-82de9cc4b97d-10,2f10075f-9ada-430b-8378-82de9cc4b97d,10,PART006,280,Each,Active,56000,USD
2f10075f-9ada-430b-8378-82de9cc4b97d-20,2f10075f-9ada-430b-8378-82de9cc4b97d,20,PART002,290,Each,Active,21750,USD
4cd93e5a-c78d-4ef6-9413-b6c1a9d1783e-10,4cd93e5a-c78d-4ef6-9413-b6c1a9d1783e,10,PART003-3,450,Each,Active,90000,USD
4cd93e5a-c78d-4ef6-9413-b6c1a9d1783e-20,4cd93e5a-c78d-4ef6-9413-b6c1a9d1783e,20,PART001,200,Each,Active,45000,USD
4cd93e5a-c78d-4ef6-9413-b6c1a9d1783e-30,4cd93e5a-c78d-4ef6-9413-b6c1a9d1783e,30,PART002,370,Each,Active,27750,USD
7017150b-ab1a-4be6-95f5-09ecc237612e-10,7017150b-ab1a-4be6-95f5-09ecc237612e,10,PART003,140,Each,Active,21000,USD
5935d8de-2bb2-4423-976d-cfaa27bf4232-10,5935d8de-2bb2-4423-976d-cfaa27bf4232,10,PART004,280,Each,Active,49000,USD
5935d8de-2bb2-4423-976d-cfaa27bf4232-20,5935d8de-2bb2-4423-976d-cfaa27bf4232,20,PART003-3,320,Each,Active,64000,USD
591f9414-38b3-4470-b6ba-1108d4439475-10,591f9414-38b3-4470-b6ba-1108d4439475,10,PART003-2,70,Each,Active,10500,USD
591f9414-38b3-4470-b6ba-1108d4439475-20,591f9414-38b3-4470-b6ba-1108d4439475,20,PART003-3,110,Each,Active,22000,USD
591f9414-38b3-4470-b6ba-1108d4439475-30,591f9414-38b3-4470-b6ba-1108d4439475,30,PART002,60,Each,Active,4500,USD
69366b66-2cb8-4682-80f1-e6bf15f0a75b-10,69366b66-2cb8-4682-80f1-e6bf15f0a75b,10,PART004,220,Each,Active,38500,USD
69366b66-2cb8-4682-80f1-e6bf15f0a75b-20,69366b66-2cb8-4682-80f1-e6bf15f0a75b,20,PART006,440,Each,Active,88000,USD
69366b66-2cb8-4682-80f1-e6bf15f0a75b-30,69366b66-2cb8-4682-80f1-e6bf15f0a75b,30,PART002,80,Each,Active,6000,USD
52235c08-9c10-45f2-9fed-87abbf8975fe-10,52235c08-9c10-45f2-9fed-87abbf8975fe,10,PART002,300,Each,Active,22500,USD
52235c08-9c10-45f2-9fed-87abbf8975fe-20,52235c08-9c10-45f2-9fed-87abbf8975fe,20,PART003,250,Each,Active,37500,USD
985c1eab-593d-4499-8ace-a11aee83f62a-10,985c1eab-593d-4499-8ace-a11aee83f62a,10,PART003-3,260,Each,Active,52000,USD
985c1eab-593d-4499-8ace-a11aee83f62a-20,985c1eab-593d-4499-8ace-a11aee83f62a,20,PART006,390,Each,Active,78000,USD
985c1eab-593d-4499-8ace-a11aee83f62a-30,985c1eab-593d-4499-8ace-a11aee83f62a,30,PART002,50,Each,Active,3750,USD
d163bee7-43ed-46d8-9869-2415ca998211-10,d163bee7-43ed-46d8-9869-2415ca998211,10,PART003,140,Each,Active,21000,USD
d163bee7-43ed-46d8-9869-2415ca998211-20,d163bee7-43ed-46d8-9869-2415ca998211,20,PART001,140,Each,Active,31500,USD
d163bee7-43ed-46d8-9869-2415ca998211-30,d163bee7-43ed-46d8-9869-2415ca998211,30,PART005,460,Each,Active,69000,USD
c2a90bcf-74d7-49bb-89a2-4ea37a18961c-10,c2a90bcf-74d7-49bb-89a2-4ea37a18961c,10,PART004,180,Each,Active,31500,USD
24a73b09-aaa0-48bd-ac3b-e7d39f8dab5a-10,24a73b09-aaa0-48bd-ac3b-e7d39f8dab5a,10,PART003,180,Each,Active,27000,USD
24a73b09-aaa0-48bd-ac3b-e7d39f8dab5a-20,24a73b09-aaa0-48bd-ac3b-e7d39f8dab5a,20,PART001,250,Each,Active,56250,USD
24a73b09-aaa0-48bd-ac3b-e7d39f8dab5a-30,24a73b09-aaa0-48bd-ac3b-e7d39f8dab5a,30,PART003-3,150,Each,Active,30000,USD
64870ab1-8c92-48d0-bc5c-f0bde355e676-10,64870ab1-8c92-48d0-bc5c-f0bde355e676,10,PART001,160,Each,Active,36000,USD
c257d5e2-5bd6-44e3-b158-b9472dba74b4-10,c257d5e2-5bd6-44e3-b158-b9472dba74b4,10,PART004,460,Each,Active,80500,USD
c257d5e2-5bd6-44e3-b158-b9472dba74b4-20,c257d5e2-5bd6-44e3-b158-b9472dba74b4,20,PART001,110,Each,Active,24750,USD
c257d5e2-5bd6-44e3-b158-b9472dba74b4-30,c257d5e2-5bd6-44e3-b158-b9472dba74b4,30,PART006,430,Each,Active,86000,USD
50e95ee6-58bc-4901-b477-1f7b15c8e578-10,50e95ee6-58bc-4901-b477-1f7b15c8e578,10,PART005,150,Each,Active,22500,USD
19bd3a6f-51b3-4abd-beda-1900c55eeced-10,19bd3a6f-51b3-4abd-beda-1900c55eeced,10,PART003-3,90,Each,Active,18000,USD
663ba959-8136-433d-8bfc-ca385ababace-10,663ba959-8136-433d-8bfc-ca385ababace,10,PART004,140,Each,Active,24500,USD
97450f71-c74d-4f7f-9091-9a39f2acc023-10,97450f71-c74d-4f7f-9091-9a39f2acc023,10,PART001,380,Each,Active,85500,USD
97450f71-c74d-4f7f-9091-9a39f2acc023-20,97450f71-c74d-4f7f-9091-9a39f2acc023,20,PART002,420,Each,Active,31500,USD
97450f71-c74d-4f7f-9091-9a39f2acc023-30,97450f71-c74d-4f7f-9091-9a39f2acc023,30,PART003-3,320,Each,Active,64000,USD
c0726f6a-1896-490a-8bf3-d697b1c41d6c-10,c0726f6a-1896-490a-8bf3-d697b1c41d6c,10,PART005,360,Each,Active,54000,USD
50c755c7-fce5-422d-9cfe-77b32e702b01-10,50c755c7-fce5-422d-9cfe-77b32e702b01,10,PART004,450,Each,Active,78750,USD
50c755c7-fce5-422d-9cfe-77b32e702b01-20,50c755c7-fce5-422d-9cfe-77b32e702b01,20,PART003,350,Each,Active,52500,USD
50c755c7-fce5-422d-9cfe-77b32e702b01-30,50c755c7-fce5-422d-9cfe-77b32e702b01,30,PART005,390,Each,Active,58500,USD
71b7fa0b-ade8-4690-920c-b272e9ac6e8a-10,71b7fa0b-ade8-4690-920c-b272e9ac6e8a,10,PART003-3,250,Each,Active,50000,USD
71b7fa0b-ade8-4690-920c-b272e9ac6e8a-20,71b7fa0b-ade8-4690-920c-b272e9ac6e8a,20,PART006,380,Each,Active,76000,USD
52bbc04c-627d-46a5-8692-0c634ac619fa-10,52bbc04c-627d-46a5-8692-0c634ac619fa,10,PART006,330,Each,Active,66000,USD
52bbc04c-627d-46a5-8692-0c634ac619fa-20,52bbc04c-627d-46a5-8692-0c634ac619fa,20,PART003-2,380,Each,Active,57000,USD
52bbc04c-627d-46a5-8692-0c634ac619fa-30,52bbc04c-627d-46a5-8692-0c634ac619fa,30,PART003-1,340,Each,Active,34000,USD
7e436303-967b-4125-89aa-0f642a23211e-10,7e436303-967b-4125-89aa-0f642a23211e,10,PART003-3,330,Each,Active,66000,USD
7e436303-967b-4125-89aa-0f642a23211e-20,7e436303-967b-4125-89aa-0f642a23211e,20,PART003,50,Each,Active,7500,USD
cbc8844c-c83e-4611-a8ec-31524c565f4a-10,cbc8844c-c83e-4611-a8ec-31524c565f4a,10,PART004,360,Each,Active,63000,USD
82903178-cd6d-4793-bb51-94b971732ff4-10,82903178-cd6d-4793-bb51-94b971732ff4,10,PART004,120,Each,Active,21000,USD
3e12fe9c-10e9-4975-a6a0-99ef257a4fdb-10,3e12fe9c-10e9-4975-a6a0-99ef257a4fdb,10,PART005,260,Each,Active,39000,USD
3e12fe9c-10e9-4975-a6a0-99ef257a4fdb-20,3e12fe9c-10e9-4975-a6a0-99ef257a4fdb,20,PART004,120,Each,Active,21000,USD
16f749ce-72e3-4b2c-bc7c-19018baf8172-10,16f749ce-72e3-4b2c-bc7c-19018baf8172,10,PART003,260,Each,Active,39000,USD
16f749ce-72e3-4b2c-bc7c-19018baf8172-20,16f749ce-72e3-4b2c-bc7c-19018baf8172,20,PART003-3,390,Each,Active,78000,USD
16f749ce-72e3-4b2c-bc7c-19018baf8172-30,16f749ce-72e3-4b2c-bc7c-19018baf8172,30,PART004,150,Each,Active,26250,USD
332abc38-63d1-41dd-aee1-6d35f8c25c34-10,332abc38-63d1-41dd-aee1-6d35f8c25c34,10,PART005,470,Each,Active,70500,USD
560b8118-0fa5-473e-ac9a-3ecc32c70f95-10,560b8118-0fa5-473e-ac9a-3ecc32c70f95,10,PART002,60,Each,Active,4500,USD
560b8118-0fa5-473e-ac9a-3ecc32c70f95-20,560b8118-0fa5-473e-ac9a-3ecc32c70f95,20,PART003-2,330,Each,Active,49500,USD
560b8118-0fa5-473e-ac9a-3ecc32c70f95-30,560b8118-0fa5-473e-ac9a-3ecc32c70f95,30,PART003,250,Each,Active,37500,USD
fce9d68a-2ecd-4a32-9b46-95ef34b65d79-10,fce9d68a-2ecd-4a32-9b46-95ef34b65d79,10,PART003-3,130,Each,Active,26000,USD
8b6f3d7b-f35b-4352-944c-94f03b122d10-10,8b6f3d7b-f35b-4352-944c-94f03b122d10,10,PART005,360,Each,Active,54000,USD
43a47653-cc92-4810-aa00-b099da3527f7-10,43a47653-cc92-4810-aa00-b099da3527f7,10,PART005,240,Each,Active,36000,USD
58f5737f-59a9-40a8-a219-02e28513591b-10,58f5737f-59a9-40a8-a219-02e28513591b,10,PART004,80,Each,Active,14000,USD
58f5737f-59a9-40a8-a219-02e28513591b-20,58f5737f-59a9-40a8-a219-02e28513591b,20,PART001,430,Each,Active,96750,USD
1afdd7fa-8bef-476b-9879-5b9645ef442e-10,1afdd7fa-8bef-476b-9879-5b9645ef442e,10,PART003-2,380,Each,Active,57000,USD
1afdd7fa-8bef-476b-9879-5b9645ef442e-20,1afdd7fa-8bef-476b-9879-5b9645ef442e,20,PART003-1,290,Each,Active,29000,USD
1afdd7fa-8bef-476b-9879-5b9645ef442e-30,1afdd7fa-8bef-476b-9879-5b9645ef442e,30,PART003-3,270,Each,Active,54000,USD
8d34b4b3-8336-4226-a143-078f84af79fe-10,8d34b4b3-8336-4226-a143-078f84af79fe,10,PART003-2,340,Each,Active,51000,USD
8d34b4b3-8336-4226-a143-078f84af79fe-20,8d34b4b3-8336-4226-a143-078f84af79fe,20,PART004,200,Each,Active,35000,USD
7346ff75-b381-4711-8895-298b98f9ccee-10,7346ff75-b381-4711-8895-298b98f9ccee,10,PART004,250,Each,Active,43750,USD
7346ff75-b381-4711-8895-298b98f9ccee-20,7346ff75-b381-4711-8895-298b98f9ccee,20,PART003-2,320,Each,Active,48000,USD
7346ff75-b381-4711-8895-298b98f9ccee-30,7346ff75-b381-4711-8895-298b98f9ccee,30,PART006,80,Each,Active,16000,USD
37dd9369-c62f-483c-8cf6-c1f018cfb934-10,37dd9369-c62f-483c-8cf6-c1f018cfb934,10,PART006,290,Each,Active,58000,USD
37dd9369-c62f-483c-8cf6-c1f018cfb934-20,37dd9369-c62f-483c-8cf6-c1f018cfb934,20,PART003-3,230,Each,Active,46000,USD
37dd9369-c62f-483c-8cf6-c1f018cfb934-30,37dd9369-c62f-483c-8cf6-c1f018cfb934,30,PART005,230,Each,Active,34500,USD
ddc4d4ae-c677-493d-9901-6797c65b071f-10,ddc4d4ae-c677-493d-9901-6797c65b071f,10,PART002,330,Each,Active,24750,USD
ddc4d4ae-c677-493d-9901-6797c65b071f-20,ddc4d4ae-c677-493d-9901-6797c65b071f,20,PART003-1,180,Each,Active,18000,USD
ddc4d4ae-c677-493d-9901-6797c65b071f-30,ddc4d4ae-c677-493d-9901-6797c65b071f,30,PART005,390,Each,Active,58500,USD
939aa4c1-1b33-4007-b58f-4f041eca0f2d-10,939aa4c1-1b33-4007-b58f-4f041eca0f2d,10,PART005,440,Each,Active,66000,USD
939aa4c1-1b33-4007-b58f-4f041eca0f2d-20,939aa4c1-1b33-4007-b58f-4f041eca0f2d,20,PART003-3,300,Each,Active,60000,USD
a473e379-5901-4a3d-926b-20ec4791d10f-10,a473e379-5901-4a3d-926b-20ec4791d10f,10,PART004,480,Each,Active,84000,USD
a473e379-5901-4a3d-926b-20ec4791d10f-20,a473e379-5901-4a3d-926b-20ec4791d10f,20,PART006,230,Each,Active,46000,USD
a473e379-5901-4a3d-926b-20ec4791d10f-30,a473e379-5901-4a3d-926b-20ec4791d10f,30,PART001,180,Each,Active,40500,USD
3423e81b-d829-4e72-9d83-dca91a32f14f-10,3423e81b-d829-4e72-9d83-dca91a32f14f,10,PART005,150,Each,Active,22500,USD
3423e81b-d829-4e72-9d83-dca91a32f14f-20,3423e81b-d829-4e72-9d83-dca91a32f14f,20,PART001,370,Each,Active,83250,USD
3423e81b-d829-4e72-9d83-dca91a32f14f-30,3423e81b-d829-4e72-9d83-dca91a32f14f,30,PART004,450,Each,Active,78750,USD
b60fd33c-3cd3-46cd-984b-01b1d7055c11-10,b60fd33c-3cd3-46cd-984b-01b1d7055c11,10,PART002,300,Each,Active,22500,USD
b60fd33c-3cd3-46cd-984b-01b1d7055c11-20,b60fd33c-3cd3-46cd-984b-01b1d7055c11,20,PART003-1,340,Each,Active,34000,USD
8b2abcd0-d62d-44d3-b1f0-f9980fcd90be-10,8b2abcd0-d62d-44d3-b1f0-f9980fcd90be,10,PART003-3,100,Each,Active,20000,USD
f4db9f9e-4a1d-4f84-8cfc-f51b82efaba6-10,f4db9f9e-4a1d-4f84-8cfc-f51b82efaba6,10,PART003-1,460,Each,Active,46000,USD
f4db9f9e-4a1d-4f84-8cfc-f51b82efaba6-20,f4db9f9e-4a1d-4f84-8cfc-f51b82efaba6,20,PART002,210,Each,Active,15750,USD
f4db9f9e-4a1d-4f84-8cfc-f51b82efaba6-30,f4db9f9e-4a1d-4f84-8cfc-f51b82efaba6,30,PART005,110,Each,Active,16500,USD
ab840a0e-fd7b-4807-b729-007b2c7eb54b-10,ab840a0e-fd7b-4807-b729-007b2c7eb54b,10,PART006,470,Each,Active,94000,USD
ab840a0e-fd7b-4807-b729-007b2c7eb54b-20,ab840a0e-fd7b-4807-b729-007b2c7eb54b,20,PART004,260,Each,Active,45500,USD
0a7cf919-4236-4488-ba9c-4537fa5c8820-10,0a7cf919-4236-4488-ba9c-4537fa5c8820,10,PART005,390,Each,Active,58500,USD
0a7cf919-4236-4488-ba9c-4537fa5c8820-20,0a7cf919-4236-4488-ba9c-4537fa5c8820,20,PART006,190,Each,Active,38000,USD
0a7cf919-4236-4488-ba9c-4537fa5c8820-30,0a7cf919-4236-4488-ba9c-4537fa5c8820,30,PART001,430,Each,Active,96750,USD
a7417e31-21e0-4701-956d-4fdca578f076-10,a7417e31-21e0-4701-956d-4fdca578f076,10,PART002,340,Each,Active,25500,USD
a7417e31-21e0-4701-956d-4fdca578f076-20,a7417e31-21e0-4701-956d-4fdca578f076,20,PART003-1,230,Each,Active,23000,USD
1748d47a-b439-4512-b736-237ecf8bfca6-10,1748d47a-b439-4512-b736-237ecf8bfca6,10,PART003-2,330,Each,Active,49500,USD
1748d47a-b439-4512-b736-237ecf8bfca6-20,1748d47a-b439-4512-b736-237ecf8bfca6,20,PART004,170,Each,Active,29750,USD
1748d47a-b439-4512-b736-237ecf8bfca6-30,1748d47a-b439-4512-b736-237ecf8bfca6,30,PART003,490,Each,Active,73500,USD
66b3bd50-1b85-45ed-970d-a67db1467ab3-10,66b3bd50-1b85-45ed-970d-a67db1467ab3,10,PART003-1,220,Each,Active,22000,USD
66b3bd50-1b85-45ed-970d-a67db1467ab3-20,66b3bd50-1b85-45ed-970d-a67db1467ab3,20,PART004,240,Each,Active,42000,USD
66b3bd50-1b85-45ed-970d-a67db1467ab3-30,66b3bd50-1b85-45ed-970d-a67db1467ab3,30,PART003-3,230,Each,Active,46000,USD
2b0c508d-0f92-45af-943d-84b185085830-10,2b0c508d-0f92-45af-943d-84b185085830,10,PART003-3,410,Each,Active,82000,USD
dc9dfba7-4896-470c-ad69-c62c25672b62-10,dc9dfba7-4896-470c-ad69-c62c25672b62,10,PART003-2,300,Each,Active,45000,USD
dc9dfba7-4896-470c-ad69-c62c25672b62-20,dc9dfba7-4896-470c-ad69-c62c25672b62,20,PART001,70,Each,Active,15750,USD
5f63ee1d-ceb4-427e-a937-24b1edeb09bf-10,5f63ee1d-ceb4-427e-a937-24b1edeb09bf,10,PART003-1,110,Each,Active,11000,USD
5f63ee1d-ceb4-427e-a937-24b1edeb09bf-20,5f63ee1d-ceb4-427e-a937-24b1edeb09bf,20,PART005,490,Each,Active,73500,USD
5f63ee1d-ceb4-427e-a937-24b1edeb09bf-30,5f63ee1d-ceb4-427e-a937-24b1edeb09bf,30,PART004,310,Each,Active,54250,USD
a4b48798-8494-40fd-98ae-a600872c84d8-10,a4b48798-8494-40fd-98ae-a600872c84d8,10,PART001,480,Each,Active,108000,USD
2ae01cd0-35c3-4e67-b337-41c37d49d202-10,2ae01cd0-35c3-4e67-b337-41c37d49d202,10,PART003,150,Each,Active,22500,USD
2ae01cd0-35c3-4e67-b337-41c37d49d202-20,2ae01cd0-35c3-4e67-b337-41c37d49d202,20,PART003-1,360,Each,Active,36000,USD
d392a9e4-992e-439a-94c9-436269b13720-10,d392a9e4-992e-439a-94c9-436269b13720,10,PART004,270,Each,Active,47250,USD
d392a9e4-992e-439a-94c9-436269b13720-20,d392a9e4-992e-439a-94c9-436269b13720,20,PART005,210,Each,Active,31500,USD
d392a9e4-992e-439a-94c9-436269b13720-30,d392a9e4-992e-439a-94c9-436269b13720,30,PART006,390,Each,Active,78000,USD
923182ce-bf5f-42c5-b95b-b10046cc2460-10,923182ce-bf5f-42c5-b95b-b10046cc2460,10,PART001,50,Each,Active,11250,USD
923182ce-bf5f-42c5-b95b-b10046cc2460-20,923182ce-bf5f-42c5-b95b-b10046cc2460,20,PART002,90,Each,Active,6750,USD
bbece499-7feb-47c5-a34f-8684c3f8d57d-10,bbece499-7feb-47c5-a34f-8684c3f8d57d,10,PART001,340,Each,Active,76500,USD
bbece499-7feb-47c5-a34f-8684c3f8d57d-20,bbece499-7feb-47c5-a34f-8684c3f8d57d,20,PART006,180,Each,Active,36000,USD
bbece499-7feb-47c5-a34f-8684c3f8d57d-30,bbece499-7feb-47c5-a34f-8684c3f8d57d,30,PART003-2,170,Each,Active,25500,USD
14a307d0-ebc1-41b8-b0ea-b2509bf6800f-10,14a307d0-ebc1-41b8-b0ea-b2509bf6800f,10,PART003-2,260,Each,Active,39000,USD
14a307d0-ebc1-41b8-b0ea-b2509bf6800f-20,14a307d0-ebc1-41b8-b0ea-b2509bf6800f,20,PART003,360,Each,Active,54000,USD
d2bbbde6-303d-44ac-9fac-b1f0add97516-10,d2bbbde6-303d-44ac-9fac-b1f0add97516,10,PART002,290,Each,Active,21750,USD
d2bbbde6-303d-44ac-9fac-b1f0add97516-20,d2bbbde6-303d-44ac-9fac-b1f0add97516,20,PART003-2,210,Each,Active,31500,USD
d2bbbde6-303d-44ac-9fac-b1f0add97516-30,d2bbbde6-303d-44ac-9fac-b1f0add97516,30,PART005,220,Each,Active,33000,USD
77509ca1-d06d-4d83-91de-ea123dacb903-10,77509ca1-d06d-4d83-91de-ea123dacb903,10,PART006,180,Each,Active,36000,USD
77509ca1-d06d-4d83-91de-ea123dacb903-20,77509ca1-d06d-4d83-91de-ea123dacb903,20,PART003-3,460,Each,Active,92000,USD
037839ea-e573-407a-9e9e-509ca57f3fa8-10,037839ea-e573-407a-9e9e-509ca57f3fa8,10,PART006,120,Each,Active,24000,USD
600d042b-b270-449e-9c7c-a1f195de6231-10,600d042b-b270-449e-9c7c-a1f195de6231,10,PART004,110,Each,Active,19250,USD
600d042b-b270-449e-9c7c-a1f195de6231-20,600d042b-b270-449e-9c7c-a1f195de6231,20,PART003,130,Each,Active,19500,USD
600d042b-b270-449e-9c7c-a1f195de6231-30,600d042b-b270-449e-9c7c-a1f195de6231,30,PART002,190,Each,Active,14250,USD
2b6e6d67-ae1d-415a-a745-7bbfd6fa2c9f-10,2b6e6d67-ae1d-415a-a745-7bbfd6fa2c9f,10,PART003-3,360,Each,Active,72000,USD
2b6e6d67-ae1d-415a-a745-7bbfd6fa2c9f-20,2b6e6d67-ae1d-415a-a745-7bbfd6fa2c9f,20,PART003-2,130,Each,Active,19500,USD
97a5086d-d683-4750-8c48-686edf9f7c15-10,97a5086d-d683-4750-8c48-686edf9f7c15,10,PART002,280,Each,Active,21000,USD
97a5086d-d683-4750-8c48-686edf9f7c15-20,97a5086d-d683-4750-8c48-686edf9f7c15,20,PART001,470,Each,Active,105750,USD
1eed3b4d-b463-4527-99de-673968fd6307-10,1eed3b4d-b463-4527-99de-673968fd6307,10,PART003-1,180,Each,Active,18000,USD
68a0d97d-d93a-4470-a27e-6942764a6119-10,68a0d97d-d93a-4470-a27e-6942764a6119,10,PART001,360,Each,Active,81000,USD
68a0d97d-d93a-4470-a27e-6942764a6119-20,68a0d97d-d93a-4470-a27e-6942764a6119,20,PART003-1,260,Each,Active,26000,USD
8e8e8a6a-99bd-4227-bacb-e3ec87a395aa-10,8e8e8a6a-99bd-4227-bacb-e3ec87a395aa,10,PART003-1,50,Each,Active,5000,USD
0baa4985-1592-426f-97e9-df8b9d2a7a0e-10,0baa4985-1592-426f-97e9-df8b9d2a7a0e,10,PART001,450,Each,Active,101250,USD
0baa4985-1592-426f-97e9-df8b9d2a7a0e-20,0baa4985-1592-426f-97e9-df8b9d2a7a0e,20,PART006,220,Each,Active,44000,USD
0baa4985-1592-426f-97e9-df8b9d2a7a0e-30,0baa4985-1592-426f-97e9-df8b9d2a7a0e,30,PART002,260,Each,Active,19500,USD
3e718d7f-77e2-4aca-a13d-a5466874065e-10,3e718d7f-77e2-4aca-a13d-a5466874065e,10,PART003-1,280,Each,Active,28000,USD
3e718d7f-77e2-4aca-a13d-a5466874065e-20,3e718d7f-77e2-4aca-a13d-a5466874065e,20,PART002,240,Each,Active,18000,USD
8bff0ceb-2e7e-4bbf-9762-0de8a5d9e75b-10,8bff0ceb-2e7e-4bbf-9762-0de8a5d9e75b,10,PART003-2,340,Each,Active,51000,USD
68402df3-996b-4b9d-8040-083512beb4c5-10,68402df3-996b-4b9d-8040-083512beb4c5,10,PART001,460,Each,Active,103500,USD
68402df3-996b-4b9d-8040-083512beb4c5-20,68402df3-996b-4b9d-8040-083512beb4c5,20,PART005,180,Each,Active,27000,USD
01c0d280-5a9e-4424-b389-a4067dc13ae8-10,01c0d280-5a9e-4424-b389-a4067dc13ae8,10,PART003-2,380,Each,Active,57000,USD
ddd777bd-825f-40b0-809c-581baa1d6ecf-10,ddd777bd-825f-40b0-809c-581baa1d6ecf,10,PART005,470,Each,Active,70500,USD
ddd777bd-825f-40b0-809c-581baa1d6ecf-20,ddd777bd-825f-40b0-809c-581baa1d6ecf,20,PART001,280,Each,Active,63000,USD
1c29ae3b-c61c-4073-947a-65d874e9612d-10,1c29ae3b-c61c-4073-947a-65d874e9612d,10,PART003-3,160,Each,Active,32000,USD
39eb8572-fa5e-4f52-886c-99f38b48059f-10,39eb8572-fa5e-4f52-886c-99f38b48059f,10,PART003-1,90,Each,Active,9000,USD
e17f44b6-e364-4155-b86d-ae320764ac92-10,e17f44b6-e364-4155-b86d-ae320764ac92,10,PART005,70,Each,Active,10500,USD
e17f44b6-e364-4155-b86d-ae320764ac92-20,e17f44b6-e364-4155-b86d-ae320764ac92,20,PART003,290,Each,Active,43500,USD
eb566406-ad90-44ed-8ef8-a3d80ce986a9-10,eb566406-ad90-44ed-8ef8-a3d80ce986a9,10,PART005,200,Each,Active,30000,USD
1c77e39f-0fbf-4ed4-9db1-eec8180c4e2c-10,1c77e39f-0fbf-4ed4-9db1-eec8180c4e2c,10,PART004,50,Each,Active,8750,USD
1c77e39f-0fbf-4ed4-9db1-eec8180c4e2c-20,1c77e39f-0fbf-4ed4-9db1-eec8180c4e2c,20,PART005,130,Each,Active,19500,USD
d7c204d6-60e9-4f8e-9e8e-3ed17d29fac0-10,d7c204d6-60e9-4f8e-9e8e-3ed17d29fac0,10,PART003-3,310,Each,Active,62000,USD
d7c204d6-60e9-4f8e-9e8e-3ed17d29fac0-20,d7c204d6-60e9-4f8e-9e8e-3ed17d29fac0,20,PART002,210,Each,Active,15750,USD
d7c204d6-60e9-4f8e-9e8e-3ed17d29fac0-30,d7c204d6-60e9-4f8e-9e8e-3ed17d29fac0,30,PART004,300,Each,Active,52500,USD
dd78fd3a-2a69-4fb4-95cf-fc2236b57dcc-10,dd78fd3a-2a69-4fb4-95cf-fc2236b57dcc,10,PART003-1,100,Each,Active,10000,USD
dd78fd3a-2a69-4fb4-95cf-fc2236b57dcc-20,dd78fd3a-2a69-4fb4-95cf-fc2236b57dcc,20,PART005,400,Each,Active,60000,USD
dd78fd3a-2a69-4fb4-95cf-fc2236b57dcc-30,dd78fd3a-2a69-4fb4-95cf-fc2236b57dcc,30,PART001,420,Each,Active,94500,USD
6bbf9229-d0c3-42e5-a858-13feea045c7d-10,6bbf9229-d0c3-42e5-a858-13feea045c7d,10,PART006,350,Each,Active,70000,USD
6bbf9229-d0c3-42e5-a858-13feea045c7d-20,6bbf9229-d0c3-42e5-a858-13feea045c7d,20,PART001,320,Each,Active,72000,USD
6bbf9229-d0c3-42e5-a858-13feea045c7d-30,6bbf9229-d0c3-42e5-a858-13feea045c7d,30,PART003,380,Each,Active,57000,USD
cbd6440a-6342-44ed-a9ee-4413dcca8d38-10,cbd6440a-6342-44ed-a9ee-4413dcca8d38,10,PART003-1,230,Each,Active,23000,USD
cbd6440a-6342-44ed-a9ee-4413dcca8d38-20,cbd6440a-6342-44ed-a9ee-4413dcca8d38,20,PART002,280,Each,Active,21000,USD
8278316c-a2d6-4c0b-a016-5a3e29511b3e-10,8278316c-a2d6-4c0b-a016-5a3e29511b3e,10,PART003-1,240,Each,Active,24000,USD
8278316c-a2d6-4c0b-a016-5a3e29511b3e-20,8278316c-a2d6-4c0b-a016-5a3e29511b3e,20,PART006,190,Each,Active,38000,USD
8278316c-a2d6-4c0b-a016-5a3e29511b3e-30,8278316c-a2d6-4c0b-a016-5a3e29511b3e,30,PART005,120,Each,Active,18000,USD
e1fc3fa3-98c6-47b7-a8b4-b6c67a2087b1-10,e1fc3fa3-98c6-47b7-a8b4-b6c67a2087b1,10,PART001,300,Each,Active,67500,USD
e1fc3fa3-98c6-47b7-a8b4-b6c67a2087b1-20,e1fc3fa3-98c6-47b7-a8b4-b6c67a2087b1,20,PART003-3,400,Each,Active,80000,USD
e1fc3fa3-98c6-47b7-a8b4-b6c67a2087b1-30,e1fc3fa3-98c6-47b7-a8b4-b6c67a2087b1,30,PART003-2,420,Each,Active,63000,USD
130c1e7b-2803-4deb-bb7b-fd1026032a3c-10,130c1e7b-2803-4deb-bb7b-fd1026032a3c,10,PART003-2,460,Each,Active,69000,USD
130c1e7b-2803-4deb-bb7b-fd1026032a3c-20,130c1e7b-2803-4deb-bb7b-fd1026032a3c,20,PART001,320,Each,Active,72000,USD
8effdee4-e079-4ee0-86c8-a71c988f6db0-10,8effdee4-e079-4ee0-86c8-a71c988f6db0,10,PART003-1,260,Each,Active,26000,USD
8effdee4-e079-4ee0-86c8-a71c988f6db0-20,8effdee4-e079-4ee0-86c8-a71c988f6db0,20,PART003-3,120,Each,Active,24000,USD
8effdee4-e079-4ee0-86c8-a71c988f6db0-30,8effdee4-e079-4ee0-86c8-a71c988f6db0,30,PART002,240,Each,Active,18000,USD
1cf98127-87c7-449c-8d45-1a0e166420de-10,1cf98127-87c7-449c-8d45-1a0e166420de,10,PART003-3,180,Each,Active,36000,USD
1cf98127-87c7-449c-8d45-1a0e166420de-20,1cf98127-87c7-449c-8d45-1a0e166420de,20,PART003-2,420,Each,Active,63000,USD
1cf98127-87c7-449c-8d45-1a0e166420de-30,1cf98127-87c7-449c-8d45-1a0e166420de,30,PART006,430,Each,Active,86000,USD
36017998-9f5c-4edf-9ad3-94b264e54e1b-10,36017998-9f5c-4edf-9ad3-94b264e54e1b,10,PART006,380,Each,Active,76000,USD
36017998-9f5c-4edf-9ad3-94b264e54e1b-20,36017998-9f5c-4edf-9ad3-94b264e54e1b,20,PART003-3,110,Each,Active,22000,USD
36017998-9f5c-4edf-9ad3-94b264e54e1b-30,36017998-9f5c-4edf-9ad3-94b264e54e1b,30,PART005,500,Each,Active,75000,USD
69c3d090-fb6b-418c-8360-f364489b914c-10,69c3d090-fb6b-418c-8360-f364489b914c,10,PART005,190,Each,Active,28500,USD
69c3d090-fb6b-418c-8360-f364489b914c-20,69c3d090-fb6b-418c-8360-f364489b914c,20,PART004,150,Each,Active,26250,USD
3fb66f9d-a264-46c2-b0e1-2d94d79e142f-10,3fb66f9d-a264-46c2-b0e1-2d94d79e142f,10,PART001,130,Each,Active,29250,USD
9c6a3485-87b6-4a75-a2a1-f2448b7ee866-10,9c6a3485-87b6-4a75-a2a1-f2448b7ee866,10,PART002,60,Each,Active,4500,USD
528a2865-0c51-4de0-b9b9-fff38c336fac-10,528a2865-0c51-4de0-b9b9-fff38c336fac,10,PART003-2,300,Each,Active,45000,USD
528a2865-0c51-4de0-b9b9-fff38c336fac-20,528a2865-0c51-4de0-b9b9-fff38c336fac,20,PART001,470,Each,Active,105750,USD
528a2865-0c51-4de0-b9b9-fff38c336fac-30,528a2865-0c51-4de0-b9b9-fff38c336fac,30,PART002,210,Each,Active,15750,USD
3c47c91d-ba1a-4472-9ea4-4bfbaddfb6b8-10,3c47c91d-ba1a-4472-9ea4-4bfbaddfb6b8,10,PART002,340,Each,Active,25500,USD
0085cce6-f845-4e12-965c-511e03c1c655-10,0085cce6-f845-4e12-965c-511e03c1c655,10,PART001,350,Each,Active,78750,USD
0085cce6-f845-4e12-965c-511e03c1c655-20,0085cce6-f845-4e12-965c-511e03c1c655,20,PART003-1,460,Each,Active,46000,USD
0085cce6-f845-4e12-965c-511e03c1c655-30,0085cce6-f845-4e12-965c-511e03c1c655,30,PART002,400,Each,Active,30000,USD
dee4452c-f50d-45f7-81d1-7359c862503f-10,dee4452c-f50d-45f7-81d1-7359c862503f,10,PART005,490,Each,Active,73500,USD
dee4452c-f50d-45f7-81d1-7359c862503f-20,dee4452c-f50d-45f7-81d1-7359c862503f,20,PART003,100,Each,Active,15000,USD
dee4452c-f50d-45f7-81d1-7359c862503f-30,dee4452c-f50d-45f7-81d1-7359c862503f,30,PART003-1,370,Each,Active,37000,USD
6d5e174c-c265-4a60-80a6-d8d16e94d531-10,6d5e174c-c265-4a60-80a6-d8d16e94d531,10,PART003-1,90,Each,Active,9000,USD
a3ed2ec2-17dd-4e6e-9717-5ce7ae54ab35-10,a3ed2ec2-17dd-4e6e-9717-5ce7ae54ab35,10,PART005,140,Each,Active,21000,USD
aa86c625-650b-4e60-bd6c-0c57d704482c-10,aa86c625-650b-4e60-bd6c-0c57d704482c,10,PART005,140,Each,Active,21000,USD
aa86c625-650b-4e60-bd6c-0c57d704482c-20,aa86c625-650b-4e60-bd6c-0c57d704482c,20,PART003-1,100,Each,Active,10000,USD
ab927945-f44b-43e6-9805-181a9d3693e4-10,ab927945-f44b-43e6-9805-181a9d3693e4,10,PART003-1,200,Each,Active,20000,USD
ab927945-f44b-43e6-9805-181a9d3693e4-20,ab927945-f44b-43e6-9805-181a9d3693e4,20,PART003-3,210,Each,Active,42000,USD
213328b2-0cf6-439b-8d1a-29490d3de336-10,213328b2-0cf6-439b-8d1a-29490d3de336,10,PART003-2,190,Each,Active,28500,USD
213328b2-0cf6-439b-8d1a-29490d3de336-20,213328b2-0cf6-439b-8d1a-29490d3de336,20,PART003,450,Each,Active,67500,USD
213328b2-0cf6-439b-8d1a-29490d3de336-30,213328b2-0cf6-439b-8d1a-29490d3de336,30,PART003-1,450,Each,Active,45000,USD
f948331f-68ba-4cba-ac3b-9a765c377bd3-10,f948331f-68ba-4cba-ac3b-9a765c377bd3,10,PART003-1,190,Each,Active,19000,USD
f948331f-68ba-4cba-ac3b-9a765c377bd3-20,f948331f-68ba-4cba-ac3b-9a765c377bd3,20,PART003-2,200,Each,Active,30000,USD
f948331f-68ba-4cba-ac3b-9a765c377bd3-30,f948331f-68ba-4cba-ac3b-9a765c377bd3,30,PART001,310,Each,Active,69750,USD
68426b32-a753-40be-a663-fb3359dbcace-10,68426b32-a753-40be-a663-fb3359dbcace,10,PART006,80,Each,Active,16000,USD
68426b32-a753-40be-a663-fb3359dbcace-20,68426b32-a753-40be-a663-fb3359dbcace,20,PART002,280,Each,Active,21000,USD
3dfc8678-8078-4354-bd56-6f3126c33e42-10,3dfc8678-8078-4354-bd56-6f3126c33e42,10,PART001,170,Each,Active,38250,USD
3dfc8678-8078-4354-bd56-6f3126c33e42-20,3dfc8678-8078-4354-bd56-6f3126c33e42,20,PART003-1,110,Each,Active,11000,USD
3dfc8678-8078-4354-bd56-6f3126c33e42-30,3dfc8678-8078-4354-bd56-6f3126c33e42,30,PART003,430,Each,Active,64500,USD
f48147c3-c1e2-48ef-a987-323acd8bd1b7-10,f48147c3-c1e2-48ef-a987-323acd8bd1b7,10,PART003-2,240,Each,Active,36000,USD
f48147c3-c1e2-48ef-a987-323acd8bd1b7-20,f48147c3-c1e2-48ef-a987-323acd8bd1b7,20,PART004,170,Each,Active,29750,USD
f48147c3-c1e2-48ef-a987-323acd8bd1b7-30,f48147c3-c1e2-48ef-a987-323acd8bd1b7,30,PART003,500,Each,Active,75000,USD
6e1ea996-dfc3-49cd-b968-30cfec1212f0-10,6e1ea996-dfc3-49cd-b968-30cfec1212f0,10,PART003-2,320,Each,Active,48000,USD
6e1ea996-dfc3-49cd-b968-30cfec1212f0-20,6e1ea996-dfc3-49cd-b968-30cfec1212f0,20,PART003-3,300,Each,Active,60000,USD
6e1ea996-dfc3-49cd-b968-30cfec1212f0-30,6e1ea996-dfc3-49cd-b968-30cfec1212f0,30,PART003,350,Each,Active,52500,USD
b78ac0a8-f3d8-407b-a1a6-a4959fb4673f-10,b78ac0a8-f3d8-407b-a1a6-a4959fb4673f,10,PART004,500,Each,Active,87500,USD
b78ac0a8-f3d8-407b-a1a6-a4959fb4673f-20,b78ac0a8-f3d8-407b-a1a6-a4959fb4673f,20,PART006,220,Each,Active,44000,USD
b78ac0a8-f3d8-407b-a1a6-a4959fb4673f-30,b78ac0a8-f3d8-407b-a1a6-a4959fb4673f,30,PART003-3,290,Each,Active,58000,USD
fd52d5ca-af7f-45eb-b170-30312f6f71f2-10,fd52d5ca-af7f-45eb-b170-30312f6f71f2,10,PART003-1,420,Each,Active,42000,USD
fd52d5ca-af7f-45eb-b170-30312f6f71f2-20,fd52d5ca-af7f-45eb-b170-30312f6f71f2,20,PART004,290,Each,Active,50750,USD
99d32365-4623-4ec6-b02b-e030b533d053-10,99d32365-4623-4ec6-b02b-e030b533d053,10,PART006,270,Each,Active,54000,USD
99d32365-4623-4ec6-b02b-e030b533d053-20,99d32365-4623-4ec6-b02b-e030b533d053,20,PART003-2,220,Each,Active,33000,USD
acb8ad7d-0f54-497f-ac06-b725eb1dedec-10,acb8ad7d-0f54-497f-ac06-b725eb1dedec,10,PART003-1,290,Each,Active,29000,USD
d0b41aa3-fe69-46e9-b132-e2d5cd3372a0-10,d0b41aa3-fe69-46e9-b132-e2d5cd3372a0,10,PART005,310,Each,Active,46500,USD
145ae022-fa5a-4f83-8a4f-42b1ba5a8a88-10,145ae022-fa5a-4f83-8a4f-42b1ba5a8a88,10,PART001,260,Each,Active,58500,USD
145ae022-fa5a-4f83-8a4f-42b1ba5a8a88-20,145ae022-fa5a-4f83-8a4f-42b1ba5a8a88,20,PART003-3,230,Each,Active,46000,USD
4320e859-e3e3-481b-81ed-d3ec505dec96-10,4320e859-e3e3-481b-81ed-d3ec505dec96,10,PART002,100,Each,Active,7500,USD
4320e859-e3e3-481b-81ed-d3ec505dec96-20,4320e859-e3e3-481b-81ed-d3ec505dec96,20,PART003,240,Each,Active,36000,USD
4320e859-e3e3-481b-81ed-d3ec505dec96-30,4320e859-e3e3-481b-81ed-d3ec505dec96,30,PART003-2,110,Each,Active,16500,USD
0b4b8abe-aba4-48fc-b822-afe3c7ffbfde-10,0b4b8abe-aba4-48fc-b822-afe3c7ffbfde,10,PART005,380,Each,Active,57000,USD
0b4b8abe-aba4-48fc-b822-afe3c7ffbfde-20,0b4b8abe-aba4-48fc-b822-afe3c7ffbfde,20,PART003-1,140,Each,Active,14000,USD
0b4b8abe-aba4-48fc-b822-afe3c7ffbfde-30,0b4b8abe-aba4-48fc-b822-afe3c7ffbfde,30,PART003-2,440,Each,Active,66000,USD
bee57cc7-e374-48f8-bbe0-9647ab22d055-10,bee57cc7-e374-48f8-bbe0-9647ab22d055,10,PART003-2,80,Each,Active,12000,USD
bee57cc7-e374-48f8-bbe0-9647ab22d055-20,bee57cc7-e374-48f8-bbe0-9647ab22d055,20,PART003-1,420,Each,Active,42000,USD
bee57cc7-e374-48f8-bbe0-9647ab22d055-30,bee57cc7-e374-48f8-bbe0-9647ab22d055,30,PART003-3,70,Each,Active,14000,USD
f0da678d-0733-4788-ad01-94266b93ebf5-10,f0da678d-0733-4788-ad01-94266b93ebf5,10,PART004,340,Each,Active,59500,USD
f0da678d-0733-4788-ad01-94266b93ebf5-20,f0da678d-0733-4788-ad01-94266b93ebf5,20,PART001,200,Each,Active,45000,USD
983c30c5-669b-4b4e-a331-f791d4b2f3e2-10,983c30c5-669b-4b4e-a331-f791d4b2f3e2,10,PART001,100,Each,Active,22500,USD
a35a1e1b-10e0-409a-ab5a-3c33a61de736-10,a35a1e1b-10e0-409a-ab5a-3c33a61de736,10,PART003-1,440,Each,Active,44000,USD
a35a1e1b-10e0-409a-ab5a-3c33a61de736-20,a35a1e1b-10e0-409a-ab5a-3c33a61de736,20,PART005,320,Each,Active,48000,USD
a35a1e1b-10e0-409a-ab5a-3c33a61de736-30,a35a1e1b-10e0-409a-ab5a-3c33a61de736,30,PART001,470,Each,Active,105750,USD
29324d5a-0388-49e6-ae4b-7bc3a1fe10e6-10,29324d5a-0388-49e6-ae4b-7bc3a1fe10e6,10,PART006,500,Each,Active,100000,USD
503aafaa-774e-46f3-9388-2c1c13c2b8b3-10,503aafaa-774e-46f3-9388-2c1c13c2b8b3,10,PART003-3,110,Each,Active,22000,USD
503aafaa-774e-46f3-9388-2c1c13c2b8b3-20,503aafaa-774e-46f3-9388-2c1c13c2b8b3,20,PART004,280,Each,Active,49000,USD
503aafaa-774e-46f3-9388-2c1c13c2b8b3-30,503aafaa-774e-46f3-9388-2c1c13c2b8b3,30,PART003-1,490,Each,Active,49000,USD
200c796a-bb63-4777-abbc-1d34da9fd124-10,200c796a-bb63-4777-abbc-1d34da9fd124,10,PART003,280,Each,Active,42000,USD
200c796a-bb63-4777-abbc-1d34da9fd124-20,200c796a-bb63-4777-abbc-1d34da9fd124,20,PART005,130,Each,Active,19500,USD
d7698186-5f9f-4832-9a79-cceca0e09d7b-10,d7698186-5f9f-4832-9a79-cceca0e09d7b,10,PART004,470,Each,Active,82250,USD
653138d1-8d33-470e-9c7b-ff8928ddf369-10,653138d1-8d33-470e-9c7b-ff8928ddf369,10,PART005,370,Each,Active,55500,USD
daa37487-7ff7-4236-b28f-546636ecd27b-10,daa37487-7ff7-4236-b28f-546636ecd27b,10,PART003-2,350,Each,Active,52500,USD
161eda7b-8657-4cb1-ba14-c795afbc0982-10,161eda7b-8657-4cb1-ba14-c795afbc0982,10,PART003-3,500,Each,Active,100000,USD
161eda7b-8657-4cb1-ba14-c795afbc0982-20,161eda7b-8657-4cb1-ba14-c795afbc0982,20,PART001,180,Each,Active,40500,USD
161eda7b-8657-4cb1-ba14-c795afbc0982-30,161eda7b-8657-4cb1-ba14-c795afbc0982,30,PART002,230,Each,Active,17250,USD
53e0de5e-d0aa-4521-8ae8-1bc06bf64cdc-10,53e0de5e-d0aa-4521-8ae8-1bc06bf64cdc,10,PART003,440,Each,Active,66000,USD
53e0de5e-d0aa-4521-8ae8-1bc06bf64cdc-20,53e0de5e-d0aa-4521-8ae8-1bc06bf64cdc,20,PART003-3,390,Each,Active,78000,USD
4ed32932-e129-4c85-aae3-cb67875380cb-10,4ed32932-e129-4c85-aae3-cb67875380cb,10,PART003,310,Each,Active,46500,USD
4ed32932-e129-4c85-aae3-cb67875380cb-20,4ed32932-e129-4c85-aae3-cb67875380cb,20,PART006,350,Each,Active,70000,USD
3f3004e8-0201-4f98-a55a-c8d5e59f8e4d-10,3f3004e8-0201-4f98-a55a-c8d5e59f8e4d,10,PART003-1,490,Each,Active,49000,USD
06c98a4e-4821-460e-b57c-5659c3d0fcfb-10,06c98a4e-4821-460e-b57c-5659c3d0fcfb,10,PART004,200,Each,Active,35000,USD
19efab74-c344-4e0c-885e-c304aeb7dd16-10,19efab74-c344-4e0c-885e-c304aeb7dd16,10,PART003-2,260,Each,Active,39000,USD
19efab74-c344-4e0c-885e-c304aeb7dd16-20,19efab74-c344-4e0c-885e-c304aeb7dd16,20,PART005,380,Each,Active,57000,USD
5093d451-b104-4439-a8f3-3f31a271cb21-10,5093d451-b104-4439-a8f3-3f31a271cb21,10,PART005,440,Each,Active,66000,USD
da865e2c-b0e4-49b6-8980-065f9a9cc983-10,da865e2c-b0e4-49b6-8980-065f9a9cc983,10,PART006,460,Each,Active,92000,USD
da865e2c-b0e4-49b6-8980-065f9a9cc983-20,da865e2c-b0e4-49b6-8980-065f9a9cc983,20,PART003-2,230,Each,Active,34500,USD
da865e2c-b0e4-49b6-8980-065f9a9cc983-30,da865e2c-b0e4-49b6-8980-065f9a9cc983,30,PART003,490,Each,Active,73500,USD
7358d49b-1dc8-4c1f-8624-0ea94b1a58cf-10,7358d49b-1dc8-4c1f-8624-0ea94b1a58cf,10,PART004,100,Each,Active,17500,USD
7358d49b-1dc8-4c1f-8624-0ea94b1a58cf-20,7358d49b-1dc8-4c1f-8624-0ea94b1a58cf,20,PART002,440,Each,Active,33000,USD
f95e0d30-699f-4a29-add6-f5cd02df97da-10,f95e0d30-699f-4a29-add6-f5cd02df97da,10,PART004,160,Each,Active,28000,USD
f95e0d30-699f-4a29-add6-f5cd02df97da-20,f95e0d30-699f-4a29-add6-f5cd02df97da,20,PART003,250,Each,Active,37500,USD
5a486cf9-a132-4455-a7b9-f21bb96b354a-10,5a486cf9-a132-4455-a7b9-f21bb96b354a,10,PART002,410,Each,Active,30750,USD
d9eb9bdd-7fcc-4c9c-bc3b-2c96b864b7f3-10,d9eb9bdd-7fcc-4c9c-bc3b-2c96b864b7f3,10,PART003,380,Each,Active,57000,USD
48b0d547-1e18-4512-b819-d0d16fec2eee-10,48b0d547-1e18-4512-b819-d0d16fec2eee,10,PART003-2,410,Each,Active,61500,USD
48b0d547-1e18-4512-b819-d0d16fec2eee-20,48b0d547-1e18-4512-b819-d0d16fec2eee,20,PART003-3,440,Each,Active,88000,USD
48b0d547-1e18-4512-b819-d0d16fec2eee-30,48b0d547-1e18-4512-b819-d0d16fec2eee,30,PART006,60,Each,Active,12000,USD
7bcf12be-19d3-4782-8da2-c0dfb03cbb76-10,7bcf12be-19d3-4782-8da2-c0dfb03cbb76,10,PART005,480,Each,Active,72000,USD
7bcf12be-19d3-4782-8da2-c0dfb03cbb76-20,7bcf12be-19d3-4782-8da2-c0dfb03cbb76,20,PART003-2,360,Each,Active,54000,USD
7bcf12be-19d3-4782-8da2-c0dfb03cbb76-30,7bcf12be-19d3-4782-8da2-c0dfb03cbb76,30,PART006,410,Each,Active,82000,USD
835e800d-a6eb-4b25-aab0-b2e1f423b1ea-10,835e800d-a6eb-4b25-aab0-b2e1f423b1ea,10,PART003,120,Each,Active,18000,USD
835e800d-a6eb-4b25-aab0-b2e1f423b1ea-20,835e800d-a6eb-4b25-aab0-b2e1f423b1ea,20,PART002,270,Each,Active,20250,USD
f1306c40-c12b-4a2b-a027-f2e48f56718f-10,f1306c40-c12b-4a2b-a027-f2e48f56718f,10,PART003-2,420,Each,Active,63000,USD
f1306c40-c12b-4a2b-a027-f2e48f56718f-20,f1306c40-c12b-4a2b-a027-f2e48f56718f,20,PART003-3,450,Each,Active,90000,USD
439f8a1a-faaa-42bb-b112-99d32932c030-10,439f8a1a-faaa-42bb-b112-99d32932c030,10,PART001,210,Each,Active,47250,USD
439f8a1a-faaa-42bb-b112-99d32932c030-20,439f8a1a-faaa-42bb-b112-99d32932c030,20,PART004,490,Each,Active,85750,USD
b2e5014f-12f9-4d6b-8147-d057e36f91c9-10,b2e5014f-12f9-4d6b-8147-d057e36f91c9,10,PART003-1,400,Each,Active,40000,USD
7724a635-35f9-40be-bf23-d3788a323fdd-10,7724a635-35f9-40be-bf23-d3788a323fdd,10,PART003-2,220,Each,Active,33000,USD
0f60c168-2ddb-4d2b-8de5-e5daf19f5ab9-10,0f60c168-2ddb-4d2b-8de5-e5daf19f5ab9,10,PART001,110,Each,Active,24750,USD
7b3fe5c0-098b-4511-be20-aef0b9d87957-10,7b3fe5c0-098b-4511-be20-aef0b9d87957,10,PART002,150,Each,Active,11250,USD
7b3fe5c0-098b-4511-be20-aef0b9d87957-20,7b3fe5c0-098b-4511-be20-aef0b9d87957,20,PART003-3,420,Each,Active,84000,USD
7b3fe5c0-098b-4511-be20-aef0b9d87957-30,7b3fe5c0-098b-4511-be20-aef0b9d87957,30,PART005,380,Each,Active,57000,USD
915ed6c4-d63d-4b98-b6e3-489fdefadf9e-10,915ed6c4-d63d-4b98-b6e3-489fdefadf9e,10,PART001,240,Each,Active,54000,USD
915ed6c4-d63d-4b98-b6e3-489fdefadf9e-20,915ed6c4-d63d-4b98-b6e3-489fdefadf9e,20,PART003-2,170,Each,Active,25500,USD
915ed6c4-d63d-4b98-b6e3-489fdefadf9e-30,915ed6c4-d63d-4b98-b6e3-489fdefadf9e,30,PART002,460,Each,Active,34500,USD
5ee5fc69-c937-44c3-b45c-6af8434330d5-10,5ee5fc69-c937-44c3-b45c-6af8434330d5,10,PART005,140,Each,Active,21000,USD
8bafb7d8-9f06-4738-8727-5ed70b2279d6-10,8bafb7d8-9f06-4738-8727-5ed70b2279d6,10,PART003-1,480,Each,Active,48000,USD
8bafb7d8-9f06-4738-8727-5ed70b2279d6-20,8bafb7d8-9f06-4738-8727-5ed70b2279d6,20,PART004,380,Each,Active,66500,USD
8bafb7d8-9f06-4738-8727-5ed70b2279d6-30,8bafb7d8-9f06-4738-8727-5ed70b2279d6,30,PART002,320,Each,Active,24000,USD
9ce2b976-c67d-408c-8f5c-144cb07a879f-10,9ce2b976-c67d-408c-8f5c-144cb07a879f,10,PART006,220,Each,Active,44000,USD
9ce2b976-c67d-408c-8f5c-144cb07a879f-20,9ce2b976-c67d-408c-8f5c-144cb07a879f,20,PART001,420,Each,Active,94500,USD
451c238f-51fc-4e10-9061-91134ab44546-10,451c238f-51fc-4e10-9061-91134ab44546,10,PART003,250,Each,Active,37500,USD
8d77c337-027d-41ee-9b11-256a28007da0-10,8d77c337-027d-41ee-9b11-256a28007da0,10,PART005,260,Each,Active,39000,USD
8d77c337-027d-41ee-9b11-256a28007da0-20,8d77c337-027d-41ee-9b11-256a28007da0,20,PART003-3,120,Each,Active,24000,USD
8d77c337-027d-41ee-9b11-256a28007da0-30,8d77c337-027d-41ee-9b11-256a28007da0,30,PART003-1,140,Each,Active,14000,USD
5db9ec12-78d1-400b-84b2-1045c254e61e-10,5db9ec12-78d1-400b-84b2-1045c254e61e,10,PART006,370,Each,Active,74000,USD
21678313-4220-4eaf-b0b4-36ebfbac542e-10,21678313-4220-4eaf-b0b4-36ebfbac542e,10,PART003-1,370,Each,Active,37000,USD
48177ff5-8503-4409-a045-7bb696ad5793-10,48177ff5-8503-4409-a045-7bb696ad5793,10,PART001,300,Each,Active,67500,USD
df85c5a7-4150-44a0-9406-3aec0ebb9265-10,df85c5a7-4150-44a0-9406-3aec0ebb9265,10,PART006,60,Each,Active,12000,USD
df85c5a7-4150-44a0-9406-3aec0ebb9265-20,df85c5a7-4150-44a0-9406-3aec0ebb9265,20,PART003-1,410,Each,Active,41000,USD
bd6fe61b-2866-469e-b2a6-bcf996a68a92-10,bd6fe61b-2866-469e-b2a6-bcf996a68a92,10,PART003-3,90,Each,Active,18000,USD
edf2d9ca-3d1c-45f0-a519-f4d4f0717374-10,edf2d9ca-3d1c-45f0-a519-f4d4f0717374,10,PART003-1,240,Each,Active,24000,USD
edf2d9ca-3d1c-45f0-a519-f4d4f0717374-20,edf2d9ca-3d1c-45f0-a519-f4d4f0717374,20,PART001,470,Each,Active,105750,USD
a6a03745-fa41-4f4f-a091-3e2e2191d2df-10,a6a03745-fa41-4f4f-a091-3e2e2191d2df,10,PART002,170,Each,Active,12750,USD
a6a03745-fa41-4f4f-a091-3e2e2191d2df-20,a6a03745-fa41-4f4f-a091-3e2e2191d2df,20,PART006,120,Each,Active,24000,USD
a6a03745-fa41-4f4f-a091-3e2e2191d2df-30,a6a03745-fa41-4f4f-a091-3e2e2191d2df,30,PART005,460,Each,Active,69000,USD
b29f44d5-9e89-48ab-b1e7-a77260375e90-10,b29f44d5-9e89-48ab-b1e7-a77260375e90,10,PART006,390,Each,Active,78000,USD
b29f44d5-9e89-48ab-b1e7-a77260375e90-20,b29f44d5-9e89-48ab-b1e7-a77260375e90,20,PART003-3,270,Each,Active,54000,USD
a8ab80e5-4417-40cd-b192-e84b542d42ed-10,a8ab80e5-4417-40cd-b192-e84b542d42ed,10,PART005,310,Each,Active,46500,USD
a8ab80e5-4417-40cd-b192-e84b542d42ed-20,a8ab80e5-4417-40cd-b192-e84b542d42ed,20,PART004,290,Each,Active,50750,USD
a8ab80e5-4417-40cd-b192-e84b542d42ed-30,a8ab80e5-4417-40cd-b192-e84b542d42ed,30,PART003,340,Each,Active,51000,USD
313dfe6d-70bd-4a0b-b540-25d629bc2f63-10,313dfe6d-70bd-4a0b-b540-25d629bc2f63,10,PART003-1,230,Each,Active,23000,USD
313dfe6d-70bd-4a0b-b540-25d629bc2f63-20,313dfe6d-70bd-4a0b-b540-25d629bc2f63,20,PART003-2,60,Each,Active,9000,USD
313dfe6d-70bd-4a0b-b540-25d629bc2f63-30,313dfe6d-70bd-4a0b-b540-25d629bc2f63,30,PART005,340,Each,Active,51000,USD
f53e9d2b-ca2b-4503-9f37-851cdb9805f1-10,f53e9d2b-ca2b-4503-9f37-851cdb9805f1,10,PART003,320,Each,Active,48000,USD
f53e9d2b-ca2b-4503-9f37-851cdb9805f1-20,f53e9d2b-ca2b-4503-9f37-851cdb9805f1,20,PART003-2,180,Each,Active,27000,USD
f53e9d2b-ca2b-4503-9f37-851cdb9805f1-30,f53e9d2b-ca2b-4503-9f37-851cdb9805f1,30,PART003-1,80,Each,Active,8000,USD
72f18feb-ba5b-4faa-aa3c-c7f58fe88871-10,72f18feb-ba5b-4faa-aa3c-c7f58fe88871,10,PART003,290,Each,Active,43500,USD
b2e5c05e-95a6-4264-b224-32be95d19387-10,b2e5c05e-95a6-4264-b224-32be95d19387,10,PART003-2,320,Each,Active,48000,USD
f60b91ee-f4e1-4686-b303-1b09421cbe21-10,f60b91ee-f4e1-4686-b303-1b09421cbe21,10,PART003-1,330,Each,Active,33000,USD
f60b91ee-f4e1-4686-b303-1b09421cbe21-20,f60b91ee-f4e1-4686-b303-1b09421cbe21,20,PART006,80,Each,Active,16000,USD
467748b0-c8a8-4268-857f-b8964224fa27-10,467748b0-c8a8-4268-857f-b8964224fa27,10,PART004,120,Each,Active,21000,USD
467748b0-c8a8-4268-857f-b8964224fa27-20,467748b0-c8a8-4268-857f-b8964224fa27,20,PART003-3,420,Each,Active,84000,USD
467748b0-c8a8-4268-857f-b8964224fa27-30,467748b0-c8a8-4268-857f-b8964224fa27,30,PART005,500,Each,Active,75000,USD
6e1acc5c-f109-4424-968b-68d5e381b320-10,6e1acc5c-f109-4424-968b-68d5e381b320,10,PART003-3,130,Each,Active,26000,USD
6e1acc5c-f109-4424-968b-68d5e381b320-20,6e1acc5c-f109-4424-968b-68d5e381b320,20,PART003-1,170,Each,Active,17000,USD
6e1acc5c-f109-4424-968b-68d5e381b320-30,6e1acc5c-f109-4424-968b-68d5e381b320,30,PART005,210,Each,Active,31500,USD
24f935bb-87d9-4fcf-a42b-5304a457e9be-10,24f935bb-87d9-4fcf-a42b-5304a457e9be,10,PART006,90,Each,Active,18000,USD
dc98eb6c-dae7-449b-8649-fcc94ac2cf0b-10,dc98eb6c-dae7-449b-8649-fcc94ac2cf0b,10,PART003-1,100,Each,Active,10000,USD
dc98eb6c-dae7-449b-8649-fcc94ac2cf0b-20,dc98eb6c-dae7-449b-8649-fcc94ac2cf0b,20,PART002,360,Each,Active,27000,USD
8de392e7-078a-46c3-98d4-cc999d6b376e-10,8de392e7-078a-46c3-98d4-cc999d6b376e,10,PART006,260,Each,Active,52000,USD
8de392e7-078a-46c3-98d4-cc999d6b376e-20,8de392e7-078a-46c3-98d4-cc999d6b376e,20,PART003-2,330,Each,Active,49500,USD
8de392e7-078a-46c3-98d4-cc999d6b376e-30,8de392e7-078a-46c3-98d4-cc999d6b376e,30,PART003-1,150,Each,Active,15000,USD
eef9d9e3-42c2-4488-9128-01fe6c5d4734-10,eef9d9e3-42c2-4488-9128-01fe6c5d4734,10,PART002,490,Each,Active,36750,USD
9d18fca9-338d-4f53-bc21-c907a9e276d3-10,9d18fca9-338d-4f53-bc21-c907a9e276d3,10,PART005,50,Each,Active,7500,USD
6e29d686-6fc0-4d48-8caa-6874eb71483f-10,6e29d686-6fc0-4d48-8caa-6874eb71483f,10,PART003-3,450,Each,Active,90000,USD
6e29d686-6fc0-4d48-8caa-6874eb71483f-20,6e29d686-6fc0-4d48-8caa-6874eb71483f,20,PART002,440,Each,Active,33000,USD
6e29d686-6fc0-4d48-8caa-6874eb71483f-30,6e29d686-6fc0-4d48-8caa-6874eb71483f,30,PART004,280,Each,Active,49000,USD
3ff089a4-55da-4406-a43b-6749acee224d-10,3ff089a4-55da-4406-a43b-6749acee224d,10,PART001,490,Each,Active,110250,USD
3ff089a4-55da-4406-a43b-6749acee224d-20,3ff089a4-55da-4406-a43b-6749acee224d,20,PART003,120,Each,Active,18000,USD
ee90ea8f-2d5c-40a7-a06b-09f520917a4c-10,ee90ea8f-2d5c-40a7-a06b-09f520917a4c,10,PART006,90,Each,Active,18000,USD
ee90ea8f-2d5c-40a7-a06b-09f520917a4c-20,ee90ea8f-2d5c-40a7-a06b-09f520917a4c,20,PART005,150,Each,Active,22500,USD
36e9b12e-48ea-4026-bf9b-b1015b9c80c9-10,36e9b12e-48ea-4026-bf9b-b1015b9c80c9,10,PART006,200,Each,Active,40000,USD
fce544d7-2ed7-4530-ad58-9da72de16e8a-10,fce544d7-2ed7-4530-ad58-9da72de16e8a,10,PART005,500,Each,Active,75000,USD
1cb00a71-e391-4f20-8d5c-bd34e571e209-10,1cb00a71-e391-4f20-8d5c-bd34e571e209,10,PART003-3,210,Each,Active,42000,USD
b76c0c99-28a5-4be1-a7f9-08fb28e24144-10,b76c0c99-28a5-4be1-a7f9-08fb28e24144,10,PART004,160,Each,Active,28000,USD
b76c0c99-28a5-4be1-a7f9-08fb28e24144-20,b76c0c99-28a5-4be1-a7f9-08fb28e24144,20,PART006,120,Each,Active,24000,USD
b76c0c99-28a5-4be1-a7f9-08fb28e24144-30,b76c0c99-28a5-4be1-a7f9-08fb28e24144,30,PART003-2,450,Each,Active,67500,USD
18130544-5097-4149-989e-8cc39bab4997-10,18130544-5097-4149-989e-8cc39bab4997,10,PART005,330,Each,Active,49500,USD
18130544-5097-4149-989e-8cc39bab4997-20,18130544-5097-4149-989e-8cc39bab4997,20,PART002,140,Each,Active,10500,USD
18130544-5097-4149-989e-8cc39bab4997-30,18130544-5097-4149-989e-8cc39bab4997,30,PART003-2,330,Each,Active,49500,USD
2c8ee5ac-c412-4177-9787-50bb90b13387-10,2c8ee5ac-c412-4177-9787-50bb90b13387,10,PART003-2,60,Each,Active,9000,USD
2c8ee5ac-c412-4177-9787-50bb90b13387-20,2c8ee5ac-c412-4177-9787-50bb90b13387,20,PART003,440,Each,Active,66000,USD
2c8ee5ac-c412-4177-9787-50bb90b13387-30,2c8ee5ac-c412-4177-9787-50bb90b13387,30,PART003-1,350,Each,Active,35000,USD
49a1a66f-80a3-4a7c-ad15-6ec09fabb779-10,49a1a66f-80a3-4a7c-ad15-6ec09fabb779,10,PART002,380,Each,Active,28500,USD
49a1a66f-80a3-4a7c-ad15-6ec09fabb779-20,49a1a66f-80a3-4a7c-ad15-6ec09fabb779,20,PART003,340,Each,Active,51000,USD
82adc7ff-31ab-47bb-aa8b-a4efb25266d9-10,82adc7ff-31ab-47bb-aa8b-a4efb25266d9,10,PART003-3,420,Each,Active,84000,USD
5fd2d94c-2826-4320-8dfa-d8f6a54a04ea-10,5fd2d94c-2826-4320-8dfa-d8f6a54a04ea,10,PART003-2,160,Each,Active,24000,USD
e9643e49-c1c1-46a1-bffb-7b010fcc31cd-10,e9643e49-c1c1-46a1-bffb-7b010fcc31cd,10,PART002,310,Each,Active,23250,USD
e9643e49-c1c1-46a1-bffb-7b010fcc31cd-20,e9643e49-c1c1-46a1-bffb-7b010fcc31cd,20,PART003-1,450,Each,Active,45000,USD
5cc65f0d-1120-44f8-9ec4-826a2625b44d-10,5cc65f0d-1120-44f8-9ec4-826a2625b44d,10,PART003-1,110,Each,Active,11000,USD
2b37a509-1c2f-4668-a690-81c261e0a726-10,2b37a509-1c2f-4668-a690-81c261e0a726,10,PART004,340,Each,Active,59500,USD
2b37a509-1c2f-4668-a690-81c261e0a726-20,2b37a509-1c2f-4668-a690-81c261e0a726,20,PART003-1,60,Each,Active,6000,USD
2b37a509-1c2f-4668-a690-81c261e0a726-30,2b37a509-1c2f-4668-a690-81c261e0a726,30,PART003-2,190,Each,Active,28500,USD
71161b9e-08e2-4beb-837c-962563801439-10,71161b9e-08e2-4beb-837c-962563801439,10,PART003-2,300,Each,Active,45000,USD
9516cda6-95d8-4ec5-9176-d3cff287b873-10,9516cda6-95d8-4ec5-9176-d3cff287b873,10,PART002,210,Each,Active,15750,USD
9ca73b00-8db0-4644-9679-5930075d28ee-10,9ca73b00-8db0-4644-9679-5930075d28ee,10,PART005,190,Each,Active,28500,USD
9ca73b00-8db0-4644-9679-5930075d28ee-20,9ca73b00-8db0-4644-9679-5930075d28ee,20,PART004,500,Each,Active,87500,USD
ab396a3f-b4d1-4214-a8bc-d7b887f96dec-10,ab396a3f-b4d1-4214-a8bc-d7b887f96dec,10,PART001,120,Each,Active,27000,USD
e3ebdbbc-e102-410a-8533-683f64f7e79e-10,e3ebdbbc-e102-410a-8533-683f64f7e79e,10,PART001,370,Each,Active,83250,USD
e3ebdbbc-e102-410a-8533-683f64f7e79e-20,e3ebdbbc-e102-410a-8533-683f64f7e79e,20,PART003-3,380,Each,Active,76000,USD
246e13a3-7d1e-41a1-b2dc-83350fe837d7-10,246e13a3-7d1e-41a1-b2dc-83350fe837d7,10,PART004,290,Each,Active,50750,USD
246e13a3-7d1e-41a1-b2dc-83350fe837d7-20,246e13a3-7d1e-41a1-b2dc-83350fe837d7,20,PART003,280,Each,Active,42000,USD
da03895c-92f3-4691-a076-3782b83f1c58-10,da03895c-92f3-4691-a076-3782b83f1c58,10,PART003,220,Each,Active,33000,USD
da03895c-92f3-4691-a076-3782b83f1c58-20,da03895c-92f3-4691-a076-3782b83f1c58,20,PART003-3,280,Each,Active,56000,USD
da03895c-92f3-4691-a076-3782b83f1c58-30,da03895c-92f3-4691-a076-3782b83f1c58,30,PART003-1,330,Each,Active,33000,USD
372a1da9-6b2d-4458-8479-1cfe6a124714-10,372a1da9-6b2d-4458-8479-1cfe6a124714,10,PART005,270,Each,Active,40500,USD
f8de4715-8812-4acb-a095-44f7c49576f1-10,f8de4715-8812-4acb-a095-44f7c49576f1,10,PART003,360,Each,Active,54000,USD
f8de4715-8812-4acb-a095-44f7c49576f1-20,f8de4715-8812-4acb-a095-44f7c49576f1,20,PART003-1,310,Each,Active,31000,USD
d0178f7e-77f9-4ed7-9163-e12dbb53e8f3-10,d0178f7e-77f9-4ed7-9163-e12dbb53e8f3,10,PART006,250,Each,Active,50000,USD
d0178f7e-77f9-4ed7-9163-e12dbb53e8f3-20,d0178f7e-77f9-4ed7-9163-e12dbb53e8f3,20,PART003-2,100,Each,Active,15000,USD
713cbb2a-ef1a-4e30-8825-bb3b5e3572f5-10,713cbb2a-ef1a-4e30-8825-bb3b5e3572f5,10,PART001,170,Each,Active,38250,USD
713cbb2a-ef1a-4e30-8825-bb3b5e3572f5-20,713cbb2a-ef1a-4e30-8825-bb3b5e3572f5,20,PART002,60,Each,Active,4500,USD
713cbb2a-ef1a-4e30-8825-bb3b5e3572f5-30,713cbb2a-ef1a-4e30-8825-bb3b5e3572f5,30,PART005,190,Each,Active,28500,USD
9ff9551b-4c82-4b3f-bc3f-b1fb969c1c4e-10,9ff9551b-4c82-4b3f-bc3f-b1fb969c1c4e,10,PART006,330,Each,Active,66000,USD
9ff9551b-4c82-4b3f-bc3f-b1fb969c1c4e-20,9ff9551b-4c82-4b3f-bc3f-b1fb969c1c4e,20,PART003,240,Each,Active,36000,USD
fd6ff0e8-3288-4532-bbf4-4b32735d26ee-10,fd6ff0e8-3288-4532-bbf4-4b32735d26ee,10,PART003-2,50,Each,Active,7500,USD
fd6ff0e8-3288-4532-bbf4-4b32735d26ee-20,fd6ff0e8-3288-4532-bbf4-4b32735d26ee,20,PART003-1,390,Each,Active,39000,USD
6c9e7ad5-78fd-4973-a072-eefb50c12210-10,6c9e7ad5-78fd-4973-a072-eefb50c12210,10,PART003-3,60,Each,Active,12000,USD
6c9e7ad5-78fd-4973-a072-eefb50c12210-20,6c9e7ad5-78fd-4973-a072-eefb50c12210,20,PART005,380,Each,Active,57000,USD
c58f72d7-9cce-402c-b0d5-e58806a01e44-10,c58f72d7-9cce-402c-b0d5-e58806a01e44,10,PART003-3,230,Each,Active,46000,USD
c58f72d7-9cce-402c-b0d5-e58806a01e44-20,c58f72d7-9cce-402c-b0d5-e58806a01e44,20,PART003-2,320,Each,Active,48000,USD
dde72439-2325-4845-abb6-4dc6948a7f34-10,dde72439-2325-4845-abb6-4dc6948a7f34,10,PART003,90,Each,Active,13500,USD
dde72439-2325-4845-abb6-4dc6948a7f34-20,dde72439-2325-4845-abb6-4dc6948a7f34,20,PART004,160,Each,Active,28000,USD
dde72439-2325-4845-abb6-4dc6948a7f34-30,dde72439-2325-4845-abb6-4dc6948a7f34,30,PART003-1,180,Each,Active,18000,USD
5a1a1625-a60b-4988-a4ac-701e4a77ad3a-10,5a1a1625-a60b-4988-a4ac-701e4a77ad3a,10,PART003,90,Each,Active,13500,USD
6fcc5b83-9f56-4335-8186-c94bf1e539d9-10,6fcc5b83-9f56-4335-8186-c94bf1e539d9,10,PART002,100,Each,Active,7500,USD
6fcc5b83-9f56-4335-8186-c94bf1e539d9-20,6fcc5b83-9f56-4335-8186-c94bf1e539d9,20,PART001,210,Each,Active,47250,USD
a38434c9-2743-4201-af71-50a1ba679b64-10,a38434c9-2743-4201-af71-50a1ba679b64,10,PART003,80,Each,Active,12000,USD
a7d2c954-f453-4664-9f93-f4d7fac855d9-10,a7d2c954-f453-4664-9f93-f4d7fac855d9,10,PART005,290,Each,Active,43500,USD
7bb1627d-239f-4fb9-b148-449295a94460-10,7bb1627d-239f-4fb9-b148-449295a94460,10,PART002,100,Each,Active,7500,USD
e474efcc-8245-4d3a-9298-61f9b67427c1-10,e474efcc-8245-4d3a-9298-61f9b67427c1,10,PART006,160,Each,Active,32000,USD
93d0a9b4-3055-4169-835e-43924ece3363-10,93d0a9b4-3055-4169-835e-43924ece3363,10,PART003-3,420,Each,Active,84000,USD
93d0a9b4-3055-4169-835e-43924ece3363-20,93d0a9b4-3055-4169-835e-43924ece3363,20,PART004,370,Each,Active,64750,USD
a0f52bc5-d89e-4628-b869-42d8bfdbdd3c-10,a0f52bc5-d89e-4628-b869-42d8bfdbdd3c,10,PART006,110,Each,Active,22000,USD
a0f52bc5-d89e-4628-b869-42d8bfdbdd3c-20,a0f52bc5-d89e-4628-b869-42d8bfdbdd3c,20,PART004,100,Each,Active,17500,USD
a0f52bc5-d89e-4628-b869-42d8bfdbdd3c-30,a0f52bc5-d89e-4628-b869-42d8bfdbdd3c,30,PART005,120,Each,Active,18000,USD
79e3de9f-bd4c-4b9d-8347-523de36a11e7-10,79e3de9f-bd4c-4b9d-8347-523de36a11e7,10,PART004,140,Each,Active,24500,USD
79e3de9f-bd4c-4b9d-8347-523de36a11e7-20,79e3de9f-bd4c-4b9d-8347-523de36a11e7,20,PART002,380,Each,Active,28500,USD
33b0e65e-5e5b-44ae-afb8-ae6baa734aea-10,33b0e65e-5e5b-44ae-afb8-ae6baa734aea,10,PART006,280,Each,Active,56000,USD
abf05e0e-2a44-45d6-b21b-1e9b99d5412b-10,abf05e0e-2a44-45d6-b21b-1e9b99d5412b,10,PART006,340,Each,Active,68000,USD
abf05e0e-2a44-45d6-b21b-1e9b99d5412b-20,abf05e0e-2a44-45d6-b21b-1e9b99d5412b,20,PART002,110,Each,Active,8250,USD
16bc1dcd-b93d-4c62-b61e-5d5c16ca7d3b-10,16bc1dcd-b93d-4c62-b61e-5d5c16ca7d3b,10,PART005,100,Each,Active,15000,USD
5beba8f2-5ec8-4ccf-9db4-ca2eda1daa9b-10,5beba8f2-5ec8-4ccf-9db4-ca2eda1daa9b,10,PART003-2,320,Each,Active,48000,USD
5beba8f2-5ec8-4ccf-9db4-ca2eda1daa9b-20,5beba8f2-5ec8-4ccf-9db4-ca2eda1daa9b,20,PART001,480,Each,Active,108000,USD
5beba8f2-5ec8-4ccf-9db4-ca2eda1daa9b-30,5beba8f2-5ec8-4ccf-9db4-ca2eda1daa9b,30,PART003,270,Each,Active,40500,USD
8169f94b-eda3-470d-9c5e-eff192465978-10,8169f94b-eda3-470d-9c5e-eff192465978,10,PART003-1,470,Each,Active,47000,USD
8169f94b-eda3-470d-9c5e-eff192465978-20,8169f94b-eda3-470d-9c5e-eff192465978,20,PART003-2,270,Each,Active,40500,USD
fb9c0f8d-e839-4256-a9bd-3c4357abd932-10,fb9c0f8d-e839-4256-a9bd-3c4357abd932,10,PART003,180,Each,Active,27000,USD
fb9c0f8d-e839-4256-a9bd-3c4357abd932-20,fb9c0f8d-e839-4256-a9bd-3c4357abd932,20,PART003-3,500,Each,Active,100000,USD
52a3100d-bc64-454e-b899-4a6478f61588-10,52a3100d-bc64-454e-b899-4a6478f61588,10,PART003-3,180,Each,Active,36000,USD
62705649-aac7-44d4-8d08-e33ae59851b1-10,62705649-aac7-44d4-8d08-e33ae59851b1,10,PART002,250,Each,Active,18750,USD
62705649-aac7-44d4-8d08-e33ae59851b1-20,62705649-aac7-44d4-8d08-e33ae59851b1,20,PART003-1,200,Each,Active,20000,USD
62705649-aac7-44d4-8d08-e33ae59851b1-30,62705649-aac7-44d4-8d08-e33ae59851b1,30,PART003,230,Each,Active,34500,USD
0a3f3e20-6843-4d97-9921-8807fff4bd64-10,0a3f3e20-6843-4d97-9921-8807fff4bd64,10,PART003-2,330,Each,Active,49500,USD
0a3f3e20-6843-4d97-9921-8807fff4bd64-20,0a3f3e20-6843-4d97-9921-8807fff4bd64,20,PART003-1,390,Each,Active,39000,USD
6989a2c7-e158-4555-ab80-bb9fd53db2a8-10,6989a2c7-e158-4555-ab80-bb9fd53db2a8,10,PART006,450,Each,Active,90000,USD
6989a2c7-e158-4555-ab80-bb9fd53db2a8-20,6989a2c7-e158-4555-ab80-bb9fd53db2a8,20,PART003-1,280,Each,Active,28000,USD
e64a14c2-c65d-4c54-9464-935288ed28cf-10,e64a14c2-c65d-4c54-9464-935288ed28cf,10,PART005,240,Each,Active,36000,USD
3d8ee15b-b3fb-4832-b406-a27628899ead-10,3d8ee15b-b3fb-4832-b406-a27628899ead,10,PART001,450,Each,Active,101250,USD
3d8ee15b-b3fb-4832-b406-a27628899ead-20,3d8ee15b-b3fb-4832-b406-a27628899ead,20,PART005,200,Each,Active,30000,USD
3d8ee15b-b3fb-4832-b406-a27628899ead-30,3d8ee15b-b3fb-4832-b406-a27628899ead,30,PART006,470,Each,Active,94000,USD
59869769-1068-4bcc-932b-81be0d8d8105-10,59869769-1068-4bcc-932b-81be0d8d8105,10,PART005,60,Each,Active,9000,USD
59869769-1068-4bcc-932b-81be0d8d8105-20,59869769-1068-4bcc-932b-81be0d8d8105,20,PART001,300,Each,Active,67500,USD
11b7feb5-a516-420a-ac24-e64b1af91651-10,11b7feb5-a516-420a-ac24-e64b1af91651,10,PART003-1,290,Each,Active,29000,USD
11b7feb5-a516-420a-ac24-e64b1af91651-20,11b7feb5-a516-420a-ac24-e64b1af91651,20,PART003,70,Each,Active,10500,USD
11b7feb5-a516-420a-ac24-e64b1af91651-30,11b7feb5-a516-420a-ac24-e64b1af91651,30,PART006,440,Each,Active,88000,USD
56e5efe5-bbb5-434e-9911-2984d50b5fa7-10,56e5efe5-bbb5-434e-9911-2984d50b5fa7,10,PART003-3,330,Each,Active,66000,USD
56e5efe5-bbb5-434e-9911-2984d50b5fa7-20,56e5efe5-bbb5-434e-9911-2984d50b5fa7,20,PART001,440,Each,Active,99000,USD
56e5efe5-bbb5-434e-9911-2984d50b5fa7-30,56e5efe5-bbb5-434e-9911-2984d50b5fa7,30,PART006,300,Each,Active,60000,USD
55de2251-2fae-415b-9185-4d85d5ebe4dd-10,55de2251-2fae-415b-9185-4d85d5ebe4dd,10,PART003-1,80,Each,Active,8000,USD
55de2251-2fae-415b-9185-4d85d5ebe4dd-20,55de2251-2fae-415b-9185-4d85d5ebe4dd,20,PART003,290,Each,Active,43500,USD
4434e929-d47f-4096-899e-e7d1165b1e79-10,4434e929-d47f-4096-899e-e7d1165b1e79,10,PART004,370,Each,Active,64750,USD
4434e929-d47f-4096-899e-e7d1165b1e79-20,4434e929-d47f-4096-899e-e7d1165b1e79,20,PART003-3,440,Each,Active,88000,USD
4434e929-d47f-4096-899e-e7d1165b1e79-30,4434e929-d47f-4096-899e-e7d1165b1e79,30,PART006,390,Each,Active,78000,USD
0e5dd4a9-18e7-4f81-a923-a2d99c8a9aa4-10,0e5dd4a9-18e7-4f81-a923-a2d99c8a9aa4,10,PART005,390,Each,Active,58500,USD
15431dc8-2692-4f62-b7f9-63c970a27002-10,15431dc8-2692-4f62-b7f9-63c970a27002,10,PART003,90,Each,Active,13500,USD
1f1f8b05-84fd-43e0-9407-7cc60f51f891-10,1f1f8b05-84fd-43e0-9407-7cc60f51f891,10,PART003,360,Each,Active,54000,USD
f5237b81-0f53-4492-9a69-f9d53554757d-10,f5237b81-0f53-4492-9a69-f9d53554757d,10,PART003-2,180,Each,Active,27000,USD
f5237b81-0f53-4492-9a69-f9d53554757d-20,f5237b81-0f53-4492-9a69-f9d53554757d,20,PART003-1,410,Each,Active,41000,USD
ea0db232-77e8-41ad-be6b-ced94ad1bef9-10,ea0db232-77e8-41ad-be6b-ced94ad1bef9,10,PART004,470,Each,Active,82250,USD
ea0db232-77e8-41ad-be6b-ced94ad1bef9-20,ea0db232-77e8-41ad-be6b-ced94ad1bef9,20,PART003,340,Each,Active,51000,USD
25296d21-3f60-4e9b-be12-c26e29d6b39d-10,25296d21-3f60-4e9b-be12-c26e29d6b39d,10,PART004,380,Each,Active,66500,USD
cd67649c-7fa2-49cf-b742-684ca92d24fa-10,cd67649c-7fa2-49cf-b742-684ca92d24fa,10,PART004,360,Each,Active,63000,USD
cd67649c-7fa2-49cf-b742-684ca92d24fa-20,cd67649c-7fa2-49cf-b742-684ca92d24fa,20,PART003-2,370,Each,Active,55500,USD
8e20f72e-29fa-4e3b-bfae-057925f9d2c6-10,8e20f72e-29fa-4e3b-bfae-057925f9d2c6,10,PART003-3,300,Each,Active,60000,USD
20d2ca43-5bc7-47be-bbf1-66cc909b5ce5-10,20d2ca43-5bc7-47be-bbf1-66cc909b5ce5,10,PART005,450,Each,Active,67500,USD
03267186-8a3b-4b59-ab5a-b33998d7b5a7-10,03267186-8a3b-4b59-ab5a-b33998d7b5a7,10,PART003-2,420,Each,Active,63000,USD
03267186-8a3b-4b59-ab5a-b33998d7b5a7-20,03267186-8a3b-4b59-ab5a-b33998d7b5a7,20,PART001,400,Each,Active,90000,USD
bf219910-c314-48b3-8153-9e3d28187220-10,bf219910-c314-48b3-8153-9e3d28187220,10,PART003,360,Each,Active,54000,USD
bf219910-c314-48b3-8153-9e3d28187220-20,bf219910-c314-48b3-8153-9e3d28187220,20,PART006,140,Each,Active,28000,USD
bf219910-c314-48b3-8153-9e3d28187220-30,bf219910-c314-48b3-8153-9e3d28187220,30,PART001,370,Each,Active,83250,USD
231cdede-e377-4ceb-ae2e-21da74f20ab9-10,231cdede-e377-4ceb-ae2e-21da74f20ab9,10,PART001,170,Each,Active,38250,USD
231cdede-e377-4ceb-ae2e-21da74f20ab9-20,231cdede-e377-4ceb-ae2e-21da74f20ab9,20,PART003-3,400,Each,Active,80000,USD
7b55d6a4-f7f5-4396-b2c1-3d2a2eceff7e-10,7b55d6a4-f7f5-4396-b2c1-3d2a2eceff7e,10,PART005,290,Each,Active,43500,USD
a0770e8b-cff0-4012-9ddc-8bf2274181e7-10,a0770e8b-cff0-4012-9ddc-8bf2274181e7,10,PART005,260,Each,Active,39000,USD
a0770e8b-cff0-4012-9ddc-8bf2274181e7-20,a0770e8b-cff0-4012-9ddc-8bf2274181e7,20,PART003,300,Each,Active,45000,USD
a0770e8b-cff0-4012-9ddc-8bf2274181e7-30,a0770e8b-cff0-4012-9ddc-8bf2274181e7,30,PART003-2,320,Each,Active,48000,USD
d87d7db1-7f94-435b-abcf-27399a4d975e-10,d87d7db1-7f94-435b-abcf-27399a4d975e,10,PART006,90,Each,Active,18000,USD
e855cea2-6752-417e-b883-8f8ece8f279f-10,e855cea2-6752-417e-b883-8f8ece8f279f,10,PART001,300,Each,Active,67500,USD
a27a20e2-451e-41be-96a4-341b07083c95-10,a27a20e2-451e-41be-96a4-341b07083c95,10,PART003,320,Each,Active,48000,USD
a27a20e2-451e-41be-96a4-341b07083c95-20,a27a20e2-451e-41be-96a4-341b07083c95,20,PART003-2,110,Each,Active,16500,USD
a27a20e2-451e-41be-96a4-341b07083c95-30,a27a20e2-451e-41be-96a4-341b07083c95,30,PART003-3,290,Each,Active,58000,USD
0117c64c-cfc3-4644-be0d-d7201cc77164-10,0117c64c-cfc3-4644-be0d-d7201cc77164,10,PART005,380,Each,Active,57000,USD
0117c64c-cfc3-4644-be0d-d7201cc77164-20,0117c64c-cfc3-4644-be0d-d7201cc77164,20,PART003-2,130,Each,Active,19500,USD
80d8c8e4-f3a8-4369-9c26-4b63449c7d76-10,80d8c8e4-f3a8-4369-9c26-4b63449c7d76,10,PART006,250,Each,Active,50000,USD
80d8c8e4-f3a8-4369-9c26-4b63449c7d76-20,80d8c8e4-f3a8-4369-9c26-4b63449c7d76,20,PART002,460,Each,Active,34500,USD
98495201-0d6a-4c77-be9e-ee462e42dc4f-10,98495201-0d6a-4c77-be9e-ee462e42dc4f,10,PART005,290,Each,Active,43500,USD
08769ead-def9-402c-a9f0-ce3e23287282-10,08769ead-def9-402c-a9f0-ce3e23287282,10,PART006,280,Each,Active,56000,USD
08769ead-def9-402c-a9f0-ce3e23287282-20,08769ead-def9-402c-a9f0-ce3e23287282,20,PART003,350,Each,Active,52500,USD
309ccaf5-6686-4de4-a0fd-27c48c8e9668-10,309ccaf5-6686-4de4-a0fd-27c48c8e9668,10,PART003,210,Each,Active,31500,USD
ff6c946b-ca3d-4b65-9fae-ce079f05c017-10,ff6c946b-ca3d-4b65-9fae-ce079f05c017,10,PART004,450,Each,Active,78750,USD
ff6c946b-ca3d-4b65-9fae-ce079f05c017-20,ff6c946b-ca3d-4b65-9fae-ce079f05c017,20,PART003,330,Each,Active,49500,USD
faac9781-c075-45b8-b1d1-9b5f2fa4e4e5-10,faac9781-c075-45b8-b1d1-9b5f2fa4e4e5,10,PART004,310,Each,Active,54250,USD
5760f4cb-40b2-4c5e-b445-231023f7f083-10,5760f4cb-40b2-4c5e-b445-231023f7f083,10,PART003,230,Each,Active,34500,USD
30e80ca3-9bc6-42f9-b4f0-8368e9c8da64-10,30e80ca3-9bc6-42f9-b4f0-8368e9c8da64,10,PART001,330,Each,Active,74250,USD
30e80ca3-9bc6-42f9-b4f0-8368e9c8da64-20,30e80ca3-9bc6-42f9-b4f0-8368e9c8da64,20,PART006,320,Each,Active,64000,USD
c4891636-9da2-48e2-8aa7-9e9892291c74-10,c4891636-9da2-48e2-8aa7-9e9892291c74,10,PART005,170,Each,Active,25500,USD
c4891636-9da2-48e2-8aa7-9e9892291c74-20,c4891636-9da2-48e2-8aa7-9e9892291c74,20,PART003,240,Each,Active,36000,USD
68775085-576e-4bc4-b162-a2c9b656c53e-10,68775085-576e-4bc4-b162-a2c9b656c53e,10,PART005,360,Each,Active,54000,USD
68775085-576e-4bc4-b162-a2c9b656c53e-20,68775085-576e-4bc4-b162-a2c9b656c53e,20,PART004,410,Each,Active,71750,USD
68775085-576e-4bc4-b162-a2c9b656c53e-30,68775085-576e-4bc4-b162-a2c9b656c53e,30,PART001,100,Each,Active,22500,USD
942f6a86-a075-4651-95dc-2219cddfb30b-10,942f6a86-a075-4651-95dc-2219cddfb30b,10,PART002,450,Each,Active,33750,USD
7e699997-494e-4837-a10c-05bc24ba9d25-10,7e699997-494e-4837-a10c-05bc24ba9d25,10,PART003-2,420,Each,Active,63000,USD
dce8acec-592c-4381-addd-964b411f6f14-10,dce8acec-592c-4381-addd-964b411f6f14,10,PART003-3,210,Each,Active,42000,USD
dce8acec-592c-4381-addd-964b411f6f14-20,dce8acec-592c-4381-addd-964b411f6f14,20,PART003-2,60,Each,Active,9000,USD
ec8195f9-0db0-4bdc-bdee-91fa9db7bfc1-10,ec8195f9-0db0-4bdc-bdee-91fa9db7bfc1,10,PART004,470,Each,Active,82250,USD
ec8195f9-0db0-4bdc-bdee-91fa9db7bfc1-20,ec8195f9-0db0-4bdc-bdee-91fa9db7bfc1,20,PART005,200,Each,Active,30000,USD
ec8195f9-0db0-4bdc-bdee-91fa9db7bfc1-30,ec8195f9-0db0-4bdc-bdee-91fa9db7bfc1,30,PART006,220,Each,Active,44000,USD
17e0b2e6-a788-45e2-b6b6-8417b6f6bb23-10,17e0b2e6-a788-45e2-b6b6-8417b6f6bb23,10,PART004,370,Each,Active,64750,USD
17e0b2e6-a788-45e2-b6b6-8417b6f6bb23-20,17e0b2e6-a788-45e2-b6b6-8417b6f6bb23,20,PART005,450,Each,Active,67500,USD
17e0b2e6-a788-45e2-b6b6-8417b6f6bb23-30,17e0b2e6-a788-45e2-b6b6-8417b6f6bb23,30,PART002,340,Each,Active,25500,USD
7e78000c-cf9a-4528-8c8e-32c37729d0de-10,7e78000c-cf9a-4528-8c8e-32c37729d0de,10,PART003-2,120,Each,Active,18000,USD
7e78000c-cf9a-4528-8c8e-32c37729d0de-20,7e78000c-cf9a-4528-8c8e-32c37729d0de,20,PART005,260,Each,Active,39000,USD
14e18dba-4736-470d-96dc-855aab49029f-10,14e18dba-4736-470d-96dc-855aab49029f,10,PART003-2,410,Each,Active,61500,USD
14e18dba-4736-470d-96dc-855aab49029f-20,14e18dba-4736-470d-96dc-855aab49029f,20,PART004,70,Each,Active,12250,USD
a76b07dd-4b04-405c-b953-a4ec89059ec0-10,a76b07dd-4b04-405c-b953-a4ec89059ec0,10,PART004,130,Each,Active,22750,USD
f11ee98a-3546-401d-8927-6d6528d3e3a4-10,f11ee98a-3546-401d-8927-6d6528d3e3a4,10,PART003-2,470,Each,Active,70500,USD
f11ee98a-3546-401d-8927-6d6528d3e3a4-20,f11ee98a-3546-401d-8927-6d6528d3e3a4,20,PART003-3,420,Each,Active,84000,USD
bc59e487-f26f-4fa3-a8bb-f94f254312cb-10,bc59e487-f26f-4fa3-a8bb-f94f254312cb,10,PART005,270,Each,Active,40500,USD
bc59e487-f26f-4fa3-a8bb-f94f254312cb-20,bc59e487-f26f-4fa3-a8bb-f94f254312cb,20,PART002,170,Each,Active,12750,USD
749c8529-2b2f-4930-9680-3bb8d7739b8b-10,749c8529-2b2f-4930-9680-3bb8d7739b8b,10,PART002,190,Each,Active,14250,USD
749c8529-2b2f-4930-9680-3bb8d7739b8b-20,749c8529-2b2f-4930-9680-3bb8d7739b8b,20,PART004,130,Each,Active,22750,USD
749c8529-2b2f-4930-9680-3bb8d7739b8b-30,749c8529-2b2f-4930-9680-3bb8d7739b8b,30,PART003,130,Each,Active,19500,USD
93784050-74b9-408d-83a9-bc9c3e2f6462-10,93784050-74b9-408d-83a9-bc9c3e2f6462,10,PART006,370,Each,Active,74000,USD
93784050-74b9-408d-83a9-bc9c3e2f6462-20,93784050-74b9-408d-83a9-bc9c3e2f6462,20,PART003-1,50,Each,Active,5000,USD
d20a5406-17fe-4d51-85d3-d45f272e9a85-10,d20a5406-17fe-4d51-85d3-d45f272e9a85,10,PART006,470,Each,Active,94000,USD
b90739c8-a476-4181-a6d4-3b4a97bd5c2e-10,b90739c8-a476-4181-a6d4-3b4a97bd5c2e,10,PART003-1,270,Each,Active,27000,USD
b90739c8-a476-4181-a6d4-3b4a97bd5c2e-20,b90739c8-a476-4181-a6d4-3b4a97bd5c2e,20,PART004,70,Each,Active,12250,USD
b90739c8-a476-4181-a6d4-3b4a97bd5c2e-30,b90739c8-a476-4181-a6d4-3b4a97bd5c2e,30,PART003-3,370,Each,Active,74000,USD
c45f5a94-ffe9-4444-9189-d52cd544ed8b-10,c45f5a94-ffe9-4444-9189-d52cd544ed8b,10,PART006,170,Each,Active,34000,USD
c45f5a94-ffe9-4444-9189-d52cd544ed8b-20,c45f5a94-ffe9-4444-9189-d52cd544ed8b,20,PART001,180,Each,Active,40500,USD
734f5a64-5e49-4f73-bba3-eb92e3852be4-10,734f5a64-5e49-4f73-bba3-eb92e3852be4,10,PART002,70,Each,Active,5250,USD
734f5a64-5e49-4f73-bba3-eb92e3852be4-20,734f5a64-5e49-4f73-bba3-eb92e3852be4,20,PART003,140,Each,Active,21000,USD
9b5b7afe-ac2f-4751-93d9-9dc8b8bb55d1-10,9b5b7afe-ac2f-4751-93d9-9dc8b8bb55d1,10,PART003,100,Each,Active,15000,USD
9b5b7afe-ac2f-4751-93d9-9dc8b8bb55d1-20,9b5b7afe-ac2f-4751-93d9-9dc8b8bb55d1,20,PART001,100,Each,Active,22500,USD
9b5b7afe-ac2f-4751-93d9-9dc8b8bb55d1-30,9b5b7afe-ac2f-4751-93d9-9dc8b8bb55d1,30,PART005,470,Each,Active,70500,USD
f0dbc4c3-433b-4571-b91e-7b316334d8df-10,f0dbc4c3-433b-4571-b91e-7b316334d8df,10,PART003-3,190,Each,Active,38000,USD
f0dbc4c3-433b-4571-b91e-7b316334d8df-20,f0dbc4c3-433b-4571-b91e-7b316334d8df,20,PART003-2,420,Each,Active,63000,USD
f0dbc4c3-433b-4571-b91e-7b316334d8df-30,f0dbc4c3-433b-4571-b91e-7b316334d8df,30,PART002,280,Each,Active,21000,USD
a29705f7-2204-4175-997d-86019796b5cc-10,a29705f7-2204-4175-997d-86019796b5cc,10,PART004,60,Each,Active,10500,USD
a29705f7-2204-4175-997d-86019796b5cc-20,a29705f7-2204-4175-997d-86019796b5cc,20,PART006,470,Each,Active,94000,USD
a29705f7-2204-4175-997d-86019796b5cc-30,a29705f7-2204-4175-997d-86019796b5cc,30,PART001,340,Each,Active,76500,USD
04a05dc8-a025-40ee-8007-24fcaffc4b60-10,04a05dc8-a025-40ee-8007-24fcaffc4b60,10,PART002,140,Each,Active,10500,USD
04a05dc8-a025-40ee-8007-24fcaffc4b60-20,04a05dc8-a025-40ee-8007-24fcaffc4b60,20,PART003-3,370,Each,Active,74000,USD
04a05dc8-a025-40ee-8007-24fcaffc4b60-30,04a05dc8-a025-40ee-8007-24fcaffc4b60,30,PART003-2,160,Each,Active,24000,USD
3ffb7deb-f52f-4d1a-b2c8-3b08792dd5f9-10,3ffb7deb-f52f-4d1a-b2c8-3b08792dd5f9,10,PART006,240,Each,Active,48000,USD
3ffb7deb-f52f-4d1a-b2c8-3b08792dd5f9-20,3ffb7deb-f52f-4d1a-b2c8-3b08792dd5f9,20,PART003-3,130,Each,Active,26000,USD
9224cf12-d16f-43e7-95e7-bb06a5a79d2e-10,9224cf12-d16f-43e7-95e7-bb06a5a79d2e,10,PART004,140,Each,Active,24500,USD
9224cf12-d16f-43e7-95e7-bb06a5a79d2e-20,9224cf12-d16f-43e7-95e7-bb06a5a79d2e,20,PART006,250,Each,Active,50000,USD
758ab7da-d064-436b-944d-de7eab44bb38-10,758ab7da-d064-436b-944d-de7eab44bb38,10,PART003,460,Each,Active,69000,USD
758ab7da-d064-436b-944d-de7eab44bb38-20,758ab7da-d064-436b-944d-de7eab44bb38,20,PART003-3,50,Each,Active,10000,USD
758ab7da-d064-436b-944d-de7eab44bb38-30,758ab7da-d064-436b-944d-de7eab44bb38,30,PART003-1,110,Each,Active,11000,USD
af95774f-e873-4f80-be6f-b81e1470d82b-10,af95774f-e873-4f80-be6f-b81e1470d82b,10,PART004,150,Each,Active,26250,USD
af95774f-e873-4f80-be6f-b81e1470d82b-20,af95774f-e873-4f80-be6f-b81e1470d82b,20,PART003-2,80,Each,Active,12000,USD
fdc13095-1f83-4d8d-bd28-c525d10d2b3e-10,fdc13095-1f83-4d8d-bd28-c525d10d2b3e,10,PART006,90,Each,Active,18000,USD
fdc13095-1f83-4d8d-bd28-c525d10d2b3e-20,fdc13095-1f83-4d8d-bd28-c525d10d2b3e,20,PART003,400,Each,Active,60000,USD
70bfe5ed-ef65-4a58-89f8-0e1ca35a52fb-10,70bfe5ed-ef65-4a58-89f8-0e1ca35a52fb,10,PART004,360,Each,Active,63000,USD
11223e1d-c3e2-4c0e-9ef2-4c188b0eb9a8-10,11223e1d-c3e2-4c0e-9ef2-4c188b0eb9a8,10,PART003,380,Each,Active,57000,USD
11223e1d-c3e2-4c0e-9ef2-4c188b0eb9a8-20,11223e1d-c3e2-4c0e-9ef2-4c188b0eb9a8,20,PART006,460,Each,Active,92000,USD
c9c85c36-1d18-454b-9475-e61b2876eec3-10,c9c85c36-1d18-454b-9475-e61b2876eec3,10,PART004,120,Each,Active,21000,USD
a1ce8929-321d-4c29-b2f9-fd0574ee2484-10,a1ce8929-321d-4c29-b2f9-fd0574ee2484,10,PART003-2,300,Each,Active,45000,USD
a1ce8929-321d-4c29-b2f9-fd0574ee2484-20,a1ce8929-321d-4c29-b2f9-fd0574ee2484,20,PART005,310,Each,Active,46500,USD
28c4355e-671a-4b8d-8480-6975e4e1c025-10,28c4355e-671a-4b8d-8480-6975e4e1c025,10,PART003-2,460,Each,Active,69000,USD
ca1dd3c4-1e80-41bb-a3ba-db93f87f1c89-10,ca1dd3c4-1e80-41bb-a3ba-db93f87f1c89,10,PART003-3,140,Each,Active,28000,USD
ca1dd3c4-1e80-41bb-a3ba-db93f87f1c89-20,ca1dd3c4-1e80-41bb-a3ba-db93f87f1c89,20,PART006,130,Each,Active,26000,USD
148777ec-3eea-42fb-b8a6-73c11c08b6d7-10,148777ec-3eea-42fb-b8a6-73c11c08b6d7,10,PART003-3,440,Each,Active,88000,USD
148777ec-3eea-42fb-b8a6-73c11c08b6d7-20,148777ec-3eea-42fb-b8a6-73c11c08b6d7,20,PART005,150,Each,Active,22500,USD
148777ec-3eea-42fb-b8a6-73c11c08b6d7-30,148777ec-3eea-42fb-b8a6-73c11c08b6d7,30,PART004,120,Each,Active,21000,USD
78532ee9-d9ee-4774-a967-c424a349e3e8-10,78532ee9-d9ee-4774-a967-c424a349e3e8,10,PART003-1,160,Each,Active,16000,USD
78532ee9-d9ee-4774-a967-c424a349e3e8-20,78532ee9-d9ee-4774-a967-c424a349e3e8,20,PART001,130,Each,Active,29250,USD
967c4dd7-95e0-428e-841f-36ddebc59587-10,967c4dd7-95e0-428e-841f-36ddebc59587,10,PART004,170,Each,Active,29750,USD
82737366-580f-4bac-a992-dbfb9a6907cd-10,82737366-580f-4bac-a992-dbfb9a6907cd,10,PART003-3,160,Each,Active,32000,USD
bed04379-39b3-41e1-a90e-bdc85d9419d0-10,bed04379-39b3-41e1-a90e-bdc85d9419d0,10,PART003,100,Each,Active,15000,USD
6d148f27-b25c-4567-835d-ee0c5fa136d0-10,6d148f27-b25c-4567-835d-ee0c5fa136d0,10,PART004,360,Each,Active,63000,USD
6d148f27-b25c-4567-835d-ee0c5fa136d0-20,6d148f27-b25c-4567-835d-ee0c5fa136d0,20,PART003,50,Each,Active,7500,USD
6d148f27-b25c-4567-835d-ee0c5fa136d0-30,6d148f27-b25c-4567-835d-ee0c5fa136d0,30,PART003-1,340,Each,Active,34000,USD
6b1bc26e-4208-46af-9285-5492c764d89e-10,6b1bc26e-4208-46af-9285-5492c764d89e,10,PART003-2,450,Each,Active,67500,USD
6b1bc26e-4208-46af-9285-5492c764d89e-20,6b1bc26e-4208-46af-9285-5492c764d89e,20,PART006,320,Each,Active,64000,USD
a530e41c-5eef-4ade-8d68-5c288d709606-10,a530e41c-5eef-4ade-8d68-5c288d709606,10,PART006,150,Each,Active,30000,USD
0c31d492-78c4-4e14-9bd4-1ee0563b3047-10,0c31d492-78c4-4e14-9bd4-1ee0563b3047,10,PART005,150,Each,Active,22500,USD
0c31d492-78c4-4e14-9bd4-1ee0563b3047-20,0c31d492-78c4-4e14-9bd4-1ee0563b3047,20,PART003-1,390,Each,Active,39000,USD
1422d76e-998b-4055-bec7-ed6d8ccba4d5-10,1422d76e-998b-4055-bec7-ed6d8ccba4d5,10,PART002,420,Each,Active,31500,USD
5bb82f54-add9-4243-a229-d1a0418f7950-10,5bb82f54-add9-4243-a229-d1a0418f7950,10,PART001,300,Each,Active,67500,USD
5bb82f54-add9-4243-a229-d1a0418f7950-20,5bb82f54-add9-4243-a229-d1a0418f7950,20,PART002,60,Each,Active,4500,USD
5bb82f54-add9-4243-a229-d1a0418f7950-30,5bb82f54-add9-4243-a229-d1a0418f7950,30,PART003-1,190,Each,Active,19000,USD
896e54b2-6f73-4e90-a760-28291c5c7317-10,896e54b2-6f73-4e90-a760-28291c5c7317,10,PART002,240,Each,Active,18000,USD
896e54b2-6f73-4e90-a760-28291c5c7317-20,896e54b2-6f73-4e90-a760-28291c5c7317,20,PART006,310,Each,Active,62000,USD
896e54b2-6f73-4e90-a760-28291c5c7317-30,896e54b2-6f73-4e90-a760-28291c5c7317,30,PART001,500,Each,Active,112500,USD
5fa109fd-c740-4257-9810-9ac51144d22b-10,5fa109fd-c740-4257-9810-9ac51144d22b,10,PART003-2,360,Each,Active,54000,USD
f4a51a67-1ef9-4834-a9d7-e38bef7f3ac8-10,f4a51a67-1ef9-4834-a9d7-e38bef7f3ac8,10,PART001,130,Each,Active,29250,USD
f4a51a67-1ef9-4834-a9d7-e38bef7f3ac8-20,f4a51a67-1ef9-4834-a9d7-e38bef7f3ac8,20,PART003-3,110,Each,Active,22000,USD
69f7a0bb-9b94-4a34-8755-fede94a1902c-10,69f7a0bb-9b94-4a34-8755-fede94a1902c,10,PART002,390,Each,Active,29250,USD
69f7a0bb-9b94-4a34-8755-fede94a1902c-20,69f7a0bb-9b94-4a34-8755-fede94a1902c,20,PART001,140,Each,Active,31500,USD
d700d731-9f7f-4c5f-9e51-3fc7bb56454c-10,d700d731-9f7f-4c5f-9e51-3fc7bb56454c,10,PART002,330,Each,Active,24750,USD
d700d731-9f7f-4c5f-9e51-3fc7bb56454c-20,d700d731-9f7f-4c5f-9e51-3fc7bb56454c,20,PART003-2,160,Each,Active,24000,USD
d700d731-9f7f-4c5f-9e51-3fc7bb56454c-30,d700d731-9f7f-4c5f-9e51-3fc7bb56454c,30,PART003-3,130,Each,Active,26000,USD
a78340cd-07df-43db-a033-29dc2222d9d5-10,a78340cd-07df-43db-a033-29dc2222d9d5,10,PART002,120,Each,Active,9000,USD
cdb8bbb8-c196-40ee-92b3-f25e4081df52-10,cdb8bbb8-c196-40ee-92b3-f25e4081df52,10,PART005,200,Each,Active,30000,USD
cdb8bbb8-c196-40ee-92b3-f25e4081df52-20,cdb8bbb8-c196-40ee-92b3-f25e4081df52,20,PART003-2,300,Each,Active,45000,USD
cdb8bbb8-c196-40ee-92b3-f25e4081df52-30,cdb8bbb8-c196-40ee-92b3-f25e4081df52,30,PART004,400,Each,Active,70000,USD
c564a68d-650a-450a-9950-104da56ae44c-10,c564a68d-650a-450a-9950-104da56ae44c,10,PART001,100,Each,Active,22500,USD
c564a68d-650a-450a-9950-104da56ae44c-20,c564a68d-650a-450a-9950-104da56ae44c,20,PART003-3,100,Each,Active,20000,USD
c564a68d-650a-450a-9950-104da56ae44c-30,c564a68d-650a-450a-9950-104da56ae44c,30,PART003-1,260,Each,Active,26000,USD
dd08dd78-a781-4789-bcdb-79e5431697b7-10,dd08dd78-a781-4789-bcdb-79e5431697b7,10,PART005,500,Each,Active,75000,USD
6cf59417-3cde-4114-b59e-62c2f165ac1f-10,6cf59417-3cde-4114-b59e-62c2f165ac1f,10,PART003-3,50,Each,Active,10000,USD
e8f098ea-b129-4d4b-a225-2e0f563d4ebc-10,e8f098ea-b129-4d4b-a225-2e0f563d4ebc,10,PART003-3,470,Each,Active,94000,USD
e8f098ea-b129-4d4b-a225-2e0f563d4ebc-20,e8f098ea-b129-4d4b-a225-2e0f563d4ebc,20,PART005,490,Each,Active,73500,USD
e8f098ea-b129-4d4b-a225-2e0f563d4ebc-30,e8f098ea-b129-4d4b-a225-2e0f563d4ebc,30,PART002,220,Each,Active,16500,USD
8d44d4b1-07f1-4da0-8357-734024b0c349-10,8d44d4b1-07f1-4da0-8357-734024b0c349,10,PART001,410,Each,Active,92250,USD
8d44d4b1-07f1-4da0-8357-734024b0c349-20,8d44d4b1-07f1-4da0-8357-734024b0c349,20,PART006,160,Each,Active,32000,USD
8d44d4b1-07f1-4da0-8357-734024b0c349-30,8d44d4b1-07f1-4da0-8357-734024b0c349,30,PART003,380,Each,Active,57000,USD
2bb784c1-f0f3-429c-aaa6-0ce2477738a3-10,2bb784c1-f0f3-429c-aaa6-0ce2477738a3,10,PART002,260,Each,Active,19500,USD
3d7141e4-c168-4fb9-a62d-230cc9fca2b6-10,3d7141e4-c168-4fb9-a62d-230cc9fca2b6,10,PART004,420,Each,Active,73500,USD
3d7141e4-c168-4fb9-a62d-230cc9fca2b6-20,3d7141e4-c168-4fb9-a62d-230cc9fca2b6,20,PART006,500,Each,Active,100000,USD
3d7141e4-c168-4fb9-a62d-230cc9fca2b6-30,3d7141e4-c168-4fb9-a62d-230cc9fca2b6,30,PART003-3,460,Each,Active,92000,USD
cf9c6054-0717-4eeb-ae0c-4b1e64ca2501-10,cf9c6054-0717-4eeb-ae0c-4b1e64ca2501,10,PART006,420,Each,Active,84000,USD
cf9c6054-0717-4eeb-ae0c-4b1e64ca2501-20,cf9c6054-0717-4eeb-ae0c-4b1e64ca2501,20,PART003-3,370,Each,Active,74000,USD
cf9c6054-0717-4eeb-ae0c-4b1e64ca2501-30,cf9c6054-0717-4eeb-ae0c-4b1e64ca2501,30,PART004,260,Each,Active,45500,USD
1e774a9d-c2b8-4d6a-88af-c0804f7c86e6-10,1e774a9d-c2b8-4d6a-88af-c0804f7c86e6,10,PART003-2,350,Each,Active,52500,USD
1e774a9d-c2b8-4d6a-88af-c0804f7c86e6-20,1e774a9d-c2b8-4d6a-88af-c0804f7c86e6,20,PART003-3,220,Each,Active,44000,USD
1e774a9d-c2b8-4d6a-88af-c0804f7c86e6-30,1e774a9d-c2b8-4d6a-88af-c0804f7c86e6,30,PART003-1,390,Each,Active,39000,USD
bb82e905-b993-45ab-a44c-bb9cb16dc6b7-10,bb82e905-b993-45ab-a44c-bb9cb16dc6b7,10,PART006,180,Each,Active,36000,USD
bb82e905-b993-45ab-a44c-bb9cb16dc6b7-20,bb82e905-b993-45ab-a44c-bb9cb16dc6b7,20,PART001,390,Each,Active,87750,USD
b163fd5b-9e0a-48e9-b6ff-ba890087b46c-10,b163fd5b-9e0a-48e9-b6ff-ba890087b46c,10,PART003-1,480,Each,Active,48000,USD
b163fd5b-9e0a-48e9-b6ff-ba890087b46c-20,b163fd5b-9e0a-48e9-b6ff-ba890087b46c,20,PART001,100,Each,Active,22500,USD
7d34ee50-84a0-4561-90a6-ff2d123dbfa9-10,7d34ee50-84a0-4561-90a6-ff2d123dbfa9,10,PART003,410,Each,Active,61500,USD
4ac895de-4d5e-46cc-82e7-9e9e91d93103-10,4ac895de-4d5e-46cc-82e7-9e9e91d93103,10,PART006,390,Each,Active,78000,USD
4ac895de-4d5e-46cc-82e7-9e9e91d93103-20,4ac895de-4d5e-46cc-82e7-9e9e91d93103,20,PART001,400,Each,Active,90000,USD
4ac895de-4d5e-46cc-82e7-9e9e91d93103-30,4ac895de-4d5e-46cc-82e7-9e9e91d93103,30,PART003-1,380,Each,Active,38000,USD
f77905d6-4de9-46da-a2f9-47d3a51d2c51-10,f77905d6-4de9-46da-a2f9-47d3a51d2c51,10,PART005,470,Each,Active,70500,USD
f77905d6-4de9-46da-a2f9-47d3a51d2c51-20,f77905d6-4de9-46da-a2f9-47d3a51d2c51,20,PART003-1,260,Each,Active,26000,USD
10567382-f36d-47fc-9a92-0665fee180e9-10,10567382-f36d-47fc-9a92-0665fee180e9,10,PART003-2,390,Each,Active,58500,USD
10567382-f36d-47fc-9a92-0665fee180e9-20,10567382-f36d-47fc-9a92-0665fee180e9,20,PART002,270,Each,Active,20250,USD
5e8aed04-6e42-48ae-a4c9-c76675d424a2-10,5e8aed04-6e42-48ae-a4c9-c76675d424a2,10,PART001,390,Each,Active,87750,USD
255be7d8-10cc-4a6b-b12f-5a7328c7ed91-10,255be7d8-10cc-4a6b-b12f-5a7328c7ed91,10,PART002,260,Each,Active,19500,USD
255be7d8-10cc-4a6b-b12f-5a7328c7ed91-20,255be7d8-10cc-4a6b-b12f-5a7328c7ed91,20,PART003-3,160,Each,Active,32000,USD
3e53bddc-c007-4220-abee-c33bae75641e-10,3e53bddc-c007-4220-abee-c33bae75641e,10,PART003,310,Each,Active,46500,USD
3e53bddc-c007-4220-abee-c33bae75641e-20,3e53bddc-c007-4220-abee-c33bae75641e,20,PART005,480,Each,Active,72000,USD
cc0104e1-5a36-4bf0-96e4-c651297f7f9b-10,cc0104e1-5a36-4bf0-96e4-c651297f7f9b,10,PART003-3,130,Each,Active,26000,USD
cc0104e1-5a36-4bf0-96e4-c651297f7f9b-20,cc0104e1-5a36-4bf0-96e4-c651297f7f9b,20,PART003,150,Each,Active,22500,USD
f82a69f8-e8ba-4d34-8e27-39f3738b3067-10,f82a69f8-e8ba-4d34-8e27-39f3738b3067,10,PART003-3,100,Each,Active,20000,USD
f82a69f8-e8ba-4d34-8e27-39f3738b3067-20,f82a69f8-e8ba-4d34-8e27-39f3738b3067,20,PART003,200,Each,Active,30000,USD
7bf66536-a34a-497e-ba7f-0a042490a861-10,7bf66536-a34a-497e-ba7f-0a042490a861,10,PART005,370,Each,Active,55500,USD
7bf66536-a34a-497e-ba7f-0a042490a861-20,7bf66536-a34a-497e-ba7f-0a042490a861,20,PART003,140,Each,Active,21000,USD
7bf66536-a34a-497e-ba7f-0a042490a861-30,7bf66536-a34a-497e-ba7f-0a042490a861,30,PART004,320,Each,Active,56000,USD
0a2967d4-aed5-4a71-95f0-8a1b8521c3a2-10,0a2967d4-aed5-4a71-95f0-8a1b8521c3a2,10,PART004,390,Each,Active,68250,USD
0a2967d4-aed5-4a71-95f0-8a1b8521c3a2-20,0a2967d4-aed5-4a71-95f0-8a1b8521c3a2,20,PART001,170,Each,Active,38250,USD
0a2967d4-aed5-4a71-95f0-8a1b8521c3a2-30,0a2967d4-aed5-4a71-95f0-8a1b8521c3a2,30,PART003-1,270,Each,Active,27000,USD
eec0e05f-635c-461c-bbdd-56f978ef3397-10,eec0e05f-635c-461c-bbdd-56f978ef3397,10,PART001,170,Each,Active,38250,USD
cdb9b11d-8c4a-4c0f-852f-ce69a0f40fe9-10,cdb9b11d-8c4a-4c0f-852f-ce69a0f40fe9,10,PART001,180,Each,Active,40500,USD
89538d84-0600-4d25-b61c-c8392993603c-10,89538d84-0600-4d25-b61c-c8392993603c,10,PART001,220,Each,Active,49500,USD
f3d1e174-d5b0-472a-9b7b-193b9dc6cbe9-10,f3d1e174-d5b0-472a-9b7b-193b9dc6cbe9,10,PART005,270,Each,Active,40500,USD
339ffe80-12cb-488e-837f-597cb41c8a4e-10,339ffe80-12cb-488e-837f-597cb41c8a4e,10,PART003-3,410,Each,Active,82000,USD
f0622c59-554a-4956-b818-db31a36bc1dc-10,f0622c59-554a-4956-b818-db31a36bc1dc,10,PART003-1,80,Each,Active,8000,USD
f0622c59-554a-4956-b818-db31a36bc1dc-20,f0622c59-554a-4956-b818-db31a36bc1dc,20,PART005,220,Each,Active,33000,USD
db43bc3b-1bdf-48cc-b9ad-5c24cdfc261a-10,db43bc3b-1bdf-48cc-b9ad-5c24cdfc261a,10,PART003-1,190,Each,Active,19000,USD
db43bc3b-1bdf-48cc-b9ad-5c24cdfc261a-20,db43bc3b-1bdf-48cc-b9ad-5c24cdfc261a,20,PART003-3,250,Each,Active,50000,USD
f51dd23d-fc97-45a1-ac63-5a1c2a156e86-10,f51dd23d-fc97-45a1-ac63-5a1c2a156e86,10,PART003-2,400,Each,Active,60000,USD
f51dd23d-fc97-45a1-ac63-5a1c2a156e86-20,f51dd23d-fc97-45a1-ac63-5a1c2a156e86,20,PART003-3,470,Each,Active,94000,USD
f51dd23d-fc97-45a1-ac63-5a1c2a156e86-30,f51dd23d-fc97-45a1-ac63-5a1c2a156e86,30,PART006,480,Each,Active,96000,USD
1123e424-8487-48b1-9504-0b300b7ef3f7-10,1123e424-8487-48b1-9504-0b300b7ef3f7,10,PART005,320,Each,Active,48000,USD
1123e424-8487-48b1-9504-0b300b7ef3f7-20,1123e424-8487-48b1-9504-0b300b7ef3f7,20,PART001,400,Each,Active,90000,USD
1123e424-8487-48b1-9504-0b300b7ef3f7-30,1123e424-8487-48b1-9504-0b300b7ef3f7,30,PART003-1,230,Each,Active,23000,USD
878b88ef-e84f-4638-b870-2dd9b1a124b2-10,878b88ef-e84f-4638-b870-2dd9b1a124b2,10,PART002,300,Each,Active,22500,USD
878b88ef-e84f-4638-b870-2dd9b1a124b2-20,878b88ef-e84f-4638-b870-2dd9b1a124b2,20,PART003,410,Each,Active,61500,USD
c94e315a-dd77-4999-bbe3-b678f8462cd5-10,c94e315a-dd77-4999-bbe3-b678f8462cd5,10,PART001,280,Each,Active,63000,USD
c94e315a-dd77-4999-bbe3-b678f8462cd5-20,c94e315a-dd77-4999-bbe3-b678f8462cd5,20,PART003-3,490,Each,Active,98000,USD
fb9ba622-f056-4af3-928d-21cda0d8dd79-10,fb9ba622-f056-4af3-928d-21cda0d8dd79,10,PART006,500,Each,Active,100000,USD
fb9ba622-f056-4af3-928d-21cda0d8dd79-20,fb9ba622-f056-4af3-928d-21cda0d8dd79,20,PART004,120,Each,Active,21000,USD
b0b84026-7cf1-4566-863e-8eef364ebdd8-10,b0b84026-7cf1-4566-863e-8eef364ebdd8,10,PART003-2,150,Each,Active,22500,USD
b0b84026-7cf1-4566-863e-8eef364ebdd8-20,b0b84026-7cf1-4566-863e-8eef364ebdd8,20,PART006,380,Each,Active,76000,USD
781f1d47-1359-421c-9635-58387a1adf6b-10,781f1d47-1359-421c-9635-58387a1adf6b,10,PART006,370,Each,Active,74000,USD
781f1d47-1359-421c-9635-58387a1adf6b-20,781f1d47-1359-421c-9635-58387a1adf6b,20,PART003-3,400,Each,Active,80000,USD
781f1d47-1359-421c-9635-58387a1adf6b-30,781f1d47-1359-421c-9635-58387a1adf6b,30,PART005,420,Each,Active,63000,USD
65f153b8-4813-4e8f-89ac-867384601556-10,65f153b8-4813-4e8f-89ac-867384601556,10,PART003-3,240,Each,Active,48000,USD
2d9c66e8-43ee-495e-b1c0-7abc9c125e1f-10,2d9c66e8-43ee-495e-b1c0-7abc9c125e1f,10,PART003-2,440,Each,Active,66000,USD
2d9c66e8-43ee-495e-b1c0-7abc9c125e1f-20,2d9c66e8-43ee-495e-b1c0-7abc9c125e1f,20,PART003-3,260,Each,Active,52000,USD
fb1acb97-4367-456e-8e01-ffe15d911d8e-10,fb1acb97-4367-456e-8e01-ffe15d911d8e,10,PART001,480,Each,Active,108000,USD
fb1acb97-4367-456e-8e01-ffe15d911d8e-20,fb1acb97-4367-456e-8e01-ffe15d911d8e,20,PART005,100,Each,Active,15000,USD
4f22faca-6ea6-4f73-8d3b-138e9f27a29a-10,4f22faca-6ea6-4f73-8d3b-138e9f27a29a,10,PART006,400,Each,Active,80000,USD
1bbd0109-895d-4ffc-a339-be05f8eb6f91-10,1bbd0109-895d-4ffc-a339-be05f8eb6f91,10,PART005,460,Each,Active,69000,USD
b88e5026-6ad8-495c-9aef-12792df6c3a4-10,b88e5026-6ad8-495c-9aef-12792df6c3a4,10,PART003,380,Each,Active,57000,USD
b88e5026-6ad8-495c-9aef-12792df6c3a4-20,b88e5026-6ad8-495c-9aef-12792df6c3a4,20,PART004,440,Each,Active,77000,USD
02c2d7c7-e8ce-4ee2-947f-92e17d196847-10,02c2d7c7-e8ce-4ee2-947f-92e17d196847,10,PART003-1,130,Each,Active,13000,USD
fffb9934-95dc-4aba-ba9e-60ebf5b6c8c4-10,fffb9934-95dc-4aba-ba9e-60ebf5b6c8c4,10,PART003-3,240,Each,Active,48000,USD
fffb9934-95dc-4aba-ba9e-60ebf5b6c8c4-20,fffb9934-95dc-4aba-ba9e-60ebf5b6c8c4,20,PART002,370,Each,Active,27750,USD
fffb9934-95dc-4aba-ba9e-60ebf5b6c8c4-30,fffb9934-95dc-4aba-ba9e-60ebf5b6c8c4,30,PART001,110,Each,Active,24750,USD
9d8a16a2-f7f7-4e26-8f86-2fe57cc5d118-10,9d8a16a2-f7f7-4e26-8f86-2fe57cc5d118,10,PART003-2,310,Each,Active,46500,USD
3f07b4c2-aadc-4ad1-b8fe-d22b4cf7e859-10,3f07b4c2-aadc-4ad1-b8fe-d22b4cf7e859,10,PART003,320,Each,Active,48000,USD
3f07b4c2-aadc-4ad1-b8fe-d22b4cf7e859-20,3f07b4c2-aadc-4ad1-b8fe-d22b4cf7e859,20,PART003-1,400,Each,Active,40000,USD
3f07b4c2-aadc-4ad1-b8fe-d22b4cf7e859-30,3f07b4c2-aadc-4ad1-b8fe-d22b4cf7e859,30,PART006,380,Each,Active,76000,USD
594106d0-44ae-4c50-818d-dd825c0b9fe7-10,594106d0-44ae-4c50-818d-dd825c0b9fe7,10,PART003-2,180,Each,Active,27000,USD
594106d0-44ae-4c50-818d-dd825c0b9fe7-20,594106d0-44ae-4c50-818d-dd825c0b9fe7,20,PART006,450,Each,Active,90000,USD
594106d0-44ae-4c50-818d-dd825c0b9fe7-30,594106d0-44ae-4c50-818d-dd825c0b9fe7,30,PART003-3,300,Each,Active,60000,USD
0733e7e1-511c-4fd9-87ee-a2bb1ea9c789-10,0733e7e1-511c-4fd9-87ee-a2bb1ea9c789,10,PART005,120,Each,Active,18000,USD
0733e7e1-511c-4fd9-87ee-a2bb1ea9c789-20,0733e7e1-511c-4fd9-87ee-a2bb1ea9c789,20,PART001,410,Each,Active,92250,USD
658ca3df-de8b-4834-a273-6ed3a01a9131-10,658ca3df-de8b-4834-a273-6ed3a01a9131,10,PART003-1,50,Each,Active,5000,USD
658ca3df-de8b-4834-a273-6ed3a01a9131-20,658ca3df-de8b-4834-a273-6ed3a01a9131,20,PART003-3,250,Each,Active,50000,USD
658ca3df-de8b-4834-a273-6ed3a01a9131-30,658ca3df-de8b-4834-a273-6ed3a01a9131,30,PART005,170,Each,Active,25500,USD
aff9b0e1-d542-4437-97ae-de3652316bd2-10,aff9b0e1-d542-4437-97ae-de3652316bd2,10,PART003-3,330,Each,Active,66000,USD
aff9b0e1-d542-4437-97ae-de3652316bd2-20,aff9b0e1-d542-4437-97ae-de3652316bd2,20,PART003-2,460,Each,Active,69000,USD
aff9b0e1-d542-4437-97ae-de3652316bd2-30,aff9b0e1-d542-4437-97ae-de3652316bd2,30,PART004,190,Each,Active,33250,USD
fb9e3f0e-c29f-49f8-bd57-c7df803da499-10,fb9e3f0e-c29f-49f8-bd57-c7df803da499,10,PART003-3,330,Each,Active,66000,USD
fb9e3f0e-c29f-49f8-bd57-c7df803da499-20,fb9e3f0e-c29f-49f8-bd57-c7df803da499,20,PART003-1,240,Each,Active,24000,USD
fb9e3f0e-c29f-49f8-bd57-c7df803da499-30,fb9e3f0e-c29f-49f8-bd57-c7df803da499,30,PART005,210,Each,Active,31500,USD
cb22ad7d-5711-44a8-a52b-78483b345e6b-10,cb22ad7d-5711-44a8-a52b-78483b345e6b,10,PART003,420,Each,Active,63000,USD
cb22ad7d-5711-44a8-a52b-78483b345e6b-20,cb22ad7d-5711-44a8-a52b-78483b345e6b,20,PART003-2,400,Each,Active,60000,USD
3ee44b6f-d0a4-4497-bcbc-0bde907e0b0b-10,3ee44b6f-d0a4-4497-bcbc-0bde907e0b0b,10,PART003-3,140,Each,Active,28000,USD
3ee44b6f-d0a4-4497-bcbc-0bde907e0b0b-20,3ee44b6f-d0a4-4497-bcbc-0bde907e0b0b,20,PART005,500,Each,Active,75000,USD
4a3941f8-36a8-400d-9d7f-f1313a1459b6-10,4a3941f8-36a8-400d-9d7f-f1313a1459b6,10,PART003,120,Each,Active,18000,USD
4a3941f8-36a8-400d-9d7f-f1313a1459b6-20,4a3941f8-36a8-400d-9d7f-f1313a1459b6,20,PART003-1,320,Each,Active,32000,USD
4a3941f8-36a8-400d-9d7f-f1313a1459b6-30,4a3941f8-36a8-400d-9d7f-f1313a1459b6,30,PART004,390,Each,Active,68250,USD
005db58e-3e1a-47f2-bee9-dd3e14067f6f-10,005db58e-3e1a-47f2-bee9-dd3e14067f6f,10,PART003-2,130,Each,Active,19500,USD
005db58e-3e1a-47f2-bee9-dd3e14067f6f-20,005db58e-3e1a-47f2-bee9-dd3e14067f6f,20,PART004,480,Each,Active,84000,USD
525e483a-9f23-4b3a-9945-3e66bcd20a1e-10,525e483a-9f23-4b3a-9945-3e66bcd20a1e,10,PART003-2,130,Each,Active,19500,USD
525e483a-9f23-4b3a-9945-3e66bcd20a1e-20,525e483a-9f23-4b3a-9945-3e66bcd20a1e,20,PART005,210,Each,Active,31500,USD
525e483a-9f23-4b3a-9945-3e66bcd20a1e-30,525e483a-9f23-4b3a-9945-3e66bcd20a1e,30,PART002,190,Each,Active,14250,USD
2b346e2b-cb64-4527-a447-48f1414d2d23-10,2b346e2b-cb64-4527-a447-48f1414d2d23,10,PART003-3,410,Each,Active,82000,USD
2b346e2b-cb64-4527-a447-48f1414d2d23-20,2b346e2b-cb64-4527-a447-48f1414d2d23,20,PART003,140,Each,Active,21000,USD
2b346e2b-cb64-4527-a447-48f1414d2d23-30,2b346e2b-cb64-4527-a447-48f1414d2d23,30,PART003-1,330,Each,Active,33000,USD
c6c1344f-f527-4075-ad56-2f54ea2e938b-10,c6c1344f-f527-4075-ad56-2f54ea2e938b,10,PART005,50,Each,Active,7500,USD
058b4d9d-8e75-4ca0-9666-78b8f5a4b367-10,058b4d9d-8e75-4ca0-9666-78b8f5a4b367,10,PART005,500,Each,Active,75000,USD
058b4d9d-8e75-4ca0-9666-78b8f5a4b367-20,058b4d9d-8e75-4ca0-9666-78b8f5a4b367,20,PART003-3,160,Each,Active,32000,USD
2d65290f-0410-4bb6-ba86-72b5d7d47eb0-10,2d65290f-0410-4bb6-ba86-72b5d7d47eb0,10,PART006,360,Each,Active,72000,USD
2d65290f-0410-4bb6-ba86-72b5d7d47eb0-20,2d65290f-0410-4bb6-ba86-72b5d7d47eb0,20,PART005,90,Each,Active,13500,USD
87a1e5a4-0ec7-49cf-9dd1-046247c9e708-10,87a1e5a4-0ec7-49cf-9dd1-046247c9e708,10,PART006,290,Each,Active,58000,USD
e5779ba5-8867-448a-8bd2-dd285d1c9f39-10,e5779ba5-8867-448a-8bd2-dd285d1c9f39,10,PART002,60,Each,Active,4500,USD
c0b042b3-989d-4176-803b-f908608c2633-10,c0b042b3-989d-4176-803b-f908608c2633,10,PART002,240,Each,Active,18000,USD
c0b042b3-989d-4176-803b-f908608c2633-20,c0b042b3-989d-4176-803b-f908608c2633,20,PART003-2,490,Each,Active,73500,USD
c0b042b3-989d-4176-803b-f908608c2633-30,c0b042b3-989d-4176-803b-f908608c2633,30,PART003-3,170,Each,Active,34000,USD
df62bca9-0b1f-4c05-b773-f3884869538d-10,df62bca9-0b1f-4c05-b773-f3884869538d,10,PART003-1,90,Each,Active,9000,USD
a409ebb3-4dd9-4dae-94e1-6c6ae77c1ffb-10,a409ebb3-4dd9-4dae-94e1-6c6ae77c1ffb,10,PART002,490,Each,Active,36750,USD
a409ebb3-4dd9-4dae-94e1-6c6ae77c1ffb-20,a409ebb3-4dd9-4dae-94e1-6c6ae77c1ffb,20,PART005,290,Each,Active,43500,USD
0e1b9051-389b-4c95-811a-78344e2e9650-10,0e1b9051-389b-4c95-811a-78344e2e9650,10,PART006,270,Each,Active,54000,USD
0e1b9051-389b-4c95-811a-78344e2e9650-20,0e1b9051-389b-4c95-811a-78344e2e9650,20,PART003,310,Each,Active,46500,USD
0e1b9051-389b-4c95-811a-78344e2e9650-30,0e1b9051-389b-4c95-811a-78344e2e9650,30,PART001,280,Each,Active,63000,USD
c8d7f6c6-1517-493b-acf1-ed37184e137d-10,c8d7f6c6-1517-493b-acf1-ed37184e137d,10,PART006,490,Each,Active,98000,USD
8eb8f93c-eca4-4b71-8c25-9dcbced3d14a-10,8eb8f93c-eca4-4b71-8c25-9dcbced3d14a,10,PART002,80,Each,Active,6000,USD
9edc966f-23eb-498c-9375-6cc359dc14be-10,9edc966f-23eb-498c-9375-6cc359dc14be,10,PART006,340,Each,Active,68000,USD
9edc966f-23eb-498c-9375-6cc359dc14be-20,9edc966f-23eb-498c-9375-6cc359dc14be,20,PART003,400,Each,Active,60000,USD
da0ca833-5b50-4739-abbf-758fa879988a-10,da0ca833-5b50-4739-abbf-758fa879988a,10,PART003-3,360,Each,Active,72000,USD
10913fb1-c5c5-4dc8-8858-bfd41045f4b7-10,10913fb1-c5c5-4dc8-8858-bfd41045f4b7,10,PART001,110,Each,Active,24750,USD
10913fb1-c5c5-4dc8-8858-bfd41045f4b7-20,10913fb1-c5c5-4dc8-8858-bfd41045f4b7,20,PART004,310,Each,Active,54250,USD
80be4d67-b078-44df-9bc5-bf4debdff421-10,80be4d67-b078-44df-9bc5-bf4debdff421,10,PART004,50,Each,Active,8750,USD
8fb51b42-3e85-4952-ba27-70641d596581-10,8fb51b42-3e85-4952-ba27-70641d596581,10,PART003-1,380,Each,Active,38000,USD
8fb51b42-3e85-4952-ba27-70641d596581-20,8fb51b42-3e85-4952-ba27-70641d596581,20,PART002,450,Each,Active,33750,USD
c7be2e01-ff76-4121-adc3-676227203e93-10,c7be2e01-ff76-4121-adc3-676227203e93,10,PART003-3,410,Each,Active,82000,USD
c7be2e01-ff76-4121-adc3-676227203e93-20,c7be2e01-ff76-4121-adc3-676227203e93,20,PART004,150,Each,Active,26250,USD
a4d4dfea-8985-42c0-9026-3f2f0c1e766c-10,a4d4dfea-8985-42c0-9026-3f2f0c1e766c,10,PART005,240,Each,Active,36000,USD
a4d4dfea-8985-42c0-9026-3f2f0c1e766c-20,a4d4dfea-8985-42c0-9026-3f2f0c1e766c,20,PART003,120,Each,Active,18000,USD
b032f7cf-fed6-4bf2-bfca-639cb26006ea-10,b032f7cf-fed6-4bf2-bfca-639cb26006ea,10,PART003,80,Each,Active,12000,USD
b032f7cf-fed6-4bf2-bfca-639cb26006ea-20,b032f7cf-fed6-4bf2-bfca-639cb26006ea,20,PART004,230,Each,Active,40250,USD
8cdfe485-5b55-4909-8e9a-8123c67f4726-10,8cdfe485-5b55-4909-8e9a-8123c67f4726,10,PART003-1,430,Each,Active,43000,USD
8cdfe485-5b55-4909-8e9a-8123c67f4726-20,8cdfe485-5b55-4909-8e9a-8123c67f4726,20,PART003,230,Each,Active,34500,USD
bb1b5273-6541-4c9a-a3e6-ee18512da0cb-10,bb1b5273-6541-4c9a-a3e6-ee18512da0cb,10,PART003-1,450,Each,Active,45000,USD
bce48931-37b8-4f36-81f7-b9d0e76b98c8-10,bce48931-37b8-4f36-81f7-b9d0e76b98c8,10,PART002,500,Each,Active,37500,USD
dc608281-e0c7-41b5-8808-11e0db1703ea-10,dc608281-e0c7-41b5-8808-11e0db1703ea,10,PART002,480,Each,Active,36000,USD
38850b9c-b003-4d0d-959a-69ca5ec08855-10,38850b9c-b003-4d0d-959a-69ca5ec08855,10,PART003-2,120,Each,Active,18000,USD
38850b9c-b003-4d0d-959a-69ca5ec08855-20,38850b9c-b003-4d0d-959a-69ca5ec08855,20,PART006,80,Each,Active,16000,USD
03182a27-7263-4f80-8412-56f313f23e70-10,03182a27-7263-4f80-8412-56f313f23e70,10,PART002,220,Each,Active,16500,USD
03182a27-7263-4f80-8412-56f313f23e70-20,03182a27-7263-4f80-8412-56f313f23e70,20,PART006,110,Each,Active,22000,USD
03182a27-7263-4f80-8412-56f313f23e70-30,03182a27-7263-4f80-8412-56f313f23e70,30,PART003,130,Each,Active,19500,USD
54d6d277-c514-4ddf-acd8-8eacfca77c04-10,54d6d277-c514-4ddf-acd8-8eacfca77c04,10,PART003-2,440,Each,Active,66000,USD
54d6d277-c514-4ddf-acd8-8eacfca77c04-20,54d6d277-c514-4ddf-acd8-8eacfca77c04,20,PART001,220,Each,Active,49500,USD
54d6d277-c514-4ddf-acd8-8eacfca77c04-30,54d6d277-c514-4ddf-acd8-8eacfca77c04,30,PART004,270,Each,Active,47250,USD
b2344468-de45-4b5d-a8da-013fc718ed2c-10,b2344468-de45-4b5d-a8da-013fc718ed2c,10,PART004,420,Each,Active,73500,USD
b2344468-de45-4b5d-a8da-013fc718ed2c-20,b2344468-de45-4b5d-a8da-013fc718ed2c,20,PART003-2,180,Each,Active,27000,USD
b2344468-de45-4b5d-a8da-013fc718ed2c-30,b2344468-de45-4b5d-a8da-013fc718ed2c,30,PART006,150,Each,Active,30000,USD
7947baf3-c49a-48f7-976a-54a087e41af7-10,7947baf3-c49a-48f7-976a-54a087e41af7,10,PART004,180,Each,Active,31500,USD
7947baf3-c49a-48f7-976a-54a087e41af7-20,7947baf3-c49a-48f7-976a-54a087e41af7,20,PART006,170,Each,Active,34000,USD
e697e7de-f6af-4672-a02a-f969cf784913-10,e697e7de-f6af-4672-a02a-f969cf784913,10,PART004,150,Each,Active,26250,USD
6fcf8fcf-933d-48b1-be9a-88eea47a75da-10,6fcf8fcf-933d-48b1-be9a-88eea47a75da,10,PART003-1,110,Each,Active,11000,USD
6fcf8fcf-933d-48b1-be9a-88eea47a75da-20,6fcf8fcf-933d-48b1-be9a-88eea47a75da,20,PART003,410,Each,Active,61500,USD
6fcf8fcf-933d-48b1-be9a-88eea47a75da-30,6fcf8fcf-933d-48b1-be9a-88eea47a75da,30,PART003-3,310,Each,Active,62000,USD
f27da9ff-2baa-477a-8d24-a971085490c0-10,f27da9ff-2baa-477a-8d24-a971085490c0,10,PART002,290,Each,Active,21750,USD
f27da9ff-2baa-477a-8d24-a971085490c0-20,f27da9ff-2baa-477a-8d24-a971085490c0,20,PART005,190,Each,Active,28500,USD
4c2f1234-2708-4046-a409-2b7b77ad0fc5-10,4c2f1234-2708-4046-a409-2b7b77ad0fc5,10,PART003-1,220,Each,Active,22000,USD
4c2f1234-2708-4046-a409-2b7b77ad0fc5-20,4c2f1234-2708-4046-a409-2b7b77ad0fc5,20,PART003-2,440,Each,Active,66000,USD
4503ed7b-7c65-49cf-b853-2bbf65589157-10,4503ed7b-7c65-49cf-b853-2bbf65589157,10,PART002,260,Each,Active,19500,USD
4503ed7b-7c65-49cf-b853-2bbf65589157-20,4503ed7b-7c65-49cf-b853-2bbf65589157,20,PART003,190,Each,Active,28500,USD
4503ed7b-7c65-49cf-b853-2bbf65589157-30,4503ed7b-7c65-49cf-b853-2bbf65589157,30,PART006,400,Each,Active,80000,USD
f16691b8-8593-4ac8-baf3-a4b784f999d5-10,f16691b8-8593-4ac8-baf3-a4b784f999d5,10,PART006,410,Each,Active,82000,USD
f16691b8-8593-4ac8-baf3-a4b784f999d5-20,f16691b8-8593-4ac8-baf3-a4b784f999d5,20,PART003,250,Each,Active,37500,USD
f16691b8-8593-4ac8-baf3-a4b784f999d5-30,f16691b8-8593-4ac8-baf3-a4b784f999d5,30,PART002,110,Each,Active,8250,USD
3a893716-9e4c-4acc-aa0d-52a1beecff85-10,3a893716-9e4c-4acc-aa0d-52a1beecff85,10,PART002,220,Each,Active,16500,USD
8fb78771-cbca-4a45-9d68-63df339be0cb-10,8fb78771-cbca-4a45-9d68-63df339be0cb,10,PART001,80,Each,Active,18000,USD
8fb78771-cbca-4a45-9d68-63df339be0cb-20,8fb78771-cbca-4a45-9d68-63df339be0cb,20,PART005,90,Each,Active,13500,USD
8fb78771-cbca-4a45-9d68-63df339be0cb-30,8fb78771-cbca-4a45-9d68-63df339be0cb,30,PART002,200,Each,Active,15000,USD
911e2c59-59df-496b-8e63-892058b779b5-10,911e2c59-59df-496b-8e63-892058b779b5,10,PART004,270,Each,Active,47250,USD
8cdc88bf-f85d-4f52-94d7-c65e4a1fe481-10,8cdc88bf-f85d-4f52-94d7-c65e4a1fe481,10,PART006,470,Each,Active,94000,USD
8cdc88bf-f85d-4f52-94d7-c65e4a1fe481-20,8cdc88bf-f85d-4f52-94d7-c65e4a1fe481,20,PART003-1,200,Each,Active,20000,USD
8cdc88bf-f85d-4f52-94d7-c65e4a1fe481-30,8cdc88bf-f85d-4f52-94d7-c65e4a1fe481,30,PART002,470,Each,Active,35250,USD
b442e344-da67-4c6c-8004-f9b2b343cabb-10,b442e344-da67-4c6c-8004-f9b2b343cabb,10,PART005,180,Each,Active,27000,USD
b442e344-da67-4c6c-8004-f9b2b343cabb-20,b442e344-da67-4c6c-8004-f9b2b343cabb,20,PART004,250,Each,Active,43750,USD
b442e344-da67-4c6c-8004-f9b2b343cabb-30,b442e344-da67-4c6c-8004-f9b2b343cabb,30,PART003-1,170,Each,Active,17000,USD
eb6c79dc-ec0a-4470-8c57-72296a39228e-10,eb6c79dc-ec0a-4470-8c57-72296a39228e,10,PART005,220,Each,Active,33000,USD
eb6c79dc-ec0a-4470-8c57-72296a39228e-20,eb6c79dc-ec0a-4470-8c57-72296a39228e,20,PART006,360,Each,Active,72000,USD
eb6c79dc-ec0a-4470-8c57-72296a39228e-30,eb6c79dc-ec0a-4470-8c57-72296a39228e,30,PART002,370,Each,Active,27750,USD
975a0be2-f07e-4951-874e-005a4aa2d972-10,975a0be2-f07e-4951-874e-005a4aa2d972,10,PART002,270,Each,Active,20250,USD
975a0be2-f07e-4951-874e-005a4aa2d972-20,975a0be2-f07e-4951-874e-005a4aa2d972,20,PART003-3,360,Each,Active,72000,USD
975a0be2-f07e-4951-874e-005a4aa2d972-30,975a0be2-f07e-4951-874e-005a4aa2d972,30,PART006,380,Each,Active,76000,USD
eaa46e40-e592-47fa-b04c-31e46c118c61-10,eaa46e40-e592-47fa-b04c-31e46c118c61,10,PART003-2,160,Each,Active,24000,USD
eaa46e40-e592-47fa-b04c-31e46c118c61-20,eaa46e40-e592-47fa-b04c-31e46c118c61,20,PART003-1,50,Each,Active,5000,USD
eaa46e40-e592-47fa-b04c-31e46c118c61-30,eaa46e40-e592-47fa-b04c-31e46c118c61,30,PART003-3,240,Each,Active,48000,USD
7791578f-401f-4490-aeee-7c37b4e95c85-10,7791578f-401f-4490-aeee-7c37b4e95c85,10,PART003,380,Each,Active,57000,USD
52820488-b7eb-4718-827e-257a15509149-10,52820488-b7eb-4718-827e-257a15509149,10,PART002,290,Each,Active,21750,USD
52820488-b7eb-4718-827e-257a15509149-20,52820488-b7eb-4718-827e-257a15509149,20,PART003-1,290,Each,Active,29000,USD
52820488-b7eb-4718-827e-257a15509149-30,52820488-b7eb-4718-827e-257a15509149,30,PART006,360,Each,Active,72000,USD
244eb782-b34f-4476-baf6-e34d640f11f7-10,244eb782-b34f-4476-baf6-e34d640f11f7,10,PART003-2,340,Each,Active,51000,USD
d37e0797-4008-4886-80e9-dada215c4c0f-10,d37e0797-4008-4886-80e9-dada215c4c0f,10,PART003-3,480,Each,Active,96000,USD
d37e0797-4008-4886-80e9-dada215c4c0f-20,d37e0797-4008-4886-80e9-dada215c4c0f,20,PART003-1,180,Each,Active,18000,USD
d37e0797-4008-4886-80e9-dada215c4c0f-30,d37e0797-4008-4886-80e9-dada215c4c0f,30,PART004,100,Each,Active,17500,USD
df3c8403-4220-4f60-86c6-d0dd11a99562-10,df3c8403-4220-4f60-86c6-d0dd11a99562,10,PART003-2,490,Each,Active,73500,USD
18bd4f18-b222-4b6c-9750-f485a6bc8263-10,18bd4f18-b222-4b6c-9750-f485a6bc8263,10,PART003-2,230,Each,Active,34500,USD
18bd4f18-b222-4b6c-9750-f485a6bc8263-20,18bd4f18-b222-4b6c-9750-f485a6bc8263,20,PART006,350,Each,Active,70000,USD
18bd4f18-b222-4b6c-9750-f485a6bc8263-30,18bd4f18-b222-4b6c-9750-f485a6bc8263,30,PART001,170,Each,Active,38250,USD
3a7f44dd-4ff1-43a3-ac9a-1197d34af705-10,3a7f44dd-4ff1-43a3-ac9a-1197d34af705,10,PART003,280,Each,Active,42000,USD
3a7f44dd-4ff1-43a3-ac9a-1197d34af705-20,3a7f44dd-4ff1-43a3-ac9a-1197d34af705,20,PART003-3,140,Each,Active,28000,USD
957fe570-a9e3-4eb5-b569-492de4540eb4-10,957fe570-a9e3-4eb5-b569-492de4540eb4,10,PART005,260,Each,Active,39000,USD
eab09e46-7631-4e57-87d6-f866636f2488-10,eab09e46-7631-4e57-87d6-f866636f2488,10,PART003-1,500,Each,Active,50000,USD
b92240d4-33cd-4be2-9bbe-953eab25e3e4-10,b92240d4-33cd-4be2-9bbe-953eab25e3e4,10,PART003,270,Each,Active,40500,USD
b92240d4-33cd-4be2-9bbe-953eab25e3e4-20,b92240d4-33cd-4be2-9bbe-953eab25e3e4,20,PART004,140,Each,Active,24500,USD
9c942746-ccc1-443d-ab8c-d9d1008c290b-10,9c942746-ccc1-443d-ab8c-d9d1008c290b,10,PART002,390,Each,Active,29250,USD
3f9a8c6d-d2a1-4fb0-92f2-0a47a821fe0f-10,3f9a8c6d-d2a1-4fb0-92f2-0a47a821fe0f,10,PART003-2,430,Each,Active,64500,USD
3f9a8c6d-d2a1-4fb0-92f2-0a47a821fe0f-20,3f9a8c6d-d2a1-4fb0-92f2-0a47a821fe0f,20,PART003,70,Each,Active,10500,USD
abe2156e-9e0e-45be-892c-709c52fdd28c-10,abe2156e-9e0e-45be-892c-709c52fdd28c,10,PART003,90,Each,Active,13500,USD
e5674d1a-3f60-412b-8fc9-bcca117d29ec-10,e5674d1a-3f60-412b-8fc9-bcca117d29ec,10,PART002,230,Each,Active,17250,USD
e5674d1a-3f60-412b-8fc9-bcca117d29ec-20,e5674d1a-3f60-412b-8fc9-bcca117d29ec,20,PART005,460,Each,Active,69000,USD
e5674d1a-3f60-412b-8fc9-bcca117d29ec-30,e5674d1a-3f60-412b-8fc9-bcca117d29ec,30,PART004,410,Each,Active,71750,USD
e57140c0-0e84-4001-8088-211f98d452d0-10,e57140c0-0e84-4001-8088-211f98d452d0,10,PART006,80,Each,Active,16000,USD
4754b9ed-8cfb-47f3-a971-4c80b36705ac-10,4754b9ed-8cfb-47f3-a971-4c80b36705ac,10,PART003-3,410,Each,Active,82000,USD
4754b9ed-8cfb-47f3-a971-4c80b36705ac-20,4754b9ed-8cfb-47f3-a971-4c80b36705ac,20,PART003-1,190,Each,Active,19000,USD
c275c47f-3b7e-4e2e-8b57-bc6594a52200-10,c275c47f-3b7e-4e2e-8b57-bc6594a52200,10,PART003-3,280,Each,Active,56000,USD
a785d149-3557-4485-a2f8-9420bd764a18-10,a785d149-3557-4485-a2f8-9420bd764a18,10,PART003-2,330,Each,Active,49500,USD
a785d149-3557-4485-a2f8-9420bd764a18-20,a785d149-3557-4485-a2f8-9420bd764a18,20,PART003-1,220,Each,Active,22000,USD
a785d149-3557-4485-a2f8-9420bd764a18-30,a785d149-3557-4485-a2f8-9420bd764a18,30,PART004,490,Each,Active,85750,USD
1360c47c-1fcf-43fd-bd45-c93cbeb8b896-10,1360c47c-1fcf-43fd-bd45-c93cbeb8b896,10,PART006,480,Each,Active,96000,USD
1360c47c-1fcf-43fd-bd45-c93cbeb8b896-20,1360c47c-1fcf-43fd-bd45-c93cbeb8b896,20,PART001,450,Each,Active,101250,USD
1360c47c-1fcf-43fd-bd45-c93cbeb8b896-30,1360c47c-1fcf-43fd-bd45-c93cbeb8b896,30,PART003,440,Each,Active,66000,USD
1f757646-93b9-4c4c-8895-4243047d27a1-10,1f757646-93b9-4c4c-8895-4243047d27a1,10,PART003,110,Each,Active,16500,USD
015d9dce-f48b-472a-b121-ca02ece23906-10,015d9dce-f48b-472a-b121-ca02ece23906,10,PART003,350,Each,Active,52500,USD
015d9dce-f48b-472a-b121-ca02ece23906-20,015d9dce-f48b-472a-b121-ca02ece23906,20,PART001,90,Each,Active,20250,USD
015d9dce-f48b-472a-b121-ca02ece23906-30,015d9dce-f48b-472a-b121-ca02ece23906,30,PART005,500,Each,Active,75000,USD
07a03707-f8b9-4009-b5b7-2c282e893257-10,07a03707-f8b9-4009-b5b7-2c282e893257,10,PART003-2,100,Each,Active,15000,USD
07a03707-f8b9-4009-b5b7-2c282e893257-20,07a03707-f8b9-4009-b5b7-2c282e893257,20,PART003-3,50,Each,Active,10000,USD
67e8f1fe-df3c-4d6b-b2d4-158558cfec51-10,67e8f1fe-df3c-4d6b-b2d4-158558cfec51,10,PART003-3,240,Each,Active,48000,USD
20f86888-9322-4429-8d76-b9b60564ad39-10,20f86888-9322-4429-8d76-b9b60564ad39,10,PART003-3,160,Each,Active,32000,USD
e8350590-3cf2-41db-bd93-4a3f9cd55af4-10,e8350590-3cf2-41db-bd93-4a3f9cd55af4,10,PART006,120,Each,Active,24000,USD
e8350590-3cf2-41db-bd93-4a3f9cd55af4-20,e8350590-3cf2-41db-bd93-4a3f9cd55af4,20,PART002,50,Each,Active,3750,USD
f4c6c32d-1512-4ff3-83f9-8eeb605ebb0c-10,f4c6c32d-1512-4ff3-83f9-8eeb605ebb0c,10,PART003,270,Each,Active,40500,USD
f4c6c32d-1512-4ff3-83f9-8eeb605ebb0c-20,f4c6c32d-1512-4ff3-83f9-8eeb605ebb0c,20,PART002,300,Each,Active,22500,USD
24aeb3ba-f917-448a-b09b-543ae7d4aaf1-10,24aeb3ba-f917-448a-b09b-543ae7d4aaf1,10,PART003-1,270,Each,Active,27000,USD
24aeb3ba-f917-448a-b09b-543ae7d4aaf1-20,24aeb3ba-f917-448a-b09b-543ae7d4aaf1,20,PART002,130,Each,Active,9750,USD
cba1e35a-658e-4f42-a3a2-2b28ed4cca67-10,cba1e35a-658e-4f42-a3a2-2b28ed4cca67,10,PART005,80,Each,Active,12000,USD
cba1e35a-658e-4f42-a3a2-2b28ed4cca67-20,cba1e35a-658e-4f42-a3a2-2b28ed4cca67,20,PART003-2,140,Each,Active,21000,USD
cba1e35a-658e-4f42-a3a2-2b28ed4cca67-30,cba1e35a-658e-4f42-a3a2-2b28ed4cca67,30,PART002,240,Each,Active,18000,USD
f18b5b5b-e903-4dd4-bd71-95e21d9c01cf-10,f18b5b5b-e903-4dd4-bd71-95e21d9c01cf,10,PART002,340,Each,Active,25500,USD
1097e024-8493-4677-99d5-afd054ce8982-10,1097e024-8493-4677-99d5-afd054ce8982,10,PART003-1,130,Each,Active,13000,USD
1097e024-8493-4677-99d5-afd054ce8982-20,1097e024-8493-4677-99d5-afd054ce8982,20,PART001,180,Each,Active,40500,USD
6aeb0451-ecb0-477d-b142-387e6f6b1f02-10,6aeb0451-ecb0-477d-b142-387e6f6b1f02,10,PART003,500,Each,Active,75000,USD
6aeb0451-ecb0-477d-b142-387e6f6b1f02-20,6aeb0451-ecb0-477d-b142-387e6f6b1f02,20,PART001,380,Each,Active,85500,USD
88bae844-e918-4803-abeb-5fbbd07c1f47-10,88bae844-e918-4803-abeb-5fbbd07c1f47,10,PART004,370,Each,Active,64750,USD
88bae844-e918-4803-abeb-5fbbd07c1f47-20,88bae844-e918-4803-abeb-5fbbd07c1f47,20,PART002,130,Each,Active,9750,USD
88bae844-e918-4803-abeb-5fbbd07c1f47-30,88bae844-e918-4803-abeb-5fbbd07c1f47,30,PART003,440,Each,Active,66000,USD
43ad557e-2353-4226-a51e-67dba2d6133a-10,43ad557e-2353-4226-a51e-67dba2d6133a,10,PART005,470,Each,Active,70500,USD
bf1f2373-4579-49a6-8238-a8b2b4ba453a-10,bf1f2373-4579-49a6-8238-a8b2b4ba453a,10,PART003-1,80,Each,Active,8000,USD
bf1f2373-4579-49a6-8238-a8b2b4ba453a-20,bf1f2373-4579-49a6-8238-a8b2b4ba453a,20,PART005,140,Each,Active,21000,USD
bf1f2373-4579-49a6-8238-a8b2b4ba453a-30,bf1f2373-4579-49a6-8238-a8b2b4ba453a,30,PART002,70,Each,Active,5250,USD
063e89cd-a202-411f-bc31-2fba29706337-10,063e89cd-a202-411f-bc31-2fba29706337,10,PART002,260,Each,Active,19500,USD
063e89cd-a202-411f-bc31-2fba29706337-20,063e89cd-a202-411f-bc31-2fba29706337,20,PART003-2,210,Each,Active,31500,USD
2b5aa27a-4d94-44fa-8cb4-e56290649882-10,2b5aa27a-4d94-44fa-8cb4-e56290649882,10,PART002,350,Each,Active,26250,USD
2b5aa27a-4d94-44fa-8cb4-e56290649882-20,2b5aa27a-4d94-44fa-8cb4-e56290649882,20,PART003-3,420,Each,Active,84000,USD
2b5aa27a-4d94-44fa-8cb4-e56290649882-30,2b5aa27a-4d94-44fa-8cb4-e56290649882,30,PART001,160,Each,Active,36000,USD
d82e093d-d81c-4219-9089-069943ecaaab-10,d82e093d-d81c-4219-9089-069943ecaaab,10,PART006,270,Each,Active,54000,USD
d82e093d-d81c-4219-9089-069943ecaaab-20,d82e093d-d81c-4219-9089-069943ecaaab,20,PART003-3,500,Each,Active,100000,USD
c44cf10a-c592-4528-97f2-4998da80d32b-10,c44cf10a-c592-4528-97f2-4998da80d32b,10,PART005,310,Each,Active,46500,USD
c44cf10a-c592-4528-97f2-4998da80d32b-20,c44cf10a-c592-4528-97f2-4998da80d32b,20,PART003-1,150,Each,Active,15000,USD
c44cf10a-c592-4528-97f2-4998da80d32b-30,c44cf10a-c592-4528-97f2-4998da80d32b,30,PART003,170,Each,Active,25500,USD
bf0d0eea-2728-4a1b-a2bd-34cd42d02ed6-10,bf0d0eea-2728-4a1b-a2bd-34cd42d02ed6,10,PART003-3,70,Each,Active,14000,USD
bf0d0eea-2728-4a1b-a2bd-34cd42d02ed6-20,bf0d0eea-2728-4a1b-a2bd-34cd42d02ed6,20,PART006,110,Each,Active,22000,USD
79052b9b-adcc-4982-ad55-27ed7fcaea11-10,79052b9b-adcc-4982-ad55-27ed7fcaea11,10,PART005,470,Each,Active,70500,USD
79052b9b-adcc-4982-ad55-27ed7fcaea11-20,79052b9b-adcc-4982-ad55-27ed7fcaea11,20,PART006,70,Each,Active,14000,USD
79052b9b-adcc-4982-ad55-27ed7fcaea11-30,79052b9b-adcc-4982-ad55-27ed7fcaea11,30,PART003-3,490,Each,Active,98000,USD
9b233c76-1a37-4678-831d-ecb70a3c5884-10,9b233c76-1a37-4678-831d-ecb70a3c5884,10,PART003-2,240,Each,Active,36000,USD
524bc7a9-477e-4648-a932-b2265efb0e7e-10,524bc7a9-477e-4648-a932-b2265efb0e7e,10,PART003-1,410,Each,Active,41000,USD
524bc7a9-477e-4648-a932-b2265efb0e7e-20,524bc7a9-477e-4648-a932-b2265efb0e7e,20,PART006,260,Each,Active,52000,USD
cc47e02f-96cd-424d-baa8-67db42c09458-10,cc47e02f-96cd-424d-baa8-67db42c09458,10,PART006,180,Each,Active,36000,USD
b7e68a8b-0065-420e-b15e-5dd7a426a8c4-10,b7e68a8b-0065-420e-b15e-5dd7a426a8c4,10,PART003-1,190,Each,Active,19000,USD
b7e68a8b-0065-420e-b15e-5dd7a426a8c4-20,b7e68a8b-0065-420e-b15e-5dd7a426a8c4,20,PART004,460,Each,Active,80500,USD
904133ad-f4a0-44fe-82bb-4913f70ccf21-10,904133ad-f4a0-44fe-82bb-4913f70ccf21,10,PART006,490,Each,Active,98000,USD
22f081eb-d72b-4fb0-84dc-9e9848bfdc96-10,22f081eb-d72b-4fb0-84dc-9e9848bfdc96,10,PART002,480,Each,Active,36000,USD
22f081eb-d72b-4fb0-84dc-9e9848bfdc96-20,22f081eb-d72b-4fb0-84dc-9e9848bfdc96,20,PART003-1,210,Each,Active,21000,USD
22f081eb-d72b-4fb0-84dc-9e9848bfdc96-30,22f081eb-d72b-4fb0-84dc-9e9848bfdc96,30,PART006,170,Each,Active,34000,USD
92d70d2a-142b-4e63-9267-a2db1bff349e-10,92d70d2a-142b-4e63-9267-a2db1bff349e,10,PART003-3,60,Each,Active,12000,USD
92d70d2a-142b-4e63-9267-a2db1bff349e-20,92d70d2a-142b-4e63-9267-a2db1bff349e,20,PART003,300,Each,Active,45000,USD
92d70d2a-142b-4e63-9267-a2db1bff349e-30,92d70d2a-142b-4e63-9267-a2db1bff349e,30,PART002,280,Each,Active,21000,USD
ca386d18-7c09-4975-8076-a2b2e9a1b0b7-10,ca386d18-7c09-4975-8076-a2b2e9a1b0b7,10,PART002,240,Each,Active,18000,USD
ca386d18-7c09-4975-8076-a2b2e9a1b0b7-20,ca386d18-7c09-4975-8076-a2b2e9a1b0b7,20,PART004,430,Each,Active,75250,USD
ca386d18-7c09-4975-8076-a2b2e9a1b0b7-30,ca386d18-7c09-4975-8076-a2b2e9a1b0b7,30,PART005,410,Each,Active,61500,USD
1edca6e8-7a5c-4c10-b10f-538d2f658e2c-10,1edca6e8-7a5c-4c10-b10f-538d2f658e2c,10,PART006,440,Each,Active,88000,USD
1edca6e8-7a5c-4c10-b10f-538d2f658e2c-20,1edca6e8-7a5c-4c10-b10f-538d2f658e2c,20,PART003-3,180,Each,Active,36000,USD
5baf40bc-9712-4f69-8d96-76f52068babc-10,5baf40bc-9712-4f69-8d96-76f52068babc,10,PART002,450,Each,Active,33750,USD
5baf40bc-9712-4f69-8d96-76f52068babc-20,5baf40bc-9712-4f69-8d96-76f52068babc,20,PART005,490,Each,Active,73500,USD
5baf40bc-9712-4f69-8d96-76f52068babc-30,5baf40bc-9712-4f69-8d96-76f52068babc,30,PART003-3,220,Each,Active,44000,USD
3dae1317-945f-40a0-a5de-9374aad563dd-10,3dae1317-945f-40a0-a5de-9374aad563dd,10,PART003-2,190,Each,Active,28500,USD
3dae1317-945f-40a0-a5de-9374aad563dd-20,3dae1317-945f-40a0-a5de-9374aad563dd,20,PART006,460,Each,Active,92000,USD
fe60aafe-dbec-40cd-8ddf-7c63282bf739-10,fe60aafe-dbec-40cd-8ddf-7c63282bf739,10,PART001,270,Each,Active,60750,USD
a0b2bd26-cba1-4928-a81a-4d239f8c329a-10,a0b2bd26-cba1-4928-a81a-4d239f8c329a,10,PART006,90,Each,Active,18000,USD
a0b2bd26-cba1-4928-a81a-4d239f8c329a-20,a0b2bd26-cba1-4928-a81a-4d239f8c329a,20,PART005,100,Each,Active,15000,USD
960a1791-5464-4cc5-8065-20ebddcb548d-10,960a1791-5464-4cc5-8065-20ebddcb548d,10,PART003-2,460,Each,Active,69000,USD
960a1791-5464-4cc5-8065-20ebddcb548d-20,960a1791-5464-4cc5-8065-20ebddcb548d,20,PART005,420,Each,Active,63000,USD
8b018169-fa05-4a3a-941e-5a2c130b191f-10,8b018169-fa05-4a3a-941e-5a2c130b191f,10,PART003-2,70,Each,Active,10500,USD
8b018169-fa05-4a3a-941e-5a2c130b191f-20,8b018169-fa05-4a3a-941e-5a2c130b191f,20,PART005,450,Each,Active,67500,USD
0efd87d2-7754-4cd3-a285-e5028760381e-10,0efd87d2-7754-4cd3-a285-e5028760381e,10,PART003-1,480,Each,Active,48000,USD
0efd87d2-7754-4cd3-a285-e5028760381e-20,0efd87d2-7754-4cd3-a285-e5028760381e,20,PART003-2,310,Each,Active,46500,USD
de98e4d3-9e07-4656-a90d-8035fa2d54f1-10,de98e4d3-9e07-4656-a90d-8035fa2d54f1,10,PART003,200,Each,Active,30000,USD
de98e4d3-9e07-4656-a90d-8035fa2d54f1-20,de98e4d3-9e07-4656-a90d-8035fa2d54f1,20,PART005,50,Each,Active,7500,USD
de98e4d3-9e07-4656-a90d-8035fa2d54f1-30,de98e4d3-9e07-4656-a90d-8035fa2d54f1,30,PART003-2,260,Each,Active,39000,USD
d98c87c7-fc39-4886-8d17-3bbe7efc55eb-10,d98c87c7-fc39-4886-8d17-3bbe7efc55eb,10,PART003,360,Each,Active,54000,USD
5ccaa53f-1bef-4420-b0cf-07767a83a073-10,5ccaa53f-1bef-4420-b0cf-07767a83a073,10,PART002,350,Each,Active,26250,USD
5ccaa53f-1bef-4420-b0cf-07767a83a073-20,5ccaa53f-1bef-4420-b0cf-07767a83a073,20,PART004,430,Each,Active,75250,USD
5ccaa53f-1bef-4420-b0cf-07767a83a073-30,5ccaa53f-1bef-4420-b0cf-07767a83a073,30,PART001,140,Each,Active,31500,USD
5f560701-970a-4712-bfe5-b50332bc8243-10,5f560701-970a-4712-bfe5-b50332bc8243,10,PART004,190,Each,Active,33250,USD
5f560701-970a-4712-bfe5-b50332bc8243-20,5f560701-970a-4712-bfe5-b50332bc8243,20,PART005,130,Each,Active,19500,USD
5f560701-970a-4712-bfe5-b50332bc8243-30,5f560701-970a-4712-bfe5-b50332bc8243,30,PART001,450,Each,Active,101250,USD
89f2ecc9-0e9a-4822-98eb-cd1a5ac4a93b-10,89f2ecc9-0e9a-4822-98eb-cd1a5ac4a93b,10,PART003-3,450,Each,Active,90000,USD
89f2ecc9-0e9a-4822-98eb-cd1a5ac4a93b-20,89f2ecc9-0e9a-4822-98eb-cd1a5ac4a93b,20,PART003-1,220,Each,Active,22000,USD
89f2ecc9-0e9a-4822-98eb-cd1a5ac4a93b-30,89f2ecc9-0e9a-4822-98eb-cd1a5ac4a93b,30,PART006,320,Each,Active,64000,USD
89e68d28-4a73-4a2f-a80d-155baaf22d7c-10,89e68d28-4a73-4a2f-a80d-155baaf22d7c,10,PART003-3,300,Each,Active,60000,USD
89e68d28-4a73-4a2f-a80d-155baaf22d7c-20,89e68d28-4a73-4a2f-a80d-155baaf22d7c,20,PART003,380,Each,Active,57000,USD
89e68d28-4a73-4a2f-a80d-155baaf22d7c-30,89e68d28-4a73-4a2f-a80d-155baaf22d7c,30,PART001,360,Each,Active,81000,USD
befb1488-7ab8-4484-bd48-ae664f28d031-10,befb1488-7ab8-4484-bd48-ae664f28d031,10,PART003-2,180,Each,Active,27000,USD
d1feedd5-f6f4-4ebe-9260-4992b74a9c18-10,d1feedd5-f6f4-4ebe-9260-4992b74a9c18,10,PART004,450,Each,Active,78750,USD
26abfc22-2a7f-4de9-9196-292469cb351b-10,26abfc22-2a7f-4de9-9196-292469cb351b,10,PART003-1,160,Each,Active,16000,USD
e6c28910-aa2c-417c-b027-32a4b525b41f-10,e6c28910-aa2c-417c-b027-32a4b525b41f,10,PART004,290,Each,Active,50750,USD
e6c28910-aa2c-417c-b027-32a4b525b41f-20,e6c28910-aa2c-417c-b027-32a4b525b41f,20,PART003,370,Each,Active,55500,USD
e6c28910-aa2c-417c-b027-32a4b525b41f-30,e6c28910-aa2c-417c-b027-32a4b525b41f,30,PART003-2,370,Each,Active,55500,USD
29e634a3-6999-49ad-ade3-35187d299280-10,29e634a3-6999-49ad-ade3-35187d299280,10,PART003-1,200,Each,Active,20000,USD
29e634a3-6999-49ad-ade3-35187d299280-20,29e634a3-6999-49ad-ade3-35187d299280,20,PART001,210,Each,Active,47250,USD
f1ff05f1-ad9e-46b4-9fdb-7b5b88e31dee-10,f1ff05f1-ad9e-46b4-9fdb-7b5b88e31dee,10,PART002,380,Each,Active,28500,USD
a95a55ce-1f7d-41f4-bb0b-a9054ae7fa6f-10,a95a55ce-1f7d-41f4-bb0b-a9054ae7fa6f,10,PART003-3,480,Each,Active,96000,USD
a95a55ce-1f7d-41f4-bb0b-a9054ae7fa6f-20,a95a55ce-1f7d-41f4-bb0b-a9054ae7fa6f,20,PART001,190,Each,Active,42750,USD
07b9ff7b-c3a9-4344-9b8f-1097a2bcb06c-10,07b9ff7b-c3a9-4344-9b8f-1097a2bcb06c,10,PART004,130,Each,Active,22750,USD
06059229-8470-4e9a-903e-9c50303f0a60-10,06059229-8470-4e9a-903e-9c50303f0a60,10,PART003,480,Each,Active,72000,USD
64a8c275-44e1-4b63-aa5f-96b58283d882-10,64a8c275-44e1-4b63-aa5f-96b58283d882,10,PART002,100,Each,Active,7500,USD
343c3a76-556c-4702-897b-59f876dfe020-10,343c3a76-556c-4702-897b-59f876dfe020,10,PART003-1,370,Each,Active,37000,USD
b8f139f0-c12f-46cb-a8d4-6ef222ba3e66-10,b8f139f0-c12f-46cb-a8d4-6ef222ba3e66,10,PART003-2,450,Each,Active,67500,USD
b8f139f0-c12f-46cb-a8d4-6ef222ba3e66-20,b8f139f0-c12f-46cb-a8d4-6ef222ba3e66,20,PART003,250,Each,Active,37500,USD
b1006985-e4cb-46de-9747-cb24c8c95576-10,b1006985-e4cb-46de-9747-cb24c8c95576,10,PART003-2,180,Each,Active,27000,USD
b1006985-e4cb-46de-9747-cb24c8c95576-20,b1006985-e4cb-46de-9747-cb24c8c95576,20,PART005,200,Each,Active,30000,USD
6a522fa6-c529-40bb-baa7-ae1f6f5dda89-10,6a522fa6-c529-40bb-baa7-ae1f6f5dda89,10,PART006,120,Each,Active,24000,USD
6a522fa6-c529-40bb-baa7-ae1f6f5dda89-20,6a522fa6-c529-40bb-baa7-ae1f6f5dda89,20,PART003-1,390,Each,Active,39000,USD
49c588b3-11c5-476c-b685-fab383c81c00-10,49c588b3-11c5-476c-b685-fab383c81c00,10,PART003-2,400,Each,Active,60000,USD
49c588b3-11c5-476c-b685-fab383c81c00-20,49c588b3-11c5-476c-b685-fab383c81c00,20,PART005,330,Each,Active,49500,USD
1d8f0da8-8500-4ccd-b6ce-b76a94d73338-10,1d8f0da8-8500-4ccd-b6ce-b76a94d73338,10,PART002,500,Each,Active,37500,USD
1d8f0da8-8500-4ccd-b6ce-b76a94d73338-20,1d8f0da8-8500-4ccd-b6ce-b76a94d73338,20,PART003-3,460,Each,Active,92000,USD
1d8f0da8-8500-4ccd-b6ce-b76a94d73338-30,1d8f0da8-8500-4ccd-b6ce-b76a94d73338,30,PART004,400,Each,Active,70000,USD
c5dd1c23-192d-4966-b741-078900c2bc98-10,c5dd1c23-192d-4966-b741-078900c2bc98,10,PART002,490,Each,Active,36750,USD
c5dd1c23-192d-4966-b741-078900c2bc98-20,c5dd1c23-192d-4966-b741-078900c2bc98,20,PART006,450,Each,Active,90000,USD
fff84d02-73d1-4f97-8eae-e3420264af49-10,fff84d02-73d1-4f97-8eae-e3420264af49,10,PART003-1,150,Each,Active,15000,USD
229b7e47-7202-4f54-a5bb-72fde96f13a6-10,229b7e47-7202-4f54-a5bb-72fde96f13a6,10,PART006,60,Each,Active,12000,USD
229b7e47-7202-4f54-a5bb-72fde96f13a6-20,229b7e47-7202-4f54-a5bb-72fde96f13a6,20,PART001,290,Each,Active,65250,USD
0f25ea64-7e6b-4516-94d6-90a573b4afb1-10,0f25ea64-7e6b-4516-94d6-90a573b4afb1,10,PART003,300,Each,Active,45000,USD
0f25ea64-7e6b-4516-94d6-90a573b4afb1-20,0f25ea64-7e6b-4516-94d6-90a573b4afb1,20,PART003-1,330,Each,Active,33000,USD
0f25ea64-7e6b-4516-94d6-90a573b4afb1-30,0f25ea64-7e6b-4516-94d6-90a573b4afb1,30,PART002,100,Each,Active,7500,USD
3c347a6d-7729-43b9-a3d4-d17161d248ce-10,3c347a6d-7729-43b9-a3d4-d17161d248ce,10,PART004,60,Each,Active,10500,USD
3c347a6d-7729-43b9-a3d4-d17161d248ce-20,3c347a6d-7729-43b9-a3d4-d17161d248ce,20,PART003-2,270,Each,Active,40500,USD
3c347a6d-7729-43b9-a3d4-d17161d248ce-30,3c347a6d-7729-43b9-a3d4-d17161d248ce,30,PART001,310,Each,Active,69750,USD
3429d334-6359-4763-993c-2a1c9318edd4-10,3429d334-6359-4763-993c-2a1c9318edd4,10,PART003-2,170,Each,Active,25500,USD
3429d334-6359-4763-993c-2a1c9318edd4-20,3429d334-6359-4763-993c-2a1c9318edd4,20,PART004,370,Each,Active,64750,USD
3429d334-6359-4763-993c-2a1c9318edd4-30,3429d334-6359-4763-993c-2a1c9318edd4,30,PART006,90,Each,Active,18000,USD
94362187-c138-410f-9d0b-cfcd0e062a12-10,94362187-c138-410f-9d0b-cfcd0e062a12,10,PART004,220,Each,Active,38500,USD
ea2878b3-9570-41cf-8f41-6f47d85f21ad-10,ea2878b3-9570-41cf-8f41-6f47d85f21ad,10,PART003-3,100,Each,Active,20000,USD
ea2878b3-9570-41cf-8f41-6f47d85f21ad-20,ea2878b3-9570-41cf-8f41-6f47d85f21ad,20,PART001,500,Each,Active,112500,USD
76875215-f627-4ec9-aded-c6c1b5969d51-10,76875215-f627-4ec9-aded-c6c1b5969d51,10,PART006,260,Each,Active,52000,USD
3b273869-4e3a-4324-804d-8af3475fa937-10,3b273869-4e3a-4324-804d-8af3475fa937,10,PART003-2,270,Each,Active,40500,USD
3b273869-4e3a-4324-804d-8af3475fa937-20,3b273869-4e3a-4324-804d-8af3475fa937,20,PART003-1,440,Each,Active,44000,USD
428d47c9-85e5-40fb-b86a-cfd74b3b9dad-10,428d47c9-85e5-40fb-b86a-cfd74b3b9dad,10,PART005,250,Each,Active,37500,USD
250daa0a-365a-4ec9-9d3c-2d2bda9365b6-10,250daa0a-365a-4ec9-9d3c-2d2bda9365b6,10,PART003-2,300,Each,Active,45000,USD
e502eb1d-bc95-4c22-9fa4-3d95ed6b2ce7-10,e502eb1d-bc95-4c22-9fa4-3d95ed6b2ce7,10,PART006,320,Each,Active,64000,USD
848ee89c-bf61-484b-b4bd-7cb8c3ab5f89-10,848ee89c-bf61-484b-b4bd-7cb8c3ab5f89,10,PART006,450,Each,Active,90000,USD
848ee89c-bf61-484b-b4bd-7cb8c3ab5f89-20,848ee89c-bf61-484b-b4bd-7cb8c3ab5f89,20,PART003-2,290,Each,Active,43500,USD
848ee89c-bf61-484b-b4bd-7cb8c3ab5f89-30,848ee89c-bf61-484b-b4bd-7cb8c3ab5f89,30,PART002,240,Each,Active,18000,USD
f6957fa3-ad43-450a-b827-cf2200f07c27-10,f6957fa3-ad43-450a-b827-cf2200f07c27,10,PART001,190,Each,Active,42750,USD
bd55b0b0-1798-4264-9fa4-a000b8909cbc-10,bd55b0b0-1798-4264-9fa4-a000b8909cbc,10,PART003-2,320,Each,Active,48000,USD
bd55b0b0-1798-4264-9fa4-a000b8909cbc-20,bd55b0b0-1798-4264-9fa4-a000b8909cbc,20,PART003,200,Each,Active,30000,USD
bd55b0b0-1798-4264-9fa4-a000b8909cbc-30,bd55b0b0-1798-4264-9fa4-a000b8909cbc,30,PART003-3,270,Each,Active,54000,USD
ec291aa4-b481-4024-99f2-ea3ecf86e7c0-10,ec291aa4-b481-4024-99f2-ea3ecf86e7c0,10,PART003,140,Each,Active,21000,USD
ec291aa4-b481-4024-99f2-ea3ecf86e7c0-20,ec291aa4-b481-4024-99f2-ea3ecf86e7c0,20,PART001,390,Each,Active,87750,USD
ec291aa4-b481-4024-99f2-ea3ecf86e7c0-30,ec291aa4-b481-4024-99f2-ea3ecf86e7c0,30,PART003-2,300,Each,Active,45000,USD
0275ea42-3611-4323-a8c9-233a2b0e0c5c-10,0275ea42-3611-4323-a8c9-233a2b0e0c5c,10,PART006,250,Each,Active,50000,USD
0275ea42-3611-4323-a8c9-233a2b0e0c5c-20,0275ea42-3611-4323-a8c9-233a2b0e0c5c,20,PART001,300,Each,Active,67500,USD
c4ad2dbc-5fee-4561-b625-9decbbc3acb6-10,c4ad2dbc-5fee-4561-b625-9decbbc3acb6,10,PART004,370,Each,Active,64750,USD
cc3b9a11-deb0-4d06-a1f3-8928cf0840ae-10,cc3b9a11-deb0-4d06-a1f3-8928cf0840ae,10,PART003-1,80,Each,Active,8000,USD
cc3b9a11-deb0-4d06-a1f3-8928cf0840ae-20,cc3b9a11-deb0-4d06-a1f3-8928cf0840ae,20,PART005,140,Each,Active,21000,USD
cc3b9a11-deb0-4d06-a1f3-8928cf0840ae-30,cc3b9a11-deb0-4d06-a1f3-8928cf0840ae,30,PART001,310,Each,Active,69750,USD
9fd393cd-d016-40ee-8897-76342d62c407-10,9fd393cd-d016-40ee-8897-76342d62c407,10,PART002,270,Each,Active,20250,USD
9fd393cd-d016-40ee-8897-76342d62c407-20,9fd393cd-d016-40ee-8897-76342d62c407,20,PART003,360,Each,Active,54000,USD
9fd393cd-d016-40ee-8897-76342d62c407-30,9fd393cd-d016-40ee-8897-76342d62c407,30,PART004,280,Each,Active,49000,USD
7cca09f3-9a0e-4cf6-bd46-29ce797a42b0-10,7cca09f3-9a0e-4cf6-bd46-29ce797a42b0,10,PART005,60,Each,Active,9000,USD
1d8d1348-c784-4f5a-afa1-affb3d62a383-10,1d8d1348-c784-4f5a-afa1-affb3d62a383,10,PART006,340,Each,Active,68000,USD
64e25137-7de3-46a9-8494-d9eabe8a3e8b-10,64e25137-7de3-46a9-8494-d9eabe8a3e8b,10,PART003-3,170,Each,Active,34000,USD
b5a2d360-5331-41c7-b45a-2210e48f5aa7-10,b5a2d360-5331-41c7-b45a-2210e48f5aa7,10,PART001,150,Each,Active,33750,USD
3551a6a7-a6c6-4d60-a9a8-3c38bdcf3541-10,3551a6a7-a6c6-4d60-a9a8-3c38bdcf3541,10,PART003-1,490,Each,Active,49000,USD
3551a6a7-a6c6-4d60-a9a8-3c38bdcf3541-20,3551a6a7-a6c6-4d60-a9a8-3c38bdcf3541,20,PART002,230,Each,Active,17250,USD
3264d9f5-3a0b-487c-a3c7-85c094618eb4-10,3264d9f5-3a0b-487c-a3c7-85c094618eb4,10,PART003-1,110,Each,Active,11000,USD
34556e02-ddb9-4ed1-9952-2ff2d2720db2-10,34556e02-ddb9-4ed1-9952-2ff2d2720db2,10,PART003-3,390,Each,Active,78000,USD
b26dbd4f-be61-4a5e-aa3c-7a8e150469c4-10,b26dbd4f-be61-4a5e-aa3c-7a8e150469c4,10,PART006,260,Each,Active,52000,USD
3aa446f6-76c3-47ec-bbca-45251154af43-10,3aa446f6-76c3-47ec-bbca-45251154af43,10,PART001,160,Each,Active,36000,USD
3aa446f6-76c3-47ec-bbca-45251154af43-20,3aa446f6-76c3-47ec-bbca-45251154af43,20,PART005,490,Each,Active,73500,USD
3aa446f6-76c3-47ec-bbca-45251154af43-30,3aa446f6-76c3-47ec-bbca-45251154af43,30,PART002,440,Each,Active,33000,USD
8dcfc087-7eb0-4017-aeba-71660bd4aaf6-10,8dcfc087-7eb0-4017-aeba-71660bd4aaf6,10,PART001,430,Each,Active,96750,USD
8dcfc087-7eb0-4017-aeba-71660bd4aaf6-20,8dcfc087-7eb0-4017-aeba-71660bd4aaf6,20,PART006,440,Each,Active,88000,USD
8dcfc087-7eb0-4017-aeba-71660bd4aaf6-30,8dcfc087-7eb0-4017-aeba-71660bd4aaf6,30,PART003,420,Each,Active,63000,USD
984b7323-ae19-4926-9698-578f25514802-10,984b7323-ae19-4926-9698-578f25514802,10,PART002,280,Each,Active,21000,USD
984b7323-ae19-4926-9698-578f25514802-20,984b7323-ae19-4926-9698-578f25514802,20,PART003-3,210,Each,Active,42000,USD
3409b2f0-20e0-4f68-ad60-605c972942b6-10,3409b2f0-20e0-4f68-ad60-605c972942b6,10,PART003,300,Each,Active,45000,USD
3409b2f0-20e0-4f68-ad60-605c972942b6-20,3409b2f0-20e0-4f68-ad60-605c972942b6,20,PART004,70,Each,Active,12250,USD
3409b2f0-20e0-4f68-ad60-605c972942b6-30,3409b2f0-20e0-4f68-ad60-605c972942b6,30,PART003-1,470,Each,Active,47000,USD
8d109c1c-4ad3-4f47-8276-c36f398138a6-10,8d109c1c-4ad3-4f47-8276-c36f398138a6,10,PART003-1,160,Each,Active,16000,USD
8d109c1c-4ad3-4f47-8276-c36f398138a6-20,8d109c1c-4ad3-4f47-8276-c36f398138a6,20,PART003-3,420,Each,Active,84000,USD
3ddca8a7-65fa-4b97-8f24-3d8c0c48d882-10,3ddca8a7-65fa-4b97-8f24-3d8c0c48d882,10,PART003-3,370,Each,Active,74000,USD
3ddca8a7-65fa-4b97-8f24-3d8c0c48d882-20,3ddca8a7-65fa-4b97-8f24-3d8c0c48d882,20,PART004,140,Each,Active,24500,USD
0901a9b0-19a0-4e93-9daa-7cb12c738a5a-10,0901a9b0-19a0-4e93-9daa-7cb12c738a5a,10,PART001,400,Each,Active,90000,USD
203c6e3a-7b9a-44e8-ae1a-21deda5eb82a-10,203c6e3a-7b9a-44e8-ae1a-21deda5eb82a,10,PART005,460,Each,Active,69000,USD
203c6e3a-7b9a-44e8-ae1a-21deda5eb82a-20,203c6e3a-7b9a-44e8-ae1a-21deda5eb82a,20,PART006,170,Each,Active,34000,USD
203c6e3a-7b9a-44e8-ae1a-21deda5eb82a-30,203c6e3a-7b9a-44e8-ae1a-21deda5eb82a,30,PART004,490,Each,Active,85750,USD
ef7e7108-5387-43e2-8fd3-30aefab41114-10,ef7e7108-5387-43e2-8fd3-30aefab41114,10,PART003-3,480,Each,Active,96000,USD
ef7e7108-5387-43e2-8fd3-30aefab41114-20,ef7e7108-5387-43e2-8fd3-30aefab41114,20,PART003,490,Each,Active,73500,USD
ef7e7108-5387-43e2-8fd3-30aefab41114-30,ef7e7108-5387-43e2-8fd3-30aefab41114,30,PART003-2,370,Each,Active,55500,USD
60bde490-0c97-470c-af71-48eadc328afe-10,60bde490-0c97-470c-af71-48eadc328afe,10,PART003-1,180,Each,Active,18000,USD
60bde490-0c97-470c-af71-48eadc328afe-20,60bde490-0c97-470c-af71-48eadc328afe,20,PART003-2,370,Each,Active,55500,USD
2b896b60-1313-4e78-a302-a3dfc5bd3839-10,2b896b60-1313-4e78-a302-a3dfc5bd3839,10,PART006,390,Each,Active,78000,USD
2b896b60-1313-4e78-a302-a3dfc5bd3839-20,2b896b60-1313-4e78-a302-a3dfc5bd3839,20,PART004,60,Each,Active,10500,USD
2b896b60-1313-4e78-a302-a3dfc5bd3839-30,2b896b60-1313-4e78-a302-a3dfc5bd3839,30,PART002,80,Each,Active,6000,USD
03c5f27a-f635-4177-94bb-68e93eba62b6-10,03c5f27a-f635-4177-94bb-68e93eba62b6,10,PART003,350,Each,Active,52500,USD
03c5f27a-f635-4177-94bb-68e93eba62b6-20,03c5f27a-f635-4177-94bb-68e93eba62b6,20,PART003-1,200,Each,Active,20000,USD
03c5f27a-f635-4177-94bb-68e93eba62b6-30,03c5f27a-f635-4177-94bb-68e93eba62b6,30,PART003-2,400,Each,Active,60000,USD
ffa0419f-f357-4bf8-b2e2-a9f63887d328-10,ffa0419f-f357-4bf8-b2e2-a9f63887d328,10,PART004,490,Each,Active,85750,USD
0f6fbde5-2969-4678-81b1-df39615376b8-10,0f6fbde5-2969-4678-81b1-df39615376b8,10,PART006,180,Each,Active,36000,USD
bf7dbed0-07d7-4adf-a77b-05de698a680a-10,bf7dbed0-07d7-4adf-a77b-05de698a680a,10,PART001,110,Each,Active,24750,USD
bf7dbed0-07d7-4adf-a77b-05de698a680a-20,bf7dbed0-07d7-4adf-a77b-05de698a680a,20,PART006,150,Each,Active,30000,USD
bf7dbed0-07d7-4adf-a77b-05de698a680a-30,bf7dbed0-07d7-4adf-a77b-05de698a680a,30,PART003-2,470,Each,Active,70500,USD
f3d1fc7c-1ca5-4856-a60c-70e753b5573a-10,f3d1fc7c-1ca5-4856-a60c-70e753b5573a,10,PART003-2,270,Each,Active,40500,USD
f3d1fc7c-1ca5-4856-a60c-70e753b5573a-20,f3d1fc7c-1ca5-4856-a60c-70e753b5573a,20,PART002,320,Each,Active,24000,USD
f3d1fc7c-1ca5-4856-a60c-70e753b5573a-30,f3d1fc7c-1ca5-4856-a60c-70e753b5573a,30,PART004,100,Each,Active,17500,USD
f74a7b4c-57be-4a3d-8e8b-d14640458bf3-10,f74a7b4c-57be-4a3d-8e8b-d14640458bf3,10,PART005,270,Each,Active,40500,USD
f74a7b4c-57be-4a3d-8e8b-d14640458bf3-20,f74a7b4c-57be-4a3d-8e8b-d14640458bf3,20,PART003-2,100,Each,Active,15000,USD
f74a7b4c-57be-4a3d-8e8b-d14640458bf3-30,f74a7b4c-57be-4a3d-8e8b-d14640458bf3,30,PART004,200,Each,Active,35000,USD
f3340883-95e4-4151-a267-10585191b782-10,f3340883-95e4-4151-a267-10585191b782,10,PART003-2,130,Each,Active,19500,USD
f3340883-95e4-4151-a267-10585191b782-20,f3340883-95e4-4151-a267-10585191b782,20,PART003-1,180,Each,Active,18000,USD
f3340883-95e4-4151-a267-10585191b782-30,f3340883-95e4-4151-a267-10585191b782,30,PART004,180,Each,Active,31500,USD
18736b56-46fe-4784-9bac-120f51dfc1a9-10,18736b56-46fe-4784-9bac-120f51dfc1a9,10,PART001,320,Each,Active,72000,USD
f78558a0-df55-4217-83ae-67386f3b4c19-10,f78558a0-df55-4217-83ae-67386f3b4c19,10,PART003-3,410,Each,Active,82000,USD
f73c37e1-6306-4569-9a7e-23c61c40f82d-10,f73c37e1-6306-4569-9a7e-23c61c40f82d,10,PART002,480,Each,Active,36000,USD
f73c37e1-6306-4569-9a7e-23c61c40f82d-20,f73c37e1-6306-4569-9a7e-23c61c40f82d,20,PART006,240,Each,Active,48000,USD
1e358aaa-d474-410d-87a2-46911d8d0178-10,1e358aaa-d474-410d-87a2-46911d8d0178,10,PART003,450,Each,Active,67500,USD
93f1f8a2-2118-4e84-8a44-6365cabfb6cc-10,93f1f8a2-2118-4e84-8a44-6365cabfb6cc,10,PART003-1,310,Each,Active,31000,USD
93f1f8a2-2118-4e84-8a44-6365cabfb6cc-20,93f1f8a2-2118-4e84-8a44-6365cabfb6cc,20,PART005,390,Each,Active,58500,USD
93f1f8a2-2118-4e84-8a44-6365cabfb6cc-30,93f1f8a2-2118-4e84-8a44-6365cabfb6cc,30,PART004,480,Each,Active,84000,USD
c341579c-cfbf-4640-9d9f-2fc06ebd78f2-10,c341579c-cfbf-4640-9d9f-2fc06ebd78f2,10,PART002,270,Each,Active,20250,USD
c341579c-cfbf-4640-9d9f-2fc06ebd78f2-20,c341579c-cfbf-4640-9d9f-2fc06ebd78f2,20,PART006,190,Each,Active,38000,USD
c341579c-cfbf-4640-9d9f-2fc06ebd78f2-30,c341579c-cfbf-4640-9d9f-2fc06ebd78f2,30,PART003-2,230,Each,Active,34500,USD
963351e9-e447-4dac-bbd0-176c2f2a1fdd-10,963351e9-e447-4dac-bbd0-176c2f2a1fdd,10,PART001,490,Each,Active,110250,USD
963351e9-e447-4dac-bbd0-176c2f2a1fdd-20,963351e9-e447-4dac-bbd0-176c2f2a1fdd,20,PART005,440,Each,Active,66000,USD
8df7b2c2-34be-43fa-a87d-abc8a0ad1c9c-10,8df7b2c2-34be-43fa-a87d-abc8a0ad1c9c,10,PART003-2,60,Each,Active,9000,USD
8df7b2c2-34be-43fa-a87d-abc8a0ad1c9c-20,8df7b2c2-34be-43fa-a87d-abc8a0ad1c9c,20,PART004,70,Each,Active,12250,USD
8df7b2c2-34be-43fa-a87d-abc8a0ad1c9c-30,8df7b2c2-34be-43fa-a87d-abc8a0ad1c9c,30,PART003-1,340,Each,Active,34000,USD
0ce13b8b-4478-4efb-a24e-9774ef488d6d-10,0ce13b8b-4478-4efb-a24e-9774ef488d6d,10,PART006,150,Each,Active,30000,USD
0ce13b8b-4478-4efb-a24e-9774ef488d6d-20,0ce13b8b-4478-4efb-a24e-9774ef488d6d,20,PART003-2,110,Each,Active,16500,USD
2f289e53-372f-4b16-8a64-eb6375d40555-10,2f289e53-372f-4b16-8a64-eb6375d40555,10,PART002,350,Each,Active,26250,USD
6213bd83-e2f9-4f4f-b8c7-2c3bfb4c51f1-10,6213bd83-e2f9-4f4f-b8c7-2c3bfb4c51f1,10,PART001,430,Each,Active,96750,USD
5e92776e-e78b-4975-9295-02da3150907c-10,5e92776e-e78b-4975-9295-02da3150907c,10,PART003-1,80,Each,Active,8000,USD
5e92776e-e78b-4975-9295-02da3150907c-20,5e92776e-e78b-4975-9295-02da3150907c,20,PART003-2,500,Each,Active,75000,USD
b59a08b9-c142-47f3-a684-82281f3f9a54-10,b59a08b9-c142-47f3-a684-82281f3f9a54,10,PART005,60,Each,Active,9000,USD
b59a08b9-c142-47f3-a684-82281f3f9a54-20,b59a08b9-c142-47f3-a684-82281f3f9a54,20,PART003-1,400,Each,Active,40000,USD
b59a08b9-c142-47f3-a684-82281f3f9a54-30,b59a08b9-c142-47f3-a684-82281f3f9a54,30,PART004,480,Each,Active,84000,USD
7308940e-ce9e-4f1b-be4e-9f1b9a898f29-10,7308940e-ce9e-4f1b-be4e-9f1b9a898f29,10,PART006,430,Each,Active,86000,USD
99c670a1-0915-4be0-bb75-607815cfe5f6-10,99c670a1-0915-4be0-bb75-607815cfe5f6,10,PART003,60,Each,Active,9000,USD
99c670a1-0915-4be0-bb75-607815cfe5f6-20,99c670a1-0915-4be0-bb75-607815cfe5f6,20,PART002,350,Each,Active,26250,USD
99c670a1-0915-4be0-bb75-607815cfe5f6-30,99c670a1-0915-4be0-bb75-607815cfe5f6,30,PART003-2,450,Each,Active,67500,USD
66f3ad22-8bcc-410e-978b-0c882bd2ebda-10,66f3ad22-8bcc-410e-978b-0c882bd2ebda,10,PART003-3,70,Each,Active,14000,USD
66f3ad22-8bcc-410e-978b-0c882bd2ebda-20,66f3ad22-8bcc-410e-978b-0c882bd2ebda,20,PART004,70,Each,Active,12250,USD
9128f74f-b8db-4048-ac43-c6583815698f-10,9128f74f-b8db-4048-ac43-c6583815698f,10,PART001,60,Each,Active,13500,USD
9128f74f-b8db-4048-ac43-c6583815698f-20,9128f74f-b8db-4048-ac43-c6583815698f,20,PART002,70,Each,Active,5250,USD
9128f74f-b8db-4048-ac43-c6583815698f-30,9128f74f-b8db-4048-ac43-c6583815698f,30,PART003-3,250,Each,Active,50000,USD
108a4e51-273d-4d0c-8f95-fce63f4f6d74-10,108a4e51-273d-4d0c-8f95-fce63f4f6d74,10,PART006,290,Each,Active,58000,USD
108a4e51-273d-4d0c-8f95-fce63f4f6d74-20,108a4e51-273d-4d0c-8f95-fce63f4f6d74,20,PART003-3,120,Each,Active,24000,USD
81ade6ef-305d-4025-9e27-9f12b8e8a523-10,81ade6ef-305d-4025-9e27-9f12b8e8a523,10,PART003-3,370,Each,Active,74000,USD
81ade6ef-305d-4025-9e27-9f12b8e8a523-20,81ade6ef-305d-4025-9e27-9f12b8e8a523,20,PART003,470,Each,Active,70500,USD
a3ed8907-b250-4bed-82d6-8ac03ec735ff-10,a3ed8907-b250-4bed-82d6-8ac03ec735ff,10,PART004,100,Each,Active,17500,USD
bf3b4331-7494-4e87-8745-53b4d8975428-10,bf3b4331-7494-4e87-8745-53b4d8975428,10,PART003-2,210,Each,Active,31500,USD
bf3b4331-7494-4e87-8745-53b4d8975428-20,bf3b4331-7494-4e87-8745-53b4d8975428,20,PART003-1,490,Each,Active,49000,USD
bf3b4331-7494-4e87-8745-53b4d8975428-30,bf3b4331-7494-4e87-8745-53b4d8975428,30,PART001,140,Each,Active,31500,USD
2bf5da60-93f7-48bb-82c6-c742e7c60f18-10,2bf5da60-93f7-48bb-82c6-c742e7c60f18,10,PART005,230,Each,Active,34500,USD
2bf5da60-93f7-48bb-82c6-c742e7c60f18-20,2bf5da60-93f7-48bb-82c6-c742e7c60f18,20,PART002,190,Each,Active,14250,USD
2bf5da60-93f7-48bb-82c6-c742e7c60f18-30,2bf5da60-93f7-48bb-82c6-c742e7c60f18,30,PART003-3,140,Each,Active,28000,USD
013a2e6e-677b-4bc6-aa48-c5016c7c396a-10,013a2e6e-677b-4bc6-aa48-c5016c7c396a,10,PART003,150,Each,Active,22500,USD
5abbef68-68f8-4601-b9ae-5e02b9eef384-10,5abbef68-68f8-4601-b9ae-5e02b9eef384,10,PART001,340,Each,Active,76500,USD
5abbef68-68f8-4601-b9ae-5e02b9eef384-20,5abbef68-68f8-4601-b9ae-5e02b9eef384,20,PART003-2,440,Each,Active,66000,USD
11a6b018-df42-4d2c-8ef4-4d9934c98a95-10,11a6b018-df42-4d2c-8ef4-4d9934c98a95,10,PART003-2,430,Each,Active,64500,USD
11a6b018-df42-4d2c-8ef4-4d9934c98a95-20,11a6b018-df42-4d2c-8ef4-4d9934c98a95,20,PART001,300,Each,Active,67500,USD
11a6b018-df42-4d2c-8ef4-4d9934c98a95-30,11a6b018-df42-4d2c-8ef4-4d9934c98a95,30,PART003-3,170,Each,Active,34000,USD
8428aa8b-fff2-4beb-9c0b-bca196d91092-10,8428aa8b-fff2-4beb-9c0b-bca196d91092,10,PART004,330,Each,Active,57750,USD
245f6679-0f23-42fb-b47b-ed8a4931770b-10,245f6679-0f23-42fb-b47b-ed8a4931770b,10,PART006,340,Each,Active,68000,USD
245f6679-0f23-42fb-b47b-ed8a4931770b-20,245f6679-0f23-42fb-b47b-ed8a4931770b,20,PART003-2,170,Each,Active,25500,USD
b4e409ac-570c-4222-9c23-1ee92b686074-10,b4e409ac-570c-4222-9c23-1ee92b686074,10,PART003-2,350,Each,Active,52500,USD
b4e409ac-570c-4222-9c23-1ee92b686074-20,b4e409ac-570c-4222-9c23-1ee92b686074,20,PART003,270,Each,Active,40500,USD
b4e409ac-570c-4222-9c23-1ee92b686074-30,b4e409ac-570c-4222-9c23-1ee92b686074,30,PART001,120,Each,Active,27000,USD
d602d35d-6b1e-42fe-aa32-de3c311ccb1e-10,d602d35d-6b1e-42fe-aa32-de3c311ccb1e,10,PART003-3,110,Each,Active,22000,USD
d602d35d-6b1e-42fe-aa32-de3c311ccb1e-20,d602d35d-6b1e-42fe-aa32-de3c311ccb1e,20,PART001,330,Each,Active,74250,USD
ddf883b2-b4db-4a3f-aaf1-80bd318c6204-10,ddf883b2-b4db-4a3f-aaf1-80bd318c6204,10,PART003-2,470,Each,Active,70500,USD
ddf883b2-b4db-4a3f-aaf1-80bd318c6204-20,ddf883b2-b4db-4a3f-aaf1-80bd318c6204,20,PART004,370,Each,Active,64750,USD
ddf883b2-b4db-4a3f-aaf1-80bd318c6204-30,ddf883b2-b4db-4a3f-aaf1-80bd318c6204,30,PART001,280,Each,Active,63000,USD
9d1e801d-4996-4f88-99a1-56efec4a2dc2-10,9d1e801d-4996-4f88-99a1-56efec4a2dc2,10,PART002,290,Each,Active,21750,USD
9d1e801d-4996-4f88-99a1-56efec4a2dc2-20,9d1e801d-4996-4f88-99a1-56efec4a2dc2,20,PART006,360,Each,Active,72000,USD
9d1e801d-4996-4f88-99a1-56efec4a2dc2-30,9d1e801d-4996-4f88-99a1-56efec4a2dc2,30,PART003-2,460,Each,Active,69000,USD
4e6129d4-9a47-4144-b36f-6665fdeb636b-10,4e6129d4-9a47-4144-b36f-6665fdeb636b,10,PART005,120,Each,Active,18000,USD
c28f3ac4-fc02-411e-b4ae-24f4728adc39-10,c28f3ac4-fc02-411e-b4ae-24f4728adc39,10,PART003-2,460,Each,Active,69000,USD
5c8c0271-c243-405f-a7f6-83946d933409-10,5c8c0271-c243-405f-a7f6-83946d933409,10,PART003-1,80,Each,Active,8000,USD
5c8c0271-c243-405f-a7f6-83946d933409-20,5c8c0271-c243-405f-a7f6-83946d933409,20,PART003-3,480,Each,Active,96000,USD
5c8c0271-c243-405f-a7f6-83946d933409-30,5c8c0271-c243-405f-a7f6-83946d933409,30,PART004,240,Each,Active,42000,USD
129f683c-e1b8-44a3-a5d6-b036bc91656a-10,129f683c-e1b8-44a3-a5d6-b036bc91656a,10,PART003-3,120,Each,Active,24000,USD
155c09a8-707d-43d0-ad7d-4f4d9d43162f-10,155c09a8-707d-43d0-ad7d-4f4d9d43162f,10,PART004,490,Each,Active,85750,USD
155c09a8-707d-43d0-ad7d-4f4d9d43162f-20,155c09a8-707d-43d0-ad7d-4f4d9d43162f,20,PART002,480,Each,Active,36000,USD
155c09a8-707d-43d0-ad7d-4f4d9d43162f-30,155c09a8-707d-43d0-ad7d-4f4d9d43162f,30,PART003-1,160,Each,Active,16000,USD
d07b8fe1-10bf-48ff-9be7-ffe02f09613a-10,d07b8fe1-10bf-48ff-9be7-ffe02f09613a,10,PART003-3,480,Each,Active,96000,USD
5c43597f-d08c-4046-bffb-012c1fc852ad-10,5c43597f-d08c-4046-bffb-012c1fc852ad,10,PART001,200,Each,Active,45000,USD
73f2df05-0ffa-49d7-bb3d-4153f5e99005-10,73f2df05-0ffa-49d7-bb3d-4153f5e99005,10,PART002,350,Each,Active,26250,USD
73f2df05-0ffa-49d7-bb3d-4153f5e99005-20,73f2df05-0ffa-49d7-bb3d-4153f5e99005,20,PART003-1,170,Each,Active,17000,USD
e4b3aeea-3f93-4e1e-a6df-792e5952b9d2-10,e4b3aeea-3f93-4e1e-a6df-792e5952b9d2,10,PART001,490,Each,Active,110250,USD
e4b3aeea-3f93-4e1e-a6df-792e5952b9d2-20,e4b3aeea-3f93-4e1e-a6df-792e5952b9d2,20,PART006,130,Each,Active,26000,USD
31e0e768-8e17-4618-9e19-b4103f24860a-10,31e0e768-8e17-4618-9e19-b4103f24860a,10,PART003-3,80,Each,Active,16000,USD
69f7df8f-11d3-4769-9679-5e4a253997f6-10,69f7df8f-11d3-4769-9679-5e4a253997f6,10,PART003,70,Each,Active,10500,USD
69f7df8f-11d3-4769-9679-5e4a253997f6-20,69f7df8f-11d3-4769-9679-5e4a253997f6,20,PART003-1,200,Each,Active,20000,USD
69f7df8f-11d3-4769-9679-5e4a253997f6-30,69f7df8f-11d3-4769-9679-5e4a253997f6,30,PART005,250,Each,Active,37500,USD
9aa39463-ea0b-4c75-be70-44d434d0c747-10,9aa39463-ea0b-4c75-be70-44d434d0c747,10,PART005,330,Each,Active,49500,USD
7067e651-9dd8-4058-8033-b1103c300610-10,7067e651-9dd8-4058-8033-b1103c300610,10,PART003,60,Each,Active,9000,USD
413f7fc3-7425-48f3-ba56-16925710978f-10,413f7fc3-7425-48f3-ba56-16925710978f,10,PART002,410,Each,Active,30750,USD
413f7fc3-7425-48f3-ba56-16925710978f-20,413f7fc3-7425-48f3-ba56-16925710978f,20,PART003-1,110,Each,Active,11000,USD
a4fa237c-30cf-4b02-b827-eb2721ed429b-10,a4fa237c-30cf-4b02-b827-eb2721ed429b,10,PART004,400,Each,Active,70000,USD
75da2691-2e46-44ea-9139-ae2e1f8b9bd8-10,75da2691-2e46-44ea-9139-ae2e1f8b9bd8,10,PART005,360,Each,Active,54000,USD
75da2691-2e46-44ea-9139-ae2e1f8b9bd8-20,75da2691-2e46-44ea-9139-ae2e1f8b9bd8,20,PART003-2,100,Each,Active,15000,USD
f12d2716-6df7-461b-a2a4-796e10170b66-10,f12d2716-6df7-461b-a2a4-796e10170b66,10,PART002,500,Each,Active,37500,USD
46adc0a0-ab46-49ab-8fdd-60e427ab958a-10,46adc0a0-ab46-49ab-8fdd-60e427ab958a,10,PART003-3,250,Each,Active,50000,USD
532d121a-0d62-41a0-a98e-023f82a52c5e-10,532d121a-0d62-41a0-a98e-023f82a52c5e,10,PART003-2,450,Each,Active,67500,USD
532d121a-0d62-41a0-a98e-023f82a52c5e-20,532d121a-0d62-41a0-a98e-023f82a52c5e,20,PART005,360,Each,Active,54000,USD
532d121a-0d62-41a0-a98e-023f82a52c5e-30,532d121a-0d62-41a0-a98e-023f82a52c5e,30,PART001,460,Each,Active,103500,USD
09371a8a-ac9a-43eb-b795-d1ae2c30b2bd-10,09371a8a-ac9a-43eb-b795-d1ae2c30b2bd,10,PART002,130,Each,Active,9750,USD
09371a8a-ac9a-43eb-b795-d1ae2c30b2bd-20,09371a8a-ac9a-43eb-b795-d1ae2c30b2bd,20,PART005,220,Each,Active,33000,USD
09371a8a-ac9a-43eb-b795-d1ae2c30b2bd-30,09371a8a-ac9a-43eb-b795-d1ae2c30b2bd,30,PART003-3,200,Each,Active,40000,USD
55d71ca7-7f51-4d68-b8c2-2725932e9a46-10,55d71ca7-7f51-4d68-b8c2-2725932e9a46,10,PART006,470,Each,Active,94000,USD
55d71ca7-7f51-4d68-b8c2-2725932e9a46-20,55d71ca7-7f51-4d68-b8c2-2725932e9a46,20,PART003-1,130,Each,Active,13000,USD
f167a3e5-5afe-417b-beee-7f293d349320-10,f167a3e5-5afe-417b-beee-7f293d349320,10,PART002,250,Each,Active,18750,USD
f167a3e5-5afe-417b-beee-7f293d349320-20,f167a3e5-5afe-417b-beee-7f293d349320,20,PART003-2,90,Each,Active,13500,USD
f167a3e5-5afe-417b-beee-7f293d349320-30,f167a3e5-5afe-417b-beee-7f293d349320,30,PART005,230,Each,Active,34500,USD
dab32e16-fca9-4141-a732-66caf1259657-10,dab32e16-fca9-4141-a732-66caf1259657,10,PART003-1,230,Each,Active,23000,USD
197ad217-0d88-4d59-9219-4084a254392d-10,197ad217-0d88-4d59-9219-4084a254392d,10,PART005,180,Each,Active,27000,USD
7359ab86-ce1c-4ffa-80c1-6e13390d136c-10,7359ab86-ce1c-4ffa-80c1-6e13390d136c,10,PART001,330,Each,Active,74250,USD
0210807d-d10d-499c-b697-68be4effbd0c-10,0210807d-d10d-499c-b697-68be4effbd0c,10,PART003,400,Each,Active,60000,USD
40faaa6a-5dcb-4b7e-8153-807552b5ee8f-10,40faaa6a-5dcb-4b7e-8153-807552b5ee8f,10,PART003-3,150,Each,Active,30000,USD
40faaa6a-5dcb-4b7e-8153-807552b5ee8f-20,40faaa6a-5dcb-4b7e-8153-807552b5ee8f,20,PART005,430,Each,Active,64500,USD
40faaa6a-5dcb-4b7e-8153-807552b5ee8f-30,40faaa6a-5dcb-4b7e-8153-807552b5ee8f,30,PART006,370,Each,Active,74000,USD
da6d1a29-8e8f-4b3a-986e-6e66417fd22b-10,da6d1a29-8e8f-4b3a-986e-6e66417fd22b,10,PART004,170,Each,Active,29750,USD
da6d1a29-8e8f-4b3a-986e-6e66417fd22b-20,da6d1a29-8e8f-4b3a-986e-6e66417fd22b,20,PART002,400,Each,Active,30000,USD
dcd7a523-d4d7-4e8a-9a30-7265d3ddc23f-10,dcd7a523-d4d7-4e8a-9a30-7265d3ddc23f,10,PART003-3,60,Each,Active,12000,USD
dcd7a523-d4d7-4e8a-9a30-7265d3ddc23f-20,dcd7a523-d4d7-4e8a-9a30-7265d3ddc23f,20,PART003,190,Each,Active,28500,USD
dcd7a523-d4d7-4e8a-9a30-7265d3ddc23f-30,dcd7a523-d4d7-4e8a-9a30-7265d3ddc23f,30,PART004,450,Each,Active,78750,USD
b8f04e5a-4705-4da8-aae4-5159e168c956-10,b8f04e5a-4705-4da8-aae4-5159e168c956,10,PART001,100,Each,Active,22500,USD
54519579-fff0-4508-9608-f80b3557db31-10,54519579-fff0-4508-9608-f80b3557db31,10,PART004,160,Each,Active,28000,USD
5705a716-095f-4947-8a08-00a5f844db9d-10,5705a716-095f-4947-8a08-00a5f844db9d,10,PART003-2,260,Each,Active,39000,USD
5705a716-095f-4947-8a08-00a5f844db9d-20,5705a716-095f-4947-8a08-00a5f844db9d,20,PART003,180,Each,Active,27000,USD
cf7526a3-b12d-4eb7-94bc-f37267f3289a-10,cf7526a3-b12d-4eb7-94bc-f37267f3289a,10,PART001,270,Each,Active,60750,USD
97e9ca01-4173-4e0c-bc41-9d1c8086b993-10,97e9ca01-4173-4e0c-bc41-9d1c8086b993,10,PART003,270,Each,Active,40500,USD
97e9ca01-4173-4e0c-bc41-9d1c8086b993-20,97e9ca01-4173-4e0c-bc41-9d1c8086b993,20,PART002,460,Each,Active,34500,USD
97e9ca01-4173-4e0c-bc41-9d1c8086b993-30,97e9ca01-4173-4e0c-bc41-9d1c8086b993,30,PART004,490,Each,Active,85750,USD
0c2522ff-353f-4928-9d86-1c46e823c9e2-10,0c2522ff-353f-4928-9d86-1c46e823c9e2,10,PART006,360,Each,Active,72000,USD
9fdcfb5e-ec5e-419d-81ab-558e0ebd17e5-10,9fdcfb5e-ec5e-419d-81ab-558e0ebd17e5,10,PART003-2,260,Each,Active,39000,USD
9fdcfb5e-ec5e-419d-81ab-558e0ebd17e5-20,9fdcfb5e-ec5e-419d-81ab-558e0ebd17e5,20,PART006,170,Each,Active,34000,USD
8ed94491-0b8b-4526-acc3-1b1b354ff94d-10,8ed94491-0b8b-4526-acc3-1b1b354ff94d,10,PART004,120,Each,Active,21000,USD
8ed94491-0b8b-4526-acc3-1b1b354ff94d-20,8ed94491-0b8b-4526-acc3-1b1b354ff94d,20,PART002,460,Each,Active,34500,USD
8ed94491-0b8b-4526-acc3-1b1b354ff94d-30,8ed94491-0b8b-4526-acc3-1b1b354ff94d,30,PART005,370,Each,Active,55500,USD
a8f921d8-5255-4607-8635-a3331eae5c99-10,a8f921d8-5255-4607-8635-a3331eae5c99,10,PART003-3,250,Each,Active,50000,USD
de685b4a-431e-45d5-a80e-904850a5581c-10,de685b4a-431e-45d5-a80e-904850a5581c,10,PART003-1,230,Each,Active,23000,USD
de685b4a-431e-45d5-a80e-904850a5581c-20,de685b4a-431e-45d5-a80e-904850a5581c,20,PART004,330,Each,Active,57750,USD
de685b4a-431e-45d5-a80e-904850a5581c-30,de685b4a-431e-45d5-a80e-904850a5581c,30,PART001,280,Each,Active,63000,USD
117b1676-4b21-4164-ba45-9c887740a03a-10,117b1676-4b21-4164-ba45-9c887740a03a,10,PART003-2,90,Each,Active,13500,USD
117b1676-4b21-4164-ba45-9c887740a03a-20,117b1676-4b21-4164-ba45-9c887740a03a,20,PART006,50,Each,Active,10000,USD
91649517-5295-47ac-8a0a-15e3b1a49784-10,91649517-5295-47ac-8a0a-15e3b1a49784,10,PART003-3,210,Each,Active,42000,USD
91649517-5295-47ac-8a0a-15e3b1a49784-20,91649517-5295-47ac-8a0a-15e3b1a49784,20,PART003,100,Each,Active,15000,USD
91649517-5295-47ac-8a0a-15e3b1a49784-30,91649517-5295-47ac-8a0a-15e3b1a49784,30,PART005,130,Each,Active,19500,USD
92905edf-f428-4249-84d7-0dbf04d2f749-10,92905edf-f428-4249-84d7-0dbf04d2f749,10,PART003-1,480,Each,Active,48000,USD
92905edf-f428-4249-84d7-0dbf04d2f749-20,92905edf-f428-4249-84d7-0dbf04d2f749,20,PART003-3,100,Each,Active,20000,USD
92905edf-f428-4249-84d7-0dbf04d2f749-30,92905edf-f428-4249-84d7-0dbf04d2f749,30,PART005,440,Each,Active,66000,USD
8201df0e-f242-460e-83f8-e26e615bb0f8-10,8201df0e-f242-460e-83f8-e26e615bb0f8,10,PART006,50,Each,Active,10000,USD
8201df0e-f242-460e-83f8-e26e615bb0f8-20,8201df0e-f242-460e-83f8-e26e615bb0f8,20,PART004,150,Each,Active,26250,USD
2dc6b931-5984-4ac9-8a1d-0c0f7f78059b-10,2dc6b931-5984-4ac9-8a1d-0c0f7f78059b,10,PART002,480,Each,Active,36000,USD
be42fcc0-3fa1-466d-8967-702dc821a457-10,be42fcc0-3fa1-466d-8967-702dc821a457,10,PART006,160,Each,Active,32000,USD
be42fcc0-3fa1-466d-8967-702dc821a457-20,be42fcc0-3fa1-466d-8967-702dc821a457,20,PART003-3,450,Each,Active,90000,USD
b91826d5-19a3-4053-bde2-df773c835f63-10,b91826d5-19a3-4053-bde2-df773c835f63,10,PART003-2,390,Each,Active,58500,USD
b91826d5-19a3-4053-bde2-df773c835f63-20,b91826d5-19a3-4053-bde2-df773c835f63,20,PART006,230,Each,Active,46000,USD
b91826d5-19a3-4053-bde2-df773c835f63-30,b91826d5-19a3-4053-bde2-df773c835f63,30,PART003-1,440,Each,Active,44000,USD