ID,CustomerId,orderStatus,orderPlacedDate,shipToLocationId,OrderValue,orderCurrency,requestedShipDate,requestedDeliveryDate,committedShipDate,committedDeliveryDate
40be3a38-6705-45be-a4b3-3d49727c319c,CUST010,Open,2026-09-09,LOC-CUST-8,118000,USD,2026-09-10,2026-09-16,2026-09-11,2026-09-15
37b7ec37-11c6-4d74-88d2-af5713aa00a3,CUST004,Open,2026-09-09,LOC-CUST-2,328000,USD,2026-09-11,2026-09-12,2026-09-10,2026-09-15
95715d33-8794-4940-81a2-7db5e61dd107,CUST007,Open,2026-09-10,LOC-CUST-5,138000,USD,2026-09-11,2026-09-14,2026-09-12,2026-09-14
2ea858e5-37be-4217-bb59-8cbbc0db4b95,CUST010,Open,2026-09-09,LOC-CUST-8,211000,USD,2026-09-11,2026-09-14,2026-09-12,2026-09-13
3f465311-7d61-4321-8e94-cffaa76b9566,CUST008,Open,2026-09-06,LOC-CUST-6,178000,USD,2026-09-07,2026-09-10,2026-09-08,2026-09-13
8bddcbcb-e8df-46a6-bf52-74a68aa87f5f,CUST015,Open,2026-09-10,LOC-CUST-13,488000,USD,2026-09-11,2026-09-17,2026-09-11,2026-09-15
130f00b9-4af8-4659-a1e4-33872d5abcbc,CUST011,Open,2026-09-08,LOC-CUST-9,210000,USD,2026-09-10,2026-09-14,2026-09-10,2026-09-17
dd0f6a82-09d7-4fd1-8d18-f4a27d43d0e4,CUST008,Open,2026-09-06,LOC-CUST-6,930000,USD,2026-09-08,2026-09-15,2026-09-07,2026-09-16
f21e0377-dc59-412b-8be1-47cd64ad9dc2,CUST002,Open,2026-09-07,LOC-CUST-1,120000,USD,2026-09-09,2026-09-16,2026-09-11,2026-09-14
d40591dd-e78f-45aa-8b73-1b1ed60f7d64,CUST009,Open,2026-09-07,LOC-CUST-7,518000,USD,2026-09-09,2026-09-16,2026-09-08,2026-09-16
259bf8fa-8d24-41c0-be1c-4f357a28fade,CUST009,Open,2026-09-07,LOC-CUST-7,754000,USD,2026-09-09,2026-09-13,2026-09-11,2026-09-13
34909f96-85ad-4bb7-8152-fd77aadb6fdd,CUST008,Open,2026-09-06,LOC-CUST-6,300000,USD,2026-09-08,2026-09-13,2026-09-07,2026-09-11
ac2c76f2-0de8-49a0-a102-2d7515087a9b,CUST006,Open,2026-09-10,LOC-CUST-4,332000,USD,2026-09-12,2026-09-17,2026-09-14,2026-09-20
902ab0e4-5e37-4566-997d-c2a16cfec99e,CUST011,Open,2026-09-07,LOC-CUST-9,225000,USD,2026-09-08,2026-09-14,2026-09-10,2026-09-15
cd36545d-35f8-48fe-8e4c-15f6f9100aeb,CUST004,Open,2026-09-09,LOC-CUST-2,331000,USD,2026-09-10,2026-09-14,2026-09-10,2026-09-17
60801806-c55a-4fbb-a02a-f5f865fabaea,CUST004,Open,2026-09-07,LOC-CUST-2,177000,USD,2026-09-09,2026-09-13,2026-09-08,2026-09-15
65e22bb1-13e6-4b16-b51f-c3bd509d487d,CUST006,Open,2026-09-05,LOC-CUST-4,150000,USD,2026-09-07,2026-09-13,2026-09-09,2026-09-12
db7d4061-f171-4e4c-af8f-45f6e4529de1,CUST009,Open,2026-09-07,LOC-CUST-7,115000,USD,2026-09-08,2026-09-15,2026-09-09,2026-09-14
f1b016ff-fcc4-429a-9e85-40a9d82f82c9,CUST004,Open,2026-09-08,LOC-CUST-2,130000,USD,2026-09-09,2026-09-13,2026-09-10,2026-09-14
7a03214c-7699-4801-a646-b260c7240c49,CUST011,Open,2026-09-06,LOC-CUST-9,707000,USD,2026-09-08,2026-09-15,2026-09-09,2026-09-17
0f5f630b-b22e-462d-b85e-ea328285b80a,CUST015,PartialShip,2026-09-03,LOC-CUST-13,368000,USD,2026-09-05,2026-09-12,2026-09-04,2026-09-14
3558f751-37a3-41f0-9bba-7487799793dc,CUST014,PartialShip,2026-09-02,LOC-CUST-12,426000,USD,2026-09-04,2026-09-06,2026-09-04,2026-09-08
786d65a7-713e-4908-bb90-db78fe372bbe,CUST010,PartialShip,2026-09-03,LOC-CUST-8,360000,USD,2026-09-04,2026-09-05,2026-09-04,2026-09-06
073ed4ac-4ada-4771-a0bd-42a5439ce5fc,CUST006,PartialShip,2026-09-04,LOC-CUST-4,150000,USD,2026-09-05,2026-09-10,2026-09-05,2026-09-09
7de0c647-383a-4085-aee5-2e4369619a05,CUST004,PartialShip,2026-09-07,LOC-CUST-2,656000,USD,2026-09-09,2026-09-15,2026-09-10,2026-09-18
090c1d0e-f15e-4128-8046-b26cb6122379,CUST012,PartialShip,2026-09-08,LOC-CUST-10,375000,USD,2026-09-10,2026-09-12,2026-09-12,2026-09-14
9dc65f17-3aa2-416c-991e-aa6bf81a7398,CUST013,PartialShip,2026-09-03,LOC-CUST-11,478000,USD,2026-09-04,2026-09-07,2026-09-04,2026-09-08
83ce1682-4126-4f61-a768-fa28654d1c20,CUST014,PartialShip,2026-09-05,LOC-CUST-12,333000,USD,2026-09-06,2026-09-10,2026-09-07,2026-09-10
8931c192-83ff-49f8-8fe6-eaec08f2004f,CUST015,PartialShip,2026-09-10,LOC-CUST-13,279000,USD,2026-09-12,2026-09-13,2026-09-14,2026-09-16
646104ba-0bab-44d0-a2fc-d9fc919d81e4,CUST014,PartialShip,2026-09-07,LOC-CUST-12,468000,USD,2026-09-08,2026-09-15,2026-09-10,2026-09-12
f18932b0-63ae-4c46-b22f-3a9f3465203e,CUST004,PartialShip,2026-09-05,LOC-CUST-2,709000,USD,2026-09-07,2026-09-14,2026-09-09,2026-09-16
22dada06-aa90-4229-9518-d157b3c9ce83,CUST011,PartialShip,2026-09-06,LOC-CUST-9,120000,USD,2026-09-08,2026-09-15,2026-09-07,2026-09-12
770650dd-6f58-4ecc-be13-46a805987801,CUST010,PartialShip,2026-09-10,LOC-CUST-8,201000,USD,2026-09-12,2026-09-17,2026-09-11,2026-09-18
001dcdf7-de8c-4970-b1f4-3daef38706e8,CUST006,PartialShip,2026-09-07,LOC-CUST-4,48000,USD,2026-09-09,2026-09-12,2026-09-08,2026-09-12
5678becb-ec73-40f8-9b18-9fb6a30d741f,CUST015,PartialShip,2026-09-06,LOC-CUST-13,474000,USD,2026-09-07,2026-09-13,2026-09-08,2026-09-15
6ff6c879-033c-4834-8471-42cf34ea7614,CUST008,PartialShip,2026-09-06,LOC-CUST-6,60000,USD,2026-09-08,2026-09-12,2026-09-08,2026-09-11
8020aba4-c177-425f-9590-368be1c619c8,CUST014,PartialShip,2026-09-03,LOC-CUST-12,246000,USD,2026-09-05,2026-09-08,2026-09-04,2026-09-09
cc9dba09-66e8-4aad-834b-6143e3049779,CUST007,PartialShip,2026-09-07,LOC-CUST-5,267000,USD,2026-09-08,2026-09-11,2026-09-09,2026-09-10
9f41642c-dc9c-49f4-a6f5-60d4eda80dc7,CUST004,PartialShip,2026-09-03,LOC-CUST-2,683000,USD,2026-09-04,2026-09-07,2026-09-05,2026-09-08
813cab81-4f36-42ec-8ae6-bdb0d8f0a217,CUST008,PartialShip,2026-09-03,LOC-CUST-6,325000,USD,2026-09-04,2026-09-07,2026-09-06,2026-09-08
a7c7bad0-b0d7-4d14-b1e7-2229bbb3e13e,CUST009,PartialShip,2026-09-03,LOC-CUST-7,193000,USD,2026-09-04,2026-09-08,2026-09-06,2026-09-11
d5513850-7dd1-4782-8c4f-fb4b643a00ff,CUST012,PartialShip,2026-09-03,LOC-CUST-10,57000,USD,2026-09-04,2026-09-10,2026-09-04,2026-09-11
90c095f7-570e-44e2-a1d7-e69f1d2fc576,CUST004,PartialShip,2026-09-09,LOC-CUST-2,351000,USD,2026-09-10,2026-09-17,2026-09-11,2026-09-19
e916a292-3924-4ad4-9d92-07d7962727eb,CUST015,PartialShip,2026-09-08,LOC-CUST-13,152000,USD,2026-09-09,2026-09-12,2026-09-10,2026-09-15
447e5d3f-1ed3-4573-922d-edd0a3c1df7b,CUST002,PartialShip,2026-09-10,LOC-CUST-1,703000,USD,2026-09-12,2026-09-14,2026-09-14,2026-09-15
4e453c4f-86fc-4394-9465-c4f788773ed5,CUST004,PartialShip,2026-09-02,LOC-CUST-2,81000,USD,2026-09-03,2026-09-08,2026-09-05,2026-09-08
0a8fce0e-2408-43a8-8b53-0ae10808bac5,CUST012,PartialShip,2026-09-03,LOC-CUST-10,96000,USD,2026-09-04,2026-09-05,2026-09-04,2026-09-08
daec81bf-55df-4e90-898e-3e3cf2f871ec,CUST009,PartialShip,2026-09-02,LOC-CUST-7,176000,USD,2026-09-04,2026-09-09,2026-09-04,2026-09-12
0dbb3214-6c18-4fdb-9d2f-2967a463fca9,CUST002,PartialShip,2026-09-09,LOC-CUST-1,64000,USD,2026-09-10,2026-09-14,2026-09-10,2026-09-15
0283a70f-d295-4b07-a463-4bfffec435a5,CUST008,PartialShip,2026-09-04,LOC-CUST-6,148000,USD,2026-09-05,2026-09-11,2026-09-05,2026-09-11
ed29c516-4650-40fc-b084-dbd472f36de0,CUST010,PartialShip,2026-09-06,LOC-CUST-8,434000,USD,2026-09-07,2026-09-13,2026-09-09,2026-09-11
30f5f123-44cd-43fb-94f4-3e8bc24d3552,CUST014,PartialShip,2026-09-09,LOC-CUST-12,117000,USD,2026-09-11,2026-09-17,2026-09-11,2026-09-15
1011e557-7e4f-418d-8b3c-4eae1214edd0,CUST008,PartialShip,2026-09-09,LOC-CUST-6,847000,USD,2026-09-11,2026-09-18,2026-09-13,2026-09-20
4f8688c9-4f96-4e16-9001-efc80430b383,CUST002,PartialShip,2026-09-10,LOC-CUST-1,472000,USD,2026-09-12,2026-09-16,2026-09-14,2026-09-16
47e66101-8a7d-4183-8446-93be2125a98a,CUST008,PartialShip,2026-09-07,LOC-CUST-6,262000,USD,2026-09-09,2026-09-14,2026-09-11,2026-09-13
290468dc-e77f-4f74-a864-650ee8c7c60b,CUST011,FullShip,2026-09-03,LOC-CUST-9,127000,USD,2026-09-04,2026-09-09,2026-09-04,2026-09-06
e8158768-7cdd-42c4-8349-ac85886eea0d,CUST010,FullShip,2026-09-09,LOC-CUST-8,280000,USD,2026-09-10,2026-09-14,2026-09-12,2026-09-13
3167a216-9fc7-476a-a78b-bcdb24ad292a,CUST015,FullShip,2026-09-07,LOC-CUST-13,450000,USD,2026-09-08,2026-09-15,2026-09-10,2026-09-16
f686498d-8230-4f37-abf3-539d4b33413e,CUST009,FullShip,2026-09-08,LOC-CUST-7,371000,USD,2026-09-09,2026-09-10,2026-09-10,2026-09-13
7b12699a-e27e-481b-a910-9044bded9143,CUST008,FullShip,2026-09-05,LOC-CUST-6,600000,USD,2026-09-07,2026-09-13,2026-09-06,2026-09-13
879f792b-dc24-44b0-bc4e-7cb129ed9e32,CUST004,FullShip,2026-08-30,LOC-CUST-2,449000,USD,2026-08-31,2026-09-03,2026-09-02,2026-09-03
b66b4ec9-825a-433c-9018-54558eddb5a8,CUST002,FullShip,2026-09-09,LOC-CUST-1,489000,USD,2026-09-10,2026-09-11,2026-09-12,2026-09-14
3bbc8844-0cc4-4e10-bc1b-7fc39762097f,CUST009,FullShip,2026-09-07,LOC-CUST-7,298000,USD,2026-09-08,2026-09-10,2026-09-08,2026-09-11
15e976b8-fbb0-43a7-93d4-fdc066fabb86,CUST006,FullShip,2026-09-07,LOC-CUST-4,225000,USD,2026-09-08,2026-09-09,2026-09-10,2026-09-12
efdd8276-7fc0-4a4e-bcb3-799ce2a691be,CUST012,FullShip,2026-08-29,LOC-CUST-10,246000,USD,2026-08-30,2026-09-01,2026-08-31,2026-09-01
7602c5ca-6f56-4b90-803e-216cb3d11500,CUST005,FullShip,2026-09-02,LOC-CUST-3,296000,USD,2026-09-04,2026-09-06,2026-09-03,2026-09-08
d1e5e513-fcf9-4fd0-ab58-5b5eff53c5c7,CUST005,FullShip,2026-09-02,LOC-CUST-3,384000,USD,2026-09-03,2026-09-04,2026-09-05,2026-09-06
c745c727-d3d0-42ec-8f42-da8143acc274,CUST005,FullShip,2026-09-05,LOC-CUST-3,284000,USD,2026-09-06,2026-09-11,2026-09-07,2026-09-08
bef2edd1-844f-48e5-a4c8-bcae40a16d63,CUST010,FullShip,2026-09-08,LOC-CUST-8,1048000,USD,2026-09-10,2026-09-14,2026-09-09,2026-09-13
d73c9cb3-1c94-41f3-a699-07c4cf58e92b,CUST009,FullShip,2026-09-03,LOC-CUST-7,796000,USD,2026-09-05,2026-09-12,2026-09-05,2026-09-14
d076146c-431c-45fc-81e3-fa3ee0df01a8,CUST011,FullShip,2026-09-08,LOC-CUST-9,487000,USD,2026-09-10,2026-09-12,2026-09-10,2026-09-12
1a251bae-01bc-4d43-8879-a7656aa1428c,CUST004,FullShip,2026-09-04,LOC-CUST-2,216000,USD,2026-09-05,2026-09-10,2026-09-07,2026-09-13
1cd15433-e9d7-4b4c-88ef-f37043b4fa64,CUST008,FullShip,2026-09-06,LOC-CUST-6,666000,USD,2026-09-07,2026-09-12,2026-09-09,2026-09-10
0c01bdbb-3bb3-4085-b74c-6a0c2fb39167,CUST008,FullShip,2026-08-29,LOC-CUST-6,532000,USD,2026-08-30,2026-09-03,2026-08-31,2026-09-06
17a8295b-a646-4c32-bee6-4bef069ee39c,CUST002,FullShip,2026-08-31,LOC-CUST-1,873000,USD,2026-09-02,2026-09-06,2026-09-01,2026-09-06
b8d920a2-eccc-4385-83fa-0282cdfe8d2a,CUST009,FullShip,2026-09-07,LOC-CUST-7,355000,USD,2026-09-09,2026-09-12,2026-09-09,2026-09-15
f5021ca9-1401-4e81-9231-9c5bceb2de2f,CUST013,FullShip,2026-09-08,LOC-CUST-11,130000,USD,2026-09-09,2026-09-12,2026-09-11,2026-09-13
7c58b425-72d1-4650-a2d3-b9b0dddbd62b,CUST005,FullShip,2026-09-04,LOC-CUST-3,178000,USD,2026-09-06,2026-09-12,2026-09-07,2026-09-14
b01e9c4b-f866-4f87-abef-afeb683e098b,CUST004,FullShip,2026-08-30,LOC-CUST-2,674000,USD,2026-09-01,2026-09-05,2026-09-03,2026-09-08
f0b2e96f-2556-4c43-bb8d-6c84ccd8130d,CUST012,FullShip,2026-09-02,LOC-CUST-10,400000,USD,2026-09-04,2026-09-11,2026-09-05,2026-09-14
ce87857e-24cd-4085-99cd-12d126261dd9,CUST015,FullShip,2026-08-30,LOC-CUST-13,310000,USD,2026-08-31,2026-09-01,2026-08-31,2026-09-04
2a17ee5b-d0b1-410f-8228-d9e9cc73d8a4,CUST007,FullShip,2026-09-08,LOC-CUST-5,739000,USD,2026-09-09,2026-09-13,2026-09-09,2026-09-15
3ce2aa04-c59f-4109-bd0c-fea885a92f86,CUST004,FullShip,2026-09-06,LOC-CUST-2,164000,USD,2026-09-08,2026-09-09,2026-09-10,2026-09-11
909627f6-2720-40cb-9abb-aa972415bd3d,CUST015,FullShip,2026-09-01,LOC-CUST-13,787000,USD,2026-09-02,2026-09-07,2026-09-02,2026-09-07
6c62a305-95cf-46c4-8ddf-a3cb70efd4f4,CUST012,FullShip,2026-09-03,LOC-CUST-10,624000,USD,2026-09-04,2026-09-07,2026-09-05,2026-09-07
e7ad04bc-4435-4697-a800-c686c53b21c5,CUST012,FullShip,2026-09-07,LOC-CUST-10,92000,USD,2026-09-08,2026-09-13,2026-09-08,2026-09-11
49998da2-f6e3-4183-b35a-d992a1779249,CUST011,FullShip,2026-09-08,LOC-CUST-9,200000,USD,2026-09-10,2026-09-12,2026-09-12,2026-09-13
f30ce359-3435-48d1-ad50-2db35f91d29a,CUST011,FullShip,2026-08-31,LOC-CUST-9,535000,USD,2026-09-02,2026-09-08,2026-09-04,2026-09-06
1d3188f8-8474-4b4a-8c8c-c64043169beb,CUST002,FullShip,2026-09-02,LOC-CUST-1,276000,USD,2026-09-04,2026-09-10,2026-09-05,2026-09-11
7ae79633-5efc-4bb9-aa55-5dda7343c5b0,CUST012,FullShip,2026-09-10,LOC-CUST-10,137000,USD,2026-09-11,2026-09-18,2026-09-12,2026-09-16
96bdcd97-6741-4252-a2fc-99869929212e,CUST008,FullShip,2026-08-31,LOC-CUST-6,240000,USD,2026-09-01,2026-09-04,2026-09-02,2026-09-05
b4df46ff-adc4-456e-9fc9-79294469ced6,CUST014,FullShip,2026-08-30,LOC-CUST-12,184000,USD,2026-09-01,2026-09-07,2026-09-01,2026-09-07
f131a424-d681-494d-b275-de92e34fdbbd,CUST013,FullShip,2026-09-02,LOC-CUST-11,48000,USD,2026-09-03,2026-09-05,2026-09-05,2026-09-08
70ccdd56-a41f-4aca-9e4a-772c38758b20,CUST007,FullShip,2026-09-02,LOC-CUST-5,576000,USD,2026-09-04,2026-09-11,2026-09-04,2026-09-14
176d8a2a-a53f-43ca-8617-ec20fafa0b32,CUST002,FullShip,2026-09-01,LOC-CUST-1,72000,USD,2026-09-02,2026-09-07,2026-09-04,2026-09-08
62047803-1a88-4b91-8719-def4c55d5d44,CUST009,Closed,2026-04-04,LOC-CUST-7,344000,USD,2026-04-06,2026-04-13,2026-04-08,2026-04-15
dc2029fc-d729-4f96-8c50-2fb7b11a7669,CUST015,Closed,2026-06-06,LOC-CUST-13,260000,USD,2026-06-08,2026-06-15,2026-06-10,2026-06-12
97a119c5-57a6-46ad-94aa-71e104f15b70,CUST009,Closed,2026-08-25,LOC-CUST-7,156000,USD,2026-08-26,2026-09-05,2026-08-27,2026-09-03
c399e5b7-6f1a-40ac-bf6b-e30ab0d7a0f3,CUST008,Closed,2026-08-30,LOC-CUST-6,711000,USD,2026-09-01,2026-09-08,2026-09-01,2026-09-08
2c638db9-b60f-4224-b4ea-8a3625f8000b,CUST014,Closed,2026-07-28,LOC-CUST-12,482000,USD,2026-07-29,2026-08-05,2026-07-31,2026-08-08
246c64f3-662e-4d88-932f-49f13e616955,CUST014,Closed,2026-07-01,LOC-CUST-12,375000,USD,2026-07-02,2026-07-11,2026-07-02,2026-07-12
808ee033-46b5-4071-93cb-376122d6fe85,CUST007,Closed,2026-07-28,LOC-CUST-5,556000,USD,2026-07-29,2026-08-05,2026-07-29,2026-08-07
0a65beed-43e6-4f11-be01-b993f09dbe55,CUST002,Closed,2026-04-07,LOC-CUST-1,362000,USD,2026-04-09,2026-04-17,2026-04-09,2026-04-19
3272e026-6d73-47c9-93a5-3bfa5bc9d780,CUST005,Closed,2026-06-11,LOC-CUST-3,820000,USD,2026-06-12,2026-06-22,2026-06-12,2026-06-19
48aa9b5b-89f5-42d6-8afc-c9fe62078e46,CUST013,Closed,2026-05-13,LOC-CUST-11,308000,USD,2026-05-14,2026-05-21,2026-05-14,2026-05-23
d44965c8-e84b-464a-b928-8806765ac67f,CUST010,Closed,2026-06-21,LOC-CUST-8,678000,USD,2026-06-23,2026-06-30,2026-06-25,2026-07-02
af5e3eba-9fd5-4c7b-bb87-220cb3729755,CUST012,Closed,2026-03-22,LOC-CUST-10,793000,USD,2026-03-24,2026-04-02,2026-03-24,2026-03-29
ce8dbb8f-6e77-4914-9726-96b22a78d939,CUST006,Closed,2026-04-12,LOC-CUST-4,216000,USD,2026-04-14,2026-04-23,2026-04-16,2026-04-23
723e536a-0795-41a6-80eb-86bcaacd6528,CUST006,Closed,2026-05-27,LOC-CUST-4,331000,USD,2026-05-29,2026-06-07,2026-05-28,2026-06-03
7ec20f1d-16dd-4035-abfd-a5039f6df47d,CUST015,Closed,2026-04-15,LOC-CUST-13,413000,USD,2026-04-17,2026-04-27,2026-04-18,2026-04-26
d1909b10-28e5-48ee-bf1b-2440e7b4376d,CUST015,Closed,2026-04-07,LOC-CUST-13,530000,USD,2026-04-08,2026-04-16,2026-04-09,2026-04-14
13497247-49bd-4837-b4cf-cdb3f0cfe6fe,CUST009,Closed,2026-08-19,LOC-CUST-7,359000,USD,2026-08-20,2026-08-30,2026-08-20,2026-08-25
37f0ed22-9e50-4492-8455-388cde948f40,CUST004,Closed,2026-04-06,LOC-CUST-2,179000,USD,2026-04-08,2026-04-18,2026-04-08,2026-04-13
535ea2a3-6a1a-40d0-b835-7fd812b0661f,CUST009,Closed,2026-07-08,LOC-CUST-7,327000,USD,2026-07-09,2026-07-16,2026-07-10,2026-07-13
064b3e84-7bb3-4b50-8f16-d345e8cfe50c,CUST015,Closed,2026-04-09,LOC-CUST-13,482000,USD,2026-04-11,2026-04-19,2026-04-13,2026-04-21
3993cdcd-ecbf-468b-b4d6-99bbd8fbfb94,CUST015,Closed,2026-08-01,LOC-CUST-13,376000,USD,2026-08-03,2026-08-10,2026-08-02,2026-08-10
ce8cbb0e-0ae1-4880-b985-057400dd4f1c,CUST002,Closed,2026-06-12,LOC-CUST-1,20000,USD,2026-06-14,2026-06-22,2026-06-13,2026-06-23
9774ae0b-397b-4b28-b19a-79ea66c75e93,CUST004,Closed,2026-04-05,LOC-CUST-2,662000,USD,2026-04-07,2026-04-14,2026-04-09,2026-04-13
edc98622-ebc2-4359-993f-cc611d6a2851,CUST002,Closed,2026-08-13,LOC-CUST-1,483000,USD,2026-08-15,2026-08-23,2026-08-16,2026-08-25
2a5118fb-f534-4c31-921a-5d80e86cd166,CUST011,Closed,2026-04-14,LOC-CUST-9,718000,USD,2026-04-16,2026-04-25,2026-04-18,2026-04-24
b2b93ff4-8e1c-4c90-892e-051449239381,CUST015,Closed,2026-08-25,LOC-CUST-13,488000,USD,2026-08-26,2026-09-06,2026-08-28,2026-09-02
4e287261-d57c-4aaf-8646-4429ee0db41d,CUST013,Closed,2026-07-02,LOC-CUST-11,521000,USD,2026-07-03,2026-07-11,2026-07-04,2026-07-10
d1dc9264-cd86-4c10-9e2b-11f2dc2702a0,CUST011,Closed,2026-08-07,LOC-CUST-9,56000,USD,2026-08-09,2026-08-19,2026-08-11,2026-08-14
020a820e-c0a8-43e6-92f7-cc2b07a004cb,CUST013,Closed,2026-05-02,LOC-CUST-11,592000,USD,2026-05-03,2026-05-11,2026-05-05,2026-05-08
6094c75d-447d-4f61-8648-71752d916a7d,CUST010,Closed,2026-08-30,LOC-CUST-8,190000,USD,2026-08-31,2026-09-08,2026-09-01,2026-09-06
ec7e5bf9-8971-4a4b-8627-b0e9b488462e,CUST015,Closed,2026-08-31,LOC-CUST-13,285000,USD,2026-09-02,2026-09-10,2026-09-03,2026-09-07
31e51404-758c-458e-a52b-3a7678fbc7c7,CUST004,Closed,2026-05-13,LOC-CUST-2,292000,USD,2026-05-14,2026-05-22,2026-05-16,2026-05-21
b913dc0b-4a8b-42c8-8c67-4e602cb925ac,CUST005,Closed,2026-05-03,LOC-CUST-3,40000,USD,2026-05-04,2026-05-15,2026-05-05,2026-05-08
02079724-3dc8-43ef-ac4d-5602eee88d5e,CUST005,Closed,2026-05-17,LOC-CUST-3,696000,USD,2026-05-19,2026-05-27,2026-05-21,2026-05-29
c5b5f22d-f9fe-49b7-969b-13563f4d315f,CUST014,Closed,2026-05-28,LOC-CUST-12,480000,USD,2026-05-29,2026-06-05,2026-05-29,2026-06-04
cd29402b-b9c5-4a25-b070-6b4f806eea83,CUST008,Closed,2026-07-05,LOC-CUST-6,48000,USD,2026-07-07,2026-07-15,2026-07-07,2026-07-16
0497227f-e12c-498d-83b6-573d8be840e5,CUST002,Closed,2026-04-09,LOC-CUST-1,150000,USD,2026-04-10,2026-04-18,2026-04-11,2026-04-17
d7f63d39-e9d6-47c3-89c5-f4f02d9d7620,CUST012,Closed,2026-06-10,LOC-CUST-10,336000,USD,2026-06-11,2026-06-18,2026-06-12,2026-06-21
7b0ecaeb-b228-44f9-ac1a-38e7ee5e2704,CUST011,Closed,2026-07-04,LOC-CUST-9,240000,USD,2026-07-06,2026-07-14,2026-07-05,2026-07-15
f5dc3c4c-364e-43d2-8aeb-0dae598d6e87,CUST007,Closed,2026-07-17,LOC-CUST-5,675000,USD,2026-07-18,2026-07-27,2026-07-19,2026-07-23
399044b0-e7a1-440c-a1fd-b3c13f15fced,CUST008,Closed,2026-03-15,LOC-CUST-6,397000,USD,2026-03-16,2026-03-23,2026-03-17,2026-03-25
558e4767-26a9-4603-a52b-2aafbc85f135,CUST008,Closed,2026-05-25,LOC-CUST-6,203000,USD,2026-05-27,2026-06-04,2026-05-28,2026-06-05
2205ef5a-6a15-4ffb-87a0-ef4f5a3d3439,CUST012,Closed,2026-08-06,LOC-CUST-10,216000,USD,2026-08-07,2026-08-17,2026-08-08,2026-08-14
26f869eb-ce58-48e9-91e5-fcdc74ef5f19,CUST013,Closed,2026-04-21,LOC-CUST-11,128000,USD,2026-04-22,2026-05-02,2026-04-24,2026-05-01
14c4916f-ab06-416d-a6df-4685b60284d6,CUST008,Closed,2026-08-14,LOC-CUST-6,222000,USD,2026-08-16,2026-08-25,2026-08-18,2026-08-26
bbc8f1e6-2eb5-4081-adfb-3514d1b6db42,CUST007,Closed,2026-05-13,LOC-CUST-5,478000,USD,2026-05-14,2026-05-22,2026-05-16,2026-05-20
e824a18f-9a46-4535-baf4-f95fd0aca35b,CUST015,Closed,2026-08-25,LOC-CUST-13,826000,USD,2026-08-27,2026-09-03,2026-08-27,2026-09-03
06ec5994-36cd-4bb1-a184-d44222f0169b,CUST005,Closed,2026-06-10,LOC-CUST-3,616000,USD,2026-06-12,2026-06-23,2026-06-14,2026-06-22
4d85a447-1688-4d7a-9087-c103e67e69b0,CUST002,Closed,2026-05-17,LOC-CUST-1,120000,USD,2026-05-19,2026-05-26,2026-05-19,2026-05-27
c51cc8cb-f63b-4f71-85b3-0775273aeea6,CUST013,Closed,2026-06-03,LOC-CUST-11,413000,USD,2026-06-05,2026-06-14,2026-06-07,2026-06-12
23a59144-8a4c-4bd6-adee-11c948fa58c2,CUST004,Closed,2026-07-20,LOC-CUST-2,387000,USD,2026-07-22,2026-08-02,2026-07-24,2026-07-28
b7752e3d-f04d-4f55-be39-67b24d094032,CUST002,Closed,2026-08-23,LOC-CUST-1,390000,USD,2026-08-24,2026-09-05,2026-08-25,2026-08-29
09fc360c-e3e3-4030-a1a9-6f4b93ef4143,CUST008,Closed,2026-03-16,LOC-CUST-6,195000,USD,2026-03-18,2026-03-26,2026-03-19,2026-03-27
dcdb8f41-ca27-4be8-b0e7-a0f8d3bfc15c,CUST005,Closed,2026-08-15,LOC-CUST-3,392000,USD,2026-08-17,2026-08-28,2026-08-18,2026-08-21
1d79812a-4f82-4b84-b7a9-cb126fe08e90,CUST011,Closed,2026-08-19,LOC-CUST-9,434000,USD,2026-08-21,2026-08-30,2026-08-20,2026-08-27
e778d399-8475-4f16-b77f-ad1a260be3ec,CUST008,Closed,2026-07-06,LOC-CUST-6,306000,USD,2026-07-08,2026-07-18,2026-07-07,2026-07-13
7328c1e6-c00a-4b54-876a-28d2405a5353,CUST008,Closed,2026-06-02,LOC-CUST-6,176000,USD,2026-06-03,2026-06-12,2026-06-05,2026-06-07
13532544-8177-4754-b58e-993fd284293c,CUST004,Closed,2026-06-07,LOC-CUST-2,32000,USD,2026-06-09,2026-06-19,2026-06-11,2026-06-14
e7960d31-b8a6-4a08-9021-97264bcebfb2,CUST006,Closed,2026-04-10,LOC-CUST-4,96000,USD,2026-04-11,2026-04-19,2026-04-12,2026-04-21
76499042-6896-4a97-9927-eaa59179c329,CUST015,Closed,2026-05-09,LOC-CUST-13,269000,USD,2026-05-11,2026-05-19,2026-05-10,2026-05-17
0e696a52-2f2e-443e-94c0-cab5e2510512,CUST014,Closed,2026-05-06,LOC-CUST-12,496000,USD,2026-05-07,2026-05-17,2026-05-08,2026-05-14
f45a60fb-e84b-45fb-89d8-e0b558cb8ed8,CUST012,Closed,2026-07-11,LOC-CUST-10,258000,USD,2026-07-12,2026-07-20,2026-07-12,2026-07-16
5c78266f-5bf9-46e4-a98a-a39c81d34d68,CUST012,Closed,2026-06-17,LOC-CUST-10,700000,USD,2026-06-18,2026-06-29,2026-06-19,2026-06-26
b3204182-e046-4606-8c50-dbf356bc7947,CUST005,Closed,2026-03-29,LOC-CUST-3,184000,USD,2026-03-30,2026-04-08,2026-04-01,2026-04-06
1c62d8c9-43a7-4210-accb-abb1eee6f319,CUST008,Closed,2026-05-16,LOC-CUST-6,463000,USD,2026-05-17,2026-05-25,2026-05-19,2026-05-24
e3ced790-04f7-4893-9355-6e5b5da1f822,CUST013,Closed,2026-08-18,LOC-CUST-11,52000,USD,2026-08-19,2026-08-31,2026-08-20,2026-08-29
bf67b408-50d7-4121-a649-edb17cc1be20,CUST014,Closed,2026-04-16,LOC-CUST-12,364000,USD,2026-04-17,2026-04-27,2026-04-17,2026-04-26
f9e1c7af-c1af-472d-8fea-5031a07953d3,CUST005,Closed,2026-04-22,LOC-CUST-3,617000,USD,2026-04-23,2026-05-02,2026-04-23,2026-04-30
29ca3075-3f72-4ac0-a4c5-22ec5c2f085c,CUST008,Closed,2026-03-29,LOC-CUST-6,155000,USD,2026-03-31,2026-04-07,2026-03-30,2026-04-09
e4f82e19-d321-417c-a445-0123e40be391,CUST009,Closed,2026-05-06,LOC-CUST-7,444000,USD,2026-05-07,2026-05-19,2026-05-07,2026-05-11
483e18a9-1dc5-4b6b-839f-39f1c686f29c,CUST002,Closed,2026-03-27,LOC-CUST-1,245000,USD,2026-03-29,2026-04-08,2026-03-28,2026-04-05
c37b3339-d787-4185-b366-d67076be1899,CUST013,Closed,2026-06-29,LOC-CUST-11,200000,USD,2026-07-01,2026-07-08,2026-06-30,2026-07-10
feb8b0be-0ed0-4798-b0bc-f88f057ef2a5,CUST011,Closed,2026-07-25,LOC-CUST-9,528000,USD,2026-07-27,2026-08-03,2026-07-29,2026-08-06
b7979c8f-7c1b-4293-aecd-cfb01813ccd7,CUST007,Closed,2026-06-26,LOC-CUST-5,117000,USD,2026-06-27,2026-07-05,2026-06-27,2026-07-01
53b97b3b-c0dc-478b-9537-32abef9c8574,CUST002,Closed,2026-03-21,LOC-CUST-1,578000,USD,2026-03-23,2026-03-31,2026-03-25,2026-04-02
6c0b429b-8bdf-46c9-ae4d-25b8ae36a0aa,CUST015,Closed,2026-07-06,LOC-CUST-13,840000,USD,2026-07-08,2026-07-16,2026-07-09,2026-07-15
51e49b78-332d-4f23-916a-ae0eb4fa812c,CUST007,Closed,2026-06-22,LOC-CUST-5,1102000,USD,2026-06-23,2026-07-02,2026-06-25,2026-07-02
e89ef186-3fb3-45e6-a0c6-5a37ecab107f,CUST004,Closed,2026-06-24,LOC-CUST-2,564000,USD,2026-06-26,2026-07-04,2026-06-25,2026-07-05
a60313a9-dd2a-4e83-b21d-7ec569db5e51,CUST008,Closed,2026-08-14,LOC-CUST-6,510000,USD,2026-08-15,2026-08-22,2026-08-15,2026-08-19
53a94958-9678-474d-ae3f-ac7016393034,CUST008,Closed,2026-08-28,LOC-CUST-6,585000,USD,2026-08-30,2026-09-06,2026-08-30,2026-09-08
3a847867-8d3a-4242-a58a-a4d7b9efed06,CUST013,Closed,2026-06-12,LOC-CUST-11,391000,USD,2026-06-13,2026-06-23,2026-06-13,2026-06-19
0812979e-5115-47f0-9859-eb3e9fc7e72a,CUST005,Closed,2026-05-26,LOC-CUST-3,54000,USD,2026-05-27,2026-06-03,2026-05-27,2026-06-06
8d9082fa-f02c-4157-85f2-20647fd1a8eb,CUST011,Closed,2026-07-06,LOC-CUST-9,140000,USD,2026-07-08,2026-07-15,2026-07-07,2026-07-16
9a614c55-850b-429b-aaea-8059ca0b619a,CUST007,Closed,2026-08-29,LOC-CUST-5,60000,USD,2026-08-31,2026-09-09,2026-09-02,2026-09-08
ad3ccaf2-e8f1-4334-a9ce-d247db2f4181,CUST006,Closed,2026-08-31,LOC-CUST-4,112000,USD,2026-09-01,2026-09-08,2026-09-03,2026-09-05
45cfef08-732d-4984-ba01-033a83d60234,CUST005,Closed,2026-04-28,LOC-CUST-3,677000,USD,2026-04-29,2026-05-06,2026-05-01,2026-05-07
dfee8439-a02f-4268-bf19-400b592e0755,CUST006,Closed,2026-07-31,LOC-CUST-4,276000,USD,2026-08-01,2026-08-10,2026-08-03,2026-08-08
db5aae51-91dc-423c-9626-51f505af2ed1,CUST002,Closed,2026-04-27,LOC-CUST-1,72000,USD,2026-04-29,2026-05-09,2026-04-29,2026-05-03
5080e714-5bac-4eda-83cf-d9bac091fd9b,CUST004,Closed,2026-05-12,LOC-CUST-2,566000,USD,2026-05-14,2026-05-21,2026-05-16,2026-05-21
1b62d672-09f5-4c6c-95bd-088fcf6ea5e2,CUST015,Closed,2026-08-11,LOC-CUST-13,40000,USD,2026-08-12,2026-08-22,2026-08-13,2026-08-18
97846f40-7f7d-41dc-9f70-fa40a160b172,CUST008,Closed,2026-04-29,LOC-CUST-6,192000,USD,2026-04-30,2026-05-09,2026-05-02,2026-05-06
3f07d815-d700-4842-a969-0f4450f27213,CUST014,Closed,2026-08-16,LOC-CUST-12,492000,USD,2026-08-17,2026-08-29,2026-08-18,2026-08-25
9879ef30-2acd-4d37-8b52-fa526207584d,CUST005,Closed,2026-07-19,LOC-CUST-3,40000,USD,2026-07-21,2026-07-30,2026-07-21,2026-07-26
71ebda0e-46ab-4718-9164-716a99488d4a,CUST014,Closed,2026-08-08,LOC-CUST-12,420000,USD,2026-08-10,2026-08-17,2026-08-12,2026-08-14
ca25b4fc-32f2-4e99-93fa-e1494be3cb71,CUST012,Closed,2026-04-10,LOC-CUST-10,644000,USD,2026-04-12,2026-04-19,2026-04-14,2026-04-21
91f0fc72-25c0-4256-b34c-ed25ae770a4a,CUST002,Closed,2026-05-20,LOC-CUST-1,64000,USD,2026-05-22,2026-05-30,2026-05-24,2026-05-27
38569231-059d-4ef6-bd64-9fcf4a15c484,CUST010,Closed,2026-03-07,LOC-CUST-8,678000,USD,2026-03-08,2026-03-17,2026-03-10,2026-03-16
1b20eb81-7213-470d-b0f7-dea723d8bba7,CUST012,Closed,2026-07-06,LOC-CUST-10,99000,USD,2026-07-07,2026-07-14,2026-07-07,2026-07-13
acabab87-2d82-4b49-87ca-f9831062aab3,CUST012,Closed,2026-08-20,LOC-CUST-10,188000,USD,2026-08-21,2026-09-01,2026-08-21,2026-08-28
752ed2b0-a7ba-4c58-bb6d-e88f391fc844,CUST002,Closed,2026-05-16,LOC-CUST-1,186000,USD,2026-05-18,2026-05-26,2026-05-17,2026-05-22
463dfb6a-d606-43fa-b1c6-53a72218c99e,CUST013,Closed,2026-04-23,LOC-CUST-11,121000,USD,2026-04-24,2026-05-02,2026-04-25,2026-05-04
9aecb53a-520e-4a26-a665-070d0267a748,CUST004,Closed,2026-05-06,LOC-CUST-2,531000,USD,2026-05-07,2026-05-17,2026-05-08,2026-05-17
8b94758c-410f-4836-8c4e-19a12eed0fc7,CUST010,Closed,2026-08-08,LOC-CUST-8,644000,USD,2026-08-10,2026-08-17,2026-08-10,2026-08-16
9c2f77ce-7b77-4da7-92f2-25214eaf9e13,CUST007,Closed,2026-03-27,LOC-CUST-5,169000,USD,2026-03-29,2026-04-05,2026-03-31,2026-04-07
6b0da4de-bf7e-4fb4-889e-3863cc7fa184,CUST006,Closed,2026-06-27,LOC-CUST-4,658000,USD,2026-06-29,2026-07-07,2026-07-01,2026-07-07
269656e0-3c8d-433b-a096-b4ed81d3512c,CUST009,Closed,2026-08-25,LOC-CUST-7,468000,USD,2026-08-27,2026-09-03,2026-08-29,2026-09-03
11581cb5-ab07-46fd-b7e0-87dde2fbffb6,CUST010,Closed,2026-04-08,LOC-CUST-8,836000,USD,2026-04-10,2026-04-21,2026-04-09,2026-04-14
75b918df-7e33-403a-b730-ce11a0d636b5,CUST010,Closed,2026-04-26,LOC-CUST-8,332000,USD,2026-04-28,2026-05-09,2026-04-27,2026-05-04
b424c290-dc63-4046-9cbe-c1a6bf273489,CUST006,Closed,2026-04-26,LOC-CUST-4,412000,USD,2026-04-28,2026-05-05,2026-04-30,2026-05-06
2bbb5e73-e949-4c5d-99da-4b825f21459f,CUST012,Closed,2026-05-25,LOC-CUST-10,56000,USD,2026-05-26,2026-06-02,2026-05-27,2026-06-04
f9b38e7e-d2e5-4736-ae32-d38a9f6c4a94,CUST015,Closed,2026-04-22,LOC-CUST-13,684000,USD,2026-04-23,2026-05-01,2026-04-23,2026-04-27
618a07fe-5f60-4e06-878b-0ae8736b6652,CUST012,Closed,2026-06-16,LOC-CUST-10,340000,USD,2026-06-17,2026-06-26,2026-06-17,2026-06-22
299b8d36-1824-4fec-ac98-46dd78679218,CUST006,Closed,2026-04-11,LOC-CUST-4,360000,USD,2026-04-13,2026-04-20,2026-04-13,2026-04-22
995b8efb-ac69-4bb0-a183-2c91cd9078c2,CUST015,Closed,2026-04-10,LOC-CUST-13,304000,USD,2026-04-11,2026-04-20,2026-04-12,2026-04-17
a6d083ac-9a40-49d9-8c67-11dc8a48d3bd,CUST006,Closed,2026-08-29,LOC-CUST-4,96000,USD,2026-08-31,2026-09-10,2026-09-02,2026-09-10
1a711630-7d04-4c88-aada-538fed36c2cc,CUST012,Closed,2026-07-10,LOC-CUST-10,136000,USD,2026-07-11,2026-07-20,2026-07-13,2026-07-16
b90bab37-6a04-4327-a5ca-03fd327ac389,CUST004,Closed,2026-04-10,LOC-CUST-2,192000,USD,2026-04-11,2026-04-18,2026-04-11,2026-04-21
1c134788-0f6b-4bd1-832b-81dcad60f8f7,CUST006,Closed,2026-05-29,LOC-CUST-4,576000,USD,2026-05-30,2026-06-07,2026-06-01,2026-06-03
e078940c-d773-4cd4-b1f4-b16f97a02e19,CUST007,Closed,2026-08-17,LOC-CUST-5,176000,USD,2026-08-18,2026-08-26,2026-08-19,2026-08-26
04e6c918-f4a9-4fb6-99b1-3d73f9370485,CUST005,Closed,2026-05-10,LOC-CUST-3,688000,USD,2026-05-12,2026-05-19,2026-05-11,2026-05-20
a954d6bc-35bc-4845-9e50-ada135968baf,CUST011,Closed,2026-04-17,LOC-CUST-9,753000,USD,2026-04-19,2026-04-26,2026-04-21,2026-04-25
36212768-dbb4-4455-9e13-3e7e34dfb5a2,CUST014,Closed,2026-06-08,LOC-CUST-12,493000,USD,2026-06-10,2026-06-21,2026-06-09,2026-06-18
1e409ed0-29df-4a84-863d-2a6da922e71e,CUST012,Closed,2026-06-15,LOC-CUST-10,233000,USD,2026-06-16,2026-06-28,2026-06-18,2026-06-26
89efb7f6-7c07-4bad-b30a-e66c504e1f18,CUST014,Closed,2026-06-06,LOC-CUST-12,210000,USD,2026-06-08,2026-06-16,2026-06-08,2026-06-18
c6c65f6a-57fd-451e-aaf6-c1755d430f85,CUST011,Closed,2026-07-22,LOC-CUST-9,162000,USD,2026-07-23,2026-08-03,2026-07-24,2026-07-28
38c32168-d2ab-4a79-b5fc-6078552c76d1,CUST006,Closed,2026-08-17,LOC-CUST-4,144000,USD,2026-08-18,2026-08-30,2026-08-20,2026-08-28
e3bebaf1-f119-4051-bf39-dab84e5feb3e,CUST015,Closed,2026-06-29,LOC-CUST-13,138000,USD,2026-07-01,2026-07-08,2026-07-03,2026-07-11
0e86a3be-22e3-4cba-8b90-fa8f0b2872ec,CUST010,Closed,2026-03-22,LOC-CUST-8,647000,USD,2026-03-24,2026-04-04,2026-03-26,2026-04-03
e850eb70-6682-4685-bac0-b5a78ba3b72d,CUST013,Closed,2026-08-27,LOC-CUST-11,538000,USD,2026-08-29,2026-09-06,2026-08-30,2026-09-02
54df36ea-6c55-4436-9adb-c69a3fef21c7,CUST013,Closed,2026-03-30,LOC-CUST-11,411000,USD,2026-03-31,2026-04-07,2026-04-01,2026-04-04
156a716e-c78c-406e-b247-9554409e8ce0,CUST009,Closed,2026-03-28,LOC-CUST-7,372000,USD,2026-03-29,2026-04-08,2026-03-31,2026-04-08
cffabf13-f951-40c1-b665-14c830149878,CUST005,Closed,2026-03-10,LOC-CUST-3,524000,USD,2026-03-11,2026-03-21,2026-03-13,2026-03-17
2cea9937-4b5c-4dc6-bb27-ff20d921ccb5,CUST011,Closed,2026-05-15,LOC-CUST-9,268000,USD,2026-05-17,2026-05-24,2026-05-19,2026-05-27
39bb3023-6fda-47ee-b730-97e63a088afe,CUST009,Closed,2026-07-23,LOC-CUST-7,225000,USD,2026-07-25,2026-08-02,2026-07-25,2026-08-04
06735abc-6b83-47c0-8035-ea109d850e94,CUST006,Closed,2026-08-31,LOC-CUST-4,716000,USD,2026-09-02,2026-09-10,2026-09-03,2026-09-08
9480d918-0698-4472-b415-73175d08cb06,CUST009,Closed,2026-04-19,LOC-CUST-7,316000,USD,2026-04-20,2026-04-27,2026-04-22,2026-04-24
6f494c39-c542-4044-a6be-ff9eb551d335,CUST012,Closed,2026-06-28,LOC-CUST-10,492000,USD,2026-06-30,2026-07-07,2026-06-29,2026-07-10
ea63f0b3-9034-41cc-926d-2376008959c6,CUST012,Closed,2026-06-01,LOC-CUST-10,426000,USD,2026-06-03,2026-06-11,2026-06-05,2026-06-13
e7650cdb-ac8e-48a2-8269-f050d5386f34,CUST013,Closed,2026-06-26,LOC-CUST-11,152000,USD,2026-06-28,2026-07-07,2026-06-29,2026-07-07
048e13c3-2627-4480-8350-52b322ed690b,CUST013,Closed,2026-07-23,LOC-CUST-11,320000,USD,2026-07-24,2026-08-03,2026-07-26,2026-07-30
c56ba717-17bb-4bde-9287-b3cfec9b220b,CUST012,Closed,2026-07-01,LOC-CUST-10,236000,USD,2026-07-02,2026-07-11,2026-07-03,2026-07-10
f44e2948-421c-440c-bbc7-ae92e8218bc8,CUST015,Closed,2026-04-28,LOC-CUST-13,588000,USD,2026-04-30,2026-05-10,2026-04-30,2026-05-05
819f5a06-4246-4969-9222-6bfa813b8a41,CUST011,Closed,2026-03-16,LOC-CUST-9,671000,USD,2026-03-18,2026-03-28,2026-03-20,2026-03-24
bc758375-c883-47fd-90d6-a91726a81604,CUST012,Closed,2026-06-17,LOC-CUST-10,504000,USD,2026-06-19,2026-07-01,2026-06-21,2026-06-25
cc2253cc-0bd1-4e2f-a685-e03f1d6281a8,CUST008,Closed,2026-06-12,LOC-CUST-6,414000,USD,2026-06-13,2026-06-24,2026-06-14,2026-06-23
0efbe791-e219-4ed2-b2dd-6976df2a2d0e,CUST006,Closed,2026-05-07,LOC-CUST-4,15000,USD,2026-05-08,2026-05-15,2026-05-09,2026-05-17
26abd6f8-b2b4-43c3-82b4-e198ef5be11e,CUST005,Closed,2026-06-28,LOC-CUST-3,302000,USD,2026-06-29,2026-07-08,2026-07-01,2026-07-05
bd319bdb-7e13-4a63-9ee7-af8d99ea22a8,CUST005,Closed,2026-06-14,LOC-CUST-3,100000,USD,2026-06-15,2026-06-25,2026-06-15,2026-06-23
a4bb56b7-b73a-424a-af8f-5c7a44315c2f,CUST013,Closed,2026-03-14,LOC-CUST-11,640000,USD,2026-03-15,2026-03-23,2026-03-15,2026-03-23
d201cc76-e99a-4d2b-a2ae-e451751ddc63,CUST007,Closed,2026-08-26,LOC-CUST-5,405000,USD,2026-08-28,2026-09-07,2026-08-29,2026-09-01
1715ca40-03d1-4798-83ef-6ebca5ae1e81,CUST012,Closed,2026-06-11,LOC-CUST-10,286000,USD,2026-06-13,2026-06-20,2026-06-12,2026-06-23
d7dc4304-44c7-46cf-98fa-35e2b46a3e4b,CUST002,Closed,2026-05-18,LOC-CUST-1,876000,USD,2026-05-19,2026-05-26,2026-05-20,2026-05-23
d978c746-89a3-49be-98a1-f40bd61c7da1,CUST015,Closed,2026-05-25,LOC-CUST-13,434000,USD,2026-05-27,2026-06-04,2026-05-28,2026-05-31
9052125e-b37b-4cb6-a5a6-a495eae25987,CUST006,Closed,2026-08-31,LOC-CUST-4,362000,USD,2026-09-02,2026-09-10,2026-09-04,2026-09-09
eb80f2ec-f27a-4c36-b869-6ff1ec104a72,CUST015,Closed,2026-05-28,LOC-CUST-13,369000,USD,2026-05-29,2026-06-05,2026-05-31,2026-06-07
3bc076ff-b5a4-4a5e-8614-8b60f9f40b48,CUST004,Closed,2026-06-19,LOC-CUST-2,320000,USD,2026-06-20,2026-06-28,2026-06-20,2026-06-26
b0f3b8cd-9276-4630-b982-ce62abf50896,CUST005,Closed,2026-08-19,LOC-CUST-3,165000,USD,2026-08-21,2026-08-28,2026-08-23,2026-08-28
5011375f-c3f5-4558-b190-17b073c4fa2c,CUST005,Closed,2026-07-23,LOC-CUST-3,645000,USD,2026-07-25,2026-08-01,2026-07-24,2026-08-04
bc2830d0-76c9-4f3a-9996-288ec7024056,CUST014,Closed,2026-05-30,LOC-CUST-12,180000,USD,2026-06-01,2026-06-12,2026-06-03,2026-06-07
e0af086c-7333-4a8f-9af2-a84c5d350400,CUST009,Closed,2026-05-21,LOC-CUST-7,184000,USD,2026-05-23,2026-05-30,2026-05-24,2026-05-30
de533094-b4f1-4839-a9c5-2ac94df19508,CUST008,Closed,2026-08-02,LOC-CUST-6,720000,USD,2026-08-04,2026-08-11,2026-08-06,2026-08-13
a9b7b062-75c9-4a95-a2a4-652e3cefa88c,CUST006,Closed,2026-03-15,LOC-CUST-4,195000,USD,2026-03-16,2026-03-28,2026-03-17,2026-03-24
40069e43-636a-4977-92b6-fd387e591f52,CUST013,Closed,2026-07-03,LOC-CUST-11,512000,USD,2026-07-05,2026-07-12,2026-07-05,2026-07-12
55b322ef-94f3-40d4-9584-6f8e316d229c,CUST013,Closed,2026-08-10,LOC-CUST-11,44000,USD,2026-08-12,2026-08-19,2026-08-12,2026-08-18
0566a3ed-31cc-4af6-84a8-b4abc16a388d,CUST008,Closed,2026-03-14,LOC-CUST-6,369000,USD,2026-03-16,2026-03-27,2026-03-17,2026-03-20
385c0685-9df1-4af0-8874-4744204a6fa3,CUST007,Closed,2026-06-30,LOC-CUST-5,467000,USD,2026-07-02,2026-07-12,2026-07-02,2026-07-12
7999be2a-9c2a-4750-9de8-ed83e4168eda,CUST004,Closed,2026-07-23,LOC-CUST-2,470000,USD,2026-07-24,2026-08-01,2026-07-26,2026-07-31
2156f496-e3ac-42bc-86e0-c6e90f591119,CUST005,Closed,2026-05-07,LOC-CUST-3,622000,USD,2026-05-09,2026-05-21,2026-05-11,2026-05-18
c18442bf-6110-434f-8bf8-0a098e383fdd,CUST015,Closed,2026-03-12,LOC-CUST-13,66000,USD,2026-03-13,2026-03-21,2026-03-15,2026-03-19
2b8e5124-d007-4a14-82b3-1170165ce2a3,CUST008,Closed,2026-05-18,LOC-CUST-6,668000,USD,2026-05-20,2026-05-28,2026-05-21,2026-05-26
321dcdb7-da33-498c-8daf-6b36774ed961,CUST010,Closed,2026-06-14,LOC-CUST-8,904000,USD,2026-06-15,2026-06-23,2026-06-15,2026-06-23
9b6c8e14-e00f-42a3-a3e3-14ad7c9b7e84,CUST009,Closed,2026-03-30,LOC-CUST-7,441000,USD,2026-04-01,2026-04-08,2026-04-01,2026-04-07
cc806aa2-78e2-4dd3-8425-990f170a13a6,CUST006,Closed,2026-05-24,LOC-CUST-4,483000,USD,2026-05-26,2026-06-04,2026-05-25,2026-06-03
9a669b93-12f1-4158-8436-d4f9e10f220f,CUST007,Closed,2026-06-02,LOC-CUST-5,138000,USD,2026-06-03,2026-06-14,2026-06-05,2026-06-09
389d46c3-4b4c-405f-95af-502c70d0ec3d,CUST012,Closed,2026-03-14,LOC-CUST-10,586000,USD,2026-03-15,2026-03-23,2026-03-17,2026-03-22
e9848618-0941-40d3-91a4-aabd4e2f2075,CUST015,Closed,2026-04-08,LOC-CUST-13,390000,USD,2026-04-09,2026-04-16,2026-04-11,2026-04-17
c7a8afb0-db30-4823-af55-959bfbe389b1,CUST014,Closed,2026-05-28,LOC-CUST-12,145000,USD,2026-05-29,2026-06-08,2026-05-29,2026-06-05
b1b8d090-9880-4990-8e93-cbf0186470b8,CUST013,Closed,2026-08-31,LOC-CUST-11,324000,USD,2026-09-02,2026-09-10,2026-09-04,2026-09-10
490d7aad-4139-4dd4-9d7b-3245cfaa2a4d,CUST013,Closed,2026-07-02,LOC-CUST-11,292000,USD,2026-07-04,2026-07-13,2026-07-06,2026-07-12
2f2a9643-5bb5-4c2f-aa7c-08ebcf4b5804,CUST011,Closed,2026-07-14,LOC-CUST-9,212000,USD,2026-07-16,2026-07-28,2026-07-18,2026-07-26
fac8862b-5e26-4456-8901-5ed13aa7928e,CUST011,Closed,2026-08-20,LOC-CUST-9,359000,USD,2026-08-22,2026-08-29,2026-08-23,2026-08-27
618f1eac-31f5-49f8-9020-0243e9a8ab9d,CUST002,Closed,2026-03-22,LOC-CUST-1,738000,USD,2026-03-23,2026-03-30,2026-03-23,2026-03-28
9da81b90-731f-4aaa-af81-d864bc23f83d,CUST005,Closed,2026-06-12,LOC-CUST-3,597000,USD,2026-06-13,2026-06-20,2026-06-15,2026-06-17
b22b84ee-81d1-4d95-825c-c7e3f33c4e26,CUST004,Closed,2026-07-06,LOC-CUST-2,385000,USD,2026-07-08,2026-07-16,2026-07-09,2026-07-14
ae5784c4-cb45-4e87-8091-ada887a1d3cc,CUST014,Closed,2026-03-30,LOC-CUST-12,432000,USD,2026-03-31,2026-04-09,2026-04-01,2026-04-08
4b597aaa-9fbe-4efe-a44d-53b87670c83f,CUST004,Closed,2026-04-28,LOC-CUST-2,364000,USD,2026-04-29,2026-05-08,2026-04-30,2026-05-07
8d0aba8a-b2f2-45e0-8099-744840545fe4,CUST008,Closed,2026-06-22,LOC-CUST-6,544000,USD,2026-06-23,2026-07-04,2026-06-25,2026-07-01
1454ab8c-eef6-4165-8b91-a2bee355f524,CUST008,Closed,2026-08-11,LOC-CUST-6,1006000,USD,2026-08-13,2026-08-20,2026-08-13,2026-08-22
96878850-7450-43f5-949e-71cd89bd859f,CUST008,Closed,2026-05-02,LOC-CUST-6,232000,USD,2026-05-03,2026-05-13,2026-05-05,2026-05-13
cc6a7ea5-03ea-443e-9f3c-d55fda24a188,CUST011,Closed,2026-06-14,LOC-CUST-9,592000,USD,2026-06-15,2026-06-22,2026-06-16,2026-06-24
ebd17395-aa2c-4b88-8359-1eab8832f580,CUST008,Closed,2026-06-14,LOC-CUST-6,743000,USD,2026-06-16,2026-06-23,2026-06-16,2026-06-23
205c3b7a-c4c9-4c39-8160-3444603836b8,CUST014,Closed,2026-05-10,LOC-CUST-12,700000,USD,2026-05-12,2026-05-22,2026-05-13,2026-05-22
9fdb6b7f-550a-4ca4-82d1-9e69b3f3c45f,CUST014,Closed,2026-04-02,LOC-CUST-12,60000,USD,2026-04-03,2026-04-13,2026-04-05,2026-04-10
58544542-7bc9-404f-8ef2-e02707ab368f,CUST002,Closed,2026-04-22,LOC-CUST-1,295000,USD,2026-04-23,2026-05-01,2026-04-24,2026-05-03
29f395a2-e1af-41f4-b80c-3ebf05f4a5f9,CUST007,Closed,2026-07-01,LOC-CUST-5,180000,USD,2026-07-03,2026-07-11,2026-07-04,2026-07-12
3ddf660e-d938-4f05-a91f-c5de55baff3a,CUST012,Closed,2026-03-23,LOC-CUST-10,396000,USD,2026-03-24,2026-03-31,2026-03-26,2026-03-31
fb02df10-5506-4cca-bd04-a145e9247ce1,CUST014,Closed,2026-04-12,LOC-CUST-12,1116000,USD,2026-04-13,2026-04-21,2026-04-13,2026-04-23
39d8f36d-aab8-41b9-8561-616487842652,CUST008,Closed,2026-07-24,LOC-CUST-6,516000,USD,2026-07-26,2026-08-07,2026-07-27,2026-07-31
3840ea47-a1e0-4258-a917-56b73165f761,CUST011,Closed,2026-07-31,LOC-CUST-9,298000,USD,2026-08-02,2026-08-12,2026-08-04,2026-08-09
503312d3-7e4e-4e22-9a6a-9551cf3645cb,CUST011,Closed,2026-05-31,LOC-CUST-9,30000,USD,2026-06-02,2026-06-12,2026-06-04,2026-06-08
7705e00f-f670-4218-86a3-b6b2a812c5bd,CUST007,Closed,2026-04-05,LOC-CUST-5,380000,USD,2026-04-07,2026-04-15,2026-04-09,2026-04-14
c2d55ce3-10f1-4eb7-b5be-04bcd35f9708,CUST007,Closed,2026-07-26,LOC-CUST-5,756000,USD,2026-07-27,2026-08-03,2026-07-27,2026-08-06
34488b82-207d-44df-bd12-a6dcdf100067,CUST011,Closed,2026-04-01,LOC-CUST-9,388000,USD,2026-04-02,2026-04-09,2026-04-02,2026-04-09
94cb7124-cc86-4ead-ab5b-91096ecf63a7,CUST002,Closed,2026-03-10,LOC-CUST-1,465000,USD,2026-03-11,2026-03-22,2026-03-11,2026-03-19
484cd024-6cd7-44b8-911d-0f6393a1f5ec,CUST014,Closed,2026-05-03,LOC-CUST-12,72000,USD,2026-05-04,2026-05-11,2026-05-06,2026-05-13
614547e5-a56c-44e5-bc98-fbc7c9e169cf,CUST015,Closed,2026-06-21,LOC-CUST-13,486000,USD,2026-06-22,2026-06-29,2026-06-23,2026-06-30
a78b9436-9485-44c9-83b0-d69f9864a823,CUST009,Closed,2026-03-16,LOC-CUST-7,724000,USD,2026-03-17,2026-03-25,2026-03-18,2026-03-24
6cc34a64-09e9-456f-907a-84659dfe09fc,CUST005,Closed,2026-06-21,LOC-CUST-3,632000,USD,2026-06-22,2026-06-29,2026-06-22,2026-06-29
3d6656a4-0125-4a2b-a817-8c9d75994e6f,CUST013,Closed,2026-08-12,LOC-CUST-11,426000,USD,2026-08-14,2026-08-21,2026-08-16,2026-08-19
cf5c2626-b370-4f77-bfc0-8b443cfdd810,CUST011,Closed,2026-04-08,LOC-CUST-9,375000,USD,2026-04-10,2026-04-19,2026-04-12,2026-04-17
0b8a1a1d-6a9e-4f35-8073-7276c6fb5dd6,CUST008,Closed,2026-07-19,LOC-CUST-6,716000,USD,2026-07-21,2026-07-30,2026-07-23,2026-07-30
3f4b28af-d41f-48cc-9fdd-80dad42e8f9a,CUST015,Closed,2026-07-02,LOC-CUST-13,576000,USD,2026-07-03,2026-07-10,2026-07-03,2026-07-13
f7112e42-97b5-42bf-8836-219ddafa215d,CUST006,Closed,2026-05-14,LOC-CUST-4,220000,USD,2026-05-16,2026-05-24,2026-05-15,2026-05-20
e455098a-ccaa-48a4-bd36-9a7ac4f72221,CUST002,Closed,2026-06-21,LOC-CUST-1,392000,USD,2026-06-23,2026-06-30,2026-06-23,2026-06-29
0164fe50-749b-43be-9dbc-f9f0e2f65029,CUST007,Closed,2026-06-28,LOC-CUST-5,180000,USD,2026-06-30,2026-07-11,2026-07-01,2026-07-10
9d19dc78-9906-48fb-84f2-7461e24ec8b7,CUST006,Closed,2026-04-19,LOC-CUST-4,954000,USD,2026-04-20,2026-04-27,2026-04-20,2026-04-24
d313ac92-7eb7-426a-b5eb-93c0c66ddfc0,CUST002,Closed,2026-03-07,LOC-CUST-1,234000,USD,2026-03-08,2026-03-19,2026-03-08,2026-03-12
6146cfe3-c670-49c7-b27f-2a72ea1a2382,CUST009,Closed,2026-06-28,LOC-CUST-7,279000,USD,2026-06-29,2026-07-06,2026-06-29,2026-07-07
5f9091b2-87e9-47a6-b257-6a3c470365b7,CUST005,Closed,2026-07-26,LOC-CUST-3,252000,USD,2026-07-28,2026-08-06,2026-07-29,2026-08-06
0b427044-618e-4756-b310-4ac6e0f1dc4e,CUST013,Closed,2026-03-14,LOC-CUST-11,96000,USD,2026-03-15,2026-03-22,2026-03-16,2026-03-25
1742d2b3-a914-4ecf-ac82-debd4bb6c3d3,CUST002,Closed,2026-08-28,LOC-CUST-1,275000,USD,2026-08-29,2026-09-05,2026-08-30,2026-09-02
f6d135ec-b30d-4858-94a8-20f7ec5b375c,CUST007,Closed,2026-08-09,LOC-CUST-5,351000,USD,2026-08-10,2026-08-19,2026-08-11,2026-08-17
1a3975ee-e381-4820-a392-ab3fc71fe609,CUST004,Closed,2026-04-22,LOC-CUST-2,384000,USD,2026-04-23,2026-05-03,2026-04-24,2026-05-01
f8322384-12e2-4738-bd04-9fca0028d057,CUST008,Closed,2026-04-03,LOC-CUST-6,646000,USD,2026-04-04,2026-04-15,2026-04-05,2026-04-12
b5078741-ee08-46f5-82a0-ea3f627fe6a3,CUST009,Closed,2026-04-12,LOC-CUST-7,490000,USD,2026-04-13,2026-04-23,2026-04-13,2026-04-21
a64a18b9-f3b4-4d1c-8240-10cbbcf7caec,CUST009,Closed,2026-06-09,LOC-CUST-7,234000,USD,2026-06-10,2026-06-20,2026-06-12,2026-06-20
cb47b980-b4be-4bb0-973c-f71fbb300cc3,CUST011,Closed,2026-04-07,LOC-CUST-9,230000,USD,2026-04-08,2026-04-15,2026-04-08,2026-04-12
f0dd81ac-59b5-4c68-88f0-f2786296f5db,CUST008,Closed,2026-03-16,LOC-CUST-6,275000,USD,2026-03-17,2026-03-28,2026-03-18,2026-03-21
5f58e7fd-0ee6-47e5-84ad-dfb23c1ebbdc,CUST012,Closed,2026-05-09,LOC-CUST-10,375000,USD,2026-05-10,2026-05-17,2026-05-10,2026-05-18
8de6df93-8a8f-44a7-9aec-59d991311011,CUST002,Closed,2026-05-25,LOC-CUST-1,470000,USD,2026-05-27,2026-06-04,2026-05-29,2026-06-03
2df08dce-eeb2-4fbc-91fc-ff1368f60a33,CUST004,Closed,2026-04-12,LOC-CUST-2,114000,USD,2026-04-14,2026-04-24,2026-04-13,2026-04-22
c4b87d75-22c3-4993-b156-45683ed1425c,CUST014,Closed,2026-03-12,LOC-CUST-12,412000,USD,2026-03-14,2026-03-22,2026-03-15,2026-03-24
635e445a-9191-4079-8977-db9ba3bd5345,CUST010,Closed,2026-03-14,LOC-CUST-8,195000,USD,2026-03-15,2026-03-26,2026-03-15,2026-03-23
c593fcbd-ffc1-4809-af29-69761cd3e1ef,CUST005,Closed,2026-08-22,LOC-CUST-3,540000,USD,2026-08-23,2026-09-02,2026-08-23,2026-09-01
c2398207-a868-44fa-987d-1d5d5b171af2,CUST004,Closed,2026-07-28,LOC-CUST-2,127000,USD,2026-07-29,2026-08-05,2026-07-31,2026-08-04
5444b6af-5cf2-4787-8566-fa22554cf902,CUST002,Closed,2026-04-19,LOC-CUST-1,223000,USD,2026-04-20,2026-04-27,2026-04-22,2026-04-28
9d737a3f-3517-4a2d-8a81-bc27420ee037,CUST005,Closed,2026-07-15,LOC-CUST-3,894000,USD,2026-07-16,2026-07-24,2026-07-18,2026-07-23
0d0fb2c2-5269-4a3c-9084-275964bc247c,CUST006,Closed,2026-07-05,LOC-CUST-4,432000,USD,2026-07-07,2026-07-16,2026-07-08,2026-07-17
683ca591-8f2e-4afd-b098-f7b5fb5ef2f8,CUST004,Closed,2026-03-28,LOC-CUST-2,224000,USD,2026-03-29,2026-04-06,2026-03-29,2026-04-02
928363c4-40bf-4ed0-8b41-2cdaa4da5773,CUST007,Closed,2026-07-15,LOC-CUST-5,434000,USD,2026-07-17,2026-07-27,2026-07-16,2026-07-23
76327f57-27df-4d52-92fe-e3d8a9228e58,CUST014,Closed,2026-06-10,LOC-CUST-12,107000,USD,2026-06-12,2026-06-20,2026-06-13,2026-06-16
5e6f4267-7de6-4d6e-9514-93c34f226821,CUST004,Closed,2026-06-28,LOC-CUST-2,608000,USD,2026-06-30,2026-07-09,2026-06-29,2026-07-04
4bcd0209-6b8e-4bbc-aafd-3cc0f92a3bb5,CUST013,Closed,2026-04-20,LOC-CUST-11,433000,USD,2026-04-22,2026-05-02,2026-04-24,2026-05-02
c7949bda-d8d7-4548-ad05-e8a5ead321ce,CUST004,Closed,2026-05-26,LOC-CUST-2,908000,USD,2026-05-27,2026-06-03,2026-05-27,2026-06-06
275687f2-2c6d-4830-b07e-62c83f3ea53e,CUST006,Closed,2026-05-01,LOC-CUST-4,420000,USD,2026-05-02,2026-05-14,2026-05-03,2026-05-09
9807ecef-6541-40d9-9ab2-2a2f12038962,CUST010,Closed,2026-04-04,LOC-CUST-8,636000,USD,2026-04-05,2026-04-13,2026-04-05,2026-04-12
51567fd8-2ef9-4bcd-b7f3-358f6a45072a,CUST004,Closed,2026-05-06,LOC-CUST-2,120000,USD,2026-05-08,2026-05-15,2026-05-10,2026-05-12
c30db3fe-8955-4a63-a84e-3a6be92c1198,CUST010,Closed,2026-08-15,LOC-CUST-8,30000,USD,2026-08-17,2026-08-28,2026-08-18,2026-08-25
b1eaf08f-3dc1-450c-ab10-1a0636fb45ef,CUST004,Closed,2026-05-05,LOC-CUST-2,266000,USD,2026-05-06,2026-05-18,2026-05-06,2026-05-10
5279a3f4-e7f7-4be4-9be4-e337fa9089dc,CUST006,Closed,2026-03-26,LOC-CUST-4,104000,USD,2026-03-28,2026-04-04,2026-03-27,2026-04-02
5c53faf6-82ef-4fdd-aca8-2f407ef5a847,CUST007,Closed,2026-08-22,LOC-CUST-5,372000,USD,2026-08-24,2026-08-31,2026-08-23,2026-08-28
0883885d-a2f8-4da0-8f88-2466b0128b05,CUST012,Closed,2026-03-08,LOC-CUST-10,258000,USD,2026-03-09,2026-03-19,2026-03-09,2026-03-19
66932109-c20d-4fa7-885c-8eb523d5533f,CUST007,Closed,2026-06-02,LOC-CUST-5,272000,USD,2026-06-04,2026-06-11,2026-06-04,2026-06-12
7e5af078-fea9-4b8b-93d5-7b38d275cb3a,CUST004,Closed,2026-04-23,LOC-CUST-2,621000,USD,2026-04-24,2026-05-01,2026-04-24,2026-04-28
9a5d9a25-511f-4707-9950-7e91b2df8f95,CUST011,Closed,2026-07-12,LOC-CUST-9,344000,USD,2026-07-14,2026-07-23,2026-07-14,2026-07-23
c9995564-1e56-41d8-a864-2e096747f617,CUST011,Closed,2026-06-29,LOC-CUST-9,110000,USD,2026-07-01,2026-07-08,2026-07-02,2026-07-06
9b9db215-54aa-45d6-af21-d5be8c2231a2,CUST002,Closed,2026-08-31,LOC-CUST-1,510000,USD,2026-09-01,2026-09-10,2026-09-02,2026-09-07
06f2e992-3fec-4217-a230-60a793a23aef,CUST002,Closed,2026-04-20,LOC-CUST-1,490000,USD,2026-04-21,2026-05-01,2026-04-21,2026-04-25
d5c176e1-0de3-4af6-a87a-a0a4b60df903,CUST008,Closed,2026-07-05,LOC-CUST-6,438000,USD,2026-07-06,2026-07-13,2026-07-07,2026-07-13
d577aff3-27b3-4551-85e9-29e06cba64bc,CUST004,Closed,2026-07-28,LOC-CUST-2,365000,USD,2026-07-30,2026-08-10,2026-07-29,2026-08-06
def4ae35-bb5c-4d82-8af9-bcdea0382e22,CUST010,Closed,2026-06-02,LOC-CUST-8,128000,USD,2026-06-04,2026-06-13,2026-06-04,2026-06-13
01e65d6c-d332-4f48-aa8a-1cb10edb5725,CUST010,Closed,2026-03-20,LOC-CUST-8,68000,USD,2026-03-22,2026-03-29,2026-03-24,2026-03-27
523e984a-712f-482b-835b-44791faa7537,CUST012,Closed,2026-06-26,LOC-CUST-10,452000,USD,2026-06-27,2026-07-04,2026-06-29,2026-07-02
5302b592-fd86-4924-b1e2-3aea9b1fc6d0,CUST009,Closed,2026-08-10,LOC-CUST-7,152000,USD,2026-08-11,2026-08-18,2026-08-13,2026-08-17
d4b04965-d0f6-4c9b-9f6d-fb3776bf0edb,CUST012,Closed,2026-03-13,LOC-CUST-10,632000,USD,2026-03-15,2026-03-22,2026-03-17,2026-03-25
3615f000-2da2-4dd9-b371-902340073e85,CUST006,Closed,2026-07-05,LOC-CUST-4,148000,USD,2026-07-07,2026-07-18,2026-07-09,2026-07-11
a9c0529d-7769-4b54-a7aa-b595692f2ad6,CUST005,Closed,2026-07-25,LOC-CUST-3,160000,USD,2026-07-26,2026-08-03,2026-07-27,2026-08-03
57004dcc-61b5-453e-ad0a-1ef6768b6bb7,CUST010,Closed,2026-06-11,LOC-CUST-8,170000,USD,2026-06-12,2026-06-19,2026-06-14,2026-06-21
158313d2-fdb4-4eea-ade2-429dd35ba005,CUST013,Closed,2026-08-17,LOC-CUST-11,199000,USD,2026-08-19,2026-08-28,2026-08-19,2026-08-23
42c31e0e-e170-4fde-a0fa-e1338a1fbe60,CUST008,Closed,2026-05-13,LOC-CUST-6,344000,USD,2026-05-15,2026-05-22,2026-05-15,2026-05-21
995aee5b-5be4-4772-8a23-4a5ef2191f7e,CUST002,Closed,2026-03-29,LOC-CUST-1,637000,USD,2026-03-30,2026-04-06,2026-04-01,2026-04-09
fa079e3a-225c-4786-8ea7-f9f6e54cef35,CUST004,Closed,2026-08-11,LOC-CUST-2,793000,USD,2026-08-13,2026-08-20,2026-08-14,2026-08-20
192da42d-84df-4d3c-9ccc-d7b14b487fed,CUST005,Closed,2026-03-29,LOC-CUST-3,207000,USD,2026-03-30,2026-04-07,2026-03-31,2026-04-05
151afa82-c859-46c3-a168-c1fa3eec88a5,CUST010,Closed,2026-05-08,LOC-CUST-8,132000,USD,2026-05-10,2026-05-17,2026-05-10,2026-05-16
22f2328e-502d-4edb-9e57-a0b7af584397,CUST015,Closed,2026-07-27,LOC-CUST-13,402000,USD,2026-07-29,2026-08-07,2026-07-28,2026-08-05
3ee4b0d3-1c1e-412c-a84d-b684fda1e76a,CUST007,Closed,2026-08-17,LOC-CUST-5,480000,USD,2026-08-19,2026-08-29,2026-08-21,2026-08-27
7edaee8b-9c62-4bf3-b4df-5734668e9219,CUST012,Closed,2026-04-25,LOC-CUST-10,390000,USD,2026-04-27,2026-05-05,2026-04-26,2026-05-01
c1938e2c-df48-4182-88dd-9a402de97d43,CUST010,Closed,2026-04-07,LOC-CUST-8,158000,USD,2026-04-09,2026-04-18,2026-04-09,2026-04-13
f340b807-a0d1-43b4-9542-7e79ec6670cc,CUST002,Closed,2026-05-15,LOC-CUST-1,180000,USD,2026-05-16,2026-05-25,2026-05-16,2026-05-21
bbce2490-1472-40fd-8e44-fe33f2c5c71e,CUST011,Closed,2026-06-29,LOC-CUST-9,739000,USD,2026-07-01,2026-07-11,2026-07-01,2026-07-09
be72844a-1470-4764-aedc-50744e0ba409,CUST002,Closed,2026-08-08,LOC-CUST-1,141000,USD,2026-08-09,2026-08-17,2026-08-10,2026-08-16
0d1f2eb1-9198-40d1-b93e-6bb67d184002,CUST005,Closed,2026-08-11,LOC-CUST-3,408000,USD,2026-08-12,2026-08-21,2026-08-12,2026-08-19
e3dcc47e-c4bb-4864-8631-c0362a7fbe1f,CUST007,Closed,2026-07-09,LOC-CUST-5,537000,USD,2026-07-10,2026-07-18,2026-07-11,2026-07-16
31e8454a-b39f-49c6-bce8-ea56997db230,CUST005,Closed,2026-04-09,LOC-CUST-3,731000,USD,2026-04-10,2026-04-19,2026-04-12,2026-04-16
a58c0b50-96e5-45c5-a933-0d7df7907766,CUST012,Closed,2026-04-26,LOC-CUST-10,592000,USD,2026-04-28,2026-05-06,2026-04-30,2026-05-06
8f4b6233-cc77-4763-abe8-ba7d431fb44a,CUST007,Closed,2026-05-24,LOC-CUST-5,299000,USD,2026-05-26,2026-06-03,2026-05-28,2026-06-02
7e71d0e6-abed-4e80-92f0-0bf55b2023a1,CUST005,Closed,2026-05-26,LOC-CUST-3,248000,USD,2026-05-28,2026-06-06,2026-05-28,2026-06-05
b260d287-30b5-4f2a-b020-755a10a30450,CUST004,Closed,2026-06-18,LOC-CUST-2,135000,USD,2026-06-19,2026-06-26,2026-06-19,2026-06-29
0397c7e4-dbdd-422d-b1f9-4d77a3575652,CUST005,Closed,2026-08-20,LOC-CUST-3,588000,USD,2026-08-22,2026-08-30,2026-08-23,2026-08-26
e1b72d26-6cee-4e67-815f-60f11ceea993,CUST008,Closed,2026-03-07,LOC-CUST-6,300000,USD,2026-03-08,2026-03-16,2026-03-10,2026-03-16
8c161fd7-c736-4d6e-af16-ced8ad00c0fa,CUST011,Closed,2026-07-13,LOC-CUST-9,270000,USD,2026-07-15,2026-07-24,2026-07-17,2026-07-20
2e404ae3-100b-44a0-b262-cd10f95b9cf0,CUST015,Closed,2026-07-04,LOC-CUST-13,451000,USD,2026-07-05,2026-07-13,2026-07-05,2026-07-15
bbc3351e-674d-48aa-8b10-53f011961100,CUST009,Closed,2026-05-05,LOC-CUST-7,454000,USD,2026-05-06,2026-05-13,2026-05-06,2026-05-11
47ec541c-dfae-451f-9a77-4cd6b30959d6,CUST015,Closed,2026-07-31,LOC-CUST-13,57000,USD,2026-08-02,2026-08-09,2026-08-02,2026-08-11
fe952ab4-3319-4b0d-99ae-2e828fbe4d28,CUST010,Closed,2026-05-16,LOC-CUST-8,583000,USD,2026-05-17,2026-05-28,2026-05-19,2026-05-27
9e163d3b-4cf9-4cb2-bb94-1e21be36dccf,CUST014,Closed,2026-05-20,LOC-CUST-12,413000,USD,2026-05-21,2026-05-28,2026-05-21,2026-05-27
7c958d7c-98cb-47e5-aee0-f661beb54edb,CUST011,Closed,2026-07-08,LOC-CUST-9,48000,USD,2026-07-10,2026-07-17,2026-07-11,2026-07-15
37b675de-ea82-4d9b-a3e7-e106666b6f2a,CUST013,Closed,2026-04-28,LOC-CUST-11,243000,USD,2026-04-29,2026-05-06,2026-05-01,2026-05-09
14d650c6-24a2-4cc7-9da5-88f5f4c4f433,CUST012,Closed,2026-05-23,LOC-CUST-10,150000,USD,2026-05-25,2026-06-04,2026-05-25,2026-06-03
2569cd0f-ee6c-4192-8a00-32a232ec698c,CUST011,Closed,2026-08-04,LOC-CUST-9,1012000,USD,2026-08-06,2026-08-13,2026-08-08,2026-08-16
63b1af85-c99c-4a91-a6fe-b581570b4265,CUST008,Closed,2026-08-01,LOC-CUST-6,507000,USD,2026-08-03,2026-08-12,2026-08-04,2026-08-10
851449eb-a4a1-4da1-a006-a9a9e13fc6d2,CUST006,Closed,2026-05-16,LOC-CUST-4,81000,USD,2026-05-17,2026-05-24,2026-05-17,2026-05-23
30a33409-844d-43ba-bde0-2c5006b493a0,CUST004,Closed,2026-06-28,LOC-CUST-2,366000,USD,2026-06-30,2026-07-10,2026-06-29,2026-07-09
a8d6e85c-fced-4838-90a4-ed452555c219,CUST007,Closed,2026-07-07,LOC-CUST-5,161000,USD,2026-07-08,2026-07-15,2026-07-09,2026-07-15
2aa6d402-fa3b-4e26-85a9-49c473b01825,CUST005,Closed,2026-03-16,LOC-CUST-3,110000,USD,2026-03-17,2026-03-26,2026-03-18,2026-03-26
8fdf47c1-c705-4705-924f-bc1c4d668511,CUST010,Closed,2026-05-10,LOC-CUST-8,117000,USD,2026-05-12,2026-05-24,2026-05-11,2026-05-20
ba587a08-7029-4dc5-85d5-c2fe16731663,CUST013,Closed,2026-08-06,LOC-CUST-11,305000,USD,2026-08-08,2026-08-15,2026-08-07,2026-08-18
cdba8303-d6a1-47d8-bc89-fa8c14ac09a1,CUST009,Closed,2026-06-12,LOC-CUST-7,590000,USD,2026-06-13,2026-06-21,2026-06-13,2026-06-19
709c2e3b-9281-4b49-af67-5fec9bc94c59,CUST006,Closed,2026-07-20,LOC-CUST-4,456000,USD,2026-07-22,2026-08-03,2026-07-22,2026-07-26
15ae11cd-b0d9-42ef-880f-bbbe62f27edd,CUST002,Closed,2026-06-02,LOC-CUST-1,45000,USD,2026-06-04,2026-06-11,2026-06-04,2026-06-11
a8b43a00-5abb-44fa-8b0c-53d548adb4e9,CUST011,Closed,2026-06-07,LOC-CUST-9,360000,USD,2026-06-08,2026-06-18,2026-06-08,2026-06-14
26128620-56e0-46db-99ee-140dd2103e11,CUST011,Closed,2026-04-05,LOC-CUST-9,104000,USD,2026-04-06,2026-04-14,2026-04-08,2026-04-12
b01f0d76-b7df-49ac-aff8-909e4ee39f25,CUST015,Closed,2026-06-09,LOC-CUST-13,207000,USD,2026-06-11,2026-06-18,2026-06-13,2026-06-17
866e53c5-b708-4ed2-9ec4-7cf7991b40fe,CUST009,Closed,2026-07-23,LOC-CUST-7,194000,USD,2026-07-25,2026-08-01,2026-07-26,2026-07-30
046d10b3-fed6-40e4-9e9d-0dee1ad70c38,CUST007,Closed,2026-04-19,LOC-CUST-5,480000,USD,2026-04-21,2026-04-28,2026-04-20,2026-04-25
1af0265b-5d9d-46b6-80f0-c5a41d08719a,CUST015,Closed,2026-05-05,LOC-CUST-13,844000,USD,2026-05-07,2026-05-15,2026-05-08,2026-05-15
f54cfff7-2731-4c7c-9a7b-d69c2e62328b,CUST007,Closed,2026-04-11,LOC-CUST-5,80000,USD,2026-04-13,2026-04-22,2026-04-12,2026-04-19
46321dce-5013-4f83-88e3-3c54b25d1f04,CUST013,Closed,2026-08-27,LOC-CUST-11,317000,USD,2026-08-28,2026-09-06,2026-08-30,2026-09-07
3b36200c-3a3e-4418-888b-ab4f5bbb528a,CUST002,Closed,2026-08-07,LOC-CUST-1,444000,USD,2026-08-09,2026-08-19,2026-08-09,2026-08-15
4454ecba-81cb-47ba-b505-726ba9a61585,CUST002,Closed,2026-06-01,LOC-CUST-1,145000,USD,2026-06-03,2026-06-10,2026-06-04,2026-06-08
ed9079bf-8c82-40e1-afd5-9c1454fe74f0,CUST010,Closed,2026-04-21,LOC-CUST-8,56000,USD,2026-04-22,2026-05-02,2026-04-22,2026-04-30
2a9f90a3-8c95-4d53-aabd-9f92d205fbfe,CUST010,Closed,2026-06-18,LOC-CUST-8,679000,USD,2026-06-19,2026-06-29,2026-06-21,2026-06-27
d05bfb02-57d0-4e4b-a8b3-f3c93eee35a3,CUST010,Closed,2026-07-01,LOC-CUST-8,360000,USD,2026-07-02,2026-07-11,2026-07-02,2026-07-06
fa90adcd-0832-478c-8c76-94784cd7353d,CUST015,Closed,2026-08-29,LOC-CUST-13,571000,USD,2026-08-30,2026-09-09,2026-09-01,2026-09-03
a81294ba-b213-4e09-89d0-b889aa42446b,CUST009,Closed,2026-03-30,LOC-CUST-7,863000,USD,2026-04-01,2026-04-10,2026-03-31,2026-04-08
d3d34d2f-95fa-4864-9757-c31447e82b6a,CUST006,Closed,2026-07-16,LOC-CUST-4,588000,USD,2026-07-18,2026-07-25,2026-07-18,2026-07-24
c234827d-abe6-4589-8b77-06233eecda27,CUST006,Closed,2026-04-30,LOC-CUST-4,196000,USD,2026-05-01,2026-05-09,2026-05-03,2026-05-09
138b4334-9bae-4b99-9383-bec5fecb44ee,CUST012,Closed,2026-04-09,LOC-CUST-10,340000,USD,2026-04-11,2026-04-18,2026-04-11,2026-04-18
73ace292-900a-4661-82d5-c1a1ba83b99e,CUST010,Closed,2026-08-15,LOC-CUST-8,345000,USD,2026-08-16,2026-08-23,2026-08-18,2026-08-23
28feb364-f89b-4274-a41f-046caa68b32d,CUST014,Closed,2026-03-05,LOC-CUST-12,336000,USD,2026-03-07,2026-03-16,2026-03-09,2026-03-15
d55caf5a-0b14-4689-bf90-33b1d72502c9,CUST011,Closed,2026-05-03,LOC-CUST-9,556000,USD,2026-05-05,2026-05-14,2026-05-06,2026-05-10
000b0db1-7179-4751-b692-9271ea484383,CUST015,Closed,2026-06-06,LOC-CUST-13,369000,USD,2026-06-07,2026-06-14,2026-06-07,2026-06-12
c6914003-3806-42b4-ba90-eabd736a0917,CUST009,Closed,2026-07-05,LOC-CUST-7,504000,USD,2026-07-07,2026-07-16,2026-07-07,2026-07-13
d53bb26c-c7dc-4f6c-bdba-8199230c7102,CUST013,Closed,2026-07-13,LOC-CUST-11,353000,USD,2026-07-14,2026-07-21,2026-07-16,2026-07-22
a68e75c4-89b7-499f-8078-efa84c32b889,CUST004,Closed,2026-05-26,LOC-CUST-2,180000,USD,2026-05-27,2026-06-06,2026-05-27,2026-06-05
b8db3771-eb5e-47bb-85a4-7d375deb5307,CUST005,Closed,2026-05-30,LOC-CUST-3,204000,USD,2026-05-31,2026-06-10,2026-05-31,2026-06-06
6aa4a9cb-cfed-4f9f-ac49-34e082c4c52d,CUST011,Closed,2026-08-28,LOC-CUST-9,261000,USD,2026-08-29,2026-09-06,2026-08-29,2026-09-03
937f317c-9212-43f7-9c38-73b3017ea4ed,CUST006,Closed,2026-04-15,LOC-CUST-4,135000,USD,2026-04-16,2026-04-23,2026-04-17,2026-04-26
4340257c-6749-4f5f-9da9-1e674a0e90c4,CUST007,Closed,2026-04-07,LOC-CUST-5,172000,USD,2026-04-09,2026-04-16,2026-04-10,2026-04-18
ffff3f50-6e00-4940-b4f7-055ede7e00da,CUST006,Closed,2026-04-07,LOC-CUST-4,53000,USD,2026-04-08,2026-04-15,2026-04-08,2026-04-16
5f7eebf2-9039-47a4-990a-dc25c71fe2f6,CUST012,Closed,2026-06-12,LOC-CUST-10,167000,USD,2026-06-13,2026-06-20,2026-06-15,2026-06-19
bb1b07c0-681e-4ec5-991a-bd87809cabaf,CUST015,Closed,2026-05-31,LOC-CUST-13,216000,USD,2026-06-02,2026-06-09,2026-06-04,2026-06-06
ce091b9b-542f-4b9a-b249-db1a0f22c00b,CUST005,Closed,2026-04-16,LOC-CUST-3,120000,USD,2026-04-17,2026-04-25,2026-04-19,2026-04-22
754c517b-c865-4bb8-a809-5779c683f5d9,CUST005,Closed,2026-06-25,LOC-CUST-3,168000,USD,2026-06-27,2026-07-04,2026-06-29,2026-07-03
31f6c9db-0c6a-47d0-a6f0-908d51dc00b8,CUST006,Closed,2026-04-07,LOC-CUST-4,245000,USD,2026-04-09,2026-04-16,2026-04-09,2026-04-13
a211157b-eb5c-42b8-962b-8a68b67ec5b3,CUST005,Closed,2026-07-30,LOC-CUST-3,557000,USD,2026-07-31,2026-08-11,2026-07-31,2026-08-04
78be228b-99fc-452d-873f-b849ec0e6fb6,CUST006,Closed,2026-07-14,LOC-CUST-4,550000,USD,2026-07-15,2026-07-22,2026-07-17,2026-07-20
7f82131d-3aa4-42a2-aa55-abc6f87bd890,CUST011,Closed,2026-04-27,LOC-CUST-9,838000,USD,2026-04-29,2026-05-07,2026-04-28,2026-05-08
4a64c2ca-a2c2-4ab3-a5de-c2fab42bcacc,CUST011,Closed,2026-04-18,LOC-CUST-9,370000,USD,2026-04-19,2026-04-27,2026-04-21,2026-04-24
fe54d65c-8ef8-4042-afb3-0761bc6da3f8,CUST008,Closed,2026-05-30,LOC-CUST-6,415000,USD,2026-06-01,2026-06-10,2026-06-01,2026-06-06
a7dedf04-faa5-4ba4-a590-659f374f26fd,CUST015,Closed,2026-08-11,LOC-CUST-13,247000,USD,2026-08-12,2026-08-23,2026-08-12,2026-08-22
4174dc13-ba84-4e89-9f07-a74eb2a0a617,CUST012,Closed,2026-06-15,LOC-CUST-10,96000,USD,2026-06-17,2026-06-24,2026-06-19,2026-06-21
90aa9d7b-905f-46a0-ac52-79ece9193b48,CUST002,Closed,2026-06-16,LOC-CUST-1,444000,USD,2026-06-17,2026-06-27,2026-06-19,2026-06-22
47c88263-0655-4f62-b0c1-4afcccc9d9dc,CUST011,Closed,2026-05-13,LOC-CUST-9,454000,USD,2026-05-15,2026-05-26,2026-05-14,2026-05-24
98b12a1e-846c-4e90-ba06-7689fa159a35,CUST007,Closed,2026-07-15,LOC-CUST-5,370000,USD,2026-07-16,2026-07-23,2026-07-16,2026-07-21
e4010ed8-55af-46e2-ae69-2326066ea0f4,CUST008,Closed,2026-04-27,LOC-CUST-6,719000,USD,2026-04-29,2026-05-06,2026-04-29,2026-05-09
46249fb8-5ef5-47ca-8aa9-356446cc4fd3,CUST005,Closed,2026-03-31,LOC-CUST-3,40000,USD,2026-04-02,2026-04-09,2026-04-02,2026-04-12
e8fa1a96-066a-4fbf-824d-0f7159cd9cf3,CUST013,Closed,2026-06-23,LOC-CUST-11,672000,USD,2026-06-25,2026-07-02,2026-06-27,2026-07-05
1602a840-2903-4c6e-bc72-787a1e8a5e86,CUST014,Closed,2026-05-16,LOC-CUST-12,606000,USD,2026-05-18,2026-05-25,2026-05-18,2026-05-27
62b7f1b5-135f-4a56-9f69-b536d4744e50,CUST010,Closed,2026-04-05,LOC-CUST-8,604000,USD,2026-04-07,2026-04-16,2026-04-06,2026-04-17
2ce3204e-a2d0-4ea3-a4e1-0cef3ec38d8c,CUST006,Closed,2026-05-02,LOC-CUST-4,576000,USD,2026-05-04,2026-05-12,2026-05-06,2026-05-14
3665861c-4008-47b2-9cb9-33ff4aebeee0,CUST005,Closed,2026-08-14,LOC-CUST-3,230000,USD,2026-08-16,2026-08-27,2026-08-15,2026-08-21
4d2acbb5-3177-476c-844b-472940ed8478,CUST012,Closed,2026-08-19,LOC-CUST-10,478000,USD,2026-08-20,2026-08-28,2026-08-21,2026-08-24
257d54d5-ea80-4c01-9b4e-5782c2613c75,CUST004,Closed,2026-08-21,LOC-CUST-2,130000,USD,2026-08-23,2026-09-03,2026-08-24,2026-08-31
bd6be429-66b6-4008-b1a2-3da056325a13,CUST005,Closed,2026-08-08,LOC-CUST-3,243000,USD,2026-08-10,2026-08-20,2026-08-10,2026-08-15
1a9194fd-2e3e-4ace-837d-d9f56ec20dd4,CUST008,Closed,2026-07-15,LOC-CUST-6,588000,USD,2026-07-16,2026-07-24,2026-07-17,2026-07-21
d79fee61-6ebd-4ca5-800e-30d07d11f6d9,CUST015,Closed,2026-08-04,LOC-CUST-13,555000,USD,2026-08-05,2026-08-12,2026-08-06,2026-08-10
f012d4e2-0f61-4769-8e96-fe620d4ec447,CUST011,Closed,2026-07-10,LOC-CUST-9,330000,USD,2026-07-12,2026-07-22,2026-07-14,2026-07-22
af0901af-f02e-466a-a178-c5f4f19ee7b9,CUST007,Closed,2026-05-14,LOC-CUST-5,440000,USD,2026-05-15,2026-05-24,2026-05-16,2026-05-25
49404c44-9271-43ab-b5f5-e1da622205bd,CUST011,Closed,2026-03-12,LOC-CUST-9,105000,USD,2026-03-13,2026-03-21,2026-03-14,2026-03-19
74405002-bf46-46ff-b0e3-07a037851287,CUST012,Closed,2026-08-02,LOC-CUST-10,307000,USD,2026-08-03,2026-08-12,2026-08-03,2026-08-12
734c3f29-a682-4a41-a95a-13a35136118a,CUST006,Closed,2026-07-08,LOC-CUST-4,433000,USD,2026-07-09,2026-07-19,2026-07-11,2026-07-14
f5fa3cc4-5355-46d4-846b-853da3ef5e16,CUST002,Closed,2026-03-12,LOC-CUST-1,322000,USD,2026-03-13,2026-03-20,2026-03-15,2026-03-17
9ee6f23a-bbba-4a4e-ac5a-6bc3cd6b9cb7,CUST010,Closed,2026-08-18,LOC-CUST-8,292000,USD,2026-08-20,2026-08-27,2026-08-20,2026-08-28
0ef57c52-765b-4cb8-9355-8647c050513e,CUST010,Closed,2026-06-07,LOC-CUST-8,223000,USD,2026-06-08,2026-06-18,2026-06-09,2026-06-17
d8d21ea0-cbfe-4508-90bc-81ccf1a72861,CUST007,Closed,2026-07-25,LOC-CUST-5,389000,USD,2026-07-27,2026-08-04,2026-07-27,2026-08-04
202a5a9d-2470-486f-acae-e26ac9b5cfe7,CUST004,Closed,2026-04-28,LOC-CUST-2,833000,USD,2026-04-29,2026-05-08,2026-05-01,2026-05-03
a26f6d48-4b1b-4d6f-91f9-48d8c6c38b2f,CUST011,Closed,2026-05-23,LOC-CUST-9,423000,USD,2026-05-25,2026-06-04,2026-05-26,2026-06-01
e9cb4219-157c-49c5-ba3f-61db6c2e5f9b,CUST004,Closed,2026-07-13,LOC-CUST-2,304000,USD,2026-07-15,2026-07-24,2026-07-17,2026-07-20
db7cf9b7-9fe4-48a1-a2b4-e26cc10a464a,CUST002,Closed,2026-05-14,LOC-CUST-1,835000,USD,2026-05-15,2026-05-22,2026-05-17,2026-05-24
c65f888b-e791-49ad-b451-5969550c26a5,CUST007,Closed,2026-04-30,LOC-CUST-5,570000,USD,2026-05-01,2026-05-10,2026-05-01,2026-05-06
dadec67d-8c7a-4474-9389-a0f790ccb959,CUST015,Closed,2026-06-19,LOC-CUST-13,380000,USD,2026-06-20,2026-06-27,2026-06-22,2026-06-28
8f27c2cf-5e1a-4bfc-88bb-e9123d6d3643,CUST010,Closed,2026-07-21,LOC-CUST-8,352000,USD,2026-07-23,2026-07-30,2026-07-24,2026-08-01
d81c923c-1455-4d9d-aa10-4a8002744ae4,CUST009,Closed,2026-08-10,LOC-CUST-7,28000,USD,2026-08-11,2026-08-22,2026-08-11,2026-08-21
d783193d-d03c-414d-9a0c-632e8ba376a3,CUST011,Closed,2026-03-20,LOC-CUST-9,100000,USD,2026-03-22,2026-04-01,2026-03-21,2026-03-28
c95522f9-e4d2-41eb-8e72-9dbf4242d13c,CUST009,Closed,2026-03-17,LOC-CUST-7,432000,USD,2026-03-18,2026-03-28,2026-03-18,2026-03-26
055f26db-1896-4c84-9941-715b517ed955,CUST009,Closed,2026-08-24,LOC-CUST-7,240000,USD,2026-08-26,2026-09-03,2026-08-25,2026-09-05
8c7e8f35-ca88-48d1-b43a-4c0ddac5349b,CUST006,Closed,2026-03-04,LOC-CUST-4,572000,USD,2026-03-05,2026-03-13,2026-03-06,2026-03-09
60cbc109-7c01-4f82-a509-009618a2a68f,CUST002,Closed,2026-08-30,LOC-CUST-1,240000,USD,2026-08-31,2026-09-07,2026-09-01,2026-09-07
22b0db4e-3081-43aa-a29a-b98c53431545,CUST013,Closed,2026-06-24,LOC-CUST-11,111000,USD,2026-06-26,2026-07-05,2026-06-25,2026-07-06
2c8f81ee-d2f1-4a52-bf40-45c8700d1666,CUST009,Closed,2026-07-10,LOC-CUST-7,143000,USD,2026-07-11,2026-07-18,2026-07-13,2026-07-15
83486f44-b5fb-4928-ab9c-36a184f914a3,CUST002,Closed,2026-03-05,LOC-CUST-1,684000,USD,2026-03-06,2026-03-13,2026-03-08,2026-03-14
f0f8833a-a891-4ef3-ae1d-e01b9c43eb03,CUST007,Closed,2026-04-27,LOC-CUST-5,369000,USD,2026-04-29,2026-05-06,2026-04-28,2026-05-03
dd030689-85f1-4c5c-9697-0d51c494ae3a,CUST007,Closed,2026-08-24,LOC-CUST-5,430000,USD,2026-08-25,2026-09-01,2026-08-26,2026-08-30
370b3ab5-3053-43df-88c3-513b97ecca23,CUST004,Closed,2026-06-29,LOC-CUST-2,982000,USD,2026-07-01,2026-07-11,2026-06-30,2026-07-09
0fee2188-6f00-4b59-8abb-c9ecacc2247f,CUST011,Closed,2026-07-16,LOC-CUST-9,144000,USD,2026-07-18,2026-07-25,2026-07-20,2026-07-25
1f260d82-5b05-49a1-a330-8a111c2803d6,CUST008,Closed,2026-08-26,LOC-CUST-6,470000,USD,2026-08-27,2026-09-03,2026-08-28,2026-09-02
78115d99-9333-41ad-a68d-91c76007552b,CUST006,Closed,2026-06-04,LOC-CUST-4,128000,USD,2026-06-06,2026-06-14,2026-06-08,2026-06-16
ff260041-9679-4675-b234-7b8a6608ec47,CUST012,Closed,2026-07-26,LOC-CUST-10,153000,USD,2026-07-28,2026-08-08,2026-07-30,2026-08-02
9a156d27-beeb-4dc0-9a98-f9b4458ea802,CUST012,Closed,2026-05-30,LOC-CUST-10,132000,USD,2026-05-31,2026-06-10,2026-06-01,2026-06-05
f97685f4-8991-4683-a1c8-406777602038,CUST002,Closed,2026-04-22,LOC-CUST-1,657000,USD,2026-04-23,2026-04-30,2026-04-23,2026-04-29
00af4d20-8d7f-4966-bb59-d79a58a31d6a,CUST004,Closed,2026-04-09,LOC-CUST-2,298000,USD,2026-04-10,2026-04-22,2026-04-11,2026-04-14
4de610c3-4aab-4999-ac55-57cf1a06494e,CUST008,Closed,2026-07-31,LOC-CUST-6,108000,USD,2026-08-02,2026-08-12,2026-08-01,2026-08-06
be8340fa-feb6-4335-8944-90d2e3e19e99,CUST010,Closed,2026-04-27,LOC-CUST-8,111000,USD,2026-04-29,2026-05-06,2026-04-30,2026-05-08
737e2ca5-a0d2-4016-aaa1-b5ae706649ba,CUST007,Closed,2026-08-27,LOC-CUST-5,450000,USD,2026-08-29,2026-09-05,2026-08-31,2026-09-08
1cdcd5a2-c696-45a8-9402-fecf0189959d,CUST010,Closed,2026-03-15,LOC-CUST-8,124000,USD,2026-03-17,2026-03-24,2026-03-16,2026-03-27
e6e8c620-6272-4495-94d6-0bad325c65a8,CUST012,Closed,2026-08-14,LOC-CUST-10,84000,USD,2026-08-16,2026-08-28,2026-08-16,2026-08-20
652d50db-3103-416f-b445-23eb908b1c95,CUST008,Closed,2026-04-21,LOC-CUST-6,603000,USD,2026-04-22,2026-05-02,2026-04-22,2026-04-30
567e1d9c-cd89-4168-904a-d536a5d77733,CUST007,Closed,2026-06-08,LOC-CUST-5,24000,USD,2026-06-10,2026-06-17,2026-06-11,2026-06-15
ec3d7301-985f-452b-ae4c-50a2593842e3,CUST006,Closed,2026-07-10,LOC-CUST-4,327000,USD,2026-07-11,2026-07-18,2026-07-13,2026-07-19
6eceaced-137b-4e70-9e3e-c868657e8a1e,CUST011,Closed,2026-07-07,LOC-CUST-9,48000,USD,2026-07-08,2026-07-17,2026-07-09,2026-07-14
8c333a42-c086-4344-bbdb-8159e96c6d09,CUST007,Closed,2026-08-01,LOC-CUST-5,508000,USD,2026-08-03,2026-08-12,2026-08-05,2026-08-07
10e04085-bbad-46bf-896e-d5aea5875f75,CUST009,Closed,2026-08-17,LOC-CUST-7,54000,USD,2026-08-18,2026-08-25,2026-08-19,2026-08-27
735a35fc-efc3-4d17-888f-3283fbced296,CUST006,Closed,2026-07-20,LOC-CUST-4,1128000,USD,2026-07-22,2026-08-02,2026-07-24,2026-08-01
572edd0a-4ef8-4716-8957-ae92f969d446,CUST006,Closed,2026-07-06,LOC-CUST-4,523000,USD,2026-07-07,2026-07-14,2026-07-09,2026-07-16
983b7b77-0b85-4ed0-9591-af13ba0dd732,CUST009,Closed,2026-07-15,LOC-CUST-7,554000,USD,2026-07-17,2026-07-26,2026-07-19,2026-07-21
7561ea95-253e-4786-af25-7077642bc253,CUST009,Closed,2026-08-10,LOC-CUST-7,1046000,USD,2026-08-11,2026-08-19,2026-08-11,2026-08-15
c6b52ee0-cf36-474b-a3e4-06f49a2f7171,CUST009,Closed,2026-03-20,LOC-CUST-7,852000,USD,2026-03-21,2026-03-28,2026-03-21,2026-03-31
b30836fb-e7a0-4fe4-b490-2c8965c48f71,CUST005,Closed,2026-03-13,LOC-CUST-3,24000,USD,2026-03-14,2026-03-23,2026-03-14,2026-03-24
c3068085-8ebc-407e-a842-a9e664a9e7e9,CUST002,Closed,2026-04-03,LOC-CUST-1,743000,USD,2026-04-04,2026-04-13,2026-04-06,2026-04-08
c3d0feae-207f-4816-ab5b-fef28ab81800,CUST015,Closed,2026-08-18,LOC-CUST-13,307000,USD,2026-08-20,2026-08-27,2026-08-20,2026-08-29
af8652f4-d31e-4667-a083-4da5e1bc3bf5,CUST008,Closed,2026-07-06,LOC-CUST-6,458000,USD,2026-07-08,2026-07-15,2026-07-07,2026-07-12
19cebd61-3c86-4be6-ab81-b5aaffeef46a,CUST005,Closed,2026-06-10,LOC-CUST-3,96000,USD,2026-06-11,2026-06-21,2026-06-13,2026-06-21
2bd29de9-05b5-4f1e-a456-7a11aa0b46c7,CUST012,Closed,2026-06-17,LOC-CUST-10,208000,USD,2026-06-18,2026-06-28,2026-06-18,2026-06-23
34975bf2-36fa-4615-9e98-3494a40f22c0,CUST002,Closed,2026-06-14,LOC-CUST-1,492000,USD,2026-06-16,2026-06-23,2026-06-16,2026-06-23
d28deb7d-3e3e-4d78-8c57-2177a4b7010c,CUST004,Closed,2026-04-30,LOC-CUST-2,496000,USD,2026-05-02,2026-05-10,2026-05-04,2026-05-06
2e22d1d1-1c09-4166-80a9-4666ca4e4312,CUST011,Closed,2026-06-05,LOC-CUST-9,486000,USD,2026-06-06,2026-06-13,2026-06-06,2026-06-12
d66e55bc-1c7a-4d9b-a2c7-8a7cd96d0512,CUST005,Closed,2026-08-15,LOC-CUST-3,438000,USD,2026-08-17,2026-08-28,2026-08-19,2026-08-26
2599b773-d374-4374-ba37-e48412aa8754,CUST013,Closed,2026-03-26,LOC-CUST-11,497000,USD,2026-03-27,2026-04-07,2026-03-28,2026-04-03
05f0bc68-0726-4b22-aa3b-bd0d7ba6c9a0,CUST014,Closed,2026-05-27,LOC-CUST-12,110000,USD,2026-05-28,2026-06-05,2026-05-30,2026-06-03
b56af681-e55b-4b26-8db0-1442c56c0fbc,CUST014,Closed,2026-03-10,LOC-CUST-12,460000,USD,2026-03-12,2026-03-19,2026-03-13,2026-03-18
ee9f5050-e22d-47e9-9385-4f89ccebd8b4,CUST009,Closed,2026-06-19,LOC-CUST-7,93000,USD,2026-06-21,2026-06-30,2026-06-22,2026-06-29
87795383-6d67-4f29-ac26-286f14ea0028,CUST008,Closed,2026-04-29,LOC-CUST-6,280000,USD,2026-04-30,2026-05-07,2026-04-30,2026-05-06
258ff22e-69fb-4072-910d-ff73c8e39e27,CUST007,Closed,2026-05-25,LOC-CUST-5,243000,USD,2026-05-27,2026-06-06,2026-05-29,2026-06-01
42bfbd87-7b4e-41e9-8da7-1d3c90f18c91,CUST011,Closed,2026-07-15,LOC-CUST-9,162000,USD,2026-07-17,2026-07-24,2026-07-18,2026-07-24
40fd8302-b316-4358-b36a-7972ce0d6d0a,CUST005,Closed,2026-07-16,LOC-CUST-3,620000,USD,2026-07-18,2026-07-25,2026-07-19,2026-07-23
2d10083f-0cf1-4e7b-9e36-375b475f86d2,CUST008,Closed,2026-07-14,LOC-CUST-6,767000,USD,2026-07-16,2026-07-23,2026-07-17,2026-07-24
d6b06c2a-4836-4fc7-a89c-00642462c0fb,CUST004,Closed,2026-04-21,LOC-CUST-2,164000,USD,2026-04-22,2026-04-30,2026-04-24,2026-04-30
23f6bd34-e42c-43f9-ab13-1f986df2aff2,CUST004,Closed,2026-06-13,LOC-CUST-2,703000,USD,2026-06-14,2026-06-21,2026-06-15,2026-06-22
add3164c-b0f9-4b22-a6a4-8e2c8e275fd6,CUST004,Closed,2026-04-10,LOC-CUST-2,240000,USD,2026-04-11,2026-04-20,2026-04-13,2026-04-21
2d95d843-92d5-4829-8e87-8aac9672ce29,CUST008,Closed,2026-06-04,LOC-CUST-6,454000,USD,2026-06-06,2026-06-18,2026-06-07,2026-06-15
c8923c36-653d-4ddb-8cb3-a978901eee20,CUST013,Closed,2026-04-30,LOC-CUST-11,342000,USD,2026-05-02,2026-05-13,2026-05-01,2026-05-10
09c97265-2eec-4cee-a0dc-4fa9e69a50e2,CUST012,Closed,2026-08-09,LOC-CUST-10,430000,USD,2026-08-10,2026-08-18,2026-08-10,2026-08-14
58c99ff8-1846-4015-aa78-c408ec470fc0,CUST008,Closed,2026-08-30,LOC-CUST-6,1100000,USD,2026-09-01,2026-09-10,2026-09-02,2026-09-11
dfb0961c-0333-4fab-8d09-7c03c5726e21,CUST015,Closed,2026-07-24,LOC-CUST-13,96000,USD,2026-07-26,2026-08-02,2026-07-28,2026-08-03
ca078ded-f58a-42b6-82d4-46f28bc54de5,CUST015,Closed,2026-04-24,LOC-CUST-13,563000,USD,2026-04-25,2026-05-03,2026-04-26,2026-04-30
66d0a612-8ee8-4f0b-a957-945def7aa0cf,CUST006,Closed,2026-06-14,LOC-CUST-4,90000,USD,2026-06-16,2026-06-23,2026-06-18,2026-06-21
feb0a1b4-a05b-4f8d-8fdb-7c42d9ec33f4,CUST014,Closed,2026-04-13,LOC-CUST-12,561000,USD,2026-04-14,2026-04-25,2026-04-15,2026-04-21
ec6addd9-2c25-4bdb-b235-d8c3e91de7f4,CUST007,Closed,2026-08-28,LOC-CUST-5,733000,USD,2026-08-30,2026-09-06,2026-08-29,2026-09-07
adc9cb8f-be7a-4b71-9a91-cf2def727817,CUST010,Closed,2026-03-22,LOC-CUST-8,188000,USD,2026-03-24,2026-04-02,2026-03-23,2026-04-03
90ef8d89-90d4-41a1-94ea-473cf88f2079,CUST007,Closed,2026-05-11,LOC-CUST-5,264000,USD,2026-05-12,2026-05-19,2026-05-14,2026-05-20
2f98fafa-a5a0-4c95-ae85-012c4675e24b,CUST006,Closed,2026-03-04,LOC-CUST-4,782000,USD,2026-03-06,2026-03-13,2026-03-05,2026-03-12
84d693fc-826d-46b5-85c5-2a2b99f140e9,CUST004,Closed,2026-06-19,LOC-CUST-2,110000,USD,2026-06-20,2026-06-29,2026-06-20,2026-06-24
2d091bc4-bab2-43ed-8ea5-b172f8cb953d,CUST012,Closed,2026-07-22,LOC-CUST-10,952000,USD,2026-07-23,2026-08-01,2026-07-24,2026-07-31
d8d94d21-b1d2-4577-96f4-e1ce02c5f88c,CUST011,Closed,2026-03-12,LOC-CUST-9,814000,USD,2026-03-14,2026-03-22,2026-03-13,2026-03-22
e05e8d9a-8027-40d1-ba8c-0efa7185875d,CUST011,Closed,2026-06-30,LOC-CUST-9,485000,USD,2026-07-02,2026-07-09,2026-07-04,2026-07-10
b7315bfe-5366-4201-8f62-38737ba00c93,CUST015,Closed,2026-06-04,LOC-CUST-13,450000,USD,2026-06-06,2026-06-13,2026-06-06,2026-06-13
a58a8b8b-33ae-471a-b94f-c09d274679ad,CUST007,Closed,2026-06-25,LOC-CUST-5,168000,USD,2026-06-26,2026-07-06,2026-06-27,2026-07-01
b64633bd-20f0-4605-ac51-bb8f02c32db7,CUST007,Closed,2026-06-05,LOC-CUST-5,325000,USD,2026-06-06,2026-06-16,2026-06-06,2026-06-15
ab4c87f9-d928-4262-bdf6-b662b90e6481,CUST008,Closed,2026-06-04,LOC-CUST-6,520000,USD,2026-06-05,2026-06-16,2026-06-07,2026-06-09
74588139-a812-4148-a0f4-3b19f9dd84e5,CUST009,Closed,2026-05-20,LOC-CUST-7,104000,USD,2026-05-21,2026-05-28,2026-05-23,2026-05-27
e03909d5-efcd-4abb-bf45-92cb6aef9adf,CUST005,Closed,2026-08-06,LOC-CUST-3,100000,USD,2026-08-08,2026-08-16,2026-08-09,2026-08-13
36e6a95f-3c85-4d38-852c-34b357a3f8ce,CUST006,Closed,2026-06-28,LOC-CUST-4,230000,USD,2026-06-30,2026-07-09,2026-07-01,2026-07-05
93f63aee-82d8-48fb-9d22-c08f6ecb44ab,CUST009,Closed,2026-08-27,LOC-CUST-7,534000,USD,2026-08-29,2026-09-05,2026-08-28,2026-09-07
6fecee88-1754-42ff-af2b-2f6c8b83b8dd,CUST004,Closed,2026-06-23,LOC-CUST-2,588000,USD,2026-06-25,2026-07-03,2026-06-24,2026-07-05
e47f7a4b-ef16-4e13-8238-675226d327a4,CUST011,Closed,2026-08-30,LOC-CUST-9,456000,USD,2026-09-01,2026-09-09,2026-09-02,2026-09-11
e37771ab-15a8-4c37-85d3-3bc2b25b820e,CUST007,Closed,2026-07-17,LOC-CUST-5,576000,USD,2026-07-19,2026-07-27,2026-07-19,2026-07-25
83dda456-ec92-4b20-9b16-6553660cc40b,CUST005,Closed,2026-03-21,LOC-CUST-3,104000,USD,2026-03-23,2026-04-02,2026-03-23,2026-04-02
a14449d2-815c-49ee-9d1a-500364b17252,CUST008,Closed,2026-05-08,LOC-CUST-6,458000,USD,2026-05-10,2026-05-19,2026-05-12,2026-05-18
3192a3dc-16e7-41e7-afd4-f1ad0795162a,CUST008,Closed,2026-04-25,LOC-CUST-6,330000,USD,2026-04-26,2026-05-03,2026-04-26,2026-05-02
9bbfe64d-dbe0-4187-b8c8-14fe0c4a4ecd,CUST002,Closed,2026-03-21,LOC-CUST-1,114000,USD,2026-03-22,2026-03-30,2026-03-23,2026-04-01
56a09d4b-a6a1-4a67-8f66-01c3deb7284c,CUST006,Closed,2026-05-30,LOC-CUST-4,306000,USD,2026-06-01,2026-06-09,2026-06-01,2026-06-09
b1ba930c-e857-4e35-add8-6ce006545ebf,CUST011,Closed,2026-07-03,LOC-CUST-9,276000,USD,2026-07-04,2026-07-16,2026-07-05,2026-07-10
88cbf6aa-7fb5-4f3b-97bd-0887b430f4de,CUST014,Closed,2026-03-21,LOC-CUST-12,92000,USD,2026-03-22,2026-03-31,2026-03-23,2026-04-01
42c1c59d-df76-4aef-a5c7-7e0a59908147,CUST010,Closed,2026-03-06,LOC-CUST-8,261000,USD,2026-03-08,2026-03-17,2026-03-09,2026-03-15
e83d78a2-3dbe-47e0-afb8-3efa3918d934,CUST014,Closed,2026-04-04,LOC-CUST-12,351000,USD,2026-04-06,2026-04-15,2026-04-07,2026-04-11
c0092c7c-7c87-45f2-9a7d-c8219c897fb1,CUST015,Closed,2026-07-25,LOC-CUST-13,119000,USD,2026-07-27,2026-08-06,2026-07-26,2026-07-31
a16fe29d-c3d4-46c1-bd52-7785accec947,CUST015,Closed,2026-07-06,LOC-CUST-13,423000,USD,2026-07-07,2026-07-17,2026-07-09,2026-07-11
8d12a0ef-7cc6-4ab8-b4cc-4231d7611fa4,CUST012,Closed,2026-07-23,LOC-CUST-10,271000,USD,2026-07-24,2026-08-03,2026-07-26,2026-07-30
3880c085-c2cd-435b-b330-559e9ef56aab,CUST005,Closed,2026-07-09,LOC-CUST-3,135000,USD,2026-07-11,2026-07-20,2026-07-11,2026-07-15
d1603c56-bada-46a3-80d2-2eadc73f44dd,CUST012,Closed,2026-04-16,LOC-CUST-10,441000,USD,2026-04-18,2026-04-25,2026-04-17,2026-04-26
5cb88331-6eab-46a2-a628-3cff23690054,CUST012,Closed,2026-07-06,LOC-CUST-10,370000,USD,2026-07-08,2026-07-15,2026-07-09,2026-07-12
f70a94ac-a550-406e-bf84-8c9c3309db16,CUST004,Closed,2026-05-28,LOC-CUST-2,186000,USD,2026-05-30,2026-06-06,2026-05-29,2026-06-08
5c55426d-4d70-404a-8d9a-8f3cee6d4368,CUST014,Closed,2026-03-20,LOC-CUST-12,268000,USD,2026-03-22,2026-04-01,2026-03-21,2026-03-28
50300fdd-c952-43da-b047-64649f136e9a,CUST013,Closed,2026-06-18,LOC-CUST-11,292000,USD,2026-06-19,2026-06-27,2026-06-21,2026-06-29
d27fb888-fdd2-4c57-85ca-4885214d7ecd,CUST011,Closed,2026-04-14,LOC-CUST-9,595000,USD,2026-04-16,2026-04-26,2026-04-18,2026-04-22
6548e22d-e43c-4029-9998-f8992fcf06e0,CUST008,Closed,2026-04-24,LOC-CUST-6,658000,USD,2026-04-26,2026-05-03,2026-04-27,2026-05-06
5cbd7cbb-de3a-4057-bd5a-137c086c09d8,CUST013,Closed,2026-04-23,LOC-CUST-11,556000,USD,2026-04-24,2026-05-04,2026-04-26,2026-04-30
cc4937c8-b2b9-4c84-baa3-efa41c1d2d07,CUST010,Closed,2026-06-11,LOC-CUST-8,858000,USD,2026-06-13,2026-06-25,2026-06-13,2026-06-20
c4be2f96-ed0b-4022-8c17-18f25f484037,CUST009,Closed,2026-03-19,LOC-CUST-7,697000,USD,2026-03-20,2026-03-30,2026-03-21,2026-03-24
b3920f46-d108-4e1b-b3c7-3ca987c6d7db,CUST006,Closed,2026-04-28,LOC-CUST-4,232000,USD,2026-04-30,2026-05-07,2026-05-01,2026-05-04
1d961a09-618d-4db8-8a48-d2a9be9aa337,CUST002,Closed,2026-05-14,LOC-CUST-1,574000,USD,2026-05-16,2026-05-25,2026-05-15,2026-05-26
4980c7e7-aef8-4a9a-bc06-d27de756e563,CUST004,Closed,2026-06-29,LOC-CUST-2,112000,USD,2026-07-01,2026-07-08,2026-06-30,2026-07-07
f59be8ae-73d1-4b0a-a86f-e537b799b43a,CUST014,Closed,2026-08-19,LOC-CUST-12,472000,USD,2026-08-20,2026-08-30,2026-08-22,2026-08-30
c59c1e83-60df-4408-9a80-d58d72bca60d,CUST006,Closed,2026-03-31,LOC-CUST-4,102000,USD,2026-04-02,2026-04-11,2026-04-04,2026-04-07
23fe89b7-f88b-45a8-9ab9-f763efe8e4e7,CUST004,Closed,2026-05-08,LOC-CUST-2,439000,USD,2026-05-09,2026-05-19,2026-05-11,2026-05-18
3e7b09f4-15f7-4d4a-9e29-5efd1941066d,CUST006,Closed,2026-03-06,LOC-CUST-4,135000,USD,2026-03-07,2026-03-14,2026-03-07,2026-03-17
2a9391ee-9308-4f48-be41-42b12e4dc059,CUST006,Closed,2026-06-21,LOC-CUST-4,232000,USD,2026-06-22,2026-07-01,2026-06-23,2026-06-27
8bde839c-bc5b-4ae0-ae88-c7e273dca8aa,CUST012,Closed,2026-05-02,LOC-CUST-10,326000,USD,2026-05-04,2026-05-11,2026-05-06,2026-05-12
b3a80d82-ec34-427f-a68d-3baaf977854a,CUST014,Closed,2026-08-06,LOC-CUST-12,40000,USD,2026-08-07,2026-08-14,2026-08-08,2026-08-16
b13ce564-43b9-4e87-8d12-7ede964be767,CUST014,Closed,2026-07-13,LOC-CUST-12,312000,USD,2026-07-15,2026-07-23,2026-07-15,2026-07-22
2dd4f965-10e5-46dd-88ad-0dbb151997fa,CUST015,Closed,2026-04-18,LOC-CUST-13,72000,USD,2026-04-19,2026-04-27,2026-04-19,2026-04-29
4e9ee2ad-3154-40ad-8004-0f57c74cdf42,CUST008,Closed,2026-07-26,LOC-CUST-6,440000,USD,2026-07-27,2026-08-06,2026-07-27,2026-08-04
e2c39705-59cf-4bc8-bea8-3b0e7b86ad41,CUST011,Closed,2026-04-24,LOC-CUST-9,787000,USD,2026-04-25,2026-05-03,2026-04-25,2026-04-29
33fa69ec-8487-46da-8255-dea4139d78c1,CUST007,Closed,2026-06-14,LOC-CUST-5,462000,USD,2026-06-15,2026-06-24,2026-06-16,2026-06-22
74f15e19-ae61-4edc-b3ea-c95a66ad3386,CUST006,Closed,2026-08-04,LOC-CUST-4,135000,USD,2026-08-06,2026-08-15,2026-08-07,2026-08-10
8eff005f-05d2-4e2d-be05-3831c1265916,CUST014,Closed,2026-05-17,LOC-CUST-12,184000,USD,2026-05-19,2026-05-31,2026-05-18,2026-05-27
fd77f227-1a5c-4c2a-a49b-f24ca575a7b7,CUST010,Closed,2026-07-11,LOC-CUST-8,76000,USD,2026-07-13,2026-07-21,2026-07-14,2026-07-20
789ddec3-a3de-4900-aa2a-3ea2c2f77117,CUST002,Closed,2026-03-10,LOC-CUST-1,436000,USD,2026-03-11,2026-03-18,2026-03-11,2026-03-17
aea21609-ea95-4bb1-97fe-8a93fb398a23,CUST007,Closed,2026-07-14,LOC-CUST-5,216000,USD,2026-07-15,2026-07-23,2026-07-15,2026-07-23
b01a6a54-5820-448f-aca8-1a651fb0b4c5,CUST010,Closed,2026-06-30,LOC-CUST-8,164000,USD,2026-07-01,2026-07-09,2026-07-02,2026-07-10
1ae39b76-90e2-4426-8f28-908a608db4ea,CUST015,Closed,2026-08-31,LOC-CUST-13,386000,USD,2026-09-01,2026-09-08,2026-09-01,2026-09-07
577efee7-ff6c-4ccc-a5db-6bedc4ad0772,CUST005,Closed,2026-06-11,LOC-CUST-3,32000,USD,2026-06-13,2026-06-20,2026-06-14,2026-06-21
52ef5847-931c-4c46-9c46-eba65b07a31a,CUST010,Closed,2026-06-20,LOC-CUST-8,876000,USD,2026-06-21,2026-06-28,2026-06-23,2026-06-25
5ace036f-2c22-4f7d-b217-5a04954019c2,CUST014,Closed,2026-04-03,LOC-CUST-12,444000,USD,2026-04-05,2026-04-12,2026-04-04,2026-04-12
8eb8caa4-d37d-49e0-985d-59a7afba834e,CUST006,Closed,2026-04-17,LOC-CUST-4,392000,USD,2026-04-18,2026-04-28,2026-04-20,2026-04-25
ab83aeb6-308b-4ed4-bfe6-a5dc35e2e89d,CUST015,Closed,2026-05-14,LOC-CUST-13,663000,USD,2026-05-16,2026-05-25,2026-05-18,2026-05-21
8e88c43b-cf27-454f-a361-38770e7aa0cb,CUST002,Closed,2026-04-03,LOC-CUST-1,111000,USD,2026-04-04,2026-04-11,2026-04-04,2026-04-12
4cbdaf88-479e-4f44-be91-f242bfbc2004,CUST007,Closed,2026-06-29,LOC-CUST-5,420000,USD,2026-07-01,2026-07-10,2026-07-01,2026-07-05
45cc9e5a-d275-4a74-a89e-a94df8e48ae5,CUST007,Closed,2026-05-02,LOC-CUST-5,344000,USD,2026-05-03,2026-05-13,2026-05-05,2026-05-11
cecf9c1d-1fa8-4e98-bb09-b88b43aad97e,CUST008,Closed,2026-05-27,LOC-CUST-6,232000,USD,2026-05-28,2026-06-04,2026-05-30,2026-06-04
6632d4fe-503d-4d84-890a-956d080ec5ac,CUST011,Closed,2026-07-04,LOC-CUST-9,160000,USD,2026-07-06,2026-07-14,2026-07-07,2026-07-11
4c77f981-bddb-4320-aa5f-e64b8d58d623,CUST015,Closed,2026-07-06,LOC-CUST-13,633000,USD,2026-07-08,2026-07-16,2026-07-09,2026-07-14
7e5e8cbb-b9cd-4abd-98fc-e634ef9d3436,CUST014,Closed,2026-05-19,LOC-CUST-12,633000,USD,2026-05-20,2026-05-27,2026-05-21,2026-05-27
b5b14b69-b5d1-4129-97da-1c14b83edfb9,CUST014,Closed,2026-05-23,LOC-CUST-12,286000,USD,2026-05-25,2026-06-01,2026-05-24,2026-06-01
00a71440-09f1-479c-9912-c9e95ec1abdc,CUST007,Closed,2026-08-17,LOC-CUST-5,920000,USD,2026-08-19,2026-08-29,2026-08-18,2026-08-28
de5d8415-bcaf-4b0e-a957-d9e60a390d29,CUST004,Closed,2026-06-03,LOC-CUST-2,660000,USD,2026-06-05,2026-06-12,2026-06-05,2026-06-09
6b34ffe2-d3a0-4de6-baad-e82377202fac,CUST006,Closed,2026-06-21,LOC-CUST-4,250000,USD,2026-06-23,2026-07-02,2026-06-25,2026-07-01
18e96501-5224-4fa0-9bc8-dfbb70c26ea1,CUST005,Closed,2026-04-30,LOC-CUST-3,426000,USD,2026-05-02,2026-05-09,2026-05-01,2026-05-11
3f0d4f44-28e9-4580-aef3-cbd17ed88c54,CUST015,Closed,2026-08-28,LOC-CUST-13,777000,USD,2026-08-29,2026-09-09,2026-08-31,2026-09-02
8de9f138-ccd9-4469-83a3-b8f9d4403093,CUST002,Closed,2026-06-20,LOC-CUST-1,324000,USD,2026-06-21,2026-06-28,2026-06-21,2026-06-25
c4374374-34b3-465a-a81a-1c68ba706c9f,CUST007,Closed,2026-06-07,LOC-CUST-5,320000,USD,2026-06-09,2026-06-16,2026-06-09,2026-06-19
c0965c02-65c1-4e06-9ba1-489cb23b309a,CUST007,Closed,2026-03-20,LOC-CUST-5,398000,USD,2026-03-22,2026-04-01,2026-03-21,2026-03-30
f8eaa337-8c28-4772-b274-da13672849b8,CUST007,Closed,2026-04-09,LOC-CUST-5,114000,USD,2026-04-11,2026-04-21,2026-04-12,2026-04-21
3cad3c10-451a-4b7f-9b1f-1c11a800db6c,CUST007,Closed,2026-04-08,LOC-CUST-5,720000,USD,2026-04-09,2026-04-17,2026-04-11,2026-04-13
f9fbd214-e38a-4c74-9572-ceb0ed454b62,CUST015,Closed,2026-06-06,LOC-CUST-13,538000,USD,2026-06-08,2026-06-15,2026-06-07,2026-06-15
2d9bf28a-8301-416d-a533-d871361bc08a,CUST012,Closed,2026-08-18,LOC-CUST-10,583000,USD,2026-08-20,2026-08-28,2026-08-19,2026-08-29
791c73c6-d2dd-4eee-ac58-19e621b94aad,CUST004,Closed,2026-05-10,LOC-CUST-2,84000,USD,2026-05-12,2026-05-22,2026-05-13,2026-05-20
64a5f6ae-1cd5-4ad0-a8bd-4d0318f85f62,CUST002,Closed,2026-07-17,LOC-CUST-1,572000,USD,2026-07-18,2026-07-25,2026-07-19,2026-07-28
3b4f1ac2-7911-4dd0-b25a-81b20225c80b,CUST002,Closed,2026-03-05,LOC-CUST-1,405000,USD,2026-03-07,2026-03-16,2026-03-07,2026-03-14
42215872-4a2f-49a0-996b-893e5032a158,CUST004,Closed,2026-03-30,LOC-CUST-2,165000,USD,2026-04-01,2026-04-08,2026-04-02,2026-04-06
db0c67f9-420b-459f-b02d-89a75bf17d39,CUST007,Closed,2026-05-10,LOC-CUST-5,838000,USD,2026-05-12,2026-05-19,2026-05-12,2026-05-21
bb5b6612-c1cf-4ff7-bd32-ed82d8749021,CUST008,Closed,2026-08-27,LOC-CUST-6,161000,USD,2026-08-29,2026-09-05,2026-08-28,2026-09-08
c35c3a84-d15c-40b4-bb8a-e818e5db1447,CUST013,Closed,2026-08-21,LOC-CUST-11,635000,USD,2026-08-22,2026-08-30,2026-08-23,2026-08-26
d28986bc-d956-4637-a853-02bab8c7c5da,CUST013,Closed,2026-07-03,LOC-CUST-11,87000,USD,2026-07-05,2026-07-13,2026-07-07,2026-07-15
8fb3aebb-374d-41d5-992d-c0f781154099,CUST007,Closed,2026-06-10,LOC-CUST-5,600000,USD,2026-06-11,2026-06-21,2026-06-13,2026-06-16
5087b9e7-058f-4801-b354-401e59d0ae31,CUST002,Closed,2026-07-31,LOC-CUST-1,80000,USD,2026-08-02,2026-08-11,2026-08-03,2026-08-11
f8165ac5-40c3-4e27-bfdf-b9b50a89d5b4,CUST013,Closed,2026-06-29,LOC-CUST-11,92000,USD,2026-06-30,2026-07-08,2026-07-02,2026-07-08
c79fd7b5-3ab1-4e06-b7b7-9a0487772ae8,CUST005,Closed,2026-07-24,LOC-CUST-3,70000,USD,2026-07-25,2026-08-03,2026-07-26,2026-08-04
4153e54f-2e4b-4e3c-98c5-722132dcb28b,CUST009,Closed,2026-05-21,LOC-CUST-7,104000,USD,2026-05-23,2026-05-30,2026-05-25,2026-05-29
20ac8283-f540-4f28-b263-1ea7fed9088a,CUST014,Closed,2026-03-22,LOC-CUST-12,424000,USD,2026-03-23,2026-04-02,2026-03-25,2026-04-02
4f7dc349-d694-4d2f-9f29-847b4a2a761e,CUST012,Closed,2026-03-29,LOC-CUST-10,205000,USD,2026-03-31,2026-04-09,2026-03-31,2026-04-07
7f876721-4ca8-44fe-96c5-22a07e47bbae,CUST015,Closed,2026-04-12,LOC-CUST-13,606000,USD,2026-04-14,2026-04-22,2026-04-13,2026-04-20
12c75109-6635-44a4-b8fa-3b3bbd0b2ee0,CUST006,Closed,2026-08-16,LOC-CUST-4,440000,USD,2026-08-18,2026-08-28,2026-08-18,2026-08-26
d6f41815-b956-4e0b-b29b-16915813226d,CUST005,Closed,2026-08-26,LOC-CUST-3,332000,USD,2026-08-27,2026-09-07,2026-08-29,2026-09-05
e6d1162c-07d7-4c89-acc4-19009dfa59c5,CUST010,Closed,2026-04-02,LOC-CUST-8,378000,USD,2026-04-03,2026-04-11,2026-04-03,2026-04-10
65143c28-f565-4bb8-9673-d72113cc9b53,CUST011,Closed,2026-05-18,LOC-CUST-9,204000,USD,2026-05-20,2026-05-27,2026-05-21,2026-05-27
da9bc618-86d2-4098-bac4-ba124e7713d0,CUST002,Closed,2026-05-02,LOC-CUST-1,385000,USD,2026-05-03,2026-05-14,2026-05-04,2026-05-11
da010a29-1470-4039-ab99-90ee49e42dea,CUST004,Closed,2026-04-22,LOC-CUST-2,234000,USD,2026-04-23,2026-04-30,2026-04-23,2026-05-01
9487013c-ca6c-42c2-8c46-77c446267f77,CUST006,Closed,2026-05-25,LOC-CUST-4,348000,USD,2026-05-27,2026-06-03,2026-05-26,2026-06-05
7042821b-663d-4e72-90d1-73c0cd1acabc,CUST005,Closed,2026-03-08,LOC-CUST-3,165000,USD,2026-03-10,2026-03-17,2026-03-11,2026-03-20
2cc3b10e-4209-45dc-9f67-148c10885f22,CUST005,Closed,2026-05-17,LOC-CUST-3,288000,USD,2026-05-18,2026-05-26,2026-05-19,2026-05-27
f798eafe-1e9b-41b7-9f1a-1a244e13874a,CUST013,Closed,2026-08-21,LOC-CUST-11,87000,USD,2026-08-23,2026-09-02,2026-08-25,2026-08-27
24a18bba-016e-4a78-b137-f643d579455e,CUST011,Closed,2026-06-03,LOC-CUST-9,328000,USD,2026-06-04,2026-06-14,2026-06-04,2026-06-09
0259d812-f8a0-43d8-9e93-2442e3a12326,CUST015,Closed,2026-04-14,LOC-CUST-13,387000,USD,2026-04-15,2026-04-24,2026-04-15,2026-04-23
269a6395-f932-453c-8d42-b81e02cc3a9c,CUST012,Closed,2026-07-01,LOC-CUST-10,222000,USD,2026-07-03,2026-07-10,2026-07-04,2026-07-10
d57d51e4-8665-4891-852c-52e4cac556d8,CUST009,Closed,2026-08-29,LOC-CUST-7,1048000,USD,2026-08-30,2026-09-10,2026-08-31,2026-09-05
58335d3a-3005-4805-ae57-92ff47bccd60,CUST005,Closed,2026-06-14,LOC-CUST-3,480000,USD,2026-06-15,2026-06-24,2026-06-15,2026-06-21
2ed7bd92-0d2a-4e58-8eea-3d2539b290b8,CUST012,Closed,2026-04-15,LOC-CUST-10,754000,USD,2026-04-16,2026-04-25,2026-04-17,2026-04-23
a684191c-c71e-43f1-a5d3-abf7a49e20f8,CUST004,Closed,2026-06-25,LOC-CUST-2,406000,USD,2026-06-26,2026-07-04,2026-06-26,2026-07-04
219baf0d-daaa-48d2-9589-e753c14ca9dc,CUST015,Closed,2026-08-01,LOC-CUST-13,252000,USD,2026-08-02,2026-08-14,2026-08-04,2026-08-07
d527aad5-13a3-4400-b18c-608f3e279bc6,CUST002,Closed,2026-04-20,LOC-CUST-1,216000,USD,2026-04-21,2026-04-29,2026-04-21,2026-04-29
f42c4b5f-a492-4b54-826b-8cb3ff45a7f8,CUST008,Closed,2026-04-14,LOC-CUST-6,432000,USD,2026-04-16,2026-04-26,2026-04-17,2026-04-26
04ad6fc9-f72e-434e-b408-3531905eb06b,CUST002,Closed,2026-06-27,LOC-CUST-1,1046000,USD,2026-06-28,2026-07-09,2026-06-30,2026-07-05
bf50a663-b28c-4384-8b81-1c795a11b5ff,CUST007,Closed,2026-08-13,LOC-CUST-5,486000,USD,2026-08-14,2026-08-22,2026-08-16,2026-08-23
687c004c-cc15-47fb-b4c1-8796b4596166,CUST004,Closed,2026-06-26,LOC-CUST-2,802000,USD,2026-06-28,2026-07-05,2026-06-30,2026-07-07
6666fae6-073b-4bd3-8340-5cffaf151046,CUST004,Closed,2026-05-11,LOC-CUST-2,256000,USD,2026-05-13,2026-05-21,2026-05-15,2026-05-19
d7a71724-0d2a-4dc9-886e-198c8a7e327a,CUST010,Closed,2026-03-15,LOC-CUST-8,258000,USD,2026-03-17,2026-03-24,2026-03-19,2026-03-27
64c9be0f-857f-4173-8bbe-42a861486a13,CUST004,Closed,2026-04-07,LOC-CUST-2,524000,USD,2026-04-08,2026-04-17,2026-04-10,2026-04-17
0b71b0f8-bab3-4ff5-841b-571042f558cb,CUST013,Closed,2026-06-16,LOC-CUST-11,40000,USD,2026-06-17,2026-06-24,2026-06-17,2026-06-27
5190fb0a-4f1e-45bc-a153-e4596e81c613,CUST013,Closed,2026-07-28,LOC-CUST-11,352000,USD,2026-07-30,2026-08-07,2026-07-30,2026-08-03
541c59a7-7a53-49f1-be9b-c56513182fe7,CUST005,Closed,2026-03-17,LOC-CUST-3,534000,USD,2026-03-19,2026-03-27,2026-03-19,2026-03-24
536a5ade-c45b-4354-b2c2-9050f79f8ff5,CUST010,Closed,2026-04-02,LOC-CUST-8,438000,USD,2026-04-04,2026-04-13,2026-04-04,2026-04-14
64550b22-d8f8-4771-9b28-6e3292bfd761,CUST008,Closed,2026-05-25,LOC-CUST-6,593000,USD,2026-05-26,2026-06-04,2026-05-28,2026-06-03
77bafe55-c10e-4f46-9f44-be2a34672fee,CUST010,Closed,2026-05-26,LOC-CUST-8,144000,USD,2026-05-27,2026-06-06,2026-05-28,2026-06-06
0fc1fe4e-adfa-4445-bb5e-51a022a0e30b,CUST007,Closed,2026-07-06,LOC-CUST-5,1000000,USD,2026-07-08,2026-07-16,2026-07-10,2026-07-18
a3342d7e-aba6-4cc2-8f64-e92cbd886aca,CUST004,Closed,2026-06-23,LOC-CUST-2,42000,USD,2026-06-24,2026-07-02,2026-06-25,2026-07-01
3450b16f-8770-4f63-a48f-097530b5ee3c,CUST006,Closed,2026-07-13,LOC-CUST-4,160000,USD,2026-07-14,2026-07-24,2026-07-15,2026-07-21
c94c3fa1-9fa7-4b3f-a37d-1f45986d6819,CUST013,Closed,2026-04-17,LOC-CUST-11,764000,USD,2026-04-18,2026-04-25,2026-04-20,2026-04-23
28833f5a-c1ed-49f2-ace6-c3485036a42d,CUST007,Closed,2026-06-24,LOC-CUST-5,200000,USD,2026-06-25,2026-07-03,2026-06-25,2026-07-05
182f9bef-86b1-4dc5-9105-93954973e221,CUST012,Closed,2026-06-10,LOC-CUST-10,99000,USD,2026-06-12,2026-06-22,2026-06-13,2026-06-21
af8f1b4d-9427-4648-82aa-218a313ed2b3,CUST008,Closed,2026-05-12,LOC-CUST-6,276000,USD,2026-05-13,2026-05-20,2026-05-14,2026-05-22
a5db2d24-6d3b-4d1b-9b3c-c37ace86efd5,CUST011,Closed,2026-03-24,LOC-CUST-9,340000,USD,2026-03-26,2026-04-02,2026-03-26,2026-04-01
d0d85f42-fe26-4000-9986-00c50adf14e4,CUST004,Closed,2026-06-12,LOC-CUST-2,87000,USD,2026-06-13,2026-06-20,2026-06-15,2026-06-22
5fa10005-575d-473b-a178-50558b5e3ed4,CUST012,Closed,2026-08-31,LOC-CUST-10,561000,USD,2026-09-01,2026-09-10,2026-09-01,2026-09-08
cf44d8c5-5c08-4328-818b-dacfdfdfc79f,CUST011,Closed,2026-07-06,LOC-CUST-9,273000,USD,2026-07-08,2026-07-16,2026-07-07,2026-07-17
23f2985b-8cbd-40aa-be46-4116abc41f33,CUST014,Closed,2026-07-09,LOC-CUST-12,652000,USD,2026-07-11,2026-07-18,2026-07-10,2026-07-15
c11c3e48-ed6c-43f2-bdbd-db267308e1c5,CUST014,Closed,2026-06-27,LOC-CUST-12,490000,USD,2026-06-28,2026-07-06,2026-06-28,2026-07-08
f8a5a14e-46a0-4166-bb37-56c39527c404,CUST002,Closed,2026-07-05,LOC-CUST-1,346000,USD,2026-07-07,2026-07-16,2026-07-08,2026-07-12
3953a756-993c-4b01-8d46-73599f67c776,CUST008,Closed,2026-08-21,LOC-CUST-6,598000,USD,2026-08-23,2026-08-31,2026-08-22,2026-08-27
63f3f060-9e86-4c95-9a1e-fde9bb105486,CUST012,Closed,2026-07-31,LOC-CUST-10,250000,USD,2026-08-02,2026-08-09,2026-08-01,2026-08-12
a33d0e89-fc43-4302-a855-548cc33b4aa9,CUST012,Closed,2026-06-30,LOC-CUST-10,672000,USD,2026-07-02,2026-07-12,2026-07-03,2026-07-10
22e7793b-b749-4a33-881d-6ba2a7e108a2,CUST007,Closed,2026-04-03,LOC-CUST-5,230000,USD,2026-04-04,2026-04-15,2026-04-05,2026-04-11
458e250f-b074-4ed8-87b3-32fc473ec3da,CUST013,Closed,2026-08-24,LOC-CUST-11,576000,USD,2026-08-25,2026-09-02,2026-08-26,2026-08-31
463a0a61-915b-4aba-b3b7-2ce7a0f96701,CUST013,Closed,2026-03-23,LOC-CUST-11,15000,USD,2026-03-25,2026-04-01,2026-03-26,2026-04-04
6db2b5c1-869e-4792-a04c-b90d51bccd22,CUST006,Closed,2026-05-13,LOC-CUST-4,135000,USD,2026-05-15,2026-05-25,2026-05-16,2026-05-19
247e376a-c963-4ab6-b08c-45dc95bef304,CUST015,Closed,2026-04-11,LOC-CUST-13,252000,USD,2026-04-12,2026-04-20,2026-04-12,2026-04-19
170e8af3-1489-430f-b637-2cdc7feed703,CUST008,Closed,2026-06-21,LOC-CUST-6,504000,USD,2026-06-23,2026-07-01,2026-06-22,2026-06-27
66ad47c9-aeec-47ca-a157-c428634fe37e,CUST006,Closed,2026-08-30,LOC-CUST-4,64000,USD,2026-08-31,2026-09-09,2026-09-02,2026-09-07
546583b9-f9da-47c5-8106-4adcc2cea38f,CUST007,Closed,2026-04-29,LOC-CUST-5,126000,USD,2026-04-30,2026-05-10,2026-04-30,2026-05-07
be8a0a36-a323-48f0-8178-1f002302abf0,CUST008,Closed,2026-05-19,LOC-CUST-6,746000,USD,2026-05-21,2026-05-29,2026-05-21,2026-05-26
e032bc9c-7ed2-498e-babc-1b7fa2e729c2,CUST007,Closed,2026-06-22,LOC-CUST-5,54000,USD,2026-06-23,2026-07-02,2026-06-24,2026-07-03
562a73a5-fd5f-4a9b-85b6-6744bcfe7364,CUST014,Closed,2026-04-06,LOC-CUST-12,335000,USD,2026-04-07,2026-04-14,2026-04-09,2026-04-14
23d5c157-2a49-4d50-ac12-15b7d4305838,CUST006,Closed,2026-07-09,LOC-CUST-4,474000,USD,2026-07-11,2026-07-18,2026-07-12,2026-07-19
2bac6b0d-4c41-4eaf-8cc0-a3cf5b5b0ee1,CUST013,Closed,2026-07-27,LOC-CUST-11,480000,USD,2026-07-29,2026-08-06,2026-07-29,2026-08-03
f21cab8b-f7e5-4b4d-b4ea-2d2a93e00aca,CUST010,Closed,2026-05-25,LOC-CUST-8,315000,USD,2026-05-27,2026-06-05,2026-05-26,2026-06-06
5132991b-a481-4de7-9f16-c64b804df4d7,CUST008,Closed,2026-03-07,LOC-CUST-6,848000,USD,2026-03-08,2026-03-15,2026-03-08,2026-03-13
76768dbc-3c25-4918-97f8-bf0e3ee216b7,CUST008,Closed,2026-03-26,LOC-CUST-6,332000,USD,2026-03-27,2026-04-07,2026-03-29,2026-04-02
49455b06-d2f4-4cb4-938b-cefeed9e71e1,CUST015,Closed,2026-04-24,LOC-CUST-13,328000,USD,2026-04-25,2026-05-03,2026-04-26,2026-04-29
f43e3496-5db9-40a3-9740-e7426a7887a0,CUST005,Closed,2026-05-10,LOC-CUST-3,296000,USD,2026-05-11,2026-05-21,2026-05-11,2026-05-20
55a177aa-78f2-4f35-bb94-867f72907096,CUST013,Closed,2026-07-04,LOC-CUST-11,220000,USD,2026-07-05,2026-07-17,2026-07-06,2026-07-11
b0cee2e0-2e83-45ee-a090-f8ec52162e9a,CUST010,Closed,2026-07-08,LOC-CUST-8,277000,USD,2026-07-09,2026-07-16,2026-07-11,2026-07-16
7b5bb7f5-bc72-4856-88cb-d3d5902a2d4c,CUST014,Closed,2026-08-21,LOC-CUST-12,486000,USD,2026-08-22,2026-08-29,2026-08-23,2026-08-28
fc07791d-53e3-4a68-bf39-cdf8a6a887aa,CUST005,Closed,2026-05-28,LOC-CUST-3,360000,USD,2026-05-30,2026-06-07,2026-05-29,2026-06-06
6ecdcc96-622d-472d-89a9-45d9b6d6f75a,CUST006,Closed,2026-07-12,LOC-CUST-4,152000,USD,2026-07-14,2026-07-22,2026-07-16,2026-07-22
50a6b27f-973e-4ee7-8ece-0dfc9d566d34,CUST010,Closed,2026-05-24,LOC-CUST-8,158000,USD,2026-05-25,2026-06-01,2026-05-27,2026-06-04
ecc7fccf-1cc2-4916-a0c6-6e4749f98287,CUST015,Closed,2026-03-04,LOC-CUST-13,190000,USD,2026-03-05,2026-03-12,2026-03-07,2026-03-13
bc2a11b4-ed0a-4dbe-b9a1-d1a7ef7328a2,CUST013,Closed,2026-03-24,LOC-CUST-11,111000,USD,2026-03-25,2026-04-04,2026-03-26,2026-04-01
28cefe00-0026-48ab-a53e-be8e000b768c,CUST014,Closed,2026-07-27,LOC-CUST-12,424000,USD,2026-07-28,2026-08-08,2026-07-30,2026-08-07
c6cdef90-3ff3-4212-8f4c-3f1d43ed3cc6,CUST004,Closed,2026-06-16,LOC-CUST-2,256000,USD,2026-06-18,2026-06-29,2026-06-18,2026-06-22
1df6e65f-ae0d-450c-9f2d-8d94b3577c16,CUST011,Closed,2026-07-16,LOC-CUST-9,189000,USD,2026-07-18,2026-07-25,2026-07-18,2026-07-23
2e72704f-850c-4236-8552-36739210a1a9,CUST009,Closed,2026-06-02,LOC-CUST-7,27000,USD,2026-06-03,2026-06-11,2026-06-05,2026-06-13
97310144-6b37-42ef-aa94-3c881b0cedf8,CUST008,Closed,2026-03-14,LOC-CUST-6,460000,USD,2026-03-15,2026-03-25,2026-03-15,2026-03-20
70ca9ee5-6ba7-46d4-a833-b570ed549e04,CUST004,Closed,2026-04-15,LOC-CUST-2,858000,USD,2026-04-16,2026-04-24,2026-04-18,2026-04-24
05e77095-ba3c-417d-affc-e694f7c71d92,CUST013,Closed,2026-06-23,LOC-CUST-11,622000,USD,2026-06-24,2026-07-04,2026-06-24,2026-07-01
2dfb24b9-9902-4e47-89a7-850991fe7ba8,CUST002,Closed,2026-06-13,LOC-CUST-1,622000,USD,2026-06-14,2026-06-25,2026-06-16,2026-06-24
58818a70-3a80-4605-b720-a01b36f15a7d,CUST013,Closed,2026-07-07,LOC-CUST-11,261000,USD,2026-07-09,2026-07-17,2026-07-11,2026-07-15
c00acbe4-2261-43a9-b72d-60c3fd88246f,CUST010,Closed,2026-07-22,LOC-CUST-8,606000,USD,2026-07-23,2026-08-02,2026-07-24,2026-08-01
748b018b-9547-403a-9a85-1ff72c86935c,CUST002,Closed,2026-03-13,LOC-CUST-1,376000,USD,2026-03-15,2026-03-24,2026-03-15,2026-03-23
929f4110-1970-49c6-b6d5-d111d0aaa568,CUST006,Closed,2026-04-30,LOC-CUST-4,56000,USD,2026-05-01,2026-05-08,2026-05-02,2026-05-09
1f9d8223-c939-4b84-ac50-85fd7bee6e2c,CUST004,Closed,2026-05-16,LOC-CUST-2,395000,USD,2026-05-17,2026-05-26,2026-05-18,2026-05-22
72e46715-c023-4ba4-956c-d3877dd76ddd,CUST010,Closed,2026-05-30,LOC-CUST-8,120000,USD,2026-05-31,2026-06-07,2026-05-31,2026-06-08
e32adbc9-42a9-452e-8b2a-da3e6c68a5b8,CUST011,Closed,2026-08-20,LOC-CUST-9,371000,USD,2026-08-22,2026-08-29,2026-08-23,2026-09-01
d37d8a80-202f-4458-81f1-218417f2bb3c,CUST004,Closed,2026-03-31,LOC-CUST-2,714000,USD,2026-04-02,2026-04-14,2026-04-01,2026-04-11
fbc94df7-874c-495e-a581-7a6051ee48cb,CUST002,Closed,2026-06-19,LOC-CUST-1,302000,USD,2026-06-21,2026-06-29,2026-06-20,2026-06-27
37a5d75c-d52f-49ce-a1df-570446ee6ffb,CUST005,Closed,2026-05-17,LOC-CUST-3,554000,USD,2026-05-18,2026-05-28,2026-05-19,2026-05-27
d59b9fc9-cad8-4475-92a0-46ae13ef6540,CUST005,Closed,2026-05-09,LOC-CUST-3,60000,USD,2026-05-10,2026-05-17,2026-05-11,2026-05-15
80c46cd8-1dde-4b8c-ac07-3f21f64a0644,CUST010,Closed,2026-07-10,LOC-CUST-8,102000,USD,2026-07-11,2026-07-18,2026-07-13,2026-07-15
9e330894-323a-4def-911f-0f6a93434981,CUST002,Closed,2026-04-27,LOC-CUST-1,211000,USD,2026-04-28,2026-05-08,2026-04-29,2026-05-03
124d6a36-fdc7-4351-a9b4-e16cb55d4a95,CUST010,Closed,2026-04-29,LOC-CUST-8,572000,USD,2026-04-30,2026-05-08,2026-05-02,2026-05-09
b5cd43bb-7120-4be1-988b-d624cf39785e,CUST004,Closed,2026-08-24,LOC-CUST-2,288000,USD,2026-08-25,2026-09-04,2026-08-25,2026-08-31
7aae4b43-9be7-44eb-a0e8-76184e2b0f3a,CUST008,Closed,2026-08-07,LOC-CUST-6,136000,USD,2026-08-09,2026-08-17,2026-08-10,2026-08-17
71749819-071d-4a11-9ecc-e48e2c53d157,CUST007,Closed,2026-04-01,LOC-CUST-5,763000,USD,2026-04-03,2026-04-12,2026-04-05,2026-04-09
de45c5c6-dfed-4657-97ef-aefb981a6344,CUST006,Closed,2026-08-12,LOC-CUST-4,318000,USD,2026-08-14,2026-08-25,2026-08-16,2026-08-19
c42ea15e-11eb-475b-9be2-da7ed192eb66,CUST009,Closed,2026-08-20,LOC-CUST-7,320000,USD,2026-08-22,2026-09-01,2026-08-24,2026-08-29
3ceab7d0-1f1a-427d-94dd-69b06d60383e,CUST009,Closed,2026-03-11,LOC-CUST-7,132000,USD,2026-03-12,2026-03-20,2026-03-13,2026-03-21
dfcf0971-9611-4056-9d37-cf6e2778739d,CUST009,Closed,2026-07-25,LOC-CUST-7,690000,USD,2026-07-26,2026-08-06,2026-07-27,2026-08-05
ef324530-6597-48ef-af90-de84c2bfc774,CUST012,Closed,2026-03-10,LOC-CUST-10,424000,USD,2026-03-12,2026-03-20,2026-03-14,2026-03-20
09fa2827-cf2f-4e5c-8be1-8de044a1df2a,CUST002,Closed,2026-06-01,LOC-CUST-1,180000,USD,2026-06-03,2026-06-10,2026-06-05,2026-06-07
773d19d6-2f5e-4346-8558-d2637b174ae7,CUST014,Closed,2026-04-26,LOC-CUST-12,558000,USD,2026-04-27,2026-05-06,2026-04-29,2026-05-06
01f90ba4-f50d-4318-8eb5-cd08a88ee457,CUST005,Closed,2026-08-11,LOC-CUST-3,549000,USD,2026-08-13,2026-08-20,2026-08-14,2026-08-20
9571fbcb-a877-47f7-ab17-5d4b29fe5bc1,CUST012,Closed,2026-05-07,LOC-CUST-10,318000,USD,2026-05-08,2026-05-16,2026-05-08,2026-05-18
69cc1529-cb36-44c6-9bf2-15dadf7c9f07,CUST004,Closed,2026-03-27,LOC-CUST-2,80000,USD,2026-03-29,2026-04-05,2026-03-30,2026-04-07
12b9d93a-1a84-4fe5-a2ed-b974a359a789,CUST011,Closed,2026-08-16,LOC-CUST-9,230000,USD,2026-08-17,2026-08-27,2026-08-19,2026-08-26
465d0fc3-4fd4-4725-896d-c5d4712ba255,CUST010,Closed,2026-05-01,LOC-CUST-8,60000,USD,2026-05-03,2026-05-13,2026-05-03,2026-05-13
14d8840b-8807-4d49-b5ad-55840a7dce56,CUST005,Closed,2026-07-11,LOC-CUST-3,310000,USD,2026-07-13,2026-07-24,2026-07-12,2026-07-17
a66dc7c9-5205-4ca0-b8f8-a499ce470386,CUST005,Closed,2026-04-27,LOC-CUST-3,604000,USD,2026-04-28,2026-05-05,2026-04-29,2026-05-07
f25d6374-35ad-48f2-af5f-6ecd2a4536b2,CUST011,Closed,2026-04-12,LOC-CUST-9,602000,USD,2026-04-14,2026-04-23,2026-04-16,2026-04-23
a0c12f0e-a2cc-47e8-9d01-d5a5443252a0,CUST009,Closed,2026-07-18,LOC-CUST-7,734000,USD,2026-07-20,2026-07-30,2026-07-22,2026-07-27
601fcdf9-afe2-444a-b29d-1b835bcfea13,CUST005,Closed,2026-04-29,LOC-CUST-3,654000,USD,2026-05-01,2026-05-08,2026-05-02,2026-05-06
ca9ae3c3-1bd3-4d14-8091-d0e5d1d32f18,CUST004,Closed,2026-05-10,LOC-CUST-2,144000,USD,2026-05-11,2026-05-18,2026-05-12,2026-05-16
b1bc1c76-8b87-488d-801d-635158913f42,CUST012,Closed,2026-06-01,LOC-CUST-10,454000,USD,2026-06-02,2026-06-13,2026-06-03,2026-06-10
892570c7-dde8-462e-90f4-28f0bdf7f9a3,CUST004,Closed,2026-07-17,LOC-CUST-2,164000,USD,2026-07-18,2026-07-25,2026-07-18,2026-07-27
67f8212d-336e-4642-9578-a9467b89f79a,CUST013,Closed,2026-03-24,LOC-CUST-11,372000,USD,2026-03-26,2026-04-03,2026-03-25,2026-04-02
e366639e-12eb-499e-9b12-f3158dd05529,CUST005,Closed,2026-08-14,LOC-CUST-3,75000,USD,2026-08-15,2026-08-24,2026-08-15,2026-08-21
a6cf7487-852c-4fdd-9b73-7205bef1774d,CUST005,Closed,2026-07-29,LOC-CUST-3,960000,USD,2026-07-30,2026-08-10,2026-07-31,2026-08-09
64466059-35ae-4f6d-b799-7d38e0b2894f,CUST009,Closed,2026-07-24,LOC-CUST-7,310000,USD,2026-07-25,2026-08-03,2026-07-27,2026-07-31
c59077de-3d1c-444e-bca3-65c6ec4a02b4,CUST012,Closed,2026-03-24,LOC-CUST-10,96000,USD,2026-03-25,2026-04-02,2026-03-26,2026-03-31
e21de3b9-cfea-4cdd-93e3-7d4193362e1f,CUST011,Closed,2026-08-07,LOC-CUST-9,686000,USD,2026-08-08,2026-08-16,2026-08-08,2026-08-15
58d5d441-df66-4509-9c6b-86ddc287bb07,CUST007,Closed,2026-06-18,LOC-CUST-5,388000,USD,2026-06-19,2026-06-27,2026-06-20,2026-06-27
2b08606f-a2e8-41db-b4df-e075a1ac68be,CUST005,Closed,2026-04-20,LOC-CUST-3,536000,USD,2026-04-21,2026-04-28,2026-04-22,2026-04-27
8789eaa8-7301-4240-8472-fee27b5fa615,CUST015,Closed,2026-08-26,LOC-CUST-13,276000,USD,2026-08-27,2026-09-04,2026-08-28,2026-09-02
51ea49e5-1327-4fbf-9546-434ca7b181ce,CUST011,Closed,2026-04-12,LOC-CUST-9,153000,USD,2026-04-13,2026-04-22,2026-04-13,2026-04-18
d80c7ba3-91b2-4f20-9ef0-9924a7da9c54,CUST015,Closed,2026-04-11,LOC-CUST-13,104000,USD,2026-04-13,2026-04-23,2026-04-15,2026-04-20
b7a78dd2-cff1-4648-ad4e-de96dd87a7ee,CUST012,Closed,2026-05-12,LOC-CUST-10,399000,USD,2026-05-13,2026-05-20,2026-05-14,2026-05-23
f8a65344-a08f-4241-b2e3-d086d2af1c33,CUST002,Closed,2026-06-13,LOC-CUST-1,160000,USD,2026-06-15,2026-06-22,2026-06-15,2026-06-19
f5d4134b-71a4-4c3a-a96d-40a4ae24d56d,CUST005,Closed,2026-05-22,LOC-CUST-3,192000,USD,2026-05-24,2026-06-03,2026-05-24,2026-05-30
4efccecb-840b-43d9-a1c3-7c4f6267cb25,CUST002,Closed,2026-05-28,LOC-CUST-1,264000,USD,2026-05-29,2026-06-09,2026-05-31,2026-06-05
91c5fff6-77d3-470e-8206-5311a20cdb3f,CUST008,Closed,2026-03-13,LOC-CUST-6,96000,USD,2026-03-15,2026-03-26,2026-03-16,2026-03-20
5c42cf54-5dcd-4a4a-bdb1-5782c179e668,CUST002,Closed,2026-03-15,LOC-CUST-1,796000,USD,2026-03-16,2026-03-27,2026-03-16,2026-03-24
688e89d6-4d14-40f2-898f-833b91964f6c,CUST014,Closed,2026-07-16,LOC-CUST-12,384000,USD,2026-07-17,2026-07-25,2026-07-19,2026-07-22
c69cce16-776f-4a31-9279-d462b93cf397,CUST008,Closed,2026-03-23,LOC-CUST-6,148000,USD,2026-03-24,2026-03-31,2026-03-26,2026-04-02
2901bc11-9600-43da-a6a5-c4f9664afa44,CUST004,Closed,2026-08-14,LOC-CUST-2,568000,USD,2026-08-16,2026-08-23,2026-08-16,2026-08-21
71620b98-9df1-4ec7-aa9c-1203af0482f4,CUST010,Closed,2026-05-19,LOC-CUST-8,644000,USD,2026-05-21,2026-05-28,2026-05-21,2026-05-29
123affd1-016c-4f7b-a31f-167c3bf0f591,CUST002,Closed,2026-07-21,LOC-CUST-1,444000,USD,2026-07-22,2026-07-29,2026-07-23,2026-07-28
e9c9e313-1fba-4343-a07f-28ee5a652d0f,CUST008,Closed,2026-06-13,LOC-CUST-6,150000,USD,2026-06-14,2026-06-22,2026-06-14,2026-06-20
61f058f0-c0a3-447d-ad17-3d1380818164,CUST004,Closed,2026-08-20,LOC-CUST-2,380000,USD,2026-08-21,2026-08-29,2026-08-21,2026-08-30
78460a6d-a89b-41e4-b078-36909e154f95,CUST009,Closed,2026-04-29,LOC-CUST-7,190000,USD,2026-05-01,2026-05-08,2026-05-02,2026-05-09
2d7fe7ed-00fc-46bf-953f-eeddb45bc568,CUST007,Closed,2026-07-23,LOC-CUST-5,484000,USD,2026-07-24,2026-07-31,2026-07-25,2026-08-02
5742cb00-d45a-44a5-a8d7-77592310bd7d,CUST012,Closed,2026-07-17,LOC-CUST-10,590000,USD,2026-07-18,2026-07-30,2026-07-20,2026-07-28
b04d8ec2-f837-41bd-ab40-e93d88e2d9d4,CUST014,Closed,2026-06-17,LOC-CUST-12,132000,USD,2026-06-18,2026-06-29,2026-06-19,2026-06-27
8cb33f32-65bd-4070-89fc-2455caaa8a80,CUST005,Closed,2026-05-22,LOC-CUST-3,205000,USD,2026-05-23,2026-05-31,2026-05-24,2026-05-27
fbb94099-fbdd-4882-89db-fe539c29014a,CUST014,Closed,2026-04-21,LOC-CUST-12,207000,USD,2026-04-22,2026-05-04,2026-04-22,2026-04-27
d9c3f83c-dbcc-42b0-b80b-409bbee49e43,CUST010,Closed,2026-04-05,LOC-CUST-8,310000,USD,2026-04-06,2026-04-13,2026-04-08,2026-04-10
f5cc1743-ec83-4fb3-a12e-eb563d9156c3,CUST004,Closed,2026-04-27,LOC-CUST-2,565000,USD,2026-04-28,2026-05-07,2026-04-30,2026-05-02
e3b60d1d-ae02-418a-afb2-d55f94fac50f,CUST010,Closed,2026-07-15,LOC-CUST-8,630000,USD,2026-07-17,2026-07-26,2026-07-19,2026-07-26
fd1f0b50-443f-4c17-ac5d-11ac47b6f3f7,CUST005,Closed,2026-08-30,LOC-CUST-3,526000,USD,2026-09-01,2026-09-08,2026-09-02,2026-09-11
31161350-212b-49ea-a04c-dd7171a1962e,CUST007,Closed,2026-06-14,LOC-CUST-5,342000,USD,2026-06-16,2026-06-25,2026-06-17,2026-06-24
aa9d562e-6eac-4cc2-ae5c-4567b7a5722d,CUST010,Closed,2026-05-14,LOC-CUST-8,123000,USD,2026-05-16,2026-05-25,2026-05-15,2026-05-21
ea819857-92cf-4fa2-8efe-29d85ebaeb4f,CUST009,Closed,2026-04-17,LOC-CUST-7,700000,USD,2026-04-18,2026-04-25,2026-04-20,2026-04-28
84616591-38b8-4eb3-af66-3f04f8ccd85c,CUST014,Closed,2026-04-09,LOC-CUST-12,368000,USD,2026-04-10,2026-04-17,2026-04-11,2026-04-16
c35e7de6-7464-439b-bc55-d023789cf7dd,CUST012,Closed,2026-06-01,LOC-CUST-10,420000,USD,2026-06-03,2026-06-10,2026-06-04,2026-06-09
c67e7bef-f63b-4579-98df-75d8368ad8f4,CUST007,Closed,2026-03-11,LOC-CUST-5,404000,USD,2026-03-12,2026-03-21,2026-03-14,2026-03-21
c9193bdf-316f-44a6-8146-ff500251f799,CUST006,Closed,2026-05-11,LOC-CUST-4,916000,USD,2026-05-12,2026-05-22,2026-05-13,2026-05-16
bb4bea1e-300a-42e3-bcf0-be8844d4cd68,CUST006,Closed,2026-08-01,LOC-CUST-4,290000,USD,2026-08-03,2026-08-12,2026-08-03,2026-08-09
92a87ca4-4e52-427c-9a4d-1dbf128d25bb,CUST012,Closed,2026-04-16,LOC-CUST-10,496000,USD,2026-04-17,2026-04-28,2026-04-19,2026-04-23
4fd3514f-42bf-4d82-8bf3-0d71ba153217,CUST006,Closed,2026-08-30,LOC-CUST-4,753000,USD,2026-08-31,2026-09-10,2026-09-02,2026-09-07
61e7755c-af2b-4fbd-92b0-1a8d99fecd88,CUST010,Closed,2026-05-18,LOC-CUST-8,276000,USD,2026-05-20,2026-05-27,2026-05-22,2026-05-30
21e3027c-8273-47c5-9c91-f090b20589e6,CUST015,Closed,2026-07-23,LOC-CUST-13,333000,USD,2026-07-24,2026-08-01,2026-07-24,2026-07-30
1f3364c0-34b2-4061-b0ef-cf121856371d,CUST005,Closed,2026-08-25,LOC-CUST-3,552000,USD,2026-08-26,2026-09-05,2026-08-28,2026-09-05
2603202b-de1d-4ae0-a8fd-b0f82bef591f,CUST011,Closed,2026-06-28,LOC-CUST-9,104000,USD,2026-06-30,2026-07-08,2026-06-30,2026-07-06
66a2796b-378c-480e-9c37-7c73609b59c8,CUST010,Closed,2026-06-28,LOC-CUST-8,1001000,USD,2026-06-30,2026-07-10,2026-07-02,2026-07-08
430fb18c-0610-44bb-9804-71ee8666620f,CUST007,Closed,2026-04-07,LOC-CUST-5,542000,USD,2026-04-09,2026-04-17,2026-04-11,2026-04-13
b8b1a4b5-62bc-4589-9c0d-35420de94d6a,CUST006,Closed,2026-08-29,LOC-CUST-4,147000,USD,2026-08-30,2026-09-07,2026-08-31,2026-09-04
dd2105fd-1562-4e17-994d-4b9d5069da01,CUST002,Closed,2026-07-20,LOC-CUST-1,734000,USD,2026-07-21,2026-07-28,2026-07-21,2026-07-28
639e9747-9ff9-4fb4-9a45-5c063bc4d407,CUST009,Closed,2026-08-15,LOC-CUST-7,204000,USD,2026-08-16,2026-08-23,2026-08-18,2026-08-26
f7319aa0-a30b-4266-9777-2e814d0a1359,CUST007,Closed,2026-03-15,LOC-CUST-5,132000,USD,2026-03-17,2026-03-24,2026-03-16,2026-03-21
b93755c2-cf6d-4e62-9f51-05f6c13e854f,CUST015,Closed,2026-07-07,LOC-CUST-13,600000,USD,2026-07-09,2026-07-16,2026-07-10,2026-07-15
45941edf-3868-48d0-80df-23eadc57ef01,CUST008,Closed,2026-07-02,LOC-CUST-6,190000,USD,2026-07-04,2026-07-11,2026-07-06,2026-07-08
48bbb1ac-5990-4ffd-bff1-57527dcc5131,CUST010,Closed,2026-08-04,LOC-CUST-8,260000,USD,2026-08-05,2026-08-15,2026-08-07,2026-08-13
2b8c1838-f639-4339-8689-968797c57c16,CUST007,Closed,2026-04-23,LOC-CUST-5,60000,USD,2026-04-25,2026-05-03,2026-04-25,2026-05-01
30c19e20-e005-4ce7-bae9-ce3b705026d7,CUST012,Closed,2026-04-15,LOC-CUST-10,480000,USD,2026-04-17,2026-04-24,2026-04-16,2026-04-23
446edf92-2abb-443b-b448-715e1a15e523,CUST007,Closed,2026-04-16,LOC-CUST-5,390000,USD,2026-04-18,2026-04-25,2026-04-18,2026-04-27
40e29649-9f16-4a3c-b554-2f05bfc9a640,CUST012,Closed,2026-08-11,LOC-CUST-10,532000,USD,2026-08-12,2026-08-21,2026-08-12,2026-08-21
b46021fc-ecb3-4edf-9e31-8045ef0c0713,CUST004,Closed,2026-08-09,LOC-CUST-2,170000,USD,2026-08-11,2026-08-22,2026-08-13,2026-08-15
31e46799-57b3-44b9-b91f-c313efebca42,CUST007,Closed,2026-08-27,LOC-CUST-5,616000,USD,2026-08-28,2026-09-04,2026-08-30,2026-09-01
b653e72a-0095-42b1-b551-d0751da2b17f,CUST015,Closed,2026-06-05,LOC-CUST-13,759000,USD,2026-06-06,2026-06-17,2026-06-07,2026-06-13
1febd3f7-60a0-405b-9491-c88837a2cfa6,CUST002,Closed,2026-03-14,LOC-CUST-1,185000,USD,2026-03-16,2026-03-25,2026-03-15,2026-03-21
0309fdde-febe-4766-9c38-c88f6a189d58,CUST007,Closed,2026-04-18,LOC-CUST-5,864000,USD,2026-04-20,2026-04-27,2026-04-21,2026-04-30
8b19587b-1f38-4f6b-addb-f1b07488210d,CUST015,Closed,2026-05-25,LOC-CUST-13,645000,USD,2026-05-26,2026-06-02,2026-05-28,2026-06-03
1f1af1e7-2f73-46a0-ac87-d5e2d11dd5f4,CUST015,Closed,2026-03-17,LOC-CUST-13,57000,USD,2026-03-18,2026-03-27,2026-03-18,2026-03-28
13aefcd7-cde2-4ad1-a382-70363efde1d6,CUST008,Closed,2026-06-05,LOC-CUST-6,108000,USD,2026-06-06,2026-06-13,2026-06-07,2026-06-11
67e6fe61-a534-49c2-9d0d-0f1a3b8bd6e2,CUST010,Closed,2026-05-04,LOC-CUST-8,792000,USD,2026-05-06,2026-05-14,2026-05-07,2026-05-15
2fd3343c-36e5-48be-a8ff-d1fb1437995d,CUST012,Closed,2026-03-10,LOC-CUST-10,575000,USD,2026-03-12,2026-03-24,2026-03-11,2026-03-22
e261ba1b-eef5-48b3-b0d2-2353d081554b,CUST008,Closed,2026-04-23,LOC-CUST-6,498000,USD,2026-04-25,2026-05-03,2026-04-26,2026-05-02
a21cb5a8-f142-4fdd-82c8-df01129f15b0,CUST012,Closed,2026-07-10,LOC-CUST-10,252000,USD,2026-07-12,2026-07-19,2026-07-12,2026-07-17
491bf7aa-c75c-4f32-aad5-9a52786f1196,CUST013,Closed,2026-04-11,LOC-CUST-11,436000,USD,2026-04-12,2026-04-21,2026-04-13,2026-04-19
7356e276-4b33-44ee-afd4-28f9b2404f54,CUST012,Closed,2026-04-04,LOC-CUST-10,728000,USD,2026-04-06,2026-04-13,2026-04-07,2026-04-11
57f135d2-d4e7-41a0-a463-7ce3124a0c3d,CUST009,Closed,2026-03-17,LOC-CUST-7,542000,USD,2026-03-18,2026-03-26,2026-03-18,2026-03-23
a369aa4d-00c6-4c17-b94b-7ae0c759aff4,CUST015,Closed,2026-07-20,LOC-CUST-13,60000,USD,2026-07-22,2026-08-01,2026-07-22,2026-07-28
dae871e0-e69e-406d-a035-3dd4bd093451,CUST005,Closed,2026-07-09,LOC-CUST-3,515000,USD,2026-07-10,2026-07-21,2026-07-12,2026-07-15
60f0dccc-c9f0-4fa0-93e3-4cb82e96b7d4,CUST007,Closed,2026-03-12,LOC-CUST-5,132000,USD,2026-03-14,2026-03-21,2026-03-16,2026-03-23
07d43af2-1f58-402c-a2db-63671b149616,CUST005,Closed,2026-05-04,LOC-CUST-3,152000,USD,2026-05-05,2026-05-12,2026-05-06,2026-05-09
adfa1f39-7cb3-48c8-93c8-3a345a096df3,CUST013,Closed,2026-04-13,LOC-CUST-11,70000,USD,2026-04-15,2026-04-23,2026-04-14,2026-04-20
af12c2e9-8596-4494-996f-08fe8f2c14cc,CUST002,Closed,2026-03-05,LOC-CUST-1,556000,USD,2026-03-07,2026-03-14,2026-03-09,2026-03-14
48814c29-08ea-446d-9801-32bd9fc6d9e5,CUST005,Closed,2026-07-13,LOC-CUST-3,288000,USD,2026-07-14,2026-07-21,2026-07-15,2026-07-21
491036ec-7c82-4491-a14d-1afe7b74d169,CUST004,Closed,2026-03-13,LOC-CUST-2,116000,USD,2026-03-15,2026-03-23,2026-03-17,2026-03-22
a0d57c95-593a-492d-964c-ae0c01d9f500,CUST012,Closed,2026-06-20,LOC-CUST-10,164000,USD,2026-06-21,2026-06-28,2026-06-21,2026-06-30
91584b1c-1306-466e-808f-814e0ec00a11,CUST002,Closed,2026-03-07,LOC-CUST-1,554000,USD,2026-03-08,2026-03-18,2026-03-09,2026-03-13
3bd8b01d-2a9f-4c82-bf4b-6fbb559406f6,CUST015,Closed,2026-08-05,LOC-CUST-13,354000,USD,2026-08-06,2026-08-13,2026-08-06,2026-08-16
3875f52e-42ac-4a0e-a264-747df5a1c05d,CUST002,Closed,2026-04-20,LOC-CUST-1,172000,USD,2026-04-22,2026-04-29,2026-04-23,2026-04-26
fc8d21fb-2784-4738-aecd-822f7b8289e2,CUST009,Closed,2026-07-11,LOC-CUST-7,783000,USD,2026-07-13,2026-07-24,2026-07-12,2026-07-19
5b36f003-d793-4434-a887-bc39f51aa7c7,CUST015,Closed,2026-05-29,LOC-CUST-13,245000,USD,2026-05-31,2026-06-08,2026-05-30,2026-06-07
ed2fd174-c7cf-4a48-b48c-70c28a5e5464,CUST013,Closed,2026-07-04,LOC-CUST-11,489000,USD,2026-07-06,2026-07-15,2026-07-07,2026-07-15
9d0e833d-32c4-41d8-b57c-c83876de8a65,CUST004,Closed,2026-04-07,LOC-CUST-2,1014000,USD,2026-04-09,2026-04-16,2026-04-11,2026-04-16
863a7683-5470-4fdf-9f42-ad6e28cf3fbf,CUST008,Closed,2026-05-29,LOC-CUST-6,160000,USD,2026-05-31,2026-06-09,2026-06-01,2026-06-08
033471d5-d5c3-4052-896d-a73d071a5bb1,CUST009,Closed,2026-06-24,LOC-CUST-7,175000,USD,2026-06-26,2026-07-06,2026-06-28,2026-07-06
cfa23281-ecbd-4a03-af3d-c29c8365e8cc,CUST013,Closed,2026-05-29,LOC-CUST-11,190000,USD,2026-05-31,2026-06-08,2026-05-30,2026-06-10
e5aab8a0-3855-4d29-a481-9106c085ec5c,CUST007,Closed,2026-08-10,LOC-CUST-5,378000,USD,2026-08-12,2026-08-19,2026-08-14,2026-08-18
febb8738-f356-4071-88b8-384047b4619a,CUST013,Closed,2026-03-11,LOC-CUST-11,523000,USD,2026-03-13,2026-03-22,2026-03-12,2026-03-20
78f2767e-8c86-4fc9-b0cc-641dc05874c0,CUST004,Closed,2026-06-05,LOC-CUST-2,115000,USD,2026-06-07,2026-06-18,2026-06-08,2026-06-14
59b6bcdc-1e44-409f-9275-9b510594c6c1,CUST009,Closed,2026-07-29,LOC-CUST-7,776000,USD,2026-07-31,2026-08-07,2026-08-02,2026-08-06
4ad0a085-50f3-4340-b2f3-229dc9a89518,CUST007,Closed,2026-08-16,LOC-CUST-5,220000,USD,2026-08-17,2026-08-24,2026-08-18,2026-08-21
636a89b5-e375-40ea-9c05-2bdff8690bf9,CUST015,Closed,2026-03-13,LOC-CUST-13,516000,USD,2026-03-14,2026-03-24,2026-03-14,2026-03-22
024941f3-a47b-4d9a-8fa7-eedebcea8a4d,CUST015,Closed,2026-08-13,LOC-CUST-13,124000,USD,2026-08-14,2026-08-21,2026-08-16,2026-08-23
25ea24b6-ff02-4780-8843-d06b676fa7bf,CUST008,Closed,2026-03-07,LOC-CUST-6,348000,USD,2026-03-09,2026-03-16,2026-03-08,2026-03-17
826dd2b0-3055-455d-8ff4-97a64fb0f76e,CUST015,Closed,2026-07-14,LOC-CUST-13,792000,USD,2026-07-15,2026-07-24,2026-07-16,2026-07-25
6f09b520-f0bb-4157-aa28-fce280201762,CUST004,Closed,2026-06-07,LOC-CUST-2,297000,USD,2026-06-09,2026-06-16,2026-06-08,2026-06-13
c603d757-1f19-4d5c-b3e7-ecc94ddbc83b,CUST010,Closed,2026-07-01,LOC-CUST-8,804000,USD,2026-07-03,2026-07-11,2026-07-03,2026-07-10
3672e6d2-f5a2-4337-9cf7-bff24671f093,CUST006,Closed,2026-04-16,LOC-CUST-4,234000,USD,2026-04-18,2026-04-27,2026-04-19,2026-04-23
8a39d74d-8d23-45a9-88bb-f20fc79bc35b,CUST012,Closed,2026-06-23,LOC-CUST-10,527000,USD,2026-06-25,2026-07-02,2026-06-26,2026-06-29
906834d5-aff6-4afa-9003-245ff6580d35,CUST012,Closed,2026-06-13,LOC-CUST-10,626000,USD,2026-06-14,2026-06-25,2026-06-14,2026-06-18
3b0dc36b-27e0-401f-9130-0e4474747aaa,CUST002,Closed,2026-07-03,LOC-CUST-1,351000,USD,2026-07-04,2026-07-12,2026-07-05,2026-07-09
083952f4-c877-4c23-97bf-0a985e0a92f3,CUST012,Closed,2026-04-29,LOC-CUST-10,866000,USD,2026-04-30,2026-05-07,2026-05-02,2026-05-05
688f4ea2-5e37-4df4-9552-9b8c4614e9f7,CUST012,Closed,2026-07-07,LOC-CUST-10,512000,USD,2026-07-08,2026-07-17,2026-07-10,2026-07-16
35b295d4-dae0-4da5-912c-163ada514f66,CUST011,Closed,2026-08-11,LOC-CUST-9,40000,USD,2026-08-13,2026-08-21,2026-08-14,2026-08-19
1b6c07fb-adc5-4f4b-8a33-69ea7e1ca763,CUST008,Closed,2026-03-13,LOC-CUST-6,243000,USD,2026-03-14,2026-03-22,2026-03-14,2026-03-19
4b67c72b-5cde-4e00-987a-7868c09ff7b2,CUST006,Closed,2026-05-02,LOC-CUST-4,346000,USD,2026-05-03,2026-05-10,2026-05-05,2026-05-07
ec06cddb-3a9e-4b5b-aa80-cc97681d7b25,CUST014,Closed,2026-07-24,LOC-CUST-12,855000,USD,2026-07-25,2026-08-02,2026-07-26,2026-08-01
b8e88f6c-4313-4774-840f-04484a684228,CUST011,Closed,2026-04-16,LOC-CUST-9,91000,USD,2026-04-18,2026-04-26,2026-04-20,2026-04-27
b92c77f0-715f-4d7d-ba31-1727e4bcd238,CUST002,Closed,2026-05-18,LOC-CUST-1,164000,USD,2026-05-19,2026-05-26,2026-05-21,2026-05-26
9dbb7b63-2ae3-4c77-a609-73b4f0d8bef4,CUST014,Closed,2026-06-14,LOC-CUST-12,610000,USD,2026-06-16,2026-06-24,2026-06-17,2026-06-23
6b5eef0d-620f-4dcd-90c0-f1dd2a6cc1e8,CUST008,Closed,2026-04-30,LOC-CUST-6,336000,USD,2026-05-01,2026-05-12,2026-05-02,2026-05-05
6faeaa50-b384-4a47-bf35-6ba57bb5ea26,CUST008,Closed,2026-08-20,LOC-CUST-6,117000,USD,2026-08-22,2026-08-29,2026-08-24,2026-08-29
df26f34b-e468-4b88-818d-13b7c8090a9d,CUST011,Closed,2026-07-06,LOC-CUST-9,396000,USD,2026-07-07,2026-07-16,2026-07-08,2026-07-16
efab1130-14ac-4112-9feb-8a7a3ffe7cd7,CUST015,Closed,2026-04-28,LOC-CUST-13,534000,USD,2026-04-30,2026-05-08,2026-05-01,2026-05-10
8bd846ec-6fb1-4b20-8f9f-cd58505ff8fb,CUST005,Closed,2026-08-21,LOC-CUST-3,303000,USD,2026-08-23,2026-08-30,2026-08-23,2026-08-29
4c6a94a7-f6f7-4431-8127-b9043f8c790b,CUST014,Closed,2026-06-01,LOC-CUST-12,482000,USD,2026-06-03,2026-06-11,2026-06-04,2026-06-09
764b5fe1-affa-4b6a-a1ff-85730da42fc9,CUST009,Closed,2026-05-26,LOC-CUST-7,75000,USD,2026-05-28,2026-06-04,2026-05-27,2026-06-05
08087b6a-3ee1-46f5-bdec-03e8eacb121e,CUST012,Closed,2026-08-26,LOC-CUST-10,108000,USD,2026-08-27,2026-09-06,2026-08-29,2026-09-01
2dda608a-32b7-4872-b8fe-4ec32a8b8b17,CUST007,Closed,2026-06-09,LOC-CUST-5,306000,USD,2026-06-10,2026-06-18,2026-06-11,2026-06-19
c09a8218-6b06-4df4-a338-60239f9a1021,CUST008,Closed,2026-06-23,LOC-CUST-6,340000,USD,2026-06-24,2026-07-01,2026-06-26,2026-06-30
fba021bb-e55b-4af3-afb3-da38df181850,CUST002,Closed,2026-07-17,LOC-CUST-1,216000,USD,2026-07-18,2026-07-28,2026-07-20,2026-07-27
7bf0909c-c66c-4168-be7a-849a23429b49,CUST005,Closed,2026-07-30,LOC-CUST-3,478000,USD,2026-07-31,2026-08-07,2026-08-02,2026-08-07
ce636b4d-a9c8-41c0-b66a-a4b0b2e774f3,CUST014,Closed,2026-04-23,LOC-CUST-12,174000,USD,2026-04-24,2026-05-02,2026-04-26,2026-05-04
044a9059-9a37-4c03-a026-004623adbe03,CUST012,Closed,2026-06-23,LOC-CUST-10,317000,USD,2026-06-24,2026-07-01,2026-06-24,2026-07-04
fbc6ee31-6a5a-4fb2-a4e8-9ad3c4f2fed2,CUST004,Closed,2026-08-03,LOC-CUST-2,684000,USD,2026-08-05,2026-08-15,2026-08-06,2026-08-13
3b7f9816-751f-4157-bac3-b8536935777d,CUST002,Closed,2026-04-20,LOC-CUST-1,264000,USD,2026-04-21,2026-04-28,2026-04-23,2026-04-28
0c6e3053-315c-4803-91e3-f14ba440be7f,CUST008,Closed,2026-06-13,LOC-CUST-6,385000,USD,2026-06-15,2026-06-22,2026-06-15,2026-06-22
760b2ac6-463f-42fc-a0c1-dc0c1e2fa061,CUST011,Closed,2026-04-13,LOC-CUST-9,195000,USD,2026-04-14,2026-04-21,2026-04-16,2026-04-22
99ee9d95-cb2e-43dd-aedd-2de0d074f751,CUST002,Closed,2026-05-15,LOC-CUST-1,630000,USD,2026-05-17,2026-05-25,2026-05-16,2026-05-26
1db9872a-a4d9-4d9e-814e-2b9e851adce8,CUST015,Closed,2026-06-07,LOC-CUST-13,672000,USD,2026-06-09,2026-06-17,2026-06-11,2026-06-13
89922b64-c0f4-45e4-b7d5-eedb01fe26b3,CUST009,Closed,2026-04-22,LOC-CUST-7,150000,USD,2026-04-24,2026-05-03,2026-04-24,2026-04-29
49bfda88-9d2e-476d-a413-7e85539dd6db,CUST014,Closed,2026-03-04,LOC-CUST-12,567000,USD,2026-03-05,2026-03-13,2026-03-07,2026-03-09
e2faafdd-a3fd-4824-86d1-dd96da952a55,CUST015,Closed,2026-07-27,LOC-CUST-13,54000,USD,2026-07-28,2026-08-07,2026-07-29,2026-08-05
fb812388-00b1-4994-9809-2ce84b7e9faa,CUST002,Closed,2026-05-25,LOC-CUST-1,423000,USD,2026-05-27,2026-06-03,2026-05-26,2026-06-02
8a68182b-6d7d-4df0-9cf2-77fa88e179f2,CUST013,Closed,2026-05-19,LOC-CUST-11,636000,USD,2026-05-20,2026-05-31,2026-05-21,2026-05-27
2f376f49-818c-4096-874f-393435f37e18,CUST013,Closed,2026-04-06,LOC-CUST-11,152000,USD,2026-04-07,2026-04-18,2026-04-07,2026-04-15
7b2f9c47-6c01-47a5-9eca-992abd872545,CUST015,Closed,2026-07-25,LOC-CUST-13,72000,USD,2026-07-26,2026-08-04,2026-07-26,2026-08-05
619843b5-7b27-4766-9757-3bf7425d105d,CUST007,Closed,2026-05-01,LOC-CUST-5,884000,USD,2026-05-03,2026-05-13,2026-05-05,2026-05-13
5696b01a-c598-4b80-a19d-2962f563944d,CUST006,Closed,2026-03-20,LOC-CUST-4,60000,USD,2026-03-21,2026-03-29,2026-03-23,2026-03-26
f66c9b55-f892-45e3-987f-1ac89c58a88b,CUST012,Closed,2026-06-15,LOC-CUST-10,499000,USD,2026-06-17,2026-06-26,2026-06-18,2026-06-21
e6b6808f-3273-42e1-844d-e1eb3debf605,CUST009,Closed,2026-06-21,LOC-CUST-7,311000,USD,2026-06-22,2026-06-30,2026-06-23,2026-06-29
c23a44e5-4b1a-45d0-8eb9-3d2c1802be4f,CUST013,Closed,2026-06-15,LOC-CUST-11,405000,USD,2026-06-16,2026-06-26,2026-06-18,2026-06-22
cf0fc3b7-7bc4-4358-91e0-ead87d025221,CUST014,Closed,2026-07-23,LOC-CUST-12,256000,USD,2026-07-25,2026-08-04,2026-07-27,2026-08-03
91568cee-222b-4949-81ef-d75fde2c77d4,CUST002,Closed,2026-05-08,LOC-CUST-1,400000,USD,2026-05-09,2026-05-17,2026-05-10,2026-05-17
2e5250e9-ce6b-47c9-b0ad-5f429e79ee5d,CUST011,Closed,2026-07-29,LOC-CUST-9,135000,USD,2026-07-30,2026-08-06,2026-07-31,2026-08-05
ecb19651-9a1d-48f2-a2a6-ff1dd00d0835,CUST005,Closed,2026-05-20,LOC-CUST-3,326000,USD,2026-05-22,2026-06-01,2026-05-23,2026-05-27
602809f9-430a-4b55-a867-87948f79fa8b,CUST008,Closed,2026-03-12,LOC-CUST-6,87000,USD,2026-03-14,2026-03-22,2026-03-14,2026-03-24
ab17fc5c-6db0-4dbd-ae94-75ea19c28827,CUST013,Closed,2026-06-29,LOC-CUST-11,234000,USD,2026-06-30,2026-07-08,2026-07-01,2026-07-05
d179a687-ba60-4bcc-8124-93a9a14dbfc9,CUST012,Closed,2026-03-23,LOC-CUST-10,479000,USD,2026-03-24,2026-04-02,2026-03-24,2026-04-02
31e37419-b539-402b-9bb1-1b9c5841fee5,CUST006,Closed,2026-08-08,LOC-CUST-4,552000,USD,2026-08-10,2026-08-17,2026-08-11,2026-08-19
080e0d30-96c6-47ae-9b3b-f61402a10bee,CUST007,Closed,2026-05-02,LOC-CUST-5,75000,USD,2026-05-03,2026-05-14,2026-05-04,2026-05-09
416bd551-a0f6-4fea-b064-a64b35de6576,CUST007,Closed,2026-03-27,LOC-CUST-5,144000,USD,2026-03-29,2026-04-09,2026-03-31,2026-04-05
01e67d82-7a32-4965-b059-c65334850915,CUST013,Closed,2026-04-28,LOC-CUST-11,525000,USD,2026-04-29,2026-05-08,2026-05-01,2026-05-09
ab2fe788-3ab4-44d0-8d1d-cbc6866c894b,CUST005,Closed,2026-03-11,LOC-CUST-3,196000,USD,2026-03-12,2026-03-19,2026-03-13,2026-03-19
92dee37b-5222-42b0-bb7f-c05222477fa5,CUST007,Closed,2026-05-04,LOC-CUST-5,432000,USD,2026-05-05,2026-05-12,2026-05-07,2026-05-13
35372b9f-d465-476d-9bd9-36f9352ee038,CUST012,Closed,2026-08-31,LOC-CUST-10,48000,USD,2026-09-01,2026-09-08,2026-09-03,2026-09-08
2b2db077-e8c6-4235-9ce2-02b0a185bb1d,CUST013,Closed,2026-08-14,LOC-CUST-11,120000,USD,2026-08-16,2026-08-24,2026-08-16,2026-08-20
181cb8ff-2646-4df0-b42c-5d3e77962b53,CUST013,Closed,2026-06-23,LOC-CUST-11,196000,USD,2026-06-24,2026-07-06,2026-06-24,2026-06-30
5c7733c0-4819-49fb-84e2-e466052eb670,CUST002,Closed,2026-05-11,LOC-CUST-1,131000,USD,2026-05-13,2026-05-24,2026-05-13,2026-05-22
7bf92ed2-de5f-44b6-b6c3-46454d139d13,CUST011,Closed,2026-05-24,LOC-CUST-9,393000,USD,2026-05-26,2026-06-02,2026-05-28,2026-05-31
06271c54-e3da-489f-a66c-4f710b6c99da,CUST005,Closed,2026-03-30,LOC-CUST-3,50000,USD,2026-03-31,2026-04-07,2026-03-31,2026-04-08
6fe9d064-5eef-4bc6-831f-de20184bb636,CUST010,Closed,2026-08-07,LOC-CUST-8,580000,USD,2026-08-09,2026-08-18,2026-08-09,2026-08-16
fd5f86f5-d409-4e6a-ab52-3f3955a8f441,CUST006,Closed,2026-07-09,LOC-CUST-4,173000,USD,2026-07-11,2026-07-21,2026-07-11,2026-07-21
87e09246-5bf9-4c6c-bd83-d071dc91097c,CUST009,Closed,2026-08-23,LOC-CUST-7,309000,USD,2026-08-25,2026-09-01,2026-08-25,2026-09-03
9ac4b608-779c-474a-9066-0da607b22ff8,CUST013,Closed,2026-08-31,LOC-CUST-11,602000,USD,2026-09-01,2026-09-08,2026-09-02,2026-09-09
0564c3f1-4183-4d1e-991a-1be06561e1d2,CUST010,Closed,2026-08-15,LOC-CUST-8,48000,USD,2026-08-17,2026-08-25,2026-08-16,2026-08-22
5c4470ba-c2ab-41f9-b0b1-d23e2f55f977,CUST004,Closed,2026-03-20,LOC-CUST-2,472000,USD,2026-03-21,2026-04-01,2026-03-22,2026-03-30
a98fa609-d8fe-4308-82dd-00821eaed1ac,CUST008,Closed,2026-03-19,LOC-CUST-6,567000,USD,2026-03-21,2026-03-28,2026-03-23,2026-03-26
8dc357cb-4836-4206-b477-8c36d4ddaae2,CUST014,Closed,2026-08-01,LOC-CUST-12,50000,USD,2026-08-03,2026-08-11,2026-08-05,2026-08-13
e7d19b24-7421-4f7a-acb9-d257acbbfa31,CUST012,Closed,2026-04-22,LOC-CUST-10,234000,USD,2026-04-24,2026-05-04,2026-04-26,2026-04-29
41864ebb-c60e-4b0e-b510-49625d045609,CUST015,Closed,2026-05-19,LOC-CUST-13,50000,USD,2026-05-20,2026-05-28,2026-05-21,2026-05-27
7163caae-5b5e-46b7-83f8-935cec6c87ee,CUST012,Closed,2026-04-18,LOC-CUST-10,348000,USD,2026-04-20,2026-04-27,2026-04-20,2026-04-26
c10307ee-6644-4486-968b-9c8a2409f6fb,CUST015,Closed,2026-08-20,LOC-CUST-13,277000,USD,2026-08-21,2026-08-30,2026-08-22,2026-08-25
d81ba354-e266-4f11-8362-453992c066db,CUST009,Closed,2026-06-04,LOC-CUST-7,783000,USD,2026-06-06,2026-06-15,2026-06-05,2026-06-10
35b1e361-4d35-495d-a6d5-72d1ca214cc7,CUST002,Closed,2026-08-06,LOC-CUST-1,340000,USD,2026-08-07,2026-08-14,2026-08-07,2026-08-15
fac0595a-83ce-419d-ab49-fa85b0eefea7,CUST008,Closed,2026-03-22,LOC-CUST-6,270000,USD,2026-03-23,2026-04-01,2026-03-24,2026-03-28
fc3c5856-fae7-4b2e-b2e1-c03dbed32538,CUST014,Closed,2026-08-14,LOC-CUST-12,286000,USD,2026-08-15,2026-08-23,2026-08-17,2026-08-19
915aacff-6f98-44bb-8fbf-4b2feb320603,CUST011,Closed,2026-08-12,LOC-CUST-9,87000,USD,2026-08-13,2026-08-20,2026-08-15,2026-08-18
d451de9b-2424-45e2-bb9a-9c70cb1d97e4,CUST006,Closed,2026-05-18,LOC-CUST-4,759000,USD,2026-05-20,2026-06-01,2026-05-22,2026-05-29
4fe2e78d-53f2-41ee-8b70-98399f91150f,CUST006,Closed,2026-04-15,LOC-CUST-4,252000,USD,2026-04-16,2026-04-25,2026-04-18,2026-04-24
41143d55-21b4-4ab3-85c6-f4a423659e27,CUST006,Closed,2026-08-29,LOC-CUST-4,216000,USD,2026-08-30,2026-09-06,2026-08-30,2026-09-03
0d809649-84ac-44e5-a7f5-f44670ae884b,CUST015,Closed,2026-04-01,LOC-CUST-13,396000,USD,2026-04-03,2026-04-10,2026-04-03,2026-04-09
aa94b848-6e6f-4d43-a8cb-e9d970827e74,CUST005,Closed,2026-08-11,LOC-CUST-3,792000,USD,2026-08-12,2026-08-19,2026-08-12,2026-08-21
a6fe31c2-4453-4362-9346-2bbce17200e8,CUST006,Closed,2026-03-24,LOC-CUST-4,748000,USD,2026-03-26,2026-04-02,2026-03-26,2026-04-04
6a6dcb20-7a96-480e-88ca-8601e94b2e72,CUST004,Closed,2026-03-19,LOC-CUST-2,435000,USD,2026-03-20,2026-03-30,2026-03-22,2026-03-25
9de1d1ed-0a16-46bb-aac5-833a2584444a,CUST015,Closed,2026-08-05,LOC-CUST-13,519000,USD,2026-08-07,2026-08-15,2026-08-09,2026-08-12
4cbdf935-6d15-4957-a902-8ab26d3494d3,CUST014,Closed,2026-08-19,LOC-CUST-12,198000,USD,2026-08-21,2026-08-31,2026-08-22,2026-08-31
5d3ad673-2731-4cd8-af20-b9696943c94b,CUST009,Closed,2026-07-22,LOC-CUST-7,267000,USD,2026-07-23,2026-08-02,2026-07-23,2026-07-31
367c7270-15db-486a-9a1b-9e8d4d32fcb1,CUST005,Closed,2026-07-10,LOC-CUST-3,374000,USD,2026-07-11,2026-07-19,2026-07-11,2026-07-16
7eac498c-cff8-4bbc-a9d2-289bff1e27ba,CUST013,Closed,2026-07-01,LOC-CUST-11,264000,USD,2026-07-03,2026-07-10,2026-07-04,2026-07-07
c77e3296-667a-4013-aabb-59a923582a77,CUST004,Closed,2026-05-08,LOC-CUST-2,156000,USD,2026-05-09,2026-05-18,2026-05-09,2026-05-19
a609eb53-6ea7-4edd-9e30-294d097e0eb2,CUST006,Closed,2026-04-20,LOC-CUST-4,447000,USD,2026-04-22,2026-05-01,2026-04-21,2026-04-28
99f7dd01-34f7-402c-bcb5-384d8de9d738,CUST008,Closed,2026-04-15,LOC-CUST-6,444000,USD,2026-04-16,2026-04-24,2026-04-18,2026-04-21
0c885944-1ef3-434e-9b92-9b986ef7f530,CUST012,Closed,2026-07-07,LOC-CUST-10,270000,USD,2026-07-08,2026-07-20,2026-07-09,2026-07-13
a3b2b7ce-599a-4838-a783-5e75a9ac670e,CUST006,Closed,2026-07-17,LOC-CUST-4,156000,USD,2026-07-19,2026-07-27,2026-07-21,2026-07-28
f48e981c-7506-4966-b1ba-ed81015bf3c8,CUST004,Closed,2026-06-08,LOC-CUST-2,90000,USD,2026-06-09,2026-06-16,2026-06-09,2026-06-16
6f9b8d60-eba0-4327-8f5c-09868bd04ab8,CUST011,Closed,2026-08-22,LOC-CUST-9,198000,USD,2026-08-23,2026-08-31,2026-08-24,2026-09-02
e54d4444-2eca-4de2-8556-ce5c2512ba63,CUST008,Closed,2026-06-27,LOC-CUST-6,224000,USD,2026-06-29,2026-07-06,2026-06-29,2026-07-04
5973d006-3738-442a-b27c-08a6ef6be12b,CUST011,Closed,2026-03-07,LOC-CUST-9,510000,USD,2026-03-08,2026-03-18,2026-03-09,2026-03-17
6e477f11-5f68-462f-a997-13b5c370dc18,CUST004,Closed,2026-06-04,LOC-CUST-2,282000,USD,2026-06-05,2026-06-13,2026-06-05,2026-06-14
d10e5a31-1578-4fde-9347-2b2091fdb2cc,CUST008,Closed,2026-07-24,LOC-CUST-6,252000,USD,2026-07-25,2026-08-01,2026-07-27,2026-08-03
06cdc445-86e4-48df-aa95-c81ef6104d1c,CUST011,Closed,2026-08-24,LOC-CUST-9,336000,USD,2026-08-26,2026-09-02,2026-08-25,2026-09-04
d5652c3a-c698-47b1-97e8-274ee2b82d3a,CUST007,Closed,2026-08-14,LOC-CUST-5,108000,USD,2026-08-15,2026-08-25,2026-08-15,2026-08-23
6eba92df-ddb5-4a62-a1e7-ad26f1548a05,CUST006,Closed,2026-06-27,LOC-CUST-4,448000,USD,2026-06-28,2026-07-05,2026-06-28,2026-07-03
d30bd208-e368-49cb-b417-1a8123920f78,CUST009,Closed,2026-07-03,LOC-CUST-7,79000,USD,2026-07-05,2026-07-12,2026-07-05,2026-07-14
081ffe5d-2c85-4f9b-bed3-c85a1595afd6,CUST013,Closed,2026-08-27,LOC-CUST-11,228000,USD,2026-08-28,2026-09-06,2026-08-28,2026-09-01
f675b8f7-4cf6-413e-ad88-54d30bfdf4bb,CUST002,Closed,2026-08-26,LOC-CUST-1,392000,USD,2026-08-27,2026-09-07,2026-08-27,2026-09-03
78d70c11-d581-432a-b4d6-12f20697908f,CUST012,Closed,2026-05-24,LOC-CUST-10,175000,USD,2026-05-26,2026-06-02,2026-05-26,2026-06-05
37d586db-a82c-427f-9128-b7840c920f77,CUST010,Closed,2026-04-26,LOC-CUST-8,600000,USD,2026-04-27,2026-05-06,2026-04-27,2026-05-07
218113d9-e709-441b-b2c4-63921a5fb7bf,CUST002,Closed,2026-03-25,LOC-CUST-1,868000,USD,2026-03-26,2026-04-05,2026-03-27,2026-03-31
5d267640-95cd-43db-b233-f13cc4b77d2c,CUST009,Closed,2026-04-22,LOC-CUST-7,686000,USD,2026-04-23,2026-05-01,2026-04-23,2026-04-30
a9943efb-5ffb-4ce9-91d2-6e6c5b218aa3,CUST015,Closed,2026-05-05,LOC-CUST-13,500000,USD,2026-05-07,2026-05-17,2026-05-07,2026-05-15
01709e58-e737-4205-a44f-201bcc38fe7f,CUST008,Closed,2026-04-17,LOC-CUST-6,208000,USD,2026-04-18,2026-04-26,2026-04-19,2026-04-22
0cf22b41-5535-429f-aa90-be82256c0831,CUST015,Closed,2026-04-06,LOC-CUST-13,641000,USD,2026-04-08,2026-04-17,2026-04-08,2026-04-14
bcd71f4b-dd38-4ab5-9af0-6eeb12505f9b,CUST011,Closed,2026-05-15,LOC-CUST-9,347000,USD,2026-05-17,2026-05-26,2026-05-19,2026-05-24
72467dc6-3eb0-4dcd-9666-631a6f79a3d7,CUST002,Closed,2026-05-22,LOC-CUST-1,184000,USD,2026-05-24,2026-06-01,2026-05-23,2026-06-01
1bd3d91c-6ccb-4fad-81c5-25596b6d98f7,CUST007,Closed,2026-04-14,LOC-CUST-5,901000,USD,2026-04-15,2026-04-22,2026-04-16,2026-04-23
da165bff-1ec9-4f4b-a05d-3ea64e370804,CUST011,Closed,2026-04-23,LOC-CUST-9,734000,USD,2026-04-25,2026-05-03,2026-04-26,2026-04-29
33931d36-cc9e-43cb-bfde-11b8d33c622f,CUST015,Closed,2026-05-21,LOC-CUST-13,328000,USD,2026-05-22,2026-06-01,2026-05-24,2026-05-27
4b255653-ebb5-4f16-9833-fcea768375f0,CUST002,Closed,2026-04-23,LOC-CUST-1,236000,USD,2026-04-25,2026-05-04,2026-04-24,2026-04-30
c2e6d92d-c033-47bf-83ca-96b766ab2fa6,CUST013,Closed,2026-03-11,LOC-CUST-11,452000,USD,2026-03-13,2026-03-23,2026-03-12,2026-03-22
c23f6266-90a3-4e90-b7d5-5e87700d3b04,CUST015,Closed,2026-08-08,LOC-CUST-13,609000,USD,2026-08-09,2026-08-17,2026-08-11,2026-08-18
1c26b217-06c8-4884-b0a7-01eb4b754933,CUST005,Closed,2026-03-26,LOC-CUST-3,556000,USD,2026-03-28,2026-04-04,2026-03-28,2026-04-02
8fee26ea-a809-41b0-8dcd-d1060a499703,CUST011,Closed,2026-06-27,LOC-CUST-9,318000,USD,2026-06-28,2026-07-07,2026-06-28,2026-07-04
dd30e999-3407-4859-8812-4810d8234f29,CUST008,Closed,2026-04-06,LOC-CUST-6,84000,USD,2026-04-08,2026-04-15,2026-04-09,2026-04-13
568479c2-bb9a-4772-94cc-3d9a83ab80a8,CUST011,Closed,2026-03-19,LOC-CUST-9,55000,USD,2026-03-21,2026-03-28,2026-03-20,2026-03-28
e0fabaf8-7661-480a-a96f-904c4213514f,CUST010,Closed,2026-08-08,LOC-CUST-8,300000,USD,2026-08-10,2026-08-17,2026-08-12,2026-08-15
fd11c97b-8e72-480d-bcc9-880477d91779,CUST015,Closed,2026-07-20,LOC-CUST-13,20000,USD,2026-07-22,2026-08-01,2026-07-23,2026-07-27
dc9dcf3b-3b2a-459e-a79c-48bdb3c8f517,CUST002,Closed,2026-06-21,LOC-CUST-1,472000,USD,2026-06-22,2026-06-29,2026-06-24,2026-06-26
5759c51a-d0b5-4635-b8b0-04dc2c445887,CUST010,Closed,2026-04-20,LOC-CUST-8,279000,USD,2026-04-22,2026-05-02,2026-04-24,2026-04-28
d48378d7-312e-4c23-82de-7bc992016a38,CUST004,Closed,2026-07-22,LOC-CUST-2,613000,USD,2026-07-24,2026-08-02,2026-07-24,2026-07-31
99e4b2e0-8249-4ff6-98f1-296c74e0a04a,CUST002,Closed,2026-05-16,LOC-CUST-1,408000,USD,2026-05-18,2026-05-28,2026-05-20,2026-05-26
4e950f58-ccd6-45a0-b18d-ad1682872a79,CUST013,Closed,2026-06-04,LOC-CUST-11,674000,USD,2026-06-05,2026-06-12,2026-06-06,2026-06-11
6f70e26c-e879-4270-84e5-de559874470e,CUST014,Closed,2026-04-14,LOC-CUST-12,262000,USD,2026-04-15,2026-04-22,2026-04-17,2026-04-25
388484c7-f59c-4b29-95ba-677b7b933593,CUST009,Closed,2026-04-17,LOC-CUST-7,750000,USD,2026-04-19,2026-04-27,2026-04-21,2026-04-23
ac69d666-ec48-4111-b8ce-410aa22e362b,CUST004,Closed,2026-06-21,LOC-CUST-2,95000,USD,2026-06-22,2026-07-01,2026-06-22,2026-06-30
8481da38-0d04-4662-9e4e-644913c0e0ee,CUST007,Closed,2026-08-27,LOC-CUST-5,230000,USD,2026-08-29,2026-09-05,2026-08-28,2026-09-04
ddbdbf09-c91f-4390-b621-641552cfa4c1,CUST015,Closed,2026-03-27,LOC-CUST-13,330000,USD,2026-03-28,2026-04-04,2026-03-28,2026-04-07
d0d53ecd-1761-44b6-88fb-acd1bf109d5a,CUST015,Closed,2026-07-03,LOC-CUST-13,609000,USD,2026-07-05,2026-07-14,2026-07-06,2026-07-09
f77f2128-cfcb-4a3f-9c96-407c099c023e,CUST005,Closed,2026-05-04,LOC-CUST-3,305000,USD,2026-05-06,2026-05-14,2026-05-05,2026-05-10
4c76d038-6070-4f7b-8ede-0687519366b6,CUST011,Closed,2026-08-19,LOC-CUST-9,129000,USD,2026-08-20,2026-08-27,2026-08-21,2026-08-29
39468b65-1412-41c2-a459-4d4f696cb2b3,CUST010,Closed,2026-05-12,LOC-CUST-8,279000,USD,2026-05-14,2026-05-21,2026-05-15,2026-05-23
8a85522a-a7ef-4d72-b06c-bbcc9295906c,CUST010,Closed,2026-04-08,LOC-CUST-8,638000,USD,2026-04-10,2026-04-17,2026-04-11,2026-04-20
291a0dc0-4e4c-4819-8fdb-e73d09e71133,CUST005,Closed,2026-07-06,LOC-CUST-3,468000,USD,2026-07-08,2026-07-15,2026-07-07,2026-07-12
32df1a9f-53ed-4c18-be39-3cb7e0ab3e4d,CUST002,Closed,2026-03-12,LOC-CUST-1,476000,USD,2026-03-14,2026-03-25,2026-03-16,2026-03-22
3aa903e9-2e24-4c45-bcce-ca74a73533c3,CUST010,Closed,2026-06-11,LOC-CUST-8,287000,USD,2026-06-13,2026-06-21,2026-06-12,2026-06-20
bdd1ec11-7b38-4715-bd18-15b54d4c30af,CUST015,Closed,2026-04-08,LOC-CUST-13,501000,USD,2026-04-10,2026-04-17,2026-04-09,2026-04-19
17e94288-07d9-49b7-b465-b2d3d164feb5,CUST004,Closed,2026-05-10,LOC-CUST-2,496000,USD,2026-05-11,2026-05-20,2026-05-11,2026-05-19
00e25f41-1fe4-4e2c-b221-3db5210ad336,CUST012,Closed,2026-07-14,LOC-CUST-10,117000,USD,2026-07-15,2026-07-24,2026-07-17,2026-07-25
34bbb8ce-e60e-4ec2-b8df-433bcfac2e76,CUST013,Closed,2026-07-30,LOC-CUST-11,171000,USD,2026-07-31,2026-08-08,2026-07-31,2026-08-06
73058f94-0073-4c65-88cb-d9fd14532d97,CUST005,Closed,2026-03-30,LOC-CUST-3,66000,USD,2026-03-31,2026-04-08,2026-04-02,2026-04-08
ef659373-a691-46ff-9e06-052b8e54c73b,CUST014,Closed,2026-07-12,LOC-CUST-12,116000,USD,2026-07-13,2026-07-25,2026-07-14,2026-07-19
f8afb544-6ff9-4645-b8c9-1b1180fb29c8,CUST005,Closed,2026-05-25,LOC-CUST-3,533000,USD,2026-05-27,2026-06-03,2026-05-26,2026-06-06
75e11c60-d645-4c59-8948-004cc851f8fc,CUST013,Closed,2026-08-18,LOC-CUST-11,733000,USD,2026-08-19,2026-08-27,2026-08-19,2026-08-24
877c0d01-a122-4fcb-887d-f5adea2439b8,CUST002,Closed,2026-05-12,LOC-CUST-1,404000,USD,2026-05-14,2026-05-21,2026-05-15,2026-05-23
5fe2f4ab-975d-4be8-9819-e0308a2ecd06,CUST013,Closed,2026-05-05,LOC-CUST-11,451000,USD,2026-05-06,2026-05-13,2026-05-06,2026-05-13
3a8d0c8e-1489-4c4c-aaad-99d2617d387d,CUST015,Closed,2026-08-07,LOC-CUST-13,669000,USD,2026-08-08,2026-08-15,2026-08-09,2026-08-17
185fceb4-511d-46a9-9c70-cddced0d5936,CUST012,Closed,2026-08-09,LOC-CUST-10,528000,USD,2026-08-10,2026-08-19,2026-08-10,2026-08-18
305f7c63-b0a0-40aa-9813-de1b930d4c16,CUST008,Closed,2026-05-16,LOC-CUST-6,108000,USD,2026-05-17,2026-05-25,2026-05-17,2026-05-22
177c7b6f-06d2-4656-b8a1-ca934bdee34f,CUST008,Closed,2026-07-24,LOC-CUST-6,330000,USD,2026-07-26,2026-08-02,2026-07-25,2026-08-05
09b5d134-ec63-4d5b-9723-0dc180df9b8b,CUST002,Closed,2026-06-20,LOC-CUST-1,423000,USD,2026-06-22,2026-06-30,2026-06-22,2026-06-28
5bc46904-85a5-46f3-8469-046efe30c19a,CUST015,Closed,2026-03-12,LOC-CUST-13,725000,USD,2026-03-14,2026-03-21,2026-03-13,2026-03-20
9b53b3f0-a89f-4cfb-8fb4-6d218edce9be,CUST005,Closed,2026-03-16,LOC-CUST-3,345000,USD,2026-03-18,2026-03-29,2026-03-19,2026-03-22
a7fc8fe2-b06b-4aa6-b4b2-5fefdcfc0414,CUST011,Closed,2026-05-05,LOC-CUST-9,352000,USD,2026-05-06,2026-05-13,2026-05-07,2026-05-13
90dacf28-bda6-4774-a43d-e930f50c0038,CUST015,Closed,2026-08-08,LOC-CUST-13,180000,USD,2026-08-09,2026-08-16,2026-08-09,2026-08-15
7683024f-bf98-4975-8948-c2d57211b558,CUST013,Closed,2026-08-23,LOC-CUST-11,35000,USD,2026-08-24,2026-09-02,2026-08-26,2026-08-30
766e7cf0-bddd-4798-8547-db0cbbe120dc,CUST004,Closed,2026-05-27,LOC-CUST-2,60000,USD,2026-05-29,2026-06-10,2026-05-29,2026-06-07
1f7b607a-f4d0-4767-8491-2e1a3393b2eb,CUST005,Closed,2026-08-25,LOC-CUST-3,396000,USD,2026-08-26,2026-09-04,2026-08-26,2026-08-31
a523c628-c071-438b-816c-ca38ba661eca,CUST006,Closed,2026-04-12,LOC-CUST-4,546000,USD,2026-04-14,2026-04-23,2026-04-13,2026-04-21
64d090e2-d8ab-4077-9c5b-dda6ed95b151,CUST004,Closed,2026-03-31,LOC-CUST-2,669000,USD,2026-04-02,2026-04-10,2026-04-03,2026-04-10
46020064-d886-459b-91a5-73d7d1c3af9b,CUST010,Closed,2026-03-23,LOC-CUST-8,495000,USD,2026-03-24,2026-04-03,2026-03-25,2026-04-01
fd9f6ec2-2788-4598-9b3a-903efeaf7138,CUST004,Closed,2026-05-24,LOC-CUST-2,225000,USD,2026-05-25,2026-06-04,2026-05-27,2026-05-31
126b32dc-8dfc-4e36-984b-334eb3fb2ddc,CUST009,Closed,2026-08-11,LOC-CUST-7,210000,USD,2026-08-13,2026-08-20,2026-08-12,2026-08-20
620b5c6a-45bb-4f14-b84f-f39ddbe84373,CUST013,Closed,2026-08-21,LOC-CUST-11,717000,USD,2026-08-23,2026-09-02,2026-08-25,2026-08-27
f9a7a094-88c4-4a3a-952c-2457f6c58276,CUST013,Closed,2026-05-09,LOC-CUST-11,446000,USD,2026-05-11,2026-05-22,2026-05-11,2026-05-21
e4d1efb1-0119-4c3c-8ec4-3736d401dd41,CUST015,Closed,2026-06-10,LOC-CUST-13,176000,USD,2026-06-11,2026-06-20,2026-06-11,2026-06-17
315710c5-bfdb-441b-8f4c-a517222498b5,CUST013,Closed,2026-03-25,LOC-CUST-11,64000,USD,2026-03-26,2026-04-04,2026-03-27,2026-04-03
29309e2d-ddde-464d-8d81-0cb73fddc34c,CUST002,Closed,2026-04-18,LOC-CUST-1,261000,USD,2026-04-19,2026-04-28,2026-04-20,2026-04-24
eab1e8d1-54b2-4932-a27f-657462522589,CUST007,Closed,2026-03-25,LOC-CUST-5,120000,USD,2026-03-26,2026-04-03,2026-03-26,2026-04-04
8b2522b7-6948-41ae-a592-c854d64d4139,CUST009,Closed,2026-07-30,LOC-CUST-7,444000,USD,2026-08-01,2026-08-09,2026-07-31,2026-08-05
d8b03430-8b59-4c5f-a4b8-88413154fe09,CUST006,Closed,2026-04-02,LOC-CUST-4,66000,USD,2026-04-04,2026-04-16,2026-04-03,2026-04-12
6b846380-0c0c-4da7-a7ac-55cf57a2be4f,CUST010,Closed,2026-06-17,LOC-CUST-8,168000,USD,2026-06-18,2026-06-25,2026-06-18,2026-06-25
ce0e3da6-eb93-4151-9363-6f675a434c17,CUST008,Closed,2026-07-08,LOC-CUST-6,373000,USD,2026-07-09,2026-07-17,2026-07-10,2026-07-16
f2bd609d-f19a-4a56-ad91-2225895bd3d0,CUST013,Closed,2026-05-16,LOC-CUST-11,480000,USD,2026-05-17,2026-05-25,2026-05-18,2026-05-22
4b119c9a-0e1b-4ae0-99ad-b2c8a51ccbce,CUST012,Closed,2026-06-17,LOC-CUST-10,220000,USD,2026-06-18,2026-06-25,2026-06-20,2026-06-26
823c7e75-120f-4b9b-ae36-0ce23aac6fa3,CUST012,Closed,2026-04-18,LOC-CUST-10,156000,USD,2026-04-19,2026-04-27,2026-04-20,2026-04-27
fae087ba-b712-4a9d-a31c-419ad1f4a301,CUST014,Closed,2026-06-12,LOC-CUST-12,450000,USD,2026-06-14,2026-06-22,2026-06-16,2026-06-18
66dfda84-c0b9-462f-afff-904c06020572,CUST006,Closed,2026-06-01,LOC-CUST-4,436000,USD,2026-06-02,2026-06-10,2026-06-03,2026-06-10
8fcab68d-8477-4195-a444-b5d0e3b48044,CUST005,Closed,2026-08-16,LOC-CUST-3,315000,USD,2026-08-18,2026-08-25,2026-08-17,2026-08-22
371f62f3-ee20-4f1c-8af4-381dad4e9c20,CUST006,Closed,2026-03-21,LOC-CUST-4,705000,USD,2026-03-23,2026-04-02,2026-03-22,2026-03-31
d9e0c5a8-50b9-48a7-abcc-6706d863355d,CUST002,Closed,2026-04-05,LOC-CUST-1,591000,USD,2026-04-06,2026-04-14,2026-04-08,2026-04-10
798cd941-629e-40f0-8f0d-7baaee5f3e6a,CUST009,Closed,2026-05-19,LOC-CUST-7,815000,USD,2026-05-21,2026-05-31,2026-05-21,2026-05-27
29d76fb6-7174-47bf-8416-af430246e5ad,CUST002,Closed,2026-08-05,LOC-CUST-1,264000,USD,2026-08-07,2026-08-16,2026-08-06,2026-08-15
65b30de4-e269-48d8-ac8b-419ca33a0dce,CUST005,Closed,2026-04-17,LOC-CUST-3,448000,USD,2026-04-19,2026-04-26,2026-04-18,2026-04-25
7c494c2d-77f4-4cf9-9ca5-bb5eeaa5251f,CUST014,Closed,2026-04-08,LOC-CUST-12,810000,USD,2026-04-09,2026-04-16,2026-04-11,2026-04-17
4ebaadfa-61a6-47f2-b455-012098ae21ba,CUST011,Closed,2026-04-11,LOC-CUST-9,543000,USD,2026-04-13,2026-04-24,2026-04-13,2026-04-22
eb7c3c16-a90c-4048-9a36-ba55230050f4,CUST008,Closed,2026-06-15,LOC-CUST-6,290000,USD,2026-06-16,2026-06-23,2026-06-17,2026-06-24
7f9bf671-9ced-49b2-841f-bd0f72697a3b,CUST012,Closed,2026-04-20,LOC-CUST-10,219000,USD,2026-04-22,2026-05-02,2026-04-21,2026-05-01
3d51e955-ee01-449f-8882-bca524567b84,CUST007,Closed,2026-05-25,LOC-CUST-5,489000,USD,2026-05-26,2026-06-03,2026-05-27,2026-06-03
47cbaa6e-4235-4420-9ed7-a23c20c8eef9,CUST008,Closed,2026-06-30,LOC-CUST-6,476000,USD,2026-07-01,2026-07-09,2026-07-01,2026-07-11
f6cd08dd-592b-44c6-8792-6025f3e732e9,CUST008,Closed,2026-03-26,LOC-CUST-6,877000,USD,2026-03-28,2026-04-05,2026-03-27,2026-04-03
b79ff01e-c691-4284-8589-20e0e8ed6adc,CUST008,Closed,2026-08-25,LOC-CUST-6,130000,USD,2026-08-27,2026-09-05,2026-08-29,2026-08-31
fe24785f-c918-41fd-a253-0e27d2ce8b03,CUST002,Closed,2026-06-03,LOC-CUST-1,740000,USD,2026-06-05,2026-06-12,2026-06-05,2026-06-11
fc87a4c0-e802-4f7f-b3ff-fc142699716b,CUST008,Closed,2026-05-05,LOC-CUST-6,190000,USD,2026-05-07,2026-05-14,2026-05-06,2026-05-12
259c7400-25e0-4281-8149-862b8cb0b96c,CUST006,Closed,2026-04-21,LOC-CUST-4,649000,USD,2026-04-23,2026-05-03,2026-04-25,2026-05-01
0d38006c-f422-4976-97fc-78a4b7f1acca,CUST010,Closed,2026-05-07,LOC-CUST-8,118000,USD,2026-05-08,2026-05-18,2026-05-09,2026-05-16
26ee00c7-35f2-49f7-9983-16b5edc9b305,CUST014,Closed,2026-05-07,LOC-CUST-12,147000,USD,2026-05-09,2026-05-18,2026-05-10,2026-05-14
ce6c4343-cf3c-49eb-aba8-6c7b8d816e60,CUST013,Closed,2026-08-12,LOC-CUST-11,612000,USD,2026-08-13,2026-08-24,2026-08-15,2026-08-21
e6fcd829-f7ab-44c3-a089-3b241e4e93cc,CUST007,Closed,2026-03-21,LOC-CUST-5,88000,USD,2026-03-22,2026-03-29,2026-03-23,2026-03-26
fc0a075a-9df6-4071-930f-1c8b4dc1fbbf,CUST011,Closed,2026-04-27,LOC-CUST-9,72000,USD,2026-04-29,2026-05-11,2026-04-28,2026-05-08
425c4d6f-872e-43bb-b4ed-4942542bd6a2,CUST012,Closed,2026-04-30,LOC-CUST-10,513000,USD,2026-05-01,2026-05-09,2026-05-03,2026-05-10
c2772a13-7e50-4bf9-aceb-a3fa0c702ca6,CUST011,Closed,2026-04-23,LOC-CUST-9,330000,USD,2026-04-25,2026-05-02,2026-04-27,2026-05-04
c809f0a8-f5ef-4101-92af-815928238162,CUST014,Closed,2026-03-27,LOC-CUST-12,95000,USD,2026-03-28,2026-04-06,2026-03-28,2026-04-03
e80c9b18-4206-4c15-acf6-575eedbd757b,CUST013,Closed,2026-06-19,LOC-CUST-11,423000,USD,2026-06-20,2026-07-02,2026-06-21,2026-06-27
e7036cf4-d774-4e82-ab00-8faacbc1117c,CUST004,Closed,2026-08-21,LOC-CUST-2,30000,USD,2026-08-23,2026-08-30,2026-08-23,2026-09-02
9ca04bfa-e720-437c-b500-a5aea9f31ca3,CUST006,Closed,2026-07-17,LOC-CUST-4,108000,USD,2026-07-19,2026-07-27,2026-07-20,2026-07-25
0cad9e3d-30d6-405e-af18-ecc8736b98d1,CUST006,Closed,2026-04-03,LOC-CUST-4,44000,USD,2026-04-05,2026-04-12,2026-04-05,2026-04-15
03072d6c-e4db-4ee1-97c8-cd9c12bda7db,CUST010,Closed,2026-05-23,LOC-CUST-8,556000,USD,2026-05-24,2026-06-02,2026-05-25,2026-05-29
acd1a005-7865-42aa-a1b8-73015ec21012,CUST002,Closed,2026-06-01,LOC-CUST-1,210000,USD,2026-06-03,2026-06-15,2026-06-05,2026-06-10
718be52a-864f-46f3-a5dd-a317579b8d80,CUST002,Closed,2026-04-06,LOC-CUST-1,100000,USD,2026-04-08,2026-04-18,2026-04-10,2026-04-12
e51f1d7e-ad68-4349-a75c-e7ff99e71b55,CUST008,Closed,2026-06-16,LOC-CUST-6,502000,USD,2026-06-18,2026-06-30,2026-06-20,2026-06-24
419a05a2-db05-43b1-a809-b87a1103a9ea,CUST005,Closed,2026-03-10,LOC-CUST-3,60000,USD,2026-03-12,2026-03-23,2026-03-11,2026-03-19
d4e988d1-99e3-4242-a06d-4d31a7fa68f0,CUST006,Closed,2026-05-06,LOC-CUST-4,282000,USD,2026-05-08,2026-05-18,2026-05-10,2026-05-12
9ed20a93-b3f9-42af-b06b-4541a026281c,CUST004,Closed,2026-07-21,LOC-CUST-2,355000,USD,2026-07-23,2026-07-30,2026-07-22,2026-07-27
6f16806b-242f-4faf-b7ef-b4353fb788a7,CUST002,Closed,2026-04-14,LOC-CUST-1,316000,USD,2026-04-15,2026-04-26,2026-04-17,2026-04-19
65ea0024-9c38-4d6f-869f-034899f9f560,CUST009,Closed,2026-03-25,LOC-CUST-7,638000,USD,2026-03-26,2026-04-02,2026-03-26,2026-04-01
d17faabe-7147-4b95-bb9b-9742dadea67f,CUST004,Closed,2026-03-23,LOC-CUST-2,140000,USD,2026-03-24,2026-04-04,2026-03-24,2026-03-31
63dd4823-54e5-4f3d-a217-33c26ab98233,CUST006,Closed,2026-04-23,LOC-CUST-4,953000,USD,2026-04-24,2026-05-02,2026-04-25,2026-05-04
196673b9-8b54-4c67-ac82-7b73cf853964,CUST014,Closed,2026-05-01,LOC-CUST-12,533000,USD,2026-05-03,2026-05-11,2026-05-05,2026-05-13
a1d898b4-c827-43bc-abd2-082ed09a8cc3,CUST002,Closed,2026-03-07,LOC-CUST-1,96000,USD,2026-03-09,2026-03-18,2026-03-11,2026-03-16
a62758e4-0667-498d-b208-9e4eecc201e2,CUST002,Closed,2026-08-13,LOC-CUST-1,216000,USD,2026-08-14,2026-08-24,2026-08-16,2026-08-24
4449e047-99a5-4034-a1d3-af637550f561,CUST011,Closed,2026-04-22,LOC-CUST-9,660000,USD,2026-04-24,2026-05-01,2026-04-24,2026-04-30
d0b3154e-554c-4cd6-b3df-403560ad9e26,CUST002,Closed,2026-03-10,LOC-CUST-1,719000,USD,2026-03-11,2026-03-18,2026-03-13,2026-03-15
1cf9f647-0fc8-48b5-b76d-975437723098,CUST008,Closed,2026-06-29,LOC-CUST-6,324000,USD,2026-06-30,2026-07-10,2026-06-30,2026-07-09
c1788074-071e-4595-8352-b4ed6170ebcb,CUST002,Closed,2026-07-20,LOC-CUST-1,220000,USD,2026-07-21,2026-07-28,2026-07-23,2026-07-29
58a5737a-16d7-4767-98c0-afd62fc53d0e,CUST015,Closed,2026-07-10,LOC-CUST-13,1056000,USD,2026-07-12,2026-07-19,2026-07-14,2026-07-22
72b8d2d6-45d5-477f-b6e1-f6d9fffd6e72,CUST012,Closed,2026-05-20,LOC-CUST-10,60000,USD,2026-05-21,2026-05-28,2026-05-23,2026-05-29
ca8a1473-7ad3-43c6-9fd7-55e83ff97874,CUST015,Closed,2026-04-16,LOC-CUST-13,196000,USD,2026-04-18,2026-04-25,2026-04-20,2026-04-25
85c67880-c568-43a9-ab67-8c58c4219000,CUST015,Closed,2026-04-06,LOC-CUST-13,200000,USD,2026-04-07,2026-04-14,2026-04-09,2026-04-14
476b1006-ce2a-4e62-a1a8-0ebc1200c21a,CUST011,Closed,2026-08-14,LOC-CUST-9,124000,USD,2026-08-16,2026-08-23,2026-08-17,2026-08-23
999b91c4-e98e-4e68-939b-93a254d84b32,CUST010,Closed,2026-04-03,LOC-CUST-8,665000,USD,2026-04-05,2026-04-15,2026-04-04,2026-04-12
39320b37-2653-4371-a253-2f7e8eeec3fb,CUST015,Closed,2026-07-05,LOC-CUST-13,487000,USD,2026-07-06,2026-07-16,2026-07-08,2026-07-14
b248a3da-5a4e-4f59-bf33-921eec8d6477,CUST002,Closed,2026-03-27,LOC-CUST-1,51000,USD,2026-03-29,2026-04-05,2026-03-29,2026-04-06
e2ee2a25-9bac-4917-95a7-e7e5dede70f8,CUST007,Closed,2026-06-10,LOC-CUST-5,420000,USD,2026-06-12,2026-06-22,2026-06-13,2026-06-21
8ada1d14-450e-47cd-80a4-6be86067f53f,CUST005,Closed,2026-04-05,LOC-CUST-3,406000,USD,2026-04-07,2026-04-14,2026-04-06,2026-04-12
fba55365-84ea-4b6d-8b8c-1b5512de9297,CUST007,Closed,2026-03-22,LOC-CUST-5,496000,USD,2026-03-24,2026-04-05,2026-03-25,2026-03-29
15f0cb31-76be-4ecd-b60b-5f4556cd01ce,CUST007,Closed,2026-07-25,LOC-CUST-5,348000,USD,2026-07-26,2026-08-03,2026-07-28,2026-08-05
3173360b-54f2-4469-bac4-967fdcc964dc,CUST013,Closed,2026-07-24,LOC-CUST-11,90000,USD,2026-07-26,2026-08-05,2026-07-28,2026-08-03
8109decf-d2cb-4a4c-bb46-982b8bd4f7b7,CUST015,Closed,2026-08-13,LOC-CUST-13,521000,USD,2026-08-15,2026-08-22,2026-08-15,2026-08-24
182eefb9-b8b2-44a7-8824-7c3c4de9abb4,CUST015,Closed,2026-07-31,LOC-CUST-13,184000,USD,2026-08-01,2026-08-09,2026-08-03,2026-08-07
60468146-d223-4c53-9208-8813d28ae7d0,CUST014,Closed,2026-05-31,LOC-CUST-12,611000,USD,2026-06-01,2026-06-12,2026-06-02,2026-06-06
710d426d-8651-4225-a765-27ef1cecbb15,CUST007,Closed,2026-04-28,LOC-CUST-5,261000,USD,2026-04-30,2026-05-10,2026-05-02,2026-05-10
fc175c4c-5e24-4cad-b961-8600aa7c33fc,CUST014,Closed,2026-07-19,LOC-CUST-12,642000,USD,2026-07-20,2026-07-28,2026-07-22,2026-07-29
55cc61a9-2179-4e42-9d2c-40df45dfd274,CUST004,Closed,2026-05-17,LOC-CUST-2,144000,USD,2026-05-19,2026-05-26,2026-05-20,2026-05-24
17d2cd77-2168-44d4-8cff-9e89bebd354a,CUST004,Closed,2026-03-31,LOC-CUST-2,56000,USD,2026-04-02,2026-04-10,2026-04-03,2026-04-09
766ea5f4-14b7-4f48-b744-79a3ceb0f593,CUST004,Closed,2026-08-06,LOC-CUST-2,123000,USD,2026-08-07,2026-08-14,2026-08-09,2026-08-15
034d6803-f01e-4b1e-bf28-5da6ed43a45a,CUST004,Closed,2026-04-29,LOC-CUST-2,514000,USD,2026-04-30,2026-05-09,2026-05-02,2026-05-10
4ac6569a-fe99-4247-b19c-2c24b3055bd1,CUST015,Closed,2026-03-29,LOC-CUST-13,629000,USD,2026-03-31,2026-04-07,2026-04-02,2026-04-06
95dfc8bf-ccfb-41b9-9461-a63ced7b55ab,CUST004,Closed,2026-04-05,LOC-CUST-2,309000,USD,2026-04-06,2026-04-17,2026-04-06,2026-04-11
9cfa5260-3e93-4cf8-b413-52f61e48f6bb,CUST007,Closed,2026-06-23,LOC-CUST-5,553000,USD,2026-06-24,2026-07-01,2026-06-24,2026-07-01
a48de4f4-9899-45f6-b00b-2fe3fd32daf1,CUST011,Closed,2026-03-08,LOC-CUST-9,498000,USD,2026-03-10,2026-03-19,2026-03-09,2026-03-17
3a1c878a-cd8b-47f9-8fca-14b668d54815,CUST005,Closed,2026-08-11,LOC-CUST-3,702000,USD,2026-08-12,2026-08-22,2026-08-12,2026-08-16
576c9eae-1c44-4a92-a7c3-269798b67e91,CUST006,Closed,2026-04-28,LOC-CUST-4,270000,USD,2026-04-29,2026-05-09,2026-05-01,2026-05-06
35ee0137-2ece-44be-8b36-0a885c999ec6,CUST015,Closed,2026-08-18,LOC-CUST-13,704000,USD,2026-08-19,2026-08-31,2026-08-19,2026-08-23
9886c0b9-82be-41c4-a79c-cff10c2750ca,CUST007,Closed,2026-04-18,LOC-CUST-5,420000,USD,2026-04-19,2026-04-27,2026-04-20,2026-04-28
62937508-8e9d-4288-a59c-060df3e82306,CUST010,Closed,2026-04-22,LOC-CUST-8,102000,USD,2026-04-24,2026-05-03,2026-04-24,2026-04-29
455cafd1-a589-446a-b81b-839b8a33ee83,CUST014,Closed,2026-06-11,LOC-CUST-12,288000,USD,2026-06-13,2026-06-20,2026-06-12,2026-06-17
1ee44ec3-5787-4fc4-9a97-5868ab8dd7a1,CUST010,Closed,2026-03-18,LOC-CUST-8,440000,USD,2026-03-20,2026-03-31,2026-03-22,2026-03-26
39c0dac8-4f1e-4911-905b-d022ebd150c8,CUST013,Closed,2026-04-08,LOC-CUST-11,245000,USD,2026-04-10,2026-04-21,2026-04-11,2026-04-16
9793a5e3-4206-451c-9974-9790203c3455,CUST005,Closed,2026-07-22,LOC-CUST-3,777000,USD,2026-07-23,2026-08-01,2026-07-23,2026-07-29
85b9cfac-a57d-4050-888c-b1ded98b65e5,CUST009,Closed,2026-04-07,LOC-CUST-7,941000,USD,2026-04-09,2026-04-18,2026-04-09,2026-04-17
bc1db9bd-92b2-41a2-9f13-89c7c90cf6f5,CUST004,Closed,2026-05-17,LOC-CUST-2,320000,USD,2026-05-19,2026-05-27,2026-05-21,2026-05-25
420f5760-4b2e-4433-8b6c-90fe3ffbf760,CUST004,Closed,2026-07-24,LOC-CUST-2,304000,USD,2026-07-26,2026-08-04,2026-07-27,2026-08-04
d0cd2412-6501-46da-8a5f-cea71d43282b,CUST005,Closed,2026-05-26,LOC-CUST-3,401000,USD,2026-05-28,2026-06-04,2026-05-29,2026-06-07
55473051-8346-4493-9433-662bc6154b10,CUST015,Closed,2026-06-07,LOC-CUST-13,232000,USD,2026-06-09,2026-06-16,2026-06-11,2026-06-14
64f40890-8ba7-4572-af21-2e6466edc987,CUST006,Closed,2026-03-16,LOC-CUST-4,694000,USD,2026-03-17,2026-03-27,2026-03-17,2026-03-24
55a44052-3607-4a6b-b54a-588f3f234161,CUST015,Closed,2026-07-05,LOC-CUST-13,630000,USD,2026-07-07,2026-07-17,2026-07-08,2026-07-11
a115855e-207a-4238-98d1-5d4e9c56ed38,CUST015,Closed,2026-03-05,LOC-CUST-13,208000,USD,2026-03-07,2026-03-14,2026-03-06,2026-03-16
f37141ca-80ff-4755-a9e2-dde9912ca8db,CUST002,Closed,2026-04-19,LOC-CUST-1,411000,USD,2026-04-20,2026-04-29,2026-04-20,2026-04-24
7bd39cf8-38ad-47ea-a149-05228dc82576,CUST006,Closed,2026-04-30,LOC-CUST-4,444000,USD,2026-05-01,2026-05-09,2026-05-02,2026-05-08
be104abb-f73a-422f-ba40-cc678eeb3daa,CUST014,Closed,2026-03-27,LOC-CUST-12,548000,USD,2026-03-29,2026-04-07,2026-03-29,2026-04-05
04cbcae3-9dfe-47f9-9f9f-047842c77140,CUST011,Closed,2026-06-28,LOC-CUST-9,1024000,USD,2026-06-30,2026-07-07,2026-06-29,2026-07-08
fc1218d6-761f-44ac-bcb0-6635b7ac5f53,CUST002,Closed,2026-07-07,LOC-CUST-1,556000,USD,2026-07-09,2026-07-16,2026-07-10,2026-07-15
0988bcf1-4bfd-4b97-8ab2-0fb5db9dd323,CUST014,Closed,2026-04-04,LOC-CUST-12,206000,USD,2026-04-06,2026-04-13,2026-04-06,2026-04-15
4d717da5-8c38-4f76-839c-8dc0906d72b3,CUST008,Closed,2026-04-17,LOC-CUST-6,160000,USD,2026-04-18,2026-04-26,2026-04-19,2026-04-23
d8cd0098-33ff-41a0-a973-0e4663ec4be9,CUST006,Closed,2026-04-08,LOC-CUST-4,336000,USD,2026-04-09,2026-04-19,2026-04-09,2026-04-17
7038662a-55f2-49a2-984d-54806c966551,CUST005,Closed,2026-05-08,LOC-CUST-3,390000,USD,2026-05-09,2026-05-16,2026-05-11,2026-05-18
da244195-6de3-4f0a-8056-4379071f8f1c,CUST006,Closed,2026-03-17,LOC-CUST-4,279000,USD,2026-03-19,2026-03-27,2026-03-19,2026-03-25
76fa2852-e158-44b5-901d-bccfd25d78d0,CUST007,Closed,2026-06-27,LOC-CUST-5,306000,USD,2026-06-28,2026-07-06,2026-06-30,2026-07-02
1b4d6936-495a-4937-89d7-57027efc4d35,CUST004,Closed,2026-08-28,LOC-CUST-2,84000,USD,2026-08-29,2026-09-06,2026-08-30,2026-09-06
184e8f72-b670-4298-926d-a6bb1318e9b6,CUST007,Closed,2026-05-17,LOC-CUST-5,244000,USD,2026-05-19,2026-05-26,2026-05-18,2026-05-28
b0af0c32-9d02-43d4-b9fd-baaf2084c753,CUST014,Closed,2026-05-07,LOC-CUST-12,90000,USD,2026-05-08,2026-05-19,2026-05-09,2026-05-18
c0511f16-21ea-4f57-82a2-a0ef9205fc6e,CUST004,Closed,2026-04-06,LOC-CUST-2,503000,USD,2026-04-08,2026-04-15,2026-04-09,2026-04-15
5568d456-3a8d-4c26-b793-2ef7091ef676,CUST002,Closed,2026-07-29,LOC-CUST-1,578000,USD,2026-07-31,2026-08-07,2026-07-31,2026-08-07
89df7e50-ab2c-4528-b184-d5a6d1736bec,CUST010,Closed,2026-06-15,LOC-CUST-8,42000,USD,2026-06-16,2026-06-27,2026-06-16,2026-06-26
bbcd47cb-865e-45bd-b5ed-fa37da2264a4,CUST006,Closed,2026-08-25,LOC-CUST-4,152000,USD,2026-08-26,2026-09-06,2026-08-28,2026-08-31
1097cdc7-f374-467a-a262-a3a35369b32a,CUST004,Closed,2026-03-25,LOC-CUST-2,130000,USD,2026-03-27,2026-04-03,2026-03-29,2026-04-01
64eb8821-b621-45e1-811b-7818ceaa20d4,CUST006,Closed,2026-04-14,LOC-CUST-4,362000,USD,2026-04-15,2026-04-27,2026-04-16,2026-04-19
63a7082e-a758-4d59-8130-0febe8898db0,CUST006,Closed,2026-05-19,LOC-CUST-4,376000,USD,2026-05-20,2026-05-28,2026-05-20,2026-05-28
9459ee43-2f0f-4747-9a12-3368cef1e581,CUST010,Closed,2026-08-30,LOC-CUST-8,672000,USD,2026-09-01,2026-09-08,2026-09-02,2026-09-09
99bf1df7-4619-4c21-9975-2bfd9c8fb521,CUST004,Closed,2026-06-17,LOC-CUST-2,352000,USD,2026-06-18,2026-06-28,2026-06-18,2026-06-27
c13edf89-7461-4a8d-9e38-b3490818e3d4,CUST012,Closed,2026-07-01,LOC-CUST-10,36000,USD,2026-07-02,2026-07-12,2026-07-04,2026-07-12
7b5c0933-5914-488e-a14b-16d6edc9d3b0,CUST004,Closed,2026-06-20,LOC-CUST-2,132000,USD,2026-06-21,2026-07-02,2026-06-23,2026-06-29
fbe05309-6e99-408c-9169-b59343823ab6,CUST005,Closed,2026-04-23,LOC-CUST-3,523000,USD,2026-04-24,2026-05-03,2026-04-25,2026-05-03
af58ba8e-20f7-4bbd-8a51-417ae7b9b403,CUST015,Closed,2026-06-09,LOC-CUST-13,600000,USD,2026-06-10,2026-06-20,2026-06-12,2026-06-14
cd8d932b-5411-430b-ad62-1f8e870dbc6d,CUST013,Closed,2026-03-15,LOC-CUST-11,770000,USD,2026-03-16,2026-03-27,2026-03-16,2026-03-26
d9413b39-d706-41b2-a1f0-90cd5cfb5635,CUST006,Closed,2026-08-20,LOC-CUST-4,168000,USD,2026-08-21,2026-09-01,2026-08-22,2026-08-27
faa1f8d9-167d-4727-9fa6-e992b60f1e73,CUST010,Closed,2026-08-05,LOC-CUST-8,314000,USD,2026-08-07,2026-08-14,2026-08-09,2026-08-17
8e9acf01-5828-4de4-b43a-d21519fa0a40,CUST004,Closed,2026-06-16,LOC-CUST-2,96000,USD,2026-06-17,2026-06-25,2026-06-17,2026-06-21
bf0ddf72-0290-4509-a9a6-cdd34bf0fc49,CUST013,Closed,2026-06-12,LOC-CUST-11,423000,USD,2026-06-13,2026-06-24,2026-06-13,2026-06-19
dfda2804-07c2-401d-bf8a-617b0358ea7d,CUST011,Closed,2026-05-21,LOC-CUST-9,645000,USD,2026-05-22,2026-05-30,2026-05-22,2026-05-28
c142f06e-a519-4077-893d-740c9e73b0db,CUST015,Closed,2026-05-22,LOC-CUST-13,77000,USD,2026-05-24,2026-06-01,2026-05-23,2026-06-01
eac89dd6-6dc8-49ea-8ef9-c0860777d2ee,CUST005,Closed,2026-04-20,LOC-CUST-3,111000,USD,2026-04-22,2026-04-30,2026-04-21,2026-05-02
ab5c7a17-e223-409e-9eb2-486cc6d0f4d1,CUST006,Closed,2026-05-27,LOC-CUST-4,30000,USD,2026-05-28,2026-06-04,2026-05-30,2026-06-05
29ab5e0a-d018-40b6-938d-f531d64bef69,CUST006,Closed,2026-05-18,LOC-CUST-4,290000,USD,2026-05-20,2026-05-30,2026-05-22,2026-05-25
72f1c845-77b4-49cb-a05b-68527d6f3fb0,CUST007,Closed,2026-06-15,LOC-CUST-5,231000,USD,2026-06-16,2026-06-24,2026-06-16,2026-06-25
837273ad-cfd4-4a3a-9d3f-c5a922fc7b87,CUST004,Closed,2026-03-08,LOC-CUST-2,88000,USD,2026-03-09,2026-03-19,2026-03-09,2026-03-16
0ba611e9-7907-4369-af3a-4a7b2a58a354,CUST002,Closed,2026-05-13,LOC-CUST-1,96000,USD,2026-05-15,2026-05-25,2026-05-16,2026-05-20
f7d0ab86-2b01-4cd3-b4fd-11c87a0a9810,CUST005,Closed,2026-04-02,LOC-CUST-3,271000,USD,2026-04-03,2026-04-11,2026-04-04,2026-04-10
2b933079-e295-40a5-a170-c7f26493b06a,CUST013,Closed,2026-08-04,LOC-CUST-11,378000,USD,2026-08-05,2026-08-17,2026-08-05,2026-08-11
e392e0c1-8c15-4ab6-85d9-c17bd800ebb1,CUST013,Closed,2026-06-06,LOC-CUST-11,423000,USD,2026-06-08,2026-06-15,2026-06-09,2026-06-12
9a9190b2-d370-4b34-9544-5d86954a7277,CUST006,Closed,2026-05-24,LOC-CUST-4,288000,USD,2026-05-26,2026-06-02,2026-05-25,2026-06-04
c032d9a3-d184-46fc-bf82-ed40590208cb,CUST013,Closed,2026-07-23,LOC-CUST-11,77000,USD,2026-07-24,2026-07-31,2026-07-26,2026-07-29
d07598ff-1ff6-4ecb-9454-2d03e5b8f128,CUST006,Closed,2026-07-15,LOC-CUST-4,188000,USD,2026-07-16,2026-07-23,2026-07-18,2026-07-26
f3f0aa0f-f378-4a99-8bf3-7ac6bb37890a,CUST010,Closed,2026-08-23,LOC-CUST-8,404000,USD,2026-08-25,2026-09-03,2026-08-24,2026-09-02
912679c0-13cf-4d7c-903c-4de27dd62bc6,CUST015,Closed,2026-07-14,LOC-CUST-13,216000,USD,2026-07-15,2026-07-22,2026-07-15,2026-07-19
6ed1a89d-4f92-44ab-a018-04b9bc71e4b3,CUST007,Closed,2026-07-15,LOC-CUST-5,492000,USD,2026-07-17,2026-07-27,2026-07-18,2026-07-22
90818f6b-7ea3-4be9-970f-7c72caa70d2c,CUST011,Closed,2026-06-21,LOC-CUST-9,116000,USD,2026-06-23,2026-07-05,2026-06-24,2026-07-01
8e7bc051-3eea-4bcf-a3a1-bff92a688bb6,CUST008,Closed,2026-08-20,LOC-CUST-6,375000,USD,2026-08-21,2026-08-28,2026-08-23,2026-08-31
d2b8ca21-f16d-423d-b0b7-1a5ba25c3eda,CUST011,Closed,2026-03-11,LOC-CUST-9,738000,USD,2026-03-12,2026-03-19,2026-03-14,2026-03-16
18790db6-d2c5-4dcd-87e4-78d2c80a23f1,CUST011,Closed,2026-05-08,LOC-CUST-9,236000,USD,2026-05-09,2026-05-17,2026-05-11,2026-05-18
7c29da20-c732-4917-8055-839385efa835,CUST002,Closed,2026-06-25,LOC-CUST-1,90000,USD,2026-06-26,2026-07-06,2026-06-28,2026-06-30
c0b76e60-d3cc-4e87-b74c-b6d7d2d616c4,CUST008,Closed,2026-07-09,LOC-CUST-6,725000,USD,2026-07-11,2026-07-18,2026-07-12,2026-07-20
e5847766-b69b-439d-8bd9-3caaf6081c75,CUST010,Closed,2026-03-24,LOC-CUST-8,224000,USD,2026-03-26,2026-04-03,2026-03-26,2026-04-01
32ccf3d4-a193-4bf1-8f43-5bf1f6ae30fa,CUST005,Closed,2026-05-16,LOC-CUST-3,379000,USD,2026-05-17,2026-05-25,2026-05-18,2026-05-27
22977ae2-b5f5-40dc-8f60-11c4a22883c6,CUST007,Closed,2026-05-13,LOC-CUST-5,534000,USD,2026-05-15,2026-05-22,2026-05-16,2026-05-19
f9e69619-0e64-4868-9a93-d3d51d455260,CUST005,Closed,2026-08-25,LOC-CUST-3,96000,USD,2026-08-26,2026-09-02,2026-08-26,2026-09-02
2a7778e4-f820-41e2-a578-0a10f73ce2df,CUST014,Closed,2026-05-27,LOC-CUST-12,492000,USD,2026-05-29,2026-06-06,2026-05-28,2026-06-07
f96731fa-5fac-4b9a-9ddd-fde68adde90e,CUST010,Closed,2026-08-28,LOC-CUST-8,312000,USD,2026-08-29,2026-09-05,2026-08-31,2026-09-05
cfe6dbf9-f173-4828-8024-5c562715ed90,CUST009,Closed,2026-04-29,LOC-CUST-7,72000,USD,2026-04-30,2026-05-09,2026-05-01,2026-05-06
71704319-9ed5-4b79-9731-112edc13cef3,CUST008,Closed,2026-05-09,LOC-CUST-6,410000,USD,2026-05-10,2026-05-20,2026-05-11,2026-05-16
0cfc2fbb-4271-4850-aa48-2eddc91479ca,CUST013,Closed,2026-07-18,LOC-CUST-11,400000,USD,2026-07-20,2026-07-30,2026-07-19,2026-07-24
536f236b-07ca-4000-a6ec-4932fe102202,CUST004,Closed,2026-03-11,LOC-CUST-2,174000,USD,2026-03-13,2026-03-20,2026-03-12,2026-03-22
5807a7f7-0090-4278-b2de-97695c376e40,CUST014,Closed,2026-06-14,LOC-CUST-12,170000,USD,2026-06-16,2026-06-28,2026-06-15,2026-06-22
733216d4-86de-47b2-8381-d1c8d932d93d,CUST015,Closed,2026-05-23,LOC-CUST-13,396000,USD,2026-05-24,2026-05-31,2026-05-25,2026-05-30
d8f50157-07de-4c07-9d0b-56da2e3db425,CUST005,Closed,2026-08-12,LOC-CUST-3,330000,USD,2026-08-14,2026-08-24,2026-08-14,2026-08-23
5e4b3b96-89b5-4eed-930e-c283f7b8cbe0,CUST011,Closed,2026-07-06,LOC-CUST-9,510000,USD,2026-07-07,2026-07-14,2026-07-09,2026-07-16
7f58aff7-65ab-427d-8738-2ffc2514f144,CUST013,Closed,2026-03-20,LOC-CUST-11,210000,USD,2026-03-22,2026-03-29,2026-03-24,2026-03-28
565503a6-0133-49ec-9324-5f29c89f4593,CUST015,Closed,2026-08-16,LOC-CUST-13,650000,USD,2026-08-18,2026-08-29,2026-08-19,2026-08-27
84fe4694-2243-4e15-a44c-f0489f440022,CUST002,Closed,2026-04-25,LOC-CUST-1,304000,USD,2026-04-26,2026-05-03,2026-04-27,2026-05-06
a292cc09-26bc-4951-8659-3e8a0254f1e4,CUST007,Closed,2026-06-07,LOC-CUST-5,476000,USD,2026-06-09,2026-06-17,2026-06-08,2026-06-14
d3d43ffe-9b6e-4a2f-973a-2471115c5b8f,CUST002,Closed,2026-05-18,LOC-CUST-1,192000,USD,2026-05-19,2026-05-27,2026-05-20,2026-05-27
e96e370b-8d0a-4230-8060-79332797e469,CUST005,Closed,2026-04-20,LOC-CUST-3,42000,USD,2026-04-22,2026-04-29,2026-04-21,2026-04-30
4dc7cfd4-e470-4345-9d21-f66db9d56692,CUST015,Closed,2026-08-13,LOC-CUST-13,307000,USD,2026-08-14,2026-08-21,2026-08-16,2026-08-22
67353d96-21df-403c-b190-c4cc9bd973ea,CUST008,Closed,2026-08-21,LOC-CUST-6,140000,USD,2026-08-22,2026-08-30,2026-08-24,2026-08-31
f1828ce0-ecae-4753-9bb2-60684c5a4721,CUST008,Closed,2026-07-19,LOC-CUST-6,283000,USD,2026-07-21,2026-07-28,2026-07-20,2026-07-29
5b04b867-6af3-41f9-a3b8-9821afb5171a,CUST005,Closed,2026-07-06,LOC-CUST-3,128000,USD,2026-07-08,2026-07-15,2026-07-10,2026-07-17
c56e16e1-5a47-4d66-8f61-69acc92d9cf1,CUST012,Closed,2026-06-26,LOC-CUST-10,378000,USD,2026-06-28,2026-07-06,2026-06-27,2026-07-08
e774e216-275b-4664-8aea-c25bc8a5206c,CUST006,Closed,2026-04-20,LOC-CUST-4,33000,USD,2026-04-21,2026-05-01,2026-04-23,2026-04-28
a9c0b6c1-1afa-4a5e-8664-d47381082378,CUST008,Closed,2026-07-24,LOC-CUST-6,312000,USD,2026-07-26,2026-08-02,2026-07-28,2026-07-31
be3c4f95-3c0a-4bae-ae78-7b96f4da446e,CUST015,Closed,2026-06-20,LOC-CUST-13,943000,USD,2026-06-21,2026-06-29,2026-06-23,2026-06-26
2b04d570-e47e-4df0-8c80-5b8214efa668,CUST011,Closed,2026-08-13,LOC-CUST-9,63000,USD,2026-08-15,2026-08-24,2026-08-16,2026-08-21
02b1a1f5-e385-47a6-bcc5-bde5a02a8326,CUST011,Closed,2026-06-19,LOC-CUST-9,180000,USD,2026-06-21,2026-06-29,2026-06-21,2026-06-26
7ac3b8fb-4d95-46f7-87eb-418aed263289,CUST004,Closed,2026-03-19,LOC-CUST-2,297000,USD,2026-03-20,2026-03-30,2026-03-20,2026-03-28
157bfd64-9aad-420c-b5c8-085bf4d31bbc,CUST004,Closed,2026-06-13,LOC-CUST-2,338000,USD,2026-06-14,2026-06-25,2026-06-14,2026-06-21
aa317f4b-df8c-4c2a-8ef0-96fc9c1fb301,CUST014,Closed,2026-05-31,LOC-CUST-12,228000,USD,2026-06-01,2026-06-08,2026-06-01,2026-06-07
104ceb36-6b47-4145-9cd7-176f427dae14,CUST004,Closed,2026-08-10,LOC-CUST-2,246000,USD,2026-08-12,2026-08-24,2026-08-12,2026-08-17
0b9b8af3-ba11-4cd7-baa3-6f1a565fbe55,CUST013,Closed,2026-06-10,LOC-CUST-11,192000,USD,2026-06-11,2026-06-22,2026-06-11,2026-06-21
1332ce01-7f9e-4e7e-8dc4-6a4c88356c4a,CUST015,Closed,2026-07-09,LOC-CUST-13,114000,USD,2026-07-11,2026-07-18,2026-07-13,2026-07-15
7771fd43-f3d1-4919-8bbf-687865a7c38d,CUST004,Closed,2026-04-19,LOC-CUST-2,423000,USD,2026-04-21,2026-04-30,2026-04-22,2026-04-29
62972949-0115-4e55-9386-a16911bb902d,CUST002,Closed,2026-08-10,LOC-CUST-1,192000,USD,2026-08-12,2026-08-20,2026-08-14,2026-08-20
da501247-bd3b-4af2-92d7-7392bd240322,CUST007,Closed,2026-07-25,LOC-CUST-5,190000,USD,2026-07-27,2026-08-04,2026-07-29,2026-08-04
dd965bed-aa14-402a-b2de-f2bdbe452394,CUST012,Closed,2026-08-29,LOC-CUST-10,645000,USD,2026-08-31,2026-09-08,2026-08-30,2026-09-05
5d31dc17-f67f-4e16-8c86-8061fa1702d6,CUST008,Closed,2026-08-31,LOC-CUST-6,225000,USD,2026-09-02,2026-09-10,2026-09-04,2026-09-09
858d6c44-f05a-41fb-b78e-c5f89b13d88f,CUST012,Closed,2026-03-22,LOC-CUST-10,446000,USD,2026-03-24,2026-03-31,2026-03-25,2026-03-28
9221c46e-b6e3-4409-9a4f-b813bbb1415f,CUST005,Closed,2026-03-12,LOC-CUST-3,531000,USD,2026-03-14,2026-03-22,2026-03-13,2026-03-22
a98c9de3-4963-444e-8043-0a13eb14d714,CUST002,Closed,2026-08-26,LOC-CUST-1,413000,USD,2026-08-28,2026-09-04,2026-08-29,2026-09-07
4657f0de-6efb-4edc-855a-d232f7d0f284,CUST011,Closed,2026-04-24,LOC-CUST-9,467000,USD,2026-04-25,2026-05-02,2026-04-27,2026-05-01
9a19e691-7171-4a17-bd91-5681fd745416,CUST009,Closed,2026-05-27,LOC-CUST-7,315000,USD,2026-05-29,2026-06-09,2026-05-31,2026-06-07
b0ee1d1a-33ab-49b3-ba03-d9df26fbac97,CUST012,Closed,2026-05-21,LOC-CUST-10,492000,USD,2026-05-22,2026-05-30,2026-05-22,2026-05-26
20bcb60e-1a53-4d73-92ff-ffd42e8dc459,CUST007,Closed,2026-03-04,LOC-CUST-5,641000,USD,2026-03-05,2026-03-14,2026-03-06,2026-03-11
2fe9f3f9-0d19-4b96-9384-823f6dd3d601,CUST008,Closed,2026-06-09,LOC-CUST-6,481000,USD,2026-06-11,2026-06-18,2026-06-13,2026-06-16
88eeb94a-ea49-42e6-aa89-9fbcac81ddf5,CUST013,Closed,2026-05-22,LOC-CUST-11,370000,USD,2026-05-24,2026-06-01,2026-05-23,2026-05-29
f7e0e161-56ca-4fc7-a6f9-630fd37f804b,CUST012,Closed,2026-05-21,LOC-CUST-10,282000,USD,2026-05-23,2026-06-01,2026-05-24,2026-05-27
db14e561-acc2-462e-aa48-e910d6f9def1,CUST007,Closed,2026-07-28,LOC-CUST-5,88000,USD,2026-07-29,2026-08-06,2026-07-30,2026-08-05
8ba84871-c0be-4b5d-9943-72df427cdb2b,CUST011,Closed,2026-05-30,LOC-CUST-9,352000,USD,2026-06-01,2026-06-08,2026-06-02,2026-06-05
38382283-2de9-48c4-a1a5-f4ded70ee5bc,CUST012,Closed,2026-03-07,LOC-CUST-10,333000,USD,2026-03-09,2026-03-16,2026-03-10,2026-03-16
a2c6e23a-6f7d-4a02-ab13-da5a3c63af53,CUST011,Closed,2026-04-07,LOC-CUST-9,180000,USD,2026-04-08,2026-04-20,2026-04-10,2026-04-17
11cb2d9f-08bf-4e64-a205-a154a2dbfb07,CUST015,Closed,2026-08-19,LOC-CUST-13,350000,USD,2026-08-21,2026-08-28,2026-08-20,2026-08-25
b9d1c4fe-8539-4e3c-ab2a-89396c7330f1,CUST008,Closed,2026-08-13,LOC-CUST-6,369000,USD,2026-08-14,2026-08-26,2026-08-15,2026-08-24
0258efb7-3bbb-493c-803a-b5a44bb220f3,CUST008,Closed,2026-06-27,LOC-CUST-6,566000,USD,2026-06-29,2026-07-09,2026-06-29,2026-07-06
727324d5-44eb-494f-8902-b0bf3ddfa583,CUST011,Closed,2026-08-05,LOC-CUST-9,384000,USD,2026-08-06,2026-08-15,2026-08-06,2026-08-11
6df99cc9-b209-4a3b-84b0-c9e4ace09227,CUST010,Closed,2026-07-13,LOC-CUST-8,88000,USD,2026-07-14,2026-07-21,2026-07-16,2026-07-20
4f0354f8-1f99-49fe-920a-21edc7b9100c,CUST015,Closed,2026-05-22,LOC-CUST-13,85000,USD,2026-05-24,2026-05-31,2026-05-25,2026-05-31
39fa821b-d2c8-45ca-accd-e28ff644d19c,CUST006,Closed,2026-03-10,LOC-CUST-4,320000,USD,2026-03-11,2026-03-18,2026-03-11,2026-03-18
8f3efc70-7ccf-41fc-9161-afac86b87a87,CUST013,Closed,2026-07-09,LOC-CUST-11,730000,USD,2026-07-10,2026-07-17,2026-07-12,2026-07-18
c4e8dd82-a3dd-44f6-97be-d1949e421725,CUST002,Closed,2026-06-13,LOC-CUST-1,93000,USD,2026-06-15,2026-06-26,2026-06-16,2026-06-23
aa03baab-4848-4aad-9c93-aba45ce5efbf,CUST010,Closed,2026-07-22,LOC-CUST-8,470000,USD,2026-07-23,2026-08-01,2026-07-23,2026-08-02
8872b820-ef8d-49f8-add9-580df2e7f04c,CUST005,Closed,2026-04-27,LOC-CUST-3,336000,USD,2026-04-28,2026-05-06,2026-04-29,2026-05-07
01674144-6524-4038-a5ad-7c66f122dba3,CUST004,Closed,2026-07-24,LOC-CUST-2,306000,USD,2026-07-25,2026-08-01,2026-07-25,2026-08-01
4a1159ca-6c37-4caf-9380-842c22546c83,CUST014,Closed,2026-04-13,LOC-CUST-12,315000,USD,2026-04-15,2026-04-22,2026-04-16,2026-04-21
fc7ba6c4-de6d-4cdc-a7ae-e7053a1f2b5e,CUST013,Closed,2026-03-12,LOC-CUST-11,184000,USD,2026-03-13,2026-03-20,2026-03-15,2026-03-23
15985863-7d7b-4d32-8b6f-4789bb99c56a,CUST004,Closed,2026-03-12,LOC-CUST-2,220000,USD,2026-03-14,2026-03-21,2026-03-16,2026-03-23
8188d786-152d-43cb-8fef-750255a5b455,CUST011,Closed,2026-06-21,LOC-CUST-9,514000,USD,2026-06-23,2026-07-02,2026-06-22,2026-07-01
25ad88a0-cd95-47cb-8f76-621a1b524a12,CUST006,Closed,2026-06-29,LOC-CUST-4,380000,USD,2026-07-01,2026-07-08,2026-07-01,2026-07-10
70cd3268-0e8d-4dc7-88fe-f80047da3643,CUST008,Closed,2026-07-31,LOC-CUST-6,469000,USD,2026-08-01,2026-08-12,2026-08-03,2026-08-05
72017ae6-ad16-4710-a5a3-96f0a79e35f9,CUST006,Closed,2026-05-25,LOC-CUST-4,90000,USD,2026-05-27,2026-06-03,2026-05-27,2026-06-01
de649ba8-190a-4798-823d-7979ef7cb172,CUST014,Closed,2026-06-23,LOC-CUST-12,885000,USD,2026-06-24,2026-07-03,2026-06-26,2026-07-04
4ad9a401-d191-4d34-a28f-b2016e6210f7,CUST004,Closed,2026-05-21,LOC-CUST-2,264000,USD,2026-05-23,2026-06-01,2026-05-25,2026-05-31
a7dccf78-809f-43b0-be04-dfd9243a5e23,CUST015,Closed,2026-07-12,LOC-CUST-13,348000,USD,2026-07-14,2026-07-22,2026-07-15,2026-07-18
953f235f-39f8-4e1e-9588-13610aca1452,CUST002,Closed,2026-05-09,LOC-CUST-1,348000,USD,2026-05-11,2026-05-19,2026-05-10,2026-05-18
34b89685-4a6b-4b0d-a80b-06914aa9c882,CUST014,Closed,2026-07-31,LOC-CUST-12,248000,USD,2026-08-01,2026-08-10,2026-08-01,2026-08-06
addc1bb5-6e36-42f8-addb-51b524bed745,CUST005,Closed,2026-08-15,LOC-CUST-3,410000,USD,2026-08-17,2026-08-27,2026-08-16,2026-08-25
103dff42-de0a-4cad-b76e-722f83515478,CUST002,Closed,2026-03-22,LOC-CUST-1,688000,USD,2026-03-23,2026-03-30,2026-03-25,2026-03-27
056510ea-6946-4d4e-8da2-1903868267ff,CUST002,Closed,2026-07-01,LOC-CUST-1,729000,USD,2026-07-03,2026-07-11,2026-07-04,2026-07-08
5c8556d7-c249-430f-ad45-8e873c4f8ceb,CUST015,Closed,2026-06-21,LOC-CUST-13,277000,USD,2026-06-22,2026-07-01,2026-06-24,2026-06-27
a532dd65-b4be-4da0-b819-ff1000920161,CUST010,Closed,2026-07-19,LOC-CUST-8,107000,USD,2026-07-21,2026-07-30,2026-07-23,2026-07-31
cbc35a1c-1e6e-46e0-9c18-1cd2d8b02efa,CUST013,Closed,2026-03-26,LOC-CUST-11,132000,USD,2026-03-27,2026-04-07,2026-03-29,2026-04-04
d8844b25-e612-4241-9970-15ae5dc4357f,CUST010,Closed,2026-08-03,LOC-CUST-8,672000,USD,2026-08-05,2026-08-10,2026-08-05,2026-08-09
4c19d00b-0ab5-4fd0-a907-1ba41ea1fc57,CUST008,Closed,2026-06-26,LOC-CUST-6,420000,USD,2026-06-27,2026-07-03,2026-06-28,2026-07-02
353a859f-a029-43a1-9f01-62448e015185,CUST002,Closed,2026-08-26,LOC-CUST-1,135000,USD,2026-08-27,2026-08-31,2026-08-27,2026-09-05
0f187ddb-1f56-4185-9e61-197db0e4dee0,CUST002,Closed,2026-05-18,LOC-CUST-1,336000,USD,2026-05-20,2026-05-29,2026-05-19,2026-05-24
6908dc57-b879-4d8e-85c6-55bff92cae6c,CUST015,Closed,2026-07-10,LOC-CUST-13,199000,USD,2026-07-12,2026-07-20,2026-07-14,2026-07-18
7a0ae911-81a4-48cc-9840-51c65c8f136a,CUST007,Closed,2026-07-19,LOC-CUST-5,652000,USD,2026-07-21,2026-07-28,2026-07-20,2026-07-27
64771643-ea61-4b73-8672-4344d26101ca,CUST006,Closed,2026-08-23,LOC-CUST-4,208000,USD,2026-08-24,2026-09-02,2026-08-26,2026-08-28
ceeba61c-b673-4b7a-94d5-3846d7e0bd2f,CUST011,Closed,2026-04-26,LOC-CUST-9,90000,USD,2026-04-27,2026-05-06,2026-04-29,2026-05-02
3add0df2-c687-4bec-a178-4ed2fdea1ad6,CUST010,Closed,2026-05-02,LOC-CUST-8,144000,USD,2026-05-04,2026-05-10,2026-05-04,2026-05-13
89151c0c-06a2-401e-b8a3-c2a6fec58b8d,CUST010,Closed,2026-03-28,LOC-CUST-8,268000,USD,2026-03-30,2026-04-06,2026-03-30,2026-04-05
164e3865-6798-48cb-ba09-4a0c69c46a6d,CUST012,Closed,2026-05-25,LOC-CUST-10,692000,USD,2026-05-26,2026-05-31,2026-05-26,2026-06-01
68344179-4690-43d7-b6d4-cbf189950819,CUST010,Closed,2026-08-05,LOC-CUST-8,358000,USD,2026-08-07,2026-08-17,2026-08-09,2026-08-13
6b07f1e1-1f73-4417-9850-49c78da9ba9e,CUST008,Closed,2026-04-01,LOC-CUST-6,252000,USD,2026-04-02,2026-04-08,2026-04-02,2026-04-08
488a7985-2b89-42d1-a611-589f24594a7a,CUST011,Closed,2026-07-16,LOC-CUST-9,692000,USD,2026-07-17,2026-07-22,2026-07-18,2026-07-21
c295af73-6675-4f8d-ab3f-0c0caa1ffb7a,CUST013,Closed,2026-04-17,LOC-CUST-11,36000,USD,2026-04-19,2026-04-24,2026-04-18,2026-04-25
489152dc-6ca2-41cd-aff7-fdc1d0557ea4,CUST014,Closed,2026-06-27,LOC-CUST-12,759000,USD,2026-06-28,2026-07-03,2026-06-29,2026-07-03
72bfdc2e-ae5d-4183-9395-6fb316589c7d,CUST004,Closed,2026-07-24,LOC-CUST-2,259000,USD,2026-07-26,2026-08-01,2026-07-27,2026-07-30
69c489ea-68bd-4c73-af21-af784e28d951,CUST013,Closed,2026-06-12,LOC-CUST-11,188000,USD,2026-06-14,2026-06-24,2026-06-13,2026-06-21
0ab9770e-d23d-4676-9657-c3303a0e8055,CUST008,Closed,2026-05-07,LOC-CUST-6,160000,USD,2026-05-09,2026-05-19,2026-05-10,2026-05-14
0d32ab94-b8e7-422c-81cc-8d29dd612cc1,CUST007,Closed,2026-07-28,LOC-CUST-5,308000,USD,2026-07-30,2026-08-05,2026-07-29,2026-08-05
eecb3fe3-d674-41bf-959b-94a21d95de30,CUST010,Closed,2026-05-09,LOC-CUST-8,830000,USD,2026-05-11,2026-05-16,2026-05-10,2026-05-20
39172480-513a-4ef2-80d3-42942de7fe46,CUST013,Closed,2026-05-01,LOC-CUST-11,588000,USD,2026-05-03,2026-05-07,2026-05-02,2026-05-09
cb7f0b19-fdcd-479a-a4ec-4117f459ca9c,CUST013,Closed,2026-05-22,LOC-CUST-11,348000,USD,2026-05-23,2026-06-03,2026-05-23,2026-05-29
a4a1a495-77ac-4d96-9448-da94319343e0,CUST006,Closed,2026-05-22,LOC-CUST-4,595000,USD,2026-05-24,2026-06-04,2026-05-26,2026-05-31
ab110a9c-9856-4b7a-afbd-8825daa6e86c,CUST011,Closed,2026-07-15,LOC-CUST-9,175000,USD,2026-07-16,2026-07-22,2026-07-18,2026-07-20
6d3ac3c0-2271-4cad-b943-d2866b79e1f8,CUST014,Closed,2026-04-11,LOC-CUST-12,921000,USD,2026-04-13,2026-04-21,2026-04-14,2026-04-20
3916a23c-0f4f-4e50-86db-344065f5bd82,CUST011,Closed,2026-04-29,LOC-CUST-9,214000,USD,2026-04-30,2026-05-06,2026-05-01,2026-05-04
6a35306e-c53f-457f-83a9-2893d389f160,CUST012,Closed,2026-04-19,LOC-CUST-10,340000,USD,2026-04-21,2026-05-01,2026-04-22,2026-04-26
1de12378-8041-4b10-926f-aad5e8181b6b,CUST008,Closed,2026-03-13,LOC-CUST-6,450000,USD,2026-03-14,2026-03-17,2026-03-16,2026-03-23
ec7ee6d0-cf62-476a-a815-f8a1e8f5f902,CUST004,Closed,2026-08-20,LOC-CUST-2,121000,USD,2026-08-22,2026-08-25,2026-08-22,2026-08-31
e8d68098-bc9c-4e0f-956e-fcc4d8ef026a,CUST014,Closed,2026-03-12,LOC-CUST-12,676000,USD,2026-03-14,2026-03-22,2026-03-15,2026-03-24
66f6cf82-f6a2-4ad4-ac9e-6fea9ff4621f,CUST014,Closed,2026-05-18,LOC-CUST-12,536000,USD,2026-05-20,2026-05-26,2026-05-20,2026-05-25
066a58cd-d392-4cc0-9cf6-8e37b5e91c56,CUST013,Closed,2026-07-30,LOC-CUST-11,340000,USD,2026-08-01,2026-08-05,2026-08-02,2026-08-06
0dae8e0e-2154-49f2-ac80-a41ab6c82413,CUST002,Closed,2026-07-26,LOC-CUST-1,597000,USD,2026-07-28,2026-08-07,2026-07-28,2026-08-05
3a7b8450-d3f0-42dc-8c8a-77e8d9fa6dbf,CUST009,Closed,2026-08-05,LOC-CUST-7,180000,USD,2026-08-06,2026-08-14,2026-08-08,2026-08-15
63d5a2e1-22ca-4e3c-aaa7-8da29514c7ef,CUST010,Closed,2026-04-29,LOC-CUST-8,156000,USD,2026-05-01,2026-05-06,2026-05-02,2026-05-06
49931300-f9ad-4300-b5ed-caaa13ecded0,CUST011,Closed,2026-04-02,LOC-CUST-9,413000,USD,2026-04-04,2026-04-08,2026-04-04,2026-04-10
6595704d-96e4-4ec8-9627-46969e22e05a,CUST004,Closed,2026-06-13,LOC-CUST-2,60000,USD,2026-06-14,2026-06-21,2026-06-16,2026-06-24
11a2f7c1-c583-4348-930d-418e9bde3244,CUST007,Closed,2026-06-18,LOC-CUST-5,504000,USD,2026-06-19,2026-06-23,2026-06-21,2026-06-28
f7ba5793-2a6e-40df-a8d1-163d875b0aef,CUST006,Closed,2026-04-29,LOC-CUST-4,320000,USD,2026-05-01,2026-05-09,2026-05-01,2026-05-07
53cb6f5b-77dd-49fb-8a37-3c211cf3e8ea,CUST002,Closed,2026-07-03,LOC-CUST-1,460000,USD,2026-07-05,2026-07-11,2026-07-05,2026-07-12
7bef7c3b-2214-4e2b-aa01-a75e7003f131,CUST010,Closed,2026-05-20,LOC-CUST-8,456000,USD,2026-05-22,2026-05-25,2026-05-24,2026-05-30
08ad51c1-f0fb-411c-80db-a2eadf9915be,CUST004,Closed,2026-03-04,LOC-CUST-2,348000,USD,2026-03-06,2026-03-11,2026-03-08,2026-03-14
5ddfa135-af53-44b2-bdce-0b24319b9402,CUST011,Closed,2026-03-22,LOC-CUST-9,24000,USD,2026-03-23,2026-04-01,2026-03-24,2026-03-27
3fe9ef15-4876-4fb7-b2f5-e54302367694,CUST013,Closed,2026-04-10,LOC-CUST-11,1075000,USD,2026-04-12,2026-04-15,2026-04-14,2026-04-22
4a62b566-e836-4403-a648-de6b882da0c1,CUST012,Closed,2026-08-24,LOC-CUST-10,324000,USD,2026-08-25,2026-09-03,2026-08-27,2026-09-04
86cc9303-2098-4638-aa49-96deb84fe512,CUST014,Closed,2026-06-09,LOC-CUST-12,579000,USD,2026-06-11,2026-06-20,2026-06-12,2026-06-18
1fcab500-f9df-4dd9-86f9-6bc8b4787f50,CUST004,Closed,2026-08-12,LOC-CUST-2,642000,USD,2026-08-13,2026-08-24,2026-08-15,2026-08-19
d2a47a34-1a43-4b66-b0bb-6768af1c44ca,CUST009,Closed,2026-08-25,LOC-CUST-7,459000,USD,2026-08-26,2026-09-03,2026-08-26,2026-09-01
628054d7-1039-4bfc-8e9c-5052b5125376,CUST014,Closed,2026-03-18,LOC-CUST-12,535000,USD,2026-03-20,2026-03-30,2026-03-21,2026-03-24
32bcdac0-2e60-4278-932d-adfa0ba392f8,CUST014,Closed,2026-07-12,LOC-CUST-12,559000,USD,2026-07-13,2026-07-21,2026-07-15,2026-07-18
a3c4f165-33cc-49e4-a44e-59a9eebd7a14,CUST008,Closed,2026-07-31,LOC-CUST-6,400000,USD,2026-08-01,2026-08-08,2026-08-03,2026-08-11
9820745b-ad7f-4a50-8aa6-39fd907de511,CUST008,Closed,2026-06-29,LOC-CUST-6,35000,USD,2026-07-01,2026-07-05,2026-06-30,2026-07-11
521d5fb0-2a0d-49cd-befc-6a17956ed366,CUST014,Closed,2026-06-16,LOC-CUST-12,1029000,USD,2026-06-17,2026-06-26,2026-06-19,2026-06-24
15ae067e-32b3-4859-93fc-239c704ab4f4,CUST015,Closed,2026-06-05,LOC-CUST-13,535000,USD,2026-06-07,2026-06-18,2026-06-08,2026-06-13
119631b9-e939-4a45-9967-ed646ee7f066,CUST014,Closed,2026-07-22,LOC-CUST-12,243000,USD,2026-07-24,2026-07-31,2026-07-24,2026-07-29
025bd7ae-0692-4371-94c9-f8b56b28ace0,CUST006,Closed,2026-03-20,LOC-CUST-4,361000,USD,2026-03-22,2026-03-31,2026-03-24,2026-03-27
b8f92231-9ed9-401a-82d2-9676381e77b1,CUST008,Closed,2026-04-15,LOC-CUST-6,33000,USD,2026-04-16,2026-04-22,2026-04-16,2026-04-26
e2a827be-aee4-457d-8532-d0972adc8734,CUST012,Closed,2026-04-12,LOC-CUST-10,924000,USD,2026-04-14,2026-04-21,2026-04-15,2026-04-24
fff8bff4-a192-4c4f-9c72-42c739bea092,CUST009,Closed,2026-08-25,LOC-CUST-7,794000,USD,2026-08-26,2026-09-06,2026-08-27,2026-09-01
944f0930-330f-4332-9a03-81f4a3ed44a8,CUST006,Closed,2026-06-10,LOC-CUST-4,66000,USD,2026-06-12,2026-06-18,2026-06-13,2026-06-16
0efd6d87-3e2f-47ae-b97d-d83cb0b341d6,CUST010,Closed,2026-05-18,LOC-CUST-8,148000,USD,2026-05-19,2026-05-23,2026-05-20,2026-05-24
dad4b132-75cd-4aa1-98cd-70aff316ebd5,CUST015,Closed,2026-03-23,LOC-CUST-13,742000,USD,2026-03-24,2026-03-28,2026-03-25,2026-04-02
ad59ce60-e770-46c3-9c14-708e84846fd0,CUST009,Closed,2026-08-22,LOC-CUST-7,126000,USD,2026-08-23,2026-09-02,2026-08-25,2026-08-27
c7ad0f08-ca73-40e1-9e87-c127f83e0c80,CUST007,Closed,2026-04-13,LOC-CUST-5,366000,USD,2026-04-14,2026-04-24,2026-04-16,2026-04-19
ce720bd9-e76c-4fb2-9183-cc2c28bc63ba,CUST007,Closed,2026-06-03,LOC-CUST-5,1026000,USD,2026-06-05,2026-06-10,2026-06-05,2026-06-10
be8a98e6-b429-42d8-abad-76986fdb6768,CUST008,Closed,2026-07-09,LOC-CUST-6,396000,USD,2026-07-10,2026-07-21,2026-07-11,2026-07-14
3ea06fd7-a0c3-4888-8a34-fe9e2dc0811d,CUST004,Closed,2026-04-10,LOC-CUST-2,285000,USD,2026-04-11,2026-04-19,2026-04-12,2026-04-19
fb3489e6-8225-483a-981c-49add8a52547,CUST004,Closed,2026-04-09,LOC-CUST-2,264000,USD,2026-04-11,2026-04-17,2026-04-12,2026-04-19
d02bec70-df10-4919-80b4-95136231ef30,CUST004,Closed,2026-07-13,LOC-CUST-2,423000,USD,2026-07-15,2026-07-18,2026-07-17,2026-07-19
a276e87b-c774-42b7-8ae7-e8b75341db74,CUST013,Closed,2026-08-15,LOC-CUST-11,387000,USD,2026-08-17,2026-08-22,2026-08-18,2026-08-26
a97c790b-6b6e-43fc-9150-ea96f9fd9036,CUST005,Closed,2026-08-11,LOC-CUST-3,544000,USD,2026-08-12,2026-08-17,2026-08-12,2026-08-20
3dbcb91b-755d-432b-9f23-a14b678bbac1,CUST008,Closed,2026-06-10,LOC-CUST-6,156000,USD,2026-06-12,2026-06-16,2026-06-12,2026-06-21
ac02226d-4dfc-4199-9b92-dbd4645d075b,CUST004,Closed,2026-03-20,LOC-CUST-2,270000,USD,2026-03-21,2026-03-28,2026-03-23,2026-03-28
21f27d26-fd54-4119-a65a-009a64ba5fa9,CUST004,Closed,2026-05-04,LOC-CUST-2,414000,USD,2026-05-06,2026-05-09,2026-05-08,2026-05-13
3788f340-a650-4c2f-a17e-6f77f2bcb23f,CUST015,Closed,2026-05-09,LOC-CUST-13,42000,USD,2026-05-11,2026-05-16,2026-05-10,2026-05-18
37d65c24-478b-4bf7-8306-bb968896e552,CUST008,Closed,2026-05-17,LOC-CUST-6,264000,USD,2026-05-18,2026-05-21,2026-05-18,2026-05-24
e01f9950-d215-486f-af57-abd25f05c2f1,CUST008,Closed,2026-04-25,LOC-CUST-6,145000,USD,2026-04-26,2026-05-05,2026-04-27,2026-05-01
ebddb8ec-87cf-4e07-bb8f-96287e97aef9,CUST002,Closed,2026-07-25,LOC-CUST-1,616000,USD,2026-07-26,2026-08-06,2026-07-27,2026-08-04
b9ea4456-90c5-4e66-a321-25dd19c18f3a,CUST011,Closed,2026-05-26,LOC-CUST-9,412000,USD,2026-05-27,2026-06-03,2026-05-29,2026-05-31
748967ca-cb27-4ed8-a53d-a830a2341aa4,CUST012,Closed,2026-06-01,LOC-CUST-10,692000,USD,2026-06-03,2026-06-09,2026-06-05,2026-06-12
a179b384-7c00-4c21-9344-a5483aba4bf1,CUST006,Closed,2026-05-18,LOC-CUST-4,522000,USD,2026-05-19,2026-05-27,2026-05-21,2026-05-26
2c60ffe6-45a0-4a17-b882-4947535cba0f,CUST015,Closed,2026-06-06,LOC-CUST-13,570000,USD,2026-06-08,2026-06-17,2026-06-07,2026-06-18
265cd040-4358-4917-9a5d-8092d4441b1e,CUST012,Closed,2026-05-27,LOC-CUST-10,252000,USD,2026-05-29,2026-06-03,2026-05-30,2026-06-07
c76e055e-fb7c-4360-88f1-16cfc0d82ab0,CUST004,Closed,2026-04-24,LOC-CUST-2,100000,USD,2026-04-26,2026-05-06,2026-04-28,2026-05-06
5088e1ca-7eb3-46ce-9bbc-f02ccf120c42,CUST011,Closed,2026-05-01,LOC-CUST-9,100000,USD,2026-05-03,2026-05-12,2026-05-04,2026-05-13
9a0ffef3-c587-4c30-9fe3-90f8adb9b1d9,CUST012,Closed,2026-07-28,LOC-CUST-10,80000,USD,2026-07-30,2026-08-07,2026-07-29,2026-08-06
778d9e24-39a6-4c77-9c2b-abfa710ccf56,CUST010,Closed,2026-08-14,LOC-CUST-8,518000,USD,2026-08-15,2026-08-22,2026-08-15,2026-08-23
0245449b-b872-4d67-bb4f-52b0c59e0eec,CUST010,Closed,2026-03-07,LOC-CUST-8,777000,USD,2026-03-08,2026-03-16,2026-03-08,2026-03-16
cc64da63-92dc-4837-bff5-ea6c37263dba,CUST008,Closed,2026-06-23,LOC-CUST-6,225000,USD,2026-06-25,2026-06-27,2026-06-27,2026-07-02
ca2a5d26-4d7d-40aa-8c7b-c03cde514347,CUST015,Closed,2026-07-26,LOC-CUST-13,267000,USD,2026-07-27,2026-08-05,2026-07-29,2026-08-06
536e5de9-93d0-4326-a8b5-dc4b86471c11,CUST005,Closed,2026-03-13,LOC-CUST-3,740000,USD,2026-03-14,2026-03-19,2026-03-16,2026-03-20
0f7c466b-25b8-4801-bced-01cde9963ea9,CUST006,Closed,2026-08-29,LOC-CUST-4,90000,USD,2026-08-31,2026-09-09,2026-09-01,2026-09-09
53978b17-ab49-47fb-b58f-a65b4e528164,CUST012,Closed,2026-08-20,LOC-CUST-10,300000,USD,2026-08-21,2026-08-28,2026-08-21,2026-08-28
686f9a69-13a1-4944-a8f0-e0f1303147b3,CUST009,Closed,2026-05-26,LOC-CUST-7,408000,USD,2026-05-27,2026-05-30,2026-05-27,2026-06-02
b375ad9c-644e-44b5-aa49-19469ae0c60c,CUST012,Closed,2026-08-11,LOC-CUST-10,264000,USD,2026-08-13,2026-08-20,2026-08-13,2026-08-21
2691d9c9-8254-4266-8fcb-018938184c27,CUST015,Closed,2026-03-06,LOC-CUST-13,296000,USD,2026-03-08,2026-03-10,2026-03-07,2026-03-17
f7ef626c-f575-4940-ae28-4f75aae96c35,CUST008,Closed,2026-06-03,LOC-CUST-6,273000,USD,2026-06-04,2026-06-11,2026-06-04,2026-06-14
adb472c3-e7da-4026-b23f-1812324b6bbb,CUST015,Closed,2026-03-18,LOC-CUST-13,96000,USD,2026-03-19,2026-03-23,2026-03-19,2026-03-29
92664be9-4e21-4f9c-b672-03db56108b1e,CUST009,Closed,2026-03-20,LOC-CUST-7,80000,USD,2026-03-21,2026-03-30,2026-03-23,2026-03-27
19cbc383-df24-4988-b051-4e6b6b81215f,CUST009,Closed,2026-04-10,LOC-CUST-7,947000,USD,2026-04-11,2026-04-20,2026-04-13,2026-04-21
73f57b8d-bb1b-4acf-aeaf-f75097507627,CUST013,Closed,2026-06-09,LOC-CUST-11,429000,USD,2026-06-10,2026-06-18,2026-06-12,2026-06-15
5c95d68c-d7cf-491d-b65c-6f19feab1feb,CUST006,Closed,2026-08-02,LOC-CUST-4,870000,USD,2026-08-03,2026-08-07,2026-08-04,2026-08-13
29e91239-ec9d-482a-864f-008e0721f9a8,CUST002,Closed,2026-08-09,LOC-CUST-1,519000,USD,2026-08-11,2026-08-18,2026-08-10,2026-08-16
4820c323-d0df-4040-bf9c-ebdd4ab4b43b,CUST006,Closed,2026-08-19,LOC-CUST-4,130000,USD,2026-08-20,2026-08-26,2026-08-20,2026-08-28
5f004681-acdf-4c03-abdd-6631c72c2695,CUST002,Closed,2026-04-18,LOC-CUST-1,511000,USD,2026-04-19,2026-04-24,2026-04-19,2026-04-23
b58bba3b-61ad-470c-b039-4e4a26bd448d,CUST010,Closed,2026-08-07,LOC-CUST-8,388000,USD,2026-08-09,2026-08-14,2026-08-11,2026-08-19
cc3eba73-9180-4bb8-8e67-156fa6b20b92,CUST004,Closed,2026-06-24,LOC-CUST-2,420000,USD,2026-06-26,2026-07-03,2026-06-25,2026-07-05
6edc27ba-94e6-4b12-9175-050259534893,CUST002,Closed,2026-08-29,LOC-CUST-1,568000,USD,2026-08-31,2026-09-07,2026-08-31,2026-09-10
0975b789-3ac3-4c4f-90ee-27fa6c0a7738,CUST013,Closed,2026-06-06,LOC-CUST-11,291000,USD,2026-06-08,2026-06-11,2026-06-10,2026-06-16
a5231fae-8091-43bc-ab89-c79e10ed419e,CUST008,Closed,2026-08-15,LOC-CUST-6,353000,USD,2026-08-16,2026-08-27,2026-08-18,2026-08-21
f50007ac-b793-4115-967e-f677ac65b9c6,CUST009,Closed,2026-04-29,LOC-CUST-7,785000,USD,2026-04-30,2026-05-03,2026-05-02,2026-05-04
d6b13924-e5e1-4f04-a9ff-b7dd05eb512e,CUST010,Closed,2026-08-18,LOC-CUST-8,819000,USD,2026-08-20,2026-08-24,2026-08-21,2026-08-26
7261116f-8930-42e7-ab2e-dbb9c1d21693,CUST006,Closed,2026-06-06,LOC-CUST-4,416000,USD,2026-06-08,2026-06-14,2026-06-09,2026-06-15
63d6691d-cc99-4384-a09e-50db45584641,CUST012,Closed,2026-06-30,LOC-CUST-10,44000,USD,2026-07-02,2026-07-08,2026-07-01,2026-07-06
79e3863b-c378-4804-b03c-28d9e30ac430,CUST011,Closed,2026-08-09,LOC-CUST-9,289000,USD,2026-08-10,2026-08-21,2026-08-10,2026-08-19
a5812d73-17f8-408e-a284-9af6b3e76c64,CUST011,Closed,2026-03-09,LOC-CUST-9,188000,USD,2026-03-11,2026-03-17,2026-03-12,2026-03-15
7ab7703f-c0d9-40a8-821b-d40d31dd7b67,CUST014,Closed,2026-07-14,LOC-CUST-12,84000,USD,2026-07-16,2026-07-23,2026-07-15,2026-07-23
4e5c05e1-4810-4498-9624-8d7a6023a4f0,CUST009,Closed,2026-03-26,LOC-CUST-7,166000,USD,2026-03-27,2026-04-04,2026-03-28,2026-03-31
7527f3cb-317f-4413-a043-bfaabcc1837b,CUST005,Closed,2026-04-19,LOC-CUST-3,60000,USD,2026-04-21,2026-04-26,2026-04-21,2026-04-25
e4fe48b3-75f6-4cee-b419-63ff39d75395,CUST013,Closed,2026-04-08,LOC-CUST-11,722000,USD,2026-04-10,2026-04-18,2026-04-12,2026-04-20
74742068-de4f-4bff-bdaf-65861790a5cb,CUST011,Closed,2026-04-04,LOC-CUST-9,231000,USD,2026-04-05,2026-04-13,2026-04-05,2026-04-13
d6ec7c0d-bfc8-41f0-9467-ba76ef1469f2,CUST004,Closed,2026-03-10,LOC-CUST-2,516000,USD,2026-03-12,2026-03-19,2026-03-12,2026-03-17
c98cdaa6-3162-4656-9189-2cf4d6d1ffa0,CUST006,Closed,2026-06-30,LOC-CUST-4,92000,USD,2026-07-01,2026-07-08,2026-07-01,2026-07-11
3acf46fc-5e94-4e41-93bc-aac472c4378c,CUST013,Closed,2026-05-30,LOC-CUST-11,442000,USD,2026-05-31,2026-06-07,2026-06-01,2026-06-08
3827cc38-58d7-4a2a-b42a-b98bb92c4ff4,CUST005,Closed,2026-05-09,LOC-CUST-3,396000,USD,2026-05-10,2026-05-20,2026-05-10,2026-05-20
ba7c4887-e1e3-40eb-b10b-59aacae7dd51,CUST004,Closed,2026-08-08,LOC-CUST-2,148000,USD,2026-08-10,2026-08-13,2026-08-11,2026-08-15
4cabb80a-ea16-4eee-9b99-ef4aea68f068,CUST013,Closed,2026-08-02,LOC-CUST-11,315000,USD,2026-08-03,2026-08-09,2026-08-05,2026-08-11
f7d69cca-00bf-461e-9ae2-56ff291c1e8b,CUST008,Closed,2026-08-01,LOC-CUST-6,126000,USD,2026-08-03,2026-08-13,2026-08-02,2026-08-10
8360e4a7-6635-4c4e-8408-64e079f31ce6,CUST010,Closed,2026-08-25,LOC-CUST-8,255000,USD,2026-08-27,2026-09-04,2026-08-29,2026-09-04
c5f55b31-2814-4f63-8db8-957aeba70e96,CUST011,Closed,2026-04-15,LOC-CUST-9,225000,USD,2026-04-17,2026-04-24,2026-04-19,2026-04-21
a9ccc57f-3bf6-49e2-b35e-b61be5fd3e8b,CUST004,Closed,2026-03-30,LOC-CUST-2,870000,USD,2026-03-31,2026-04-03,2026-04-02,2026-04-07
0625e38f-a680-4c6d-af4e-6ee84c95133e,CUST010,Closed,2026-03-23,LOC-CUST-8,243000,USD,2026-03-25,2026-04-04,2026-03-27,2026-04-04
1c600480-e236-4a86-989b-b61c8a1fb1dc,CUST009,Closed,2026-05-30,LOC-CUST-7,90000,USD,2026-05-31,2026-06-06,2026-05-31,2026-06-09
43f35ce3-7d72-47e9-9ef1-95e15540afc2,CUST015,Closed,2026-08-09,LOC-CUST-13,493000,USD,2026-08-10,2026-08-14,2026-08-10,2026-08-15
ce427fa3-3547-4b53-b87e-40bbb52916d5,CUST013,Closed,2026-04-12,LOC-CUST-11,304000,USD,2026-04-13,2026-04-18,2026-04-13,2026-04-18
4f079ccb-6354-4f33-a93f-6e2c316c3432,CUST005,Closed,2026-04-03,LOC-CUST-3,270000,USD,2026-04-04,2026-04-13,2026-04-06,2026-04-09
ae6c5a4e-33f9-41b0-a993-8fccb65352af,CUST004,Closed,2026-06-21,LOC-CUST-2,678000,USD,2026-06-22,2026-06-29,2026-06-23,2026-07-01
5fb7a228-5b56-4227-abcf-cae389ce5faf,CUST011,Closed,2026-08-25,LOC-CUST-9,434000,USD,2026-08-26,2026-09-02,2026-08-28,2026-09-01
c2c0cb38-d8ca-45a1-89f5-8bd2af45ae50,CUST012,Closed,2026-03-20,LOC-CUST-10,316000,USD,2026-03-21,2026-03-29,2026-03-22,2026-03-29
b19cb72f-36ea-4309-8bde-6334431f1229,CUST007,Closed,2026-03-14,LOC-CUST-5,484000,USD,2026-03-15,2026-03-18,2026-03-16,2026-03-20
1fa6c240-3302-4015-8111-4d57ff4aaaed,CUST009,Closed,2026-04-20,LOC-CUST-7,349000,USD,2026-04-21,2026-04-28,2026-04-21,2026-05-01
eb47b466-bf91-455e-8da2-354ea41b1a5e,CUST010,Closed,2026-05-24,LOC-CUST-8,497000,USD,2026-05-25,2026-05-31,2026-05-27,2026-06-02
dd2f2da6-26d7-4dc0-a497-cd88b93282e5,CUST008,Closed,2026-04-13,LOC-CUST-6,551000,USD,2026-04-15,2026-04-19,2026-04-14,2026-04-25
4cb72ae3-dd04-4444-9be4-9ee6d4a10c42,CUST002,Closed,2026-03-07,LOC-CUST-1,150000,USD,2026-03-08,2026-03-15,2026-03-10,2026-03-12
985c4dbd-a54e-4e5c-a1ec-ad3b9dfe4472,CUST015,Closed,2026-07-20,LOC-CUST-13,90000,USD,2026-07-21,2026-07-30,2026-07-23,2026-07-30
0ed627e0-1abf-421f-b78d-baa9b70b1cac,CUST012,Closed,2026-08-27,LOC-CUST-10,112000,USD,2026-08-29,2026-09-05,2026-08-29,2026-09-03
b5922468-58db-4028-bf16-6f3cc9428a93,CUST015,Closed,2026-08-19,LOC-CUST-13,541000,USD,2026-08-20,2026-08-30,2026-08-22,2026-08-24
5f773052-d12e-49c9-9b36-83d4387da09e,CUST012,Closed,2026-08-15,LOC-CUST-10,226000,USD,2026-08-16,2026-08-23,2026-08-17,2026-08-25
5a4d39fe-94f1-447a-a711-d191c23d932f,CUST011,Closed,2026-08-21,LOC-CUST-9,534000,USD,2026-08-22,2026-08-29,2026-08-22,2026-08-29