ID,salesShipmentId,lineNumber,salesOrderLineId,salesOrderId,salesOrderLineNumber,ProductId,quantityShipped,unitOfMeasure
6058511c-85fd-49fc-ad9d-9e9f1f5eaf0d-10,6058511c-85fd-49fc-ad9d-9e9f1f5eaf0d,10,0f5f630b-b22e-462d-b85e-ea328285b80a-10,0f5f630b-b22e-462d-b85e-ea328285b80a,10,PROD004,290,Each
6058511c-85fd-49fc-ad9d-9e9f1f5eaf0d-20,6058511c-85fd-49fc-ad9d-9e9f1f5eaf0d,20,0f5f630b-b22e-462d-b85e-ea328285b80a-20,0f5f630b-b22e-462d-b85e-ea328285b80a,20,PROD009,360,Each
589955ba-99b9-4237-b1fd-6c493d9cb6f1-10,589955ba-99b9-4237-b1fd-6c493d9cb6f1,10,3558f751-37a3-41f0-9bba-7487799793dc-10,3558f751-37a3-41f0-9bba-7487799793dc,10,PROD004,160,Each
589955ba-99b9-4237-b1fd-6c493d9cb6f1-20,589955ba-99b9-4237-b1fd-6c493d9cb6f1,20,3558f751-37a3-41f0-9bba-7487799793dc-30,3558f751-37a3-41f0-9bba-7487799793dc,30,PROD002,320,Each
9dcf952b-b705-40e9-988e-dbc0044b96fa-10,9dcf952b-b705-40e9-988e-dbc0044b96fa,10,786d65a7-713e-4908-bb90-db78fe372bbe-20,786d65a7-713e-4908-bb90-db78fe372bbe,20,PROD009,240,Each
6836a0c6-387d-424f-bf1a-a6dad019b828-10,6836a0c6-387d-424f-bf1a-a6dad019b828,10,073ed4ac-4ada-4771-a0bd-42a5439ce5fc-10,073ed4ac-4ada-4771-a0bd-42a5439ce5fc,10,PROD007,100,Each
8793ed37-bbd4-48de-b80e-4a6852e47c3d-10,8793ed37-bbd4-48de-b80e-4a6852e47c3d,10,7de0c647-383a-4085-aee5-2e4369619a05-10,7de0c647-383a-4085-aee5-2e4369619a05,10,PROD002,470,Each
6f94c6c6-26d3-4408-983d-20eb80479f8a-10,6f94c6c6-26d3-4408-983d-20eb80479f8a,10,090c1d0e-f15e-4128-8046-b26cb6122379-20,090c1d0e-f15e-4128-8046-b26cb6122379,20,PROD006,120,Each
bf9a5566-42da-49c6-be82-6eadb857ff8e-10,bf9a5566-42da-49c6-be82-6eadb857ff8e,10,9dc65f17-3aa2-416c-991e-aa6bf81a7398-20,9dc65f17-3aa2-416c-991e-aa6bf81a7398,20,PROD006,410,Each
7b381512-badf-49a5-8fd0-394cbc85ad18-10,7b381512-badf-49a5-8fd0-394cbc85ad18,10,83ce1682-4126-4f61-a768-fa28654d1c20-10,83ce1682-4126-4f61-a768-fa28654d1c20,10,PROD001,207,Each
5ed73bc3-46ee-4459-81a5-f96ad2864b0f-10,5ed73bc3-46ee-4459-81a5-f96ad2864b0f,10,8931c192-83ff-49f8-8fe6-eaec08f2004f-10,8931c192-83ff-49f8-8fe6-eaec08f2004f,10,PROD001,62,Each
f2adcb53-44bd-4469-bdb4-840cc858c031-10,f2adcb53-44bd-4469-bdb4-840cc858c031,10,646104ba-0bab-44d0-a2fc-d9fc919d81e4-20,646104ba-0bab-44d0-a2fc-d9fc919d81e4,20,PROD006,240,Each
fea069c4-830a-4c6f-8064-95711002b076-10,fea069c4-830a-4c6f-8064-95711002b076,10,f18932b0-63ae-4c46-b22f-3a9f3465203e-10,f18932b0-63ae-4c46-b22f-3a9f3465203e,10,PROD006,460,Each
fea069c4-830a-4c6f-8064-95711002b076-20,fea069c4-830a-4c6f-8064-95711002b076,20,f18932b0-63ae-4c46-b22f-3a9f3465203e-20,f18932b0-63ae-4c46-b22f-3a9f3465203e,20,PROD003,180,Each
6de8059d-f5c4-4d1d-897f-da05b1b5262a-10,6de8059d-f5c4-4d1d-897f-da05b1b5262a,10,22dada06-aa90-4229-9518-d157b3c9ce83-10,22dada06-aa90-4229-9518-d157b3c9ce83,10,PROD009,146,Each
94490625-eabe-4119-bf55-5f0a52080ae1-10,94490625-eabe-4119-bf55-5f0a52080ae1,10,770650dd-6f58-4ecc-be13-46a805987801-10,770650dd-6f58-4ecc-be13-46a805987801,10,PROD008,180,Each
94490625-eabe-4119-bf55-5f0a52080ae1-20,94490625-eabe-4119-bf55-5f0a52080ae1,20,770650dd-6f58-4ecc-be13-46a805987801-30,770650dd-6f58-4ecc-be13-46a805987801,30,PROD004,270,Each
0704df33-b0fc-44e3-8335-26299248108e-10,0704df33-b0fc-44e3-8335-26299248108e,10,001dcdf7-de8c-4970-b1f4-3daef38706e8-10,001dcdf7-de8c-4970-b1f4-3daef38706e8,10,PROD005,18,Each
5c837df3-f7cc-4c54-9221-3ee6a6213b4e-10,5c837df3-f7cc-4c54-9221-3ee6a6213b4e,10,5678becb-ec73-40f8-9b18-9fb6a30d741f-20,5678becb-ec73-40f8-9b18-9fb6a30d741f,20,PROD005,390,Each
c258f457-d90d-4989-9a21-4ffb9d70fd22-10,c258f457-d90d-4989-9a21-4ffb9d70fd22,10,6ff6c879-033c-4834-8471-42cf34ea7614-10,6ff6c879-033c-4834-8471-42cf34ea7614,10,PROD003,22,Each
b9347d49-3e42-4d7c-83eb-3df16c796505-10,b9347d49-3e42-4d7c-83eb-3df16c796505,10,8020aba4-c177-425f-9590-368be1c619c8-10,8020aba4-c177-425f-9590-368be1c619c8,10,PROD005,250,Each
5295f5ad-9d83-4d80-8742-223d2b688529-10,5295f5ad-9d83-4d80-8742-223d2b688529,10,cc9dba09-66e8-4aad-834b-6143e3049779-10,cc9dba09-66e8-4aad-834b-6143e3049779,10,PROD001,230,Each
c53e32f9-fa0a-4437-8b9c-351370ca3477-10,c53e32f9-fa0a-4437-8b9c-351370ca3477,10,9f41642c-dc9c-49f4-a6f5-60d4eda80dc7-10,9f41642c-dc9c-49f4-a6f5-60d4eda80dc7,10,PROD001,190,Each
c53e32f9-fa0a-4437-8b9c-351370ca3477-20,c53e32f9-fa0a-4437-8b9c-351370ca3477,20,9f41642c-dc9c-49f4-a6f5-60d4eda80dc7-20,9f41642c-dc9c-49f4-a6f5-60d4eda80dc7,20,PROD003,360,Each
aef5c8cf-0a47-4cc7-a53d-35e7a92d7e17-10,aef5c8cf-0a47-4cc7-a53d-35e7a92d7e17,10,813cab81-4f36-42ec-8ae6-bdb0d8f0a217-10,813cab81-4f36-42ec-8ae6-bdb0d8f0a217,10,PROD009,370,Each
a871ad51-850c-44ef-a02c-2b75132c075c-10,a871ad51-850c-44ef-a02c-2b75132c075c,10,a7c7bad0-b0d7-4d14-b1e7-2229bbb3e13e-20,a7c7bad0-b0d7-4d14-b1e7-2229bbb3e13e,20,PROD005,130,Each
bc45a86a-5dfc-4e4c-9e03-836fe86fa1ce-10,bc45a86a-5dfc-4e4c-9e03-836fe86fa1ce,10,d5513850-7dd1-4782-8c4f-fb4b643a00ff-10,d5513850-7dd1-4782-8c4f-fb4b643a00ff,10,PROD007,127,Each
ea13183f-80f7-476b-ae80-8e6bbbb6c171-10,ea13183f-80f7-476b-ae80-8e6bbbb6c171,10,90c095f7-570e-44e2-a1d7-e69f1d2fc576-20,90c095f7-570e-44e2-a1d7-e69f1d2fc576,20,PROD008,290,Each
18d3bb37-7f3d-4557-b071-1b8057edddbb-10,18d3bb37-7f3d-4557-b071-1b8057edddbb,10,e916a292-3924-4ad4-9d92-07d7962727eb-10,e916a292-3924-4ad4-9d92-07d7962727eb,10,PROD004,260,Each
9053dd0a-f518-472a-af43-fccd2bd88361-10,9053dd0a-f518-472a-af43-fccd2bd88361,10,447e5d3f-1ed3-4573-922d-edd0a3c1df7b-10,447e5d3f-1ed3-4573-922d-edd0a3c1df7b,10,PROD006,170,Each
9053dd0a-f518-472a-af43-fccd2bd88361-20,9053dd0a-f518-472a-af43-fccd2bd88361,20,447e5d3f-1ed3-4573-922d-edd0a3c1df7b-30,447e5d3f-1ed3-4573-922d-edd0a3c1df7b,30,PROD001,70,Each
f49188cf-b447-4ec5-a33d-a44a69d36edd-10,f49188cf-b447-4ec5-a33d-a44a69d36edd,10,4e453c4f-86fc-4394-9465-c4f788773ed5-10,4e453c4f-86fc-4394-9465-c4f788773ed5,10,PROD007,186,Each
dc7309c5-629c-4ad8-be54-7131ccdff2f2-10,dc7309c5-629c-4ad8-be54-7131ccdff2f2,10,0a8fce0e-2408-43a8-8b53-0ae10808bac5-10,0a8fce0e-2408-43a8-8b53-0ae10808bac5,10,PROD003,58,Each
492f277e-459a-4ba0-90c5-eb71c6e0ad48-10,492f277e-459a-4ba0-90c5-eb71c6e0ad48,10,daec81bf-55df-4e90-898e-3e3cf2f871ec-10,daec81bf-55df-4e90-898e-3e3cf2f871ec,10,PROD003,110,Each
e044414f-0990-4378-bef7-e5c059b8c29c-10,e044414f-0990-4378-bef7-e5c059b8c29c,10,0dbb3214-6c18-4fdb-9d2f-2967a463fca9-10,0dbb3214-6c18-4fdb-9d2f-2967a463fca9,10,PROD004,78,Each
acf4a4e8-fb75-40b2-b8fe-6371c2ba3a45-10,acf4a4e8-fb75-40b2-b8fe-6371c2ba3a45,10,0283a70f-d295-4b07-a463-4bfffec435a5-10,0283a70f-d295-4b07-a463-4bfffec435a5,10,PROD008,100,Each
58f74c82-4b18-4ef2-abab-7c690c191ad7-10,58f74c82-4b18-4ef2-abab-7c690c191ad7,10,ed29c516-4650-40fc-b084-dbd472f36de0-10,ed29c516-4650-40fc-b084-dbd472f36de0,10,PROD003,320,Each
58f74c82-4b18-4ef2-abab-7c690c191ad7-20,58f74c82-4b18-4ef2-abab-7c690c191ad7,20,ed29c516-4650-40fc-b084-dbd472f36de0-20,ed29c516-4650-40fc-b084-dbd472f36de0,20,PROD005,50,Each
a3413aae-b701-4320-8656-27a454630984-10,a3413aae-b701-4320-8656-27a454630984,10,30f5f123-44cd-43fb-94f4-3e8bc24d3552-10,30f5f123-44cd-43fb-94f4-3e8bc24d3552,10,PROD001,83,Each
15857f7e-3515-4a8d-8b25-22cb3db576f5-10,15857f7e-3515-4a8d-8b25-22cb3db576f5,10,1011e557-7e4f-418d-8b3c-4eae1214edd0-10,1011e557-7e4f-418d-8b3c-4eae1214edd0,10,PROD005,60,Each
15857f7e-3515-4a8d-8b25-22cb3db576f5-20,15857f7e-3515-4a8d-8b25-22cb3db576f5,20,1011e557-7e4f-418d-8b3c-4eae1214edd0-30,1011e557-7e4f-418d-8b3c-4eae1214edd0,30,PROD002,460,Each
9fb485ff-ffe3-4a1e-98d4-a69fa94f34d7-10,9fb485ff-ffe3-4a1e-98d4-a69fa94f34d7,10,4f8688c9-4f96-4e16-9001-efc80430b383-10,4f8688c9-4f96-4e16-9001-efc80430b383,10,PROD008,230,Each
9fb485ff-ffe3-4a1e-98d4-a69fa94f34d7-20,9fb485ff-ffe3-4a1e-98d4-a69fa94f34d7,20,4f8688c9-4f96-4e16-9001-efc80430b383-20,4f8688c9-4f96-4e16-9001-efc80430b383,20,PROD006,340,Each
1a7245e7-6fb8-498a-9ef7-2bb1debf7925-10,1a7245e7-6fb8-498a-9ef7-2bb1debf7925,10,47e66101-8a7d-4183-8446-93be2125a98a-20,47e66101-8a7d-4183-8446-93be2125a98a,20,PROD008,280,Each
f439f08b-935d-45ac-a8f9-bcb1567352a0-10,f439f08b-935d-45ac-a8f9-bcb1567352a0,10,290468dc-e77f-4f74-a864-650ee8c7c60b-10,290468dc-e77f-4f74-a864-650ee8c7c60b,10,PROD001,110,Each
f439f08b-935d-45ac-a8f9-bcb1567352a0-20,f439f08b-935d-45ac-a8f9-bcb1567352a0,20,290468dc-e77f-4f74-a864-650ee8c7c60b-20,290468dc-e77f-4f74-a864-650ee8c7c60b,20,PROD008,70,Each
e4532285-75cc-419a-b5c7-c19c9ed54a43-10,e4532285-75cc-419a-b5c7-c19c9ed54a43,10,e8158768-7cdd-42c4-8349-ac85886eea0d-10,e8158768-7cdd-42c4-8349-ac85886eea0d,10,PROD005,280,Each
e4532285-75cc-419a-b5c7-c19c9ed54a43-20,e4532285-75cc-419a-b5c7-c19c9ed54a43,20,e8158768-7cdd-42c4-8349-ac85886eea0d-20,e8158768-7cdd-42c4-8349-ac85886eea0d,20,PROD006,140,Each
bbf261d5-2ecc-417c-8adf-218c61ff5d0a-10,bbf261d5-2ecc-417c-8adf-218c61ff5d0a,10,3167a216-9fc7-476a-a78b-bcdb24ad292a-10,3167a216-9fc7-476a-a78b-bcdb24ad292a,10,PROD006,120,Each
bbf261d5-2ecc-417c-8adf-218c61ff5d0a-20,bbf261d5-2ecc-417c-8adf-218c61ff5d0a,20,3167a216-9fc7-476a-a78b-bcdb24ad292a-20,3167a216-9fc7-476a-a78b-bcdb24ad292a,20,PROD001,260,Each
bbf261d5-2ecc-417c-8adf-218c61ff5d0a-30,bbf261d5-2ecc-417c-8adf-218c61ff5d0a,30,3167a216-9fc7-476a-a78b-bcdb24ad292a-30,3167a216-9fc7-476a-a78b-bcdb24ad292a,30,PROD007,400,Each
00d6c170-304d-4c20-9f93-7ce058afd308-10,00d6c170-304d-4c20-9f93-7ce058afd308,10,f686498d-8230-4f37-abf3-539d4b33413e-10,f686498d-8230-4f37-abf3-539d4b33413e,10,PROD007,410,Each
00d6c170-304d-4c20-9f93-7ce058afd308-20,00d6c170-304d-4c20-9f93-7ce058afd308,20,f686498d-8230-4f37-abf3-539d4b33413e-20,f686498d-8230-4f37-abf3-539d4b33413e,20,PROD006,260,Each
00d6c170-304d-4c20-9f93-7ce058afd308-30,00d6c170-304d-4c20-9f93-7ce058afd308,30,f686498d-8230-4f37-abf3-539d4b33413e-30,f686498d-8230-4f37-abf3-539d4b33413e,30,PROD009,80,Each
46266003-a868-4d6c-9912-28f53f8aa574-10,46266003-a868-4d6c-9912-28f53f8aa574,10,7b12699a-e27e-481b-a910-9044bded9143-10,7b12699a-e27e-481b-a910-9044bded9143,10,PROD004,360,Each
46266003-a868-4d6c-9912-28f53f8aa574-20,46266003-a868-4d6c-9912-28f53f8aa574,20,7b12699a-e27e-481b-a910-9044bded9143-20,7b12699a-e27e-481b-a910-9044bded9143,20,PROD003,380,Each
eb8f6475-4843-47bf-b500-ea4b1272e5cd-10,eb8f6475-4843-47bf-b500-ea4b1272e5cd,10,879f792b-dc24-44b0-bc4e-7cb129ed9e32-10,879f792b-dc24-44b0-bc4e-7cb129ed9e32,10,PROD001,330,Each
eb8f6475-4843-47bf-b500-ea4b1272e5cd-20,eb8f6475-4843-47bf-b500-ea4b1272e5cd,20,879f792b-dc24-44b0-bc4e-7cb129ed9e32-20,879f792b-dc24-44b0-bc4e-7cb129ed9e32,20,PROD008,380,Each
f055fd7e-b90d-4db6-afa1-cb1787dc5de4-10,f055fd7e-b90d-4db6-afa1-cb1787dc5de4,10,b66b4ec9-825a-433c-9018-54558eddb5a8-10,b66b4ec9-825a-433c-9018-54558eddb5a8,10,PROD004,500,Each
f055fd7e-b90d-4db6-afa1-cb1787dc5de4-20,f055fd7e-b90d-4db6-afa1-cb1787dc5de4,20,b66b4ec9-825a-433c-9018-54558eddb5a8-20,b66b4ec9-825a-433c-9018-54558eddb5a8,20,PROD009,50,Each
f055fd7e-b90d-4db6-afa1-cb1787dc5de4-30,f055fd7e-b90d-4db6-afa1-cb1787dc5de4,30,b66b4ec9-825a-433c-9018-54558eddb5a8-30,b66b4ec9-825a-433c-9018-54558eddb5a8,30,PROD003,220,Each
69ff80af-77cb-43b7-929c-5b7f2fd001e3-10,69ff80af-77cb-43b7-929c-5b7f2fd001e3,10,3bbc8844-0cc4-4e10-bc1b-7fc39762097f-10,3bbc8844-0cc4-4e10-bc1b-7fc39762097f,10,PROD009,320,Each
69ff80af-77cb-43b7-929c-5b7f2fd001e3-20,69ff80af-77cb-43b7-929c-5b7f2fd001e3,20,3bbc8844-0cc4-4e10-bc1b-7fc39762097f-20,3bbc8844-0cc4-4e10-bc1b-7fc39762097f,20,PROD007,460,Each
a7da03dc-14a3-4c66-8247-184a953772d8-10,a7da03dc-14a3-4c66-8247-184a953772d8,10,15e976b8-fbb0-43a7-93d4-fdc066fabb86-10,15e976b8-fbb0-43a7-93d4-fdc066fabb86,10,PROD005,300,Each
a7da03dc-14a3-4c66-8247-184a953772d8-20,a7da03dc-14a3-4c66-8247-184a953772d8,20,15e976b8-fbb0-43a7-93d4-fdc066fabb86-20,15e976b8-fbb0-43a7-93d4-fdc066fabb86,20,PROD001,50,Each
96be1d57-d0b5-482c-b559-0c7f2de9eef9-10,96be1d57-d0b5-482c-b559-0c7f2de9eef9,10,efdd8276-7fc0-4a4e-bcb3-799ce2a691be-10,efdd8276-7fc0-4a4e-bcb3-799ce2a691be,10,PROD007,430,Each
96be1d57-d0b5-482c-b559-0c7f2de9eef9-20,96be1d57-d0b5-482c-b559-0c7f2de9eef9,20,efdd8276-7fc0-4a4e-bcb3-799ce2a691be-20,efdd8276-7fc0-4a4e-bcb3-799ce2a691be,20,PROD001,130,Each
dfa06e26-f58a-40ab-a2b8-db5e7c12280d-10,dfa06e26-f58a-40ab-a2b8-db5e7c12280d,10,7602c5ca-6f56-4b90-803e-216cb3d11500-10,7602c5ca-6f56-4b90-803e-216cb3d11500,10,PROD006,50,Each
dfa06e26-f58a-40ab-a2b8-db5e7c12280d-20,dfa06e26-f58a-40ab-a2b8-db5e7c12280d,20,7602c5ca-6f56-4b90-803e-216cb3d11500-20,7602c5ca-6f56-4b90-803e-216cb3d11500,20,PROD008,490,Each
dfa06e26-f58a-40ab-a2b8-db5e7c12280d-30,dfa06e26-f58a-40ab-a2b8-db5e7c12280d,30,7602c5ca-6f56-4b90-803e-216cb3d11500-30,7602c5ca-6f56-4b90-803e-216cb3d11500,30,PROD003,50,Each
9e25c14e-13e6-4059-96c2-4854d820331c-10,9e25c14e-13e6-4059-96c2-4854d820331c,10,d1e5e513-fcf9-4fd0-ab58-5b5eff53c5c7-10,d1e5e513-fcf9-4fd0-ab58-5b5eff53c5c7,10,PROD001,390,Each
9e25c14e-13e6-4059-96c2-4854d820331c-20,9e25c14e-13e6-4059-96c2-4854d820331c,20,d1e5e513-fcf9-4fd0-ab58-5b5eff53c5c7-20,d1e5e513-fcf9-4fd0-ab58-5b5eff53c5c7,20,PROD007,110,Each
df58376b-20e5-4c0d-b083-a015be271e45-10,df58376b-20e5-4c0d-b083-a015be271e45,10,c745c727-d3d0-42ec-8f42-da8143acc274-10,c745c727-d3d0-42ec-8f42-da8143acc274,10,PROD001,200,Each
df58376b-20e5-4c0d-b083-a015be271e45-20,df58376b-20e5-4c0d-b083-a015be271e45,20,c745c727-d3d0-42ec-8f42-da8143acc274-20,c745c727-d3d0-42ec-8f42-da8143acc274,20,PROD004,260,Each
194ca4a6-b97f-4584-a30d-ac177c68ec0d-10,194ca4a6-b97f-4584-a30d-ac177c68ec0d,10,bef2edd1-844f-48e5-a4c8-bcae40a16d63-10,bef2edd1-844f-48e5-a4c8-bcae40a16d63,10,PROD006,200,Each
194ca4a6-b97f-4584-a30d-ac177c68ec0d-20,194ca4a6-b97f-4584-a30d-ac177c68ec0d,20,bef2edd1-844f-48e5-a4c8-bcae40a16d63-20,bef2edd1-844f-48e5-a4c8-bcae40a16d63,20,PROD002,300,Each
194ca4a6-b97f-4584-a30d-ac177c68ec0d-30,194ca4a6-b97f-4584-a30d-ac177c68ec0d,30,bef2edd1-844f-48e5-a4c8-bcae40a16d63-30,bef2edd1-844f-48e5-a4c8-bcae40a16d63,30,PROD003,490,Each
bbaae657-a5b7-4835-ba05-b5a1ed38e4df-10,bbaae657-a5b7-4835-ba05-b5a1ed38e4df,10,d73c9cb3-1c94-41f3-a699-07c4cf58e92b-10,d73c9cb3-1c94-41f3-a699-07c4cf58e92b,10,PROD004,190,Each
bbaae657-a5b7-4835-ba05-b5a1ed38e4df-20,bbaae657-a5b7-4835-ba05-b5a1ed38e4df,20,d73c9cb3-1c94-41f3-a699-07c4cf58e92b-20,d73c9cb3-1c94-41f3-a699-07c4cf58e92b,20,PROD002,360,Each
bbaae657-a5b7-4835-ba05-b5a1ed38e4df-30,bbaae657-a5b7-4835-ba05-b5a1ed38e4df,30,d73c9cb3-1c94-41f3-a699-07c4cf58e92b-30,d73c9cb3-1c94-41f3-a699-07c4cf58e92b,30,PROD003,300,Each
e8d793ff-c694-45c4-8b03-d440192fe7ec-10,e8d793ff-c694-45c4-8b03-d440192fe7ec,10,d076146c-431c-45fc-81e3-fa3ee0df01a8-10,d076146c-431c-45fc-81e3-fa3ee0df01a8,10,PROD001,230,Each
e8d793ff-c694-45c4-8b03-d440192fe7ec-20,e8d793ff-c694-45c4-8b03-d440192fe7ec,20,d076146c-431c-45fc-81e3-fa3ee0df01a8-20,d076146c-431c-45fc-81e3-fa3ee0df01a8,20,PROD008,50,Each
e8d793ff-c694-45c4-8b03-d440192fe7ec-30,e8d793ff-c694-45c4-8b03-d440192fe7ec,30,d076146c-431c-45fc-81e3-fa3ee0df01a8-30,d076146c-431c-45fc-81e3-fa3ee0df01a8,30,PROD002,260,Each
c2f02e90-01b4-4c3e-b4c5-4af127ae52da-10,c2f02e90-01b4-4c3e-b4c5-4af127ae52da,10,1a251bae-01bc-4d43-8879-a7656aa1428c-10,1a251bae-01bc-4d43-8879-a7656aa1428c,10,PROD005,360,Each
723c7c25-a30c-441a-a8e0-4f58b4ff0972-10,723c7c25-a30c-441a-a8e0-4f58b4ff0972,10,1cd15433-e9d7-4b4c-88ef-f37043b4fa64-10,1cd15433-e9d7-4b4c-88ef-f37043b4fa64,10,PROD001,500,Each
723c7c25-a30c-441a-a8e0-4f58b4ff0972-20,723c7c25-a30c-441a-a8e0-4f58b4ff0972,20,1cd15433-e9d7-4b4c-88ef-f37043b4fa64-20,1cd15433-e9d7-4b4c-88ef-f37043b4fa64,20,PROD005,360,Each
830200b1-badb-4824-8c62-6804a3272b77-10,830200b1-badb-4824-8c62-6804a3272b77,10,0c01bdbb-3bb3-4085-b74c-6a0c2fb39167-10,0c01bdbb-3bb3-4085-b74c-6a0c2fb39167,10,PROD002,430,Each
830200b1-badb-4824-8c62-6804a3272b77-20,830200b1-badb-4824-8c62-6804a3272b77,20,0c01bdbb-3bb3-4085-b74c-6a0c2fb39167-20,0c01bdbb-3bb3-4085-b74c-6a0c2fb39167,20,PROD007,340,Each
6269331d-a308-4910-b172-12a3472db877-10,6269331d-a308-4910-b172-12a3472db877,10,17a8295b-a646-4c32-bee6-4bef069ee39c-10,17a8295b-a646-4c32-bee6-4bef069ee39c,10,PROD003,480,Each
6269331d-a308-4910-b172-12a3472db877-20,6269331d-a308-4910-b172-12a3472db877,20,17a8295b-a646-4c32-bee6-4bef069ee39c-20,17a8295b-a646-4c32-bee6-4bef069ee39c,20,PROD009,90,Each
6269331d-a308-4910-b172-12a3472db877-30,6269331d-a308-4910-b172-12a3472db877,30,17a8295b-a646-4c32-bee6-4bef069ee39c-30,17a8295b-a646-4c32-bee6-4bef069ee39c,30,PROD005,420,Each
80cb690b-f8cf-442e-bc51-77ebe3a9a4a4-10,80cb690b-f8cf-442e-bc51-77ebe3a9a4a4,10,b8d920a2-eccc-4385-83fa-0282cdfe8d2a-10,b8d920a2-eccc-4385-83fa-0282cdfe8d2a,10,PROD009,190,Each
80cb690b-f8cf-442e-bc51-77ebe3a9a4a4-20,80cb690b-f8cf-442e-bc51-77ebe3a9a4a4,20,b8d920a2-eccc-4385-83fa-0282cdfe8d2a-20,b8d920a2-eccc-4385-83fa-0282cdfe8d2a,20,PROD002,260,Each
8d5d5c89-0f38-497e-b518-d8b1f07feb88-10,8d5d5c89-0f38-497e-b518-d8b1f07feb88,10,f5021ca9-1401-4e81-9231-9c5bceb2de2f-10,f5021ca9-1401-4e81-9231-9c5bceb2de2f,10,PROD007,60,Each
8d5d5c89-0f38-497e-b518-d8b1f07feb88-20,8d5d5c89-0f38-497e-b518-d8b1f07feb88,20,f5021ca9-1401-4e81-9231-9c5bceb2de2f-20,f5021ca9-1401-4e81-9231-9c5bceb2de2f,20,PROD004,280,Each
44cb8ebb-bc2d-483a-93f7-7a944c68c629-10,44cb8ebb-bc2d-483a-93f7-7a944c68c629,10,7c58b425-72d1-4650-a2d3-b9b0dddbd62b-10,7c58b425-72d1-4650-a2d3-b9b0dddbd62b,10,PROD002,70,Each
44cb8ebb-bc2d-483a-93f7-7a944c68c629-20,44cb8ebb-bc2d-483a-93f7-7a944c68c629,20,7c58b425-72d1-4650-a2d3-b9b0dddbd62b-20,7c58b425-72d1-4650-a2d3-b9b0dddbd62b,20,PROD008,270,Each
794df556-ed7b-461c-9df4-2e65db796436-10,794df556-ed7b-461c-9df4-2e65db796436,10,b01e9c4b-f866-4f87-abef-afeb683e098b-10,b01e9c4b-f866-4f87-abef-afeb683e098b,10,PROD008,110,Each
794df556-ed7b-461c-9df4-2e65db796436-20,794df556-ed7b-461c-9df4-2e65db796436,20,b01e9c4b-f866-4f87-abef-afeb683e098b-20,b01e9c4b-f866-4f87-abef-afeb683e098b,20,PROD003,290,Each
794df556-ed7b-461c-9df4-2e65db796436-30,794df556-ed7b-461c-9df4-2e65db796436,30,b01e9c4b-f866-4f87-abef-afeb683e098b-30,b01e9c4b-f866-4f87-abef-afeb683e098b,30,PROD005,470,Each
2f581f0c-f8bf-4927-920e-4a38d2aa9e59-10,2f581f0c-f8bf-4927-920e-4a38d2aa9e59,10,f0b2e96f-2556-4c43-bb8d-6c84ccd8130d-10,f0b2e96f-2556-4c43-bb8d-6c84ccd8130d,10,PROD002,260,Each
2f581f0c-f8bf-4927-920e-4a38d2aa9e59-20,2f581f0c-f8bf-4927-920e-4a38d2aa9e59,20,f0b2e96f-2556-4c43-bb8d-6c84ccd8130d-20,f0b2e96f-2556-4c43-bb8d-6c84ccd8130d,20,PROD004,350,Each
27e853aa-3cd2-4995-a2ae-04dbcac92204-10,27e853aa-3cd2-4995-a2ae-04dbcac92204,10,ce87857e-24cd-4085-99cd-12d126261dd9-10,ce87857e-24cd-4085-99cd-12d126261dd9,10,PROD002,310,Each
ca0cb08b-f805-497b-8069-5b7603ab932a-10,ca0cb08b-f805-497b-8069-5b7603ab932a,10,2a17ee5b-d0b1-410f-8228-d9e9cc73d8a4-10,2a17ee5b-d0b1-410f-8228-d9e9cc73d8a4,10,PROD001,450,Each
ca0cb08b-f805-497b-8069-5b7603ab932a-20,ca0cb08b-f805-497b-8069-5b7603ab932a,20,2a17ee5b-d0b1-410f-8228-d9e9cc73d8a4-20,2a17ee5b-d0b1-410f-8228-d9e9cc73d8a4,20,PROD009,340,Each
ca0cb08b-f805-497b-8069-5b7603ab932a-30,ca0cb08b-f805-497b-8069-5b7603ab932a,30,2a17ee5b-d0b1-410f-8228-d9e9cc73d8a4-30,2a17ee5b-d0b1-410f-8228-d9e9cc73d8a4,30,PROD004,410,Each
b4e3f0bd-a5ad-482a-a923-dceac1169c72-10,b4e3f0bd-a5ad-482a-a923-dceac1169c72,10,3ce2aa04-c59f-4109-bd0c-fea885a92f86-10,3ce2aa04-c59f-4109-bd0c-fea885a92f86,10,PROD008,410,Each
52d30f71-5ede-4428-9265-efc7b8602ec4-10,52d30f71-5ede-4428-9265-efc7b8602ec4,10,909627f6-2720-40cb-9abb-aa972415bd3d-10,909627f6-2720-40cb-9abb-aa972415bd3d,10,PROD006,240,Each
52d30f71-5ede-4428-9265-efc7b8602ec4-20,52d30f71-5ede-4428-9265-efc7b8602ec4,20,909627f6-2720-40cb-9abb-aa972415bd3d-20,909627f6-2720-40cb-9abb-aa972415bd3d,20,PROD009,270,Each
52d30f71-5ede-4428-9265-efc7b8602ec4-30,52d30f71-5ede-4428-9265-efc7b8602ec4,30,909627f6-2720-40cb-9abb-aa972415bd3d-30,909627f6-2720-40cb-9abb-aa972415bd3d,30,PROD002,460,Each
4227ce3d-b137-436e-8fb9-3c58bf14850e-10,4227ce3d-b137-436e-8fb9-3c58bf14850e,10,6c62a305-95cf-46c4-8ddf-a3cb70efd4f4-10,6c62a305-95cf-46c4-8ddf-a3cb70efd4f4,10,PROD005,170,Each
4227ce3d-b137-436e-8fb9-3c58bf14850e-20,4227ce3d-b137-436e-8fb9-3c58bf14850e,20,6c62a305-95cf-46c4-8ddf-a3cb70efd4f4-20,6c62a305-95cf-46c4-8ddf-a3cb70efd4f4,20,PROD007,60,Each
4227ce3d-b137-436e-8fb9-3c58bf14850e-30,4227ce3d-b137-436e-8fb9-3c58bf14850e,30,6c62a305-95cf-46c4-8ddf-a3cb70efd4f4-30,6c62a305-95cf-46c4-8ddf-a3cb70efd4f4,30,PROD003,420,Each
5b952bde-d2bd-4f20-bc72-40e15b616f75-10,5b952bde-d2bd-4f20-bc72-40e15b616f75,10,e7ad04bc-4435-4697-a800-c686c53b21c5-10,e7ad04bc-4435-4697-a800-c686c53b21c5,10,PROD008,230,Each
a23f6180-271c-4746-95d7-ace3257196a7-10,a23f6180-271c-4746-95d7-ace3257196a7,10,49998da2-f6e3-4183-b35a-d992a1779249-10,49998da2-f6e3-4183-b35a-d992a1779249,10,PROD009,250,Each
a23f6180-271c-4746-95d7-ace3257196a7-20,a23f6180-271c-4746-95d7-ace3257196a7,20,49998da2-f6e3-4183-b35a-d992a1779249-20,49998da2-f6e3-4183-b35a-d992a1779249,20,PROD007,250,Each
c1f26bf1-81fe-4eb5-bd13-317c00b321ab-10,c1f26bf1-81fe-4eb5-bd13-317c00b321ab,10,f30ce359-3435-48d1-ad50-2db35f91d29a-10,f30ce359-3435-48d1-ad50-2db35f91d29a,10,PROD009,170,Each
c1f26bf1-81fe-4eb5-bd13-317c00b321ab-20,c1f26bf1-81fe-4eb5-bd13-317c00b321ab,20,f30ce359-3435-48d1-ad50-2db35f91d29a-20,f30ce359-3435-48d1-ad50-2db35f91d29a,20,PROD001,500,Each
c2eb7593-8593-47e0-883d-0e8ee1d1b212-10,c2eb7593-8593-47e0-883d-0e8ee1d1b212,10,1d3188f8-8474-4b4a-8c8c-c64043169beb-10,1d3188f8-8474-4b4a-8c8c-c64043169beb,10,PROD002,80,Each
c2eb7593-8593-47e0-883d-0e8ee1d1b212-20,c2eb7593-8593-47e0-883d-0e8ee1d1b212,20,1d3188f8-8474-4b4a-8c8c-c64043169beb-20,1d3188f8-8474-4b4a-8c8c-c64043169beb,20,PROD007,360,Each
c2eb7593-8593-47e0-883d-0e8ee1d1b212-30,c2eb7593-8593-47e0-883d-0e8ee1d1b212,30,1d3188f8-8474-4b4a-8c8c-c64043169beb-30,1d3188f8-8474-4b4a-8c8c-c64043169beb,30,PROD006,110,Each
cef5b5b0-42d8-4803-a1a3-7bd8f05b2828-10,cef5b5b0-42d8-4803-a1a3-7bd8f05b2828,10,7ae79633-5efc-4bb9-aa55-5dda7343c5b0-10,7ae79633-5efc-4bb9-aa55-5dda7343c5b0,10,PROD004,230,Each
cef5b5b0-42d8-4803-a1a3-7bd8f05b2828-20,cef5b5b0-42d8-4803-a1a3-7bd8f05b2828,20,7ae79633-5efc-4bb9-aa55-5dda7343c5b0-20,7ae79633-5efc-4bb9-aa55-5dda7343c5b0,20,PROD007,150,Each
86151e5d-0318-43de-b1ff-19390c68cd21-10,86151e5d-0318-43de-b1ff-19390c68cd21,10,96bdcd97-6741-4252-a2fc-99869929212e-10,96bdcd97-6741-4252-a2fc-99869929212e,10,PROD002,240,Each
bd893d1b-f41f-4f24-8658-24c74c33dce8-10,bd893d1b-f41f-4f24-8658-24c74c33dce8,10,b4df46ff-adc4-456e-9fc9-79294469ced6-10,b4df46ff-adc4-456e-9fc9-79294469ced6,10,PROD004,460,Each
16f091bd-5773-4868-b4ee-8c063ec7c4d6-10,16f091bd-5773-4868-b4ee-8c063ec7c4d6,10,f131a424-d681-494d-b275-de92e34fdbbd-10,f131a424-d681-494d-b275-de92e34fdbbd,10,PROD006,60,Each
671adec3-0173-482e-82df-ffb16e70f410-10,671adec3-0173-482e-82df-ffb16e70f410,10,70ccdd56-a41f-4aca-9e4a-772c38758b20-10,70ccdd56-a41f-4aca-9e4a-772c38758b20,10,PROD003,480,Each
96995eb6-8363-41a9-b633-530d89eb0290-10,96995eb6-8363-41a9-b633-530d89eb0290,10,176d8a2a-a53f-43ca-8617-ec20fafa0b32-10,176d8a2a-a53f-43ca-8617-ec20fafa0b32,10,PROD008,180,Each
515f8bff-b615-4827-86a2-2049d03ba783-10,515f8bff-b615-4827-86a2-2049d03ba783,10,62047803-1a88-4b91-8719-def4c55d5d44-10,62047803-1a88-4b91-8719-def4c55d5d44,10,PROD009,490,Each
515f8bff-b615-4827-86a2-2049d03ba783-20,515f8bff-b615-4827-86a2-2049d03ba783,20,62047803-1a88-4b91-8719-def4c55d5d44-20,62047803-1a88-4b91-8719-def4c55d5d44,20,PROD007,330,Each
79fcc296-e709-46c5-a219-83dcaa6c4d25-10,79fcc296-e709-46c5-a219-83dcaa6c4d25,10,dc2029fc-d729-4f96-8c50-2fb7b11a7669-10,dc2029fc-d729-4f96-8c50-2fb7b11a7669,10,PROD005,280,Each
79fcc296-e709-46c5-a219-83dcaa6c4d25-20,79fcc296-e709-46c5-a219-83dcaa6c4d25,20,dc2029fc-d729-4f96-8c50-2fb7b11a7669-20,dc2029fc-d729-4f96-8c50-2fb7b11a7669,20,PROD008,230,Each
bd9c14e0-2b7c-4ed7-adae-7439a1edbcb3-10,bd9c14e0-2b7c-4ed7-adae-7439a1edbcb3,10,97a119c5-57a6-46ad-94aa-71e104f15b70-10,97a119c5-57a6-46ad-94aa-71e104f15b70,10,PROD008,191,Each
1d3e3edf-00d5-4c36-b19d-41c6656e12c8-10,1d3e3edf-00d5-4c36-b19d-41c6656e12c8,10,97a119c5-57a6-46ad-94aa-71e104f15b70-10,97a119c5-57a6-46ad-94aa-71e104f15b70,10,PROD008,199,Each
332cc0ce-511f-4729-83f4-47398fcfcdfb-10,332cc0ce-511f-4729-83f4-47398fcfcdfb,10,c399e5b7-6f1a-40ac-bf6b-e30ab0d7a0f3-10,c399e5b7-6f1a-40ac-bf6b-e30ab0d7a0f3,10,PROD003,490,Each
332cc0ce-511f-4729-83f4-47398fcfcdfb-20,332cc0ce-511f-4729-83f4-47398fcfcdfb,20,c399e5b7-6f1a-40ac-bf6b-e30ab0d7a0f3-20,c399e5b7-6f1a-40ac-bf6b-e30ab0d7a0f3,20,PROD007,410,Each
69a74f8e-603d-4534-a8de-bb42582ecb6b-10,69a74f8e-603d-4534-a8de-bb42582ecb6b,10,2c638db9-b60f-4224-b4ea-8a3625f8000b-10,2c638db9-b60f-4224-b4ea-8a3625f8000b,10,PROD002,450,Each
69a74f8e-603d-4534-a8de-bb42582ecb6b-20,69a74f8e-603d-4534-a8de-bb42582ecb6b,20,2c638db9-b60f-4224-b4ea-8a3625f8000b-20,2c638db9-b60f-4224-b4ea-8a3625f8000b,20,PROD004,80,Each
5f885299-c839-44fe-b8dc-f74ec4ed278b-10,5f885299-c839-44fe-b8dc-f74ec4ed278b,10,246c64f3-662e-4d88-932f-49f13e616955-10,246c64f3-662e-4d88-932f-49f13e616955,10,PROD007,430,Each
5dc8827e-bd07-428a-b223-f44fa897596f-10,5dc8827e-bd07-428a-b223-f44fa897596f,10,246c64f3-662e-4d88-932f-49f13e616955-20,246c64f3-662e-4d88-932f-49f13e616955,20,PROD005,410,Each
c9ea8d58-05c2-4a68-8faf-0ea6e4cc276d-10,c9ea8d58-05c2-4a68-8faf-0ea6e4cc276d,10,808ee033-46b5-4071-93cb-376122d6fe85-10,808ee033-46b5-4071-93cb-376122d6fe85,10,PROD006,490,Each
c9ea8d58-05c2-4a68-8faf-0ea6e4cc276d-20,c9ea8d58-05c2-4a68-8faf-0ea6e4cc276d,20,808ee033-46b5-4071-93cb-376122d6fe85-20,808ee033-46b5-4071-93cb-376122d6fe85,20,PROD008,410,Each
3bc939b8-f01d-4a43-ac44-072c1e105e7b-10,3bc939b8-f01d-4a43-ac44-072c1e105e7b,10,0a65beed-43e6-4f11-be01-b993f09dbe55-10,0a65beed-43e6-4f11-be01-b993f09dbe55,10,PROD001,60,Each
3bc939b8-f01d-4a43-ac44-072c1e105e7b-20,3bc939b8-f01d-4a43-ac44-072c1e105e7b,20,0a65beed-43e6-4f11-be01-b993f09dbe55-20,0a65beed-43e6-4f11-be01-b993f09dbe55,20,PROD008,410,Each
3bc939b8-f01d-4a43-ac44-072c1e105e7b-30,3bc939b8-f01d-4a43-ac44-072c1e105e7b,30,0a65beed-43e6-4f11-be01-b993f09dbe55-30,0a65beed-43e6-4f11-be01-b993f09dbe55,30,PROD006,180,Each
8728dca2-24c0-418e-b4b1-e6ea90b935f3-10,8728dca2-24c0-418e-b4b1-e6ea90b935f3,10,3272e026-6d73-47c9-93a5-3bfa5bc9d780-20,3272e026-6d73-47c9-93a5-3bfa5bc9d780,20,PROD009,390,Each
17b2d536-c278-4bce-b61e-2b89167ccddc-10,17b2d536-c278-4bce-b61e-2b89167ccddc,10,3272e026-6d73-47c9-93a5-3bfa5bc9d780-10,3272e026-6d73-47c9-93a5-3bfa5bc9d780,10,PROD001,250,Each
17b2d536-c278-4bce-b61e-2b89167ccddc-20,17b2d536-c278-4bce-b61e-2b89167ccddc,20,3272e026-6d73-47c9-93a5-3bfa5bc9d780-30,3272e026-6d73-47c9-93a5-3bfa5bc9d780,30,PROD002,400,Each
380b966e-49f3-4adc-930e-4b31f1f6b9b9-10,380b966e-49f3-4adc-930e-4b31f1f6b9b9,10,48aa9b5b-89f5-42d6-8afc-c9fe62078e46-10,48aa9b5b-89f5-42d6-8afc-c9fe62078e46,10,PROD005,240,Each
380b966e-49f3-4adc-930e-4b31f1f6b9b9-20,380b966e-49f3-4adc-930e-4b31f1f6b9b9,20,48aa9b5b-89f5-42d6-8afc-c9fe62078e46-20,48aa9b5b-89f5-42d6-8afc-c9fe62078e46,20,PROD004,410,Each
56020360-ead4-46fd-84fc-4eed39e399a7-10,56020360-ead4-46fd-84fc-4eed39e399a7,10,d44965c8-e84b-464a-b928-8806765ac67f-10,d44965c8-e84b-464a-b928-8806765ac67f,10,PROD003,370,Each
56020360-ead4-46fd-84fc-4eed39e399a7-20,56020360-ead4-46fd-84fc-4eed39e399a7,20,d44965c8-e84b-464a-b928-8806765ac67f-20,d44965c8-e84b-464a-b928-8806765ac67f,20,PROD001,260,Each
ac478284-e608-46af-a4df-ff07d679e755-10,ac478284-e608-46af-a4df-ff07d679e755,10,af5e3eba-9fd5-4c7b-bb87-220cb3729755-30,af5e3eba-9fd5-4c7b-bb87-220cb3729755,30,PROD007,110,Each
fda3775a-519a-4c54-99bf-db26baf94eb3-10,fda3775a-519a-4c54-99bf-db26baf94eb3,10,af5e3eba-9fd5-4c7b-bb87-220cb3729755-10,af5e3eba-9fd5-4c7b-bb87-220cb3729755,10,PROD006,380,Each
fda3775a-519a-4c54-99bf-db26baf94eb3-20,fda3775a-519a-4c54-99bf-db26baf94eb3,20,af5e3eba-9fd5-4c7b-bb87-220cb3729755-20,af5e3eba-9fd5-4c7b-bb87-220cb3729755,20,PROD003,380,Each
88c42a8d-76e8-4ed9-94dc-c776ea75aff9-10,88c42a8d-76e8-4ed9-94dc-c776ea75aff9,10,ce8dbb8f-6e77-4914-9726-96b22a78d939-10,ce8dbb8f-6e77-4914-9726-96b22a78d939,10,PROD006,270,Each
f5b817f2-e9aa-43a8-8849-4feb76c6c5ca-10,f5b817f2-e9aa-43a8-8849-4feb76c6c5ca,10,723e536a-0795-41a6-80eb-86bcaacd6528-10,723e536a-0795-41a6-80eb-86bcaacd6528,10,PROD007,470,Each
f5b817f2-e9aa-43a8-8849-4feb76c6c5ca-20,f5b817f2-e9aa-43a8-8849-4feb76c6c5ca,20,723e536a-0795-41a6-80eb-86bcaacd6528-20,723e536a-0795-41a6-80eb-86bcaacd6528,20,PROD002,140,Each
f5b817f2-e9aa-43a8-8849-4feb76c6c5ca-30,f5b817f2-e9aa-43a8-8849-4feb76c6c5ca,30,723e536a-0795-41a6-80eb-86bcaacd6528-30,723e536a-0795-41a6-80eb-86bcaacd6528,30,PROD009,100,Each
77a10a6c-dc91-466f-99ae-d45c0e374686-10,77a10a6c-dc91-466f-99ae-d45c0e374686,10,7ec20f1d-16dd-4035-abfd-a5039f6df47d-20,7ec20f1d-16dd-4035-abfd-a5039f6df47d,20,PROD007,150,Each
82802821-2db5-46b2-884f-99d459f302e0-10,82802821-2db5-46b2-884f-99d459f302e0,10,7ec20f1d-16dd-4035-abfd-a5039f6df47d-10,7ec20f1d-16dd-4035-abfd-a5039f6df47d,10,PROD006,460,Each
482c1701-2bea-4d46-815e-9e566616c190-10,482c1701-2bea-4d46-815e-9e566616c190,10,d1909b10-28e5-48ee-bf1b-2440e7b4376d-10,d1909b10-28e5-48ee-bf1b-2440e7b4376d,10,PROD003,230,Each
482c1701-2bea-4d46-815e-9e566616c190-20,482c1701-2bea-4d46-815e-9e566616c190,20,d1909b10-28e5-48ee-bf1b-2440e7b4376d-20,d1909b10-28e5-48ee-bf1b-2440e7b4376d,20,PROD005,190,Each
482c1701-2bea-4d46-815e-9e566616c190-30,482c1701-2bea-4d46-815e-9e566616c190,30,d1909b10-28e5-48ee-bf1b-2440e7b4376d-30,d1909b10-28e5-48ee-bf1b-2440e7b4376d,30,PROD002,140,Each
49a14709-cb74-485b-b365-877abd82d800-10,49a14709-cb74-485b-b365-877abd82d800,10,13497247-49bd-4837-b4cf-cdb3f0cfe6fe-10,13497247-49bd-4837-b4cf-cdb3f0cfe6fe,10,PROD004,140,Each
49a14709-cb74-485b-b365-877abd82d800-20,49a14709-cb74-485b-b365-877abd82d800,20,13497247-49bd-4837-b4cf-cdb3f0cfe6fe-20,13497247-49bd-4837-b4cf-cdb3f0cfe6fe,20,PROD001,110,Each
49a14709-cb74-485b-b365-877abd82d800-30,49a14709-cb74-485b-b365-877abd82d800,30,13497247-49bd-4837-b4cf-cdb3f0cfe6fe-30,13497247-49bd-4837-b4cf-cdb3f0cfe6fe,30,PROD005,340,Each
7489278e-f275-45ba-ad02-96bd20f2273d-10,7489278e-f275-45ba-ad02-96bd20f2273d,10,37f0ed22-9e50-4492-8455-388cde948f40-20,37f0ed22-9e50-4492-8455-388cde948f40,20,PROD009,150,Each
53b5ee4d-dcc5-4b9a-9444-8b44db76bb44-10,53b5ee4d-dcc5-4b9a-9444-8b44db76bb44,10,37f0ed22-9e50-4492-8455-388cde948f40-10,37f0ed22-9e50-4492-8455-388cde948f40,10,PROD004,260,Each
370c8fe5-c0a5-4127-b003-24f3a14b4754-10,370c8fe5-c0a5-4127-b003-24f3a14b4754,10,535ea2a3-6a1a-40d0-b835-7fd812b0661f-10,535ea2a3-6a1a-40d0-b835-7fd812b0661f,10,PROD008,450,Each
370c8fe5-c0a5-4127-b003-24f3a14b4754-20,370c8fe5-c0a5-4127-b003-24f3a14b4754,20,535ea2a3-6a1a-40d0-b835-7fd812b0661f-20,535ea2a3-6a1a-40d0-b835-7fd812b0661f,20,PROD007,490,Each
be70bb70-b4ba-417a-9ffd-8659682c0313-10,be70bb70-b4ba-417a-9ffd-8659682c0313,10,064b3e84-7bb3-4b50-8f16-d345e8cfe50c-10,064b3e84-7bb3-4b50-8f16-d345e8cfe50c,10,PROD008,170,Each
be70bb70-b4ba-417a-9ffd-8659682c0313-20,be70bb70-b4ba-417a-9ffd-8659682c0313,20,064b3e84-7bb3-4b50-8f16-d345e8cfe50c-20,064b3e84-7bb3-4b50-8f16-d345e8cfe50c,20,PROD004,210,Each
be70bb70-b4ba-417a-9ffd-8659682c0313-30,be70bb70-b4ba-417a-9ffd-8659682c0313,30,064b3e84-7bb3-4b50-8f16-d345e8cfe50c-30,064b3e84-7bb3-4b50-8f16-d345e8cfe50c,30,PROD002,330,Each
7068054b-9080-4cae-a4d9-e663dc07d543-10,7068054b-9080-4cae-a4d9-e663dc07d543,10,3993cdcd-ecbf-468b-b4d6-99bbd8fbfb94-10,3993cdcd-ecbf-468b-b4d6-99bbd8fbfb94,10,PROD006,207,Each
34d55b68-2b3f-49de-a889-ee34375f1b69-10,34d55b68-2b3f-49de-a889-ee34375f1b69,10,3993cdcd-ecbf-468b-b4d6-99bbd8fbfb94-10,3993cdcd-ecbf-468b-b4d6-99bbd8fbfb94,10,PROD006,263,Each
0e7f3f8e-107a-4652-aeb2-b3e11d140973-10,0e7f3f8e-107a-4652-aeb2-b3e11d140973,10,ce8cbb0e-0ae1-4880-b985-057400dd4f1c-10,ce8cbb0e-0ae1-4880-b985-057400dd4f1c,10,PROD004,50,Each
6c328886-9a0b-4837-bd68-51b5e5d4c799-10,6c328886-9a0b-4837-bd68-51b5e5d4c799,10,9774ae0b-397b-4b28-b19a-79ea66c75e93-10,9774ae0b-397b-4b28-b19a-79ea66c75e93,10,PROD006,440,Each
6c328886-9a0b-4837-bd68-51b5e5d4c799-20,6c328886-9a0b-4837-bd68-51b5e5d4c799,20,9774ae0b-397b-4b28-b19a-79ea66c75e93-20,9774ae0b-397b-4b28-b19a-79ea66c75e93,20,PROD002,310,Each
4ad55bce-5f64-4b3e-a80a-cc96730e7155-10,4ad55bce-5f64-4b3e-a80a-cc96730e7155,10,edc98622-ebc2-4359-993f-cc611d6a2851-10,edc98622-ebc2-4359-993f-cc611d6a2851,10,PROD003,250,Each
a40665ab-049d-494c-8206-7921848509c0-10,a40665ab-049d-494c-8206-7921848509c0,10,edc98622-ebc2-4359-993f-cc611d6a2851-20,edc98622-ebc2-4359-993f-cc611d6a2851,20,PROD007,210,Each
a40665ab-049d-494c-8206-7921848509c0-20,a40665ab-049d-494c-8206-7921848509c0,20,edc98622-ebc2-4359-993f-cc611d6a2851-30,edc98622-ebc2-4359-993f-cc611d6a2851,30,PROD005,200,Each
1a436b3d-d045-4dd9-8fe0-959149c26c71-10,1a436b3d-d045-4dd9-8fe0-959149c26c71,10,2a5118fb-f534-4c31-921a-5d80e86cd166-10,2a5118fb-f534-4c31-921a-5d80e86cd166,10,PROD006,290,Each
1a436b3d-d045-4dd9-8fe0-959149c26c71-20,1a436b3d-d045-4dd9-8fe0-959149c26c71,20,2a5118fb-f534-4c31-921a-5d80e86cd166-20,2a5118fb-f534-4c31-921a-5d80e86cd166,20,PROD003,330,Each
1a436b3d-d045-4dd9-8fe0-959149c26c71-30,1a436b3d-d045-4dd9-8fe0-959149c26c71,30,2a5118fb-f534-4c31-921a-5d80e86cd166-30,2a5118fb-f534-4c31-921a-5d80e86cd166,30,PROD005,150,Each
ddd827b6-f283-40b2-be2d-39463a845523-10,ddd827b6-f283-40b2-be2d-39463a845523,10,b2b93ff4-8e1c-4c90-892e-051449239381-10,b2b93ff4-8e1c-4c90-892e-051449239381,10,PROD007,320,Each
ddd827b6-f283-40b2-be2d-39463a845523-20,ddd827b6-f283-40b2-be2d-39463a845523,20,b2b93ff4-8e1c-4c90-892e-051449239381-20,b2b93ff4-8e1c-4c90-892e-051449239381,20,PROD002,220,Each
ddd827b6-f283-40b2-be2d-39463a845523-30,ddd827b6-f283-40b2-be2d-39463a845523,30,b2b93ff4-8e1c-4c90-892e-051449239381-30,b2b93ff4-8e1c-4c90-892e-051449239381,30,PROD008,430,Each
74f7df11-721f-42d7-acad-c465bb2362da-10,74f7df11-721f-42d7-acad-c465bb2362da,10,4e287261-d57c-4aaf-8646-4429ee0db41d-30,4e287261-d57c-4aaf-8646-4429ee0db41d,30,PROD003,340,Each
e2edb8db-03c6-4ad0-ae87-81f8747ec82d-10,e2edb8db-03c6-4ad0-ae87-81f8747ec82d,10,4e287261-d57c-4aaf-8646-4429ee0db41d-10,4e287261-d57c-4aaf-8646-4429ee0db41d,10,PROD004,220,Each
e2edb8db-03c6-4ad0-ae87-81f8747ec82d-20,e2edb8db-03c6-4ad0-ae87-81f8747ec82d,20,4e287261-d57c-4aaf-8646-4429ee0db41d-20,4e287261-d57c-4aaf-8646-4429ee0db41d,20,PROD009,50,Each
cf189b58-0ddf-4ac8-b245-4a83569e5f64-10,cf189b58-0ddf-4ac8-b245-4a83569e5f64,10,d1dc9264-cd86-4c10-9e2b-11f2dc2702a0-10,d1dc9264-cd86-4c10-9e2b-11f2dc2702a0,10,PROD006,70,Each
a59681f1-4333-4577-89e6-2c7e405ab717-10,a59681f1-4333-4577-89e6-2c7e405ab717,10,020a820e-c0a8-43e6-92f7-cc2b07a004cb-10,020a820e-c0a8-43e6-92f7-cc2b07a004cb,10,PROD002,380,Each
a59681f1-4333-4577-89e6-2c7e405ab717-20,a59681f1-4333-4577-89e6-2c7e405ab717,20,020a820e-c0a8-43e6-92f7-cc2b07a004cb-20,020a820e-c0a8-43e6-92f7-cc2b07a004cb,20,PROD008,130,Each
a59681f1-4333-4577-89e6-2c7e405ab717-30,a59681f1-4333-4577-89e6-2c7e405ab717,30,020a820e-c0a8-43e6-92f7-cc2b07a004cb-30,020a820e-c0a8-43e6-92f7-cc2b07a004cb,30,PROD009,320,Each
4d9e887e-9a33-4876-9102-c7b841755d4d-10,4d9e887e-9a33-4876-9102-c7b841755d4d,10,6094c75d-447d-4f61-8648-71752d916a7d-10,6094c75d-447d-4f61-8648-71752d916a7d,10,PROD009,198,Each
9613cc89-bc96-4071-8119-3c139d3b52bb-10,9613cc89-bc96-4071-8119-3c139d3b52bb,10,6094c75d-447d-4f61-8648-71752d916a7d-10,6094c75d-447d-4f61-8648-71752d916a7d,10,PROD009,182,Each
620d9eac-6329-4deb-b284-091b926a4e29-10,620d9eac-6329-4deb-b284-091b926a4e29,10,ec7e5bf9-8971-4a4b-8627-b0e9b488462e-10,ec7e5bf9-8971-4a4b-8627-b0e9b488462e,10,PROD004,130,Each
620d9eac-6329-4deb-b284-091b926a4e29-20,620d9eac-6329-4deb-b284-091b926a4e29,20,ec7e5bf9-8971-4a4b-8627-b0e9b488462e-20,ec7e5bf9-8971-4a4b-8627-b0e9b488462e,20,PROD005,80,Each
620d9eac-6329-4deb-b284-091b926a4e29-30,620d9eac-6329-4deb-b284-091b926a4e29,30,ec7e5bf9-8971-4a4b-8627-b0e9b488462e-30,ec7e5bf9-8971-4a4b-8627-b0e9b488462e,30,PROD009,370,Each
ea72d015-2cc3-453c-b24d-8701f157fa78-10,ea72d015-2cc3-453c-b24d-8701f157fa78,10,31e51404-758c-458e-a52b-3a7678fbc7c7-10,31e51404-758c-458e-a52b-3a7678fbc7c7,10,PROD008,70,Each
ea72d015-2cc3-453c-b24d-8701f157fa78-20,ea72d015-2cc3-453c-b24d-8701f157fa78,20,31e51404-758c-458e-a52b-3a7678fbc7c7-20,31e51404-758c-458e-a52b-3a7678fbc7c7,20,PROD003,160,Each
ea72d015-2cc3-453c-b24d-8701f157fa78-30,ea72d015-2cc3-453c-b24d-8701f157fa78,30,31e51404-758c-458e-a52b-3a7678fbc7c7-30,31e51404-758c-458e-a52b-3a7678fbc7c7,30,PROD007,240,Each
3677860c-9cb8-421c-90e6-eac56c8551cf-10,3677860c-9cb8-421c-90e6-eac56c8551cf,10,b913dc0b-4a8b-42c8-8c67-4e602cb925ac-10,b913dc0b-4a8b-42c8-8c67-4e602cb925ac,10,PROD008,54,Each
db755bd8-0c9a-4b61-b158-559be3f38d02-10,db755bd8-0c9a-4b61-b158-559be3f38d02,10,b913dc0b-4a8b-42c8-8c67-4e602cb925ac-10,b913dc0b-4a8b-42c8-8c67-4e602cb925ac,10,PROD008,46,Each
d09080a2-bb3e-45dd-a584-321467069fe5-10,d09080a2-bb3e-45dd-a584-321467069fe5,10,02079724-3dc8-43ef-ac4d-5602eee88d5e-10,02079724-3dc8-43ef-ac4d-5602eee88d5e,10,PROD004,390,Each
d09080a2-bb3e-45dd-a584-321467069fe5-20,d09080a2-bb3e-45dd-a584-321467069fe5,20,02079724-3dc8-43ef-ac4d-5602eee88d5e-20,02079724-3dc8-43ef-ac4d-5602eee88d5e,20,PROD003,450,Each
fa4a512f-3913-4477-9695-b6f6874ef706-10,fa4a512f-3913-4477-9695-b6f6874ef706,10,c5b5f22d-f9fe-49b7-969b-13563f4d315f-10,c5b5f22d-f9fe-49b7-969b-13563f4d315f,10,PROD003,400,Each
9704e04d-d6e3-45fa-9ff5-10bf095ffcd9-10,9704e04d-d6e3-45fa-9ff5-10bf095ffcd9,10,cd29402b-b9c5-4a25-b070-6b4f806eea83-10,cd29402b-b9c5-4a25-b070-6b4f806eea83,10,PROD007,42,Each
e5c11987-aa4c-4574-a91e-182b6a807216-10,e5c11987-aa4c-4574-a91e-182b6a807216,10,cd29402b-b9c5-4a25-b070-6b4f806eea83-10,cd29402b-b9c5-4a25-b070-6b4f806eea83,10,PROD007,118,Each
c2f62a31-5344-4293-bee2-948d7956b42e-10,c2f62a31-5344-4293-bee2-948d7956b42e,10,0497227f-e12c-498d-83b6-573d8be840e5-10,0497227f-e12c-498d-83b6-573d8be840e5,10,PROD003,70,Each
c2f62a31-5344-4293-bee2-948d7956b42e-20,c2f62a31-5344-4293-bee2-948d7956b42e,20,0497227f-e12c-498d-83b6-573d8be840e5-20,0497227f-e12c-498d-83b6-573d8be840e5,20,PROD007,220,Each
24ccb972-abf2-440b-9b04-6d9a8df947d8-10,24ccb972-abf2-440b-9b04-6d9a8df947d8,10,d7f63d39-e9d6-47c3-89c5-f4f02d9d7620-10,d7f63d39-e9d6-47c3-89c5-f4f02d9d7620,10,PROD007,80,Each
24ccb972-abf2-440b-9b04-6d9a8df947d8-20,24ccb972-abf2-440b-9b04-6d9a8df947d8,20,d7f63d39-e9d6-47c3-89c5-f4f02d9d7620-20,d7f63d39-e9d6-47c3-89c5-f4f02d9d7620,20,PROD003,260,Each
2ba4b948-06b6-47e4-a822-2a82ce5a5ab9-10,2ba4b948-06b6-47e4-a822-2a82ce5a5ab9,10,7b0ecaeb-b228-44f9-ac1a-38e7ee5e2704-30,7b0ecaeb-b228-44f9-ac1a-38e7ee5e2704,30,PROD006,50,Each
3564f38b-0b1b-4274-ae66-c4b11f549ff9-10,3564f38b-0b1b-4274-ae66-c4b11f549ff9,10,7b0ecaeb-b228-44f9-ac1a-38e7ee5e2704-10,7b0ecaeb-b228-44f9-ac1a-38e7ee5e2704,10,PROD001,200,Each
3564f38b-0b1b-4274-ae66-c4b11f549ff9-20,3564f38b-0b1b-4274-ae66-c4b11f549ff9,20,7b0ecaeb-b228-44f9-ac1a-38e7ee5e2704-20,7b0ecaeb-b228-44f9-ac1a-38e7ee5e2704,20,PROD004,50,Each
bd034355-2eea-49a7-9b26-cc3640711294-10,bd034355-2eea-49a7-9b26-cc3640711294,10,f5dc3c4c-364e-43d2-8aeb-0dae598d6e87-10,f5dc3c4c-364e-43d2-8aeb-0dae598d6e87,10,PROD003,240,Each
bd034355-2eea-49a7-9b26-cc3640711294-20,bd034355-2eea-49a7-9b26-cc3640711294,20,f5dc3c4c-364e-43d2-8aeb-0dae598d6e87-20,f5dc3c4c-364e-43d2-8aeb-0dae598d6e87,20,PROD001,430,Each
3f7dc7bf-141a-42ce-acdf-eb6596905827-10,3f7dc7bf-141a-42ce-acdf-eb6596905827,10,399044b0-e7a1-440c-a1fd-b3c13f15fced-10,399044b0-e7a1-440c-a1fd-b3c13f15fced,10,PROD005,170,Each
3f7dc7bf-141a-42ce-acdf-eb6596905827-20,3f7dc7bf-141a-42ce-acdf-eb6596905827,20,399044b0-e7a1-440c-a1fd-b3c13f15fced-20,399044b0-e7a1-440c-a1fd-b3c13f15fced,20,PROD007,210,Each
3f7dc7bf-141a-42ce-acdf-eb6596905827-30,3f7dc7bf-141a-42ce-acdf-eb6596905827,30,399044b0-e7a1-440c-a1fd-b3c13f15fced-30,399044b0-e7a1-440c-a1fd-b3c13f15fced,30,PROD006,290,Each
a9b82201-2e7d-442c-9dc5-d4a55ab5738e-10,a9b82201-2e7d-442c-9dc5-d4a55ab5738e,10,558e4767-26a9-4603-a52b-2aafbc85f135-30,558e4767-26a9-4603-a52b-2aafbc85f135,30,PROD002,80,Each
98a7d124-0948-4edd-8a56-78508f276114-10,98a7d124-0948-4edd-8a56-78508f276114,10,558e4767-26a9-4603-a52b-2aafbc85f135-10,558e4767-26a9-4603-a52b-2aafbc85f135,10,PROD007,290,Each
98a7d124-0948-4edd-8a56-78508f276114-20,98a7d124-0948-4edd-8a56-78508f276114,20,558e4767-26a9-4603-a52b-2aafbc85f135-20,558e4767-26a9-4603-a52b-2aafbc85f135,20,PROD005,60,Each
bae82053-6e1e-4f9b-8029-31c3b947e64c-10,bae82053-6e1e-4f9b-8029-31c3b947e64c,10,2205ef5a-6a15-4ffb-87a0-ef4f5a3d3439-10,2205ef5a-6a15-4ffb-87a0-ef4f5a3d3439,10,PROD008,330,Each
bae82053-6e1e-4f9b-8029-31c3b947e64c-20,bae82053-6e1e-4f9b-8029-31c3b947e64c,20,2205ef5a-6a15-4ffb-87a0-ef4f5a3d3439-20,2205ef5a-6a15-4ffb-87a0-ef4f5a3d3439,20,PROD007,280,Each
63199a8e-5d34-4184-8552-f9d778b7279f-10,63199a8e-5d34-4184-8552-f9d778b7279f,10,26f869eb-ce58-48e9-91e5-fcdc74ef5f19-10,26f869eb-ce58-48e9-91e5-fcdc74ef5f19,10,PROD004,320,Each
b6247a00-25d2-491a-a4b5-8501cf68c07d-10,b6247a00-25d2-491a-a4b5-8501cf68c07d,10,14c4916f-ab06-416d-a6df-4685b60284d6-20,14c4916f-ab06-416d-a6df-4685b60284d6,20,PROD005,240,Each
97e782aa-eed3-498a-a947-3bc6ab8e7544-10,97e782aa-eed3-498a-a947-3bc6ab8e7544,10,14c4916f-ab06-416d-a6df-4685b60284d6-10,14c4916f-ab06-416d-a6df-4685b60284d6,10,PROD009,60,Each
97e782aa-eed3-498a-a947-3bc6ab8e7544-20,97e782aa-eed3-498a-a947-3bc6ab8e7544,20,14c4916f-ab06-416d-a6df-4685b60284d6-30,14c4916f-ab06-416d-a6df-4685b60284d6,30,PROD007,160,Each
1cc9da15-e288-474c-9307-c9e76b3d0a8b-10,1cc9da15-e288-474c-9307-c9e76b3d0a8b,10,bbc8f1e6-2eb5-4081-adfb-3514d1b6db42-10,bbc8f1e6-2eb5-4081-adfb-3514d1b6db42,10,PROD006,410,Each
1cc9da15-e288-474c-9307-c9e76b3d0a8b-20,1cc9da15-e288-474c-9307-c9e76b3d0a8b,20,bbc8f1e6-2eb5-4081-adfb-3514d1b6db42-20,bbc8f1e6-2eb5-4081-adfb-3514d1b6db42,20,PROD009,300,Each
0645b440-c6dc-45c8-9cd2-f730c4c8d298-10,0645b440-c6dc-45c8-9cd2-f730c4c8d298,10,e824a18f-9a46-4535-baf4-f95fd0aca35b-10,e824a18f-9a46-4535-baf4-f95fd0aca35b,10,PROD003,380,Each
0645b440-c6dc-45c8-9cd2-f730c4c8d298-20,0645b440-c6dc-45c8-9cd2-f730c4c8d298,20,e824a18f-9a46-4535-baf4-f95fd0aca35b-20,e824a18f-9a46-4535-baf4-f95fd0aca35b,20,PROD002,370,Each
78c98486-3382-4f98-979c-c541ea21a2fc-10,78c98486-3382-4f98-979c-c541ea21a2fc,10,06ec5994-36cd-4bb1-a184-d44222f0169b-30,06ec5994-36cd-4bb1-a184-d44222f0169b,30,PROD005,430,Each
9c2aec69-0ef9-460b-a134-3dda90415e64-10,9c2aec69-0ef9-460b-a134-3dda90415e64,10,06ec5994-36cd-4bb1-a184-d44222f0169b-10,06ec5994-36cd-4bb1-a184-d44222f0169b,10,PROD002,270,Each
9c2aec69-0ef9-460b-a134-3dda90415e64-20,9c2aec69-0ef9-460b-a134-3dda90415e64,20,06ec5994-36cd-4bb1-a184-d44222f0169b-20,06ec5994-36cd-4bb1-a184-d44222f0169b,20,PROD004,220,Each
002d03f4-6d15-425f-85af-2e58ffeeff4c-10,002d03f4-6d15-425f-85af-2e58ffeeff4c,10,4d85a447-1688-4d7a-9087-c103e67e69b0-10,4d85a447-1688-4d7a-9087-c103e67e69b0,10,PROD008,300,Each
13e36ca6-61ee-4c1e-b88c-5c2094be1c88-10,13e36ca6-61ee-4c1e-b88c-5c2094be1c88,10,c51cc8cb-f63b-4f71-85b3-0775273aeea6-10,c51cc8cb-f63b-4f71-85b3-0775273aeea6,10,PROD007,190,Each
13e36ca6-61ee-4c1e-b88c-5c2094be1c88-20,13e36ca6-61ee-4c1e-b88c-5c2094be1c88,20,c51cc8cb-f63b-4f71-85b3-0775273aeea6-20,c51cc8cb-f63b-4f71-85b3-0775273aeea6,20,PROD005,60,Each
13e36ca6-61ee-4c1e-b88c-5c2094be1c88-30,13e36ca6-61ee-4c1e-b88c-5c2094be1c88,30,c51cc8cb-f63b-4f71-85b3-0775273aeea6-30,c51cc8cb-f63b-4f71-85b3-0775273aeea6,30,PROD006,400,Each
3f822427-0231-4d45-b31c-c50ae0256ee2-10,3f822427-0231-4d45-b31c-c50ae0256ee2,10,23a59144-8a4c-4bd6-adee-11c948fa58c2-10,23a59144-8a4c-4bd6-adee-11c948fa58c2,10,PROD001,258,Each
de71afac-e18b-4bc8-a4ca-82438e4c3c43-10,de71afac-e18b-4bc8-a4ca-82438e4c3c43,10,23a59144-8a4c-4bd6-adee-11c948fa58c2-10,23a59144-8a4c-4bd6-adee-11c948fa58c2,10,PROD001,172,Each
7741925f-0f0e-4f8a-92c1-c1ca483f34a8-10,7741925f-0f0e-4f8a-92c1-c1ca483f34a8,10,b7752e3d-f04d-4f55-be39-67b24d094032-10,b7752e3d-f04d-4f55-be39-67b24d094032,10,PROD005,330,Each
7741925f-0f0e-4f8a-92c1-c1ca483f34a8-20,7741925f-0f0e-4f8a-92c1-c1ca483f34a8,20,b7752e3d-f04d-4f55-be39-67b24d094032-20,b7752e3d-f04d-4f55-be39-67b24d094032,20,PROD006,240,Each
5cb5262d-9b06-4d06-bace-9d72c06b3c67-10,5cb5262d-9b06-4d06-bace-9d72c06b3c67,10,09fc360c-e3e3-4030-a1a9-6f4b93ef4143-10,09fc360c-e3e3-4030-a1a9-6f4b93ef4143,10,PROD007,310,Each
5cb5262d-9b06-4d06-bace-9d72c06b3c67-20,5cb5262d-9b06-4d06-bace-9d72c06b3c67,20,09fc360c-e3e3-4030-a1a9-6f4b93ef4143-20,09fc360c-e3e3-4030-a1a9-6f4b93ef4143,20,PROD005,170,Each
151934ff-5394-4463-948f-52ae1c346d6c-10,151934ff-5394-4463-948f-52ae1c346d6c,10,dcdb8f41-ca27-4be8-b0e7-a0f8d3bfc15c-30,dcdb8f41-ca27-4be8-b0e7-a0f8d3bfc15c,30,PROD009,300,Each
3c7d5351-07d3-4b85-8fb0-6d7583b43475-10,3c7d5351-07d3-4b85-8fb0-6d7583b43475,10,dcdb8f41-ca27-4be8-b0e7-a0f8d3bfc15c-10,dcdb8f41-ca27-4be8-b0e7-a0f8d3bfc15c,10,PROD004,260,Each
3c7d5351-07d3-4b85-8fb0-6d7583b43475-20,3c7d5351-07d3-4b85-8fb0-6d7583b43475,20,dcdb8f41-ca27-4be8-b0e7-a0f8d3bfc15c-20,dcdb8f41-ca27-4be8-b0e7-a0f8d3bfc15c,20,PROD007,460,Each
bef5f4f8-8928-4828-a81f-cc91963e1830-10,bef5f4f8-8928-4828-a81f-cc91963e1830,10,1d79812a-4f82-4b84-b7a9-cb126fe08e90-10,1d79812a-4f82-4b84-b7a9-cb126fe08e90,10,PROD005,440,Each
bef5f4f8-8928-4828-a81f-cc91963e1830-20,bef5f4f8-8928-4828-a81f-cc91963e1830,20,1d79812a-4f82-4b84-b7a9-cb126fe08e90-20,1d79812a-4f82-4b84-b7a9-cb126fe08e90,20,PROD002,170,Each
f0e575e7-9012-4a0e-9671-c8079566ff56-10,f0e575e7-9012-4a0e-9671-c8079566ff56,10,e778d399-8475-4f16-b77f-ad1a260be3ec-10,e778d399-8475-4f16-b77f-ad1a260be3ec,10,PROD001,340,Each
57a559ec-7409-402d-8099-42fdc535a8d8-10,57a559ec-7409-402d-8099-42fdc535a8d8,10,7328c1e6-c00a-4b54-876a-28d2405a5353-10,7328c1e6-c00a-4b54-876a-28d2405a5353,10,PROD004,211,Each
2cdc5c1a-a07d-405b-8ffb-cccd81719702-10,2cdc5c1a-a07d-405b-8ffb-cccd81719702,10,7328c1e6-c00a-4b54-876a-28d2405a5353-10,7328c1e6-c00a-4b54-876a-28d2405a5353,10,PROD004,229,Each
dc4b90ef-0b0b-47b2-a835-92969f60a68b-10,dc4b90ef-0b0b-47b2-a835-92969f60a68b,10,13532544-8177-4754-b58e-993fd284293c-10,13532544-8177-4754-b58e-993fd284293c,10,PROD004,80,Each
90a07485-320f-4092-82b7-c0487189730b-10,90a07485-320f-4092-82b7-c0487189730b,10,e7960d31-b8a6-4a08-9021-97264bcebfb2-10,e7960d31-b8a6-4a08-9021-97264bcebfb2,10,PROD006,120,Each
92ca8f5b-8011-4420-b6d3-8057e5810b4a-10,92ca8f5b-8011-4420-b6d3-8057e5810b4a,10,76499042-6896-4a97-9927-eaa59179c329-10,76499042-6896-4a97-9927-eaa59179c329,10,PROD004,410,Each
4e8269b2-99e4-4422-9599-591b5aab5880-10,4e8269b2-99e4-4422-9599-591b5aab5880,10,76499042-6896-4a97-9927-eaa59179c329-20,76499042-6896-4a97-9927-eaa59179c329,20,PROD007,70,Each
4e8269b2-99e4-4422-9599-591b5aab5880-20,4e8269b2-99e4-4422-9599-591b5aab5880,20,76499042-6896-4a97-9927-eaa59179c329-30,76499042-6896-4a97-9927-eaa59179c329,30,PROD008,210,Each
647dae99-b375-4b48-b23a-4c787e05d299-10,647dae99-b375-4b48-b23a-4c787e05d299,10,0e696a52-2f2e-443e-94c0-cab5e2510512-10,0e696a52-2f2e-443e-94c0-cab5e2510512,10,PROD008,470,Each
647dae99-b375-4b48-b23a-4c787e05d299-20,647dae99-b375-4b48-b23a-4c787e05d299,20,0e696a52-2f2e-443e-94c0-cab5e2510512-20,0e696a52-2f2e-443e-94c0-cab5e2510512,20,PROD001,160,Each
647dae99-b375-4b48-b23a-4c787e05d299-30,647dae99-b375-4b48-b23a-4c787e05d299,30,0e696a52-2f2e-443e-94c0-cab5e2510512-30,0e696a52-2f2e-443e-94c0-cab5e2510512,30,PROD004,410,Each
2dcfb039-3c41-4777-a568-06b7f3e34321-10,2dcfb039-3c41-4777-a568-06b7f3e34321,10,f45a60fb-e84b-45fb-89d8-e0b558cb8ed8-10,f45a60fb-e84b-45fb-89d8-e0b558cb8ed8,10,PROD005,430,Each
690c428e-a4df-48c0-9f67-02a030f75ecf-10,690c428e-a4df-48c0-9f67-02a030f75ecf,10,5c78266f-5bf9-46e4-a98a-a39c81d34d68-20,5c78266f-5bf9-46e4-a98a-a39c81d34d68,20,PROD003,330,Each
86fdca6e-e37a-4bfb-a62f-62b97566de04-10,86fdca6e-e37a-4bfb-a62f-62b97566de04,10,5c78266f-5bf9-46e4-a98a-a39c81d34d68-10,5c78266f-5bf9-46e4-a98a-a39c81d34d68,10,PROD001,60,Each
86fdca6e-e37a-4bfb-a62f-62b97566de04-20,86fdca6e-e37a-4bfb-a62f-62b97566de04,20,5c78266f-5bf9-46e4-a98a-a39c81d34d68-30,5c78266f-5bf9-46e4-a98a-a39c81d34d68,30,PROD009,500,Each
3136364a-e061-49bb-9ca9-4e53eb074fe4-10,3136364a-e061-49bb-9ca9-4e53eb074fe4,10,b3204182-e046-4606-8c50-dbf356bc7947-10,b3204182-e046-4606-8c50-dbf356bc7947,10,PROD008,220,Each
3136364a-e061-49bb-9ca9-4e53eb074fe4-20,3136364a-e061-49bb-9ca9-4e53eb074fe4,20,b3204182-e046-4606-8c50-dbf356bc7947-20,b3204182-e046-4606-8c50-dbf356bc7947,20,PROD007,320,Each
ffe8604d-6e34-4020-8b57-9f8dac219fa1-10,ffe8604d-6e34-4020-8b57-9f8dac219fa1,10,1c62d8c9-43a7-4210-accb-abb1eee6f319-10,1c62d8c9-43a7-4210-accb-abb1eee6f319,10,PROD009,70,Each
ffe8604d-6e34-4020-8b57-9f8dac219fa1-20,ffe8604d-6e34-4020-8b57-9f8dac219fa1,20,1c62d8c9-43a7-4210-accb-abb1eee6f319-20,1c62d8c9-43a7-4210-accb-abb1eee6f319,20,PROD002,100,Each
ffe8604d-6e34-4020-8b57-9f8dac219fa1-30,ffe8604d-6e34-4020-8b57-9f8dac219fa1,30,1c62d8c9-43a7-4210-accb-abb1eee6f319-30,1c62d8c9-43a7-4210-accb-abb1eee6f319,30,PROD006,410,Each
8deccae1-0e8d-4a7e-9e79-00fba076f897-10,8deccae1-0e8d-4a7e-9e79-00fba076f897,10,e3ced790-04f7-4893-9355-6e5b5da1f822-10,e3ced790-04f7-4893-9355-6e5b5da1f822,10,PROD004,65,Each
49f89a50-1234-42ab-bb03-82d6b3261fc2-10,49f89a50-1234-42ab-bb03-82d6b3261fc2,10,e3ced790-04f7-4893-9355-6e5b5da1f822-10,e3ced790-04f7-4893-9355-6e5b5da1f822,10,PROD004,65,Each
6693236b-ac91-4a74-ac3c-33b73a679e5a-10,6693236b-ac91-4a74-ac3c-33b73a679e5a,10,bf67b408-50d7-4121-a649-edb17cc1be20-10,bf67b408-50d7-4121-a649-edb17cc1be20,10,PROD004,330,Each
6693236b-ac91-4a74-ac3c-33b73a679e5a-20,6693236b-ac91-4a74-ac3c-33b73a679e5a,20,bf67b408-50d7-4121-a649-edb17cc1be20-20,bf67b408-50d7-4121-a649-edb17cc1be20,20,PROD009,320,Each
6693236b-ac91-4a74-ac3c-33b73a679e5a-30,6693236b-ac91-4a74-ac3c-33b73a679e5a,30,bf67b408-50d7-4121-a649-edb17cc1be20-30,bf67b408-50d7-4121-a649-edb17cc1be20,30,PROD001,80,Each
ae07caaf-2326-41ca-9c5d-d05578788307-10,ae07caaf-2326-41ca-9c5d-d05578788307,10,f9e1c7af-c1af-472d-8fea-5031a07953d3-10,f9e1c7af-c1af-472d-8fea-5031a07953d3,10,PROD001,270,Each
ae07caaf-2326-41ca-9c5d-d05578788307-20,ae07caaf-2326-41ca-9c5d-d05578788307,20,f9e1c7af-c1af-472d-8fea-5031a07953d3-20,f9e1c7af-c1af-472d-8fea-5031a07953d3,20,PROD009,460,Each
ae07caaf-2326-41ca-9c5d-d05578788307-30,ae07caaf-2326-41ca-9c5d-d05578788307,30,f9e1c7af-c1af-472d-8fea-5031a07953d3-30,f9e1c7af-c1af-472d-8fea-5031a07953d3,30,PROD003,120,Each
2418f03a-3bb5-43ac-bd8e-28156485b87e-10,2418f03a-3bb5-43ac-bd8e-28156485b87e,10,29ca3075-3f72-4ac0-a4c5-22ec5c2f085c-10,29ca3075-3f72-4ac0-a4c5-22ec5c2f085c,10,PROD008,250,Each
40b8ea7c-b4e8-42a8-adab-25e43ea88dc3-10,40b8ea7c-b4e8-42a8-adab-25e43ea88dc3,10,29ca3075-3f72-4ac0-a4c5-22ec5c2f085c-20,29ca3075-3f72-4ac0-a4c5-22ec5c2f085c,20,PROD009,110,Each
070f7b7b-6eb8-44d9-a4f5-cf3df407c680-10,070f7b7b-6eb8-44d9-a4f5-cf3df407c680,10,e4f82e19-d321-417c-a445-0123e40be391-10,e4f82e19-d321-417c-a445-0123e40be391,10,PROD005,240,Each
070f7b7b-6eb8-44d9-a4f5-cf3df407c680-20,070f7b7b-6eb8-44d9-a4f5-cf3df407c680,20,e4f82e19-d321-417c-a445-0123e40be391-20,e4f82e19-d321-417c-a445-0123e40be391,20,PROD007,280,Each
070f7b7b-6eb8-44d9-a4f5-cf3df407c680-30,070f7b7b-6eb8-44d9-a4f5-cf3df407c680,30,e4f82e19-d321-417c-a445-0123e40be391-30,e4f82e19-d321-417c-a445-0123e40be391,30,PROD006,270,Each
9813ced1-478e-4b0a-8f91-6a321bfe4700-10,9813ced1-478e-4b0a-8f91-6a321bfe4700,10,483e18a9-1dc5-4b6b-839f-39f1c686f29c-10,483e18a9-1dc5-4b6b-839f-39f1c686f29c,10,PROD009,490,Each
6a83d685-404b-48c9-bc95-2806a853278f-10,6a83d685-404b-48c9-bc95-2806a853278f,10,c37b3339-d787-4185-b366-d67076be1899-10,c37b3339-d787-4185-b366-d67076be1899,10,PROD006,70,Each
d157e557-4f39-4245-95c8-c2fcde84e605-10,d157e557-4f39-4245-95c8-c2fcde84e605,10,c37b3339-d787-4185-b366-d67076be1899-20,c37b3339-d787-4185-b366-d67076be1899,20,PROD008,360,Each
a171fe75-bb4d-4358-8f6c-88e193ea5129-10,a171fe75-bb4d-4358-8f6c-88e193ea5129,10,feb8b0be-0ed0-4798-b0bc-f88f057ef2a5-10,feb8b0be-0ed0-4798-b0bc-f88f057ef2a5,10,PROD003,380,Each
a171fe75-bb4d-4358-8f6c-88e193ea5129-20,a171fe75-bb4d-4358-8f6c-88e193ea5129,20,feb8b0be-0ed0-4798-b0bc-f88f057ef2a5-20,feb8b0be-0ed0-4798-b0bc-f88f057ef2a5,20,PROD006,90,Each
8803c3b3-aabc-4c17-87e2-40196228eadc-10,8803c3b3-aabc-4c17-87e2-40196228eadc,10,b7979c8f-7c1b-4293-aecd-cfb01813ccd7-10,b7979c8f-7c1b-4293-aecd-cfb01813ccd7,10,PROD001,130,Each
6ca5b497-6d1a-444f-8cb8-44f082880ddf-10,6ca5b497-6d1a-444f-8cb8-44f082880ddf,10,53b97b3b-c0dc-478b-9537-32abef9c8574-20,53b97b3b-c0dc-478b-9537-32abef9c8574,20,PROD005,330,Each
1d7c0469-8b25-4a9a-8432-1eacf7e16ba6-10,1d7c0469-8b25-4a9a-8432-1eacf7e16ba6,10,53b97b3b-c0dc-478b-9537-32abef9c8574-10,53b97b3b-c0dc-478b-9537-32abef9c8574,10,PROD002,380,Each
275b9a5f-a476-4a67-83c5-4d9650edf6db-10,275b9a5f-a476-4a67-83c5-4d9650edf6db,10,6c0b429b-8bdf-46c9-ae4d-25b8ae36a0aa-10,6c0b429b-8bdf-46c9-ae4d-25b8ae36a0aa,10,PROD006,450,Each
275b9a5f-a476-4a67-83c5-4d9650edf6db-20,275b9a5f-a476-4a67-83c5-4d9650edf6db,20,6c0b429b-8bdf-46c9-ae4d-25b8ae36a0aa-20,6c0b429b-8bdf-46c9-ae4d-25b8ae36a0aa,20,PROD002,480,Each
b507dae5-1839-4443-8c6a-86c3b4d8cd72-10,b507dae5-1839-4443-8c6a-86c3b4d8cd72,10,51e49b78-332d-4f23-916a-ae0eb4fa812c-10,51e49b78-332d-4f23-916a-ae0eb4fa812c,10,PROD005,370,Each
b507dae5-1839-4443-8c6a-86c3b4d8cd72-20,b507dae5-1839-4443-8c6a-86c3b4d8cd72,20,51e49b78-332d-4f23-916a-ae0eb4fa812c-20,51e49b78-332d-4f23-916a-ae0eb4fa812c,20,PROD006,500,Each
b507dae5-1839-4443-8c6a-86c3b4d8cd72-30,b507dae5-1839-4443-8c6a-86c3b4d8cd72,30,51e49b78-332d-4f23-916a-ae0eb4fa812c-30,51e49b78-332d-4f23-916a-ae0eb4fa812c,30,PROD003,400,Each
4b50d894-57ed-4ba1-aeed-7b167f29840c-10,4b50d894-57ed-4ba1-aeed-7b167f29840c,10,e89ef186-3fb3-45e6-a0c6-5a37ecab107f-20,e89ef186-3fb3-45e6-a0c6-5a37ecab107f,20,PROD006,240,Each
99c98500-1c89-48aa-b47d-b12671f2a02b-10,99c98500-1c89-48aa-b47d-b12671f2a02b,10,e89ef186-3fb3-45e6-a0c6-5a37ecab107f-10,e89ef186-3fb3-45e6-a0c6-5a37ecab107f,10,PROD009,420,Each
99c98500-1c89-48aa-b47d-b12671f2a02b-20,99c98500-1c89-48aa-b47d-b12671f2a02b,20,e89ef186-3fb3-45e6-a0c6-5a37ecab107f-30,e89ef186-3fb3-45e6-a0c6-5a37ecab107f,30,PROD005,270,Each
c45c0f15-9536-44c2-a763-0e055d458462-10,c45c0f15-9536-44c2-a763-0e055d458462,10,a60313a9-dd2a-4e83-b21d-7ec569db5e51-10,a60313a9-dd2a-4e83-b21d-7ec569db5e51,10,PROD003,360,Each
c45c0f15-9536-44c2-a763-0e055d458462-20,c45c0f15-9536-44c2-a763-0e055d458462,20,a60313a9-dd2a-4e83-b21d-7ec569db5e51-20,a60313a9-dd2a-4e83-b21d-7ec569db5e51,20,PROD007,140,Each
c45c0f15-9536-44c2-a763-0e055d458462-30,c45c0f15-9536-44c2-a763-0e055d458462,30,a60313a9-dd2a-4e83-b21d-7ec569db5e51-30,a60313a9-dd2a-4e83-b21d-7ec569db5e51,30,PROD005,60,Each
2bcfecbc-68c2-4d88-af48-42769a39364c-10,2bcfecbc-68c2-4d88-af48-42769a39364c,10,53a94958-9678-474d-ae3f-ac7016393034-10,53a94958-9678-474d-ae3f-ac7016393034,10,PROD001,360,Each
2bcfecbc-68c2-4d88-af48-42769a39364c-20,2bcfecbc-68c2-4d88-af48-42769a39364c,20,53a94958-9678-474d-ae3f-ac7016393034-20,53a94958-9678-474d-ae3f-ac7016393034,20,PROD002,120,Each
2bcfecbc-68c2-4d88-af48-42769a39364c-30,2bcfecbc-68c2-4d88-af48-42769a39364c,30,53a94958-9678-474d-ae3f-ac7016393034-30,53a94958-9678-474d-ae3f-ac7016393034,30,PROD007,470,Each
f7984bc2-a5f8-4402-8d6d-0d6f0fc0979e-10,f7984bc2-a5f8-4402-8d6d-0d6f0fc0979e,10,3a847867-8d3a-4242-a58a-a4d7b9efed06-10,3a847867-8d3a-4242-a58a-a4d7b9efed06,10,PROD004,160,Each
01f00a79-ba00-4601-92fc-a71e1c2316a1-10,01f00a79-ba00-4601-92fc-a71e1c2316a1,10,3a847867-8d3a-4242-a58a-a4d7b9efed06-20,3a847867-8d3a-4242-a58a-a4d7b9efed06,20,PROD005,420,Each
01f00a79-ba00-4601-92fc-a71e1c2316a1-20,01f00a79-ba00-4601-92fc-a71e1c2316a1,20,3a847867-8d3a-4242-a58a-a4d7b9efed06-30,3a847867-8d3a-4242-a58a-a4d7b9efed06,30,PROD007,250,Each
2a22eda0-f662-4325-97ac-2b9be89862e5-10,2a22eda0-f662-4325-97ac-2b9be89862e5,10,0812979e-5115-47f0-9859-eb3e9fc7e72a-10,0812979e-5115-47f0-9859-eb3e9fc7e72a,10,PROD007,180,Each
5666452f-ae61-4f28-8430-7e8f97cb1ca2-10,5666452f-ae61-4f28-8430-7e8f97cb1ca2,10,8d9082fa-f02c-4157-85f2-20647fd1a8eb-10,8d9082fa-f02c-4157-85f2-20647fd1a8eb,10,PROD008,350,Each
a918092d-e499-4944-a6a6-ce7eb1f1bd2d-10,a918092d-e499-4944-a6a6-ce7eb1f1bd2d,10,9a614c55-850b-429b-aaea-8059ca0b619a-10,9a614c55-850b-429b-aaea-8059ca0b619a,10,PROD009,35,Each
9af6ca0d-177d-4ab7-972e-df7e2ee05a66-10,9af6ca0d-177d-4ab7-972e-df7e2ee05a66,10,9a614c55-850b-429b-aaea-8059ca0b619a-10,9a614c55-850b-429b-aaea-8059ca0b619a,10,PROD009,85,Each
ab730ab8-bf65-4af9-9605-f5d5fce68cb7-10,ab730ab8-bf65-4af9-9605-f5d5fce68cb7,10,ad3ccaf2-e8f1-4334-a9ce-d247db2f4181-10,ad3ccaf2-e8f1-4334-a9ce-d247db2f4181,10,PROD004,280,Each
ab05a55d-d8ce-4a12-94f2-60ac2741c922-10,ab05a55d-d8ce-4a12-94f2-60ac2741c922,10,45cfef08-732d-4984-ba01-033a83d60234-10,45cfef08-732d-4984-ba01-033a83d60234,10,PROD007,490,Each
ab05a55d-d8ce-4a12-94f2-60ac2741c922-20,ab05a55d-d8ce-4a12-94f2-60ac2741c922,20,45cfef08-732d-4984-ba01-033a83d60234-20,45cfef08-732d-4984-ba01-033a83d60234,20,PROD001,100,Each
ab05a55d-d8ce-4a12-94f2-60ac2741c922-30,ab05a55d-d8ce-4a12-94f2-60ac2741c922,30,45cfef08-732d-4984-ba01-033a83d60234-30,45cfef08-732d-4984-ba01-033a83d60234,30,PROD002,440,Each
18c1f39a-61b9-4fdd-bb03-5618e8f40531-10,18c1f39a-61b9-4fdd-bb03-5618e8f40531,10,dfee8439-a02f-4268-bf19-400b592e0755-10,dfee8439-a02f-4268-bf19-400b592e0755,10,PROD004,450,Each
183f7fcb-7ade-4257-98ee-0d6b626e2ba2-10,183f7fcb-7ade-4257-98ee-0d6b626e2ba2,10,dfee8439-a02f-4268-bf19-400b592e0755-20,dfee8439-a02f-4268-bf19-400b592e0755,20,PROD005,160,Each
a6d54da0-26b2-4c25-81fe-eb882eaea7cd-10,a6d54da0-26b2-4c25-81fe-eb882eaea7cd,10,db5aae51-91dc-423c-9626-51f505af2ed1-10,db5aae51-91dc-423c-9626-51f505af2ed1,10,PROD004,180,Each
8d207fd0-f681-437d-a9ee-2c9eb3be112f-10,8d207fd0-f681-437d-a9ee-2c9eb3be112f,10,5080e714-5bac-4eda-83cf-d9bac091fd9b-10,5080e714-5bac-4eda-83cf-d9bac091fd9b,10,PROD002,410,Each
8d207fd0-f681-437d-a9ee-2c9eb3be112f-20,8d207fd0-f681-437d-a9ee-2c9eb3be112f,20,5080e714-5bac-4eda-83cf-d9bac091fd9b-20,5080e714-5bac-4eda-83cf-d9bac091fd9b,20,PROD003,130,Each
6195b7ef-cba5-40de-814d-7a4bbb8841bf-10,6195b7ef-cba5-40de-814d-7a4bbb8841bf,10,1b62d672-09f5-4c6c-95bd-088fcf6ea5e2-10,1b62d672-09f5-4c6c-95bd-088fcf6ea5e2,10,PROD008,56,Each
1574e2c8-dd6f-48c6-b1db-1928e9c93242-10,1574e2c8-dd6f-48c6-b1db-1928e9c93242,10,1b62d672-09f5-4c6c-95bd-088fcf6ea5e2-10,1b62d672-09f5-4c6c-95bd-088fcf6ea5e2,10,PROD008,44,Each
558e0757-8d08-4ab4-a514-249ef7203b10-10,558e0757-8d08-4ab4-a514-249ef7203b10,10,97846f40-7f7d-41dc-9f70-fa40a160b172-10,97846f40-7f7d-41dc-9f70-fa40a160b172,10,PROD006,240,Each
14601500-4e34-4a8a-af05-ff7058306e76-10,14601500-4e34-4a8a-af05-ff7058306e76,10,3f07d815-d700-4842-a969-0f4450f27213-10,3f07d815-d700-4842-a969-0f4450f27213,10,PROD007,240,Each
14601500-4e34-4a8a-af05-ff7058306e76-20,14601500-4e34-4a8a-af05-ff7058306e76,20,3f07d815-d700-4842-a969-0f4450f27213-20,3f07d815-d700-4842-a969-0f4450f27213,20,PROD002,420,Each
f1ba9fcc-f50d-43c8-adbf-32f2550cb38a-10,f1ba9fcc-f50d-43c8-adbf-32f2550cb38a,10,9879ef30-2acd-4d37-8b52-fa526207584d-10,9879ef30-2acd-4d37-8b52-fa526207584d,10,PROD009,24,Each
34fbc259-3aad-48ca-b484-a99a5e1e94b6-10,34fbc259-3aad-48ca-b484-a99a5e1e94b6,10,9879ef30-2acd-4d37-8b52-fa526207584d-10,9879ef30-2acd-4d37-8b52-fa526207584d,10,PROD009,56,Each
73853282-465d-438a-b6fa-c5d2a925631f-10,73853282-465d-438a-b6fa-c5d2a925631f,10,71ebda0e-46ab-4718-9164-716a99488d4a-10,71ebda0e-46ab-4718-9164-716a99488d4a,10,PROD002,420,Each
59051103-2c28-4575-bac5-d2f57cc23652-10,59051103-2c28-4575-bac5-d2f57cc23652,10,ca25b4fc-32f2-4e99-93fa-e1494be3cb71-10,ca25b4fc-32f2-4e99-93fa-e1494be3cb71,10,PROD003,240,Each
59051103-2c28-4575-bac5-d2f57cc23652-20,59051103-2c28-4575-bac5-d2f57cc23652,20,ca25b4fc-32f2-4e99-93fa-e1494be3cb71-20,ca25b4fc-32f2-4e99-93fa-e1494be3cb71,20,PROD005,400,Each
59051103-2c28-4575-bac5-d2f57cc23652-30,59051103-2c28-4575-bac5-d2f57cc23652,30,ca25b4fc-32f2-4e99-93fa-e1494be3cb71-30,ca25b4fc-32f2-4e99-93fa-e1494be3cb71,30,PROD004,290,Each
7930322d-9de2-4622-9449-d5c18b096ac8-10,7930322d-9de2-4622-9449-d5c18b096ac8,10,91f0fc72-25c0-4256-b34c-ed25ae770a4a-10,91f0fc72-25c0-4256-b34c-ed25ae770a4a,10,PROD006,54,Each
51a59214-9dd7-4657-9f9b-958dd870499e-10,51a59214-9dd7-4657-9f9b-958dd870499e,10,91f0fc72-25c0-4256-b34c-ed25ae770a4a-10,91f0fc72-25c0-4256-b34c-ed25ae770a4a,10,PROD006,26,Each
cb33e6fb-125f-46c5-ab1e-4bf043b90bdb-10,cb33e6fb-125f-46c5-ab1e-4bf043b90bdb,10,38569231-059d-4ef6-bd64-9fcf4a15c484-10,38569231-059d-4ef6-bd64-9fcf4a15c484,10,PROD008,470,Each
cb33e6fb-125f-46c5-ab1e-4bf043b90bdb-20,cb33e6fb-125f-46c5-ab1e-4bf043b90bdb,20,38569231-059d-4ef6-bd64-9fcf4a15c484-20,38569231-059d-4ef6-bd64-9fcf4a15c484,20,PROD002,490,Each
2869f434-3b6a-45ca-a615-d996fc217ca0-10,2869f434-3b6a-45ca-a615-d996fc217ca0,10,1b20eb81-7213-470d-b0f7-dea723d8bba7-10,1b20eb81-7213-470d-b0f7-dea723d8bba7,10,PROD007,330,Each
a0975e54-9257-4f1f-bf98-1f7a9ccd015a-10,a0975e54-9257-4f1f-bf98-1f7a9ccd015a,10,acabab87-2d82-4b49-87ca-f9831062aab3-20,acabab87-2d82-4b49-87ca-f9831062aab3,20,PROD006,160,Each
d2b9138a-5137-46a2-a93a-1d565b5d1fcb-10,d2b9138a-5137-46a2-a93a-1d565b5d1fcb,10,acabab87-2d82-4b49-87ca-f9831062aab3-10,acabab87-2d82-4b49-87ca-f9831062aab3,10,PROD009,120,Each
3d6f6a72-0968-47ee-b212-fb468272009d-10,3d6f6a72-0968-47ee-b212-fb468272009d,10,752ed2b0-a7ba-4c58-bb6d-e88f391fc844-10,752ed2b0-a7ba-4c58-bb6d-e88f391fc844,10,PROD005,310,Each
c84b2a86-4b60-470b-8efe-baaf0cfe91fa-10,c84b2a86-4b60-470b-8efe-baaf0cfe91fa,10,463dfb6a-d606-43fa-b1c6-53a72218c99e-10,463dfb6a-d606-43fa-b1c6-53a72218c99e,10,PROD009,110,Each
c84b2a86-4b60-470b-8efe-baaf0cfe91fa-20,c84b2a86-4b60-470b-8efe-baaf0cfe91fa,20,463dfb6a-d606-43fa-b1c6-53a72218c99e-20,463dfb6a-d606-43fa-b1c6-53a72218c99e,20,PROD007,220,Each
e390f571-7c4a-4c30-a9dd-efc9f9a0ac63-10,e390f571-7c4a-4c30-a9dd-efc9f9a0ac63,10,9aecb53a-520e-4a26-a665-070d0267a748-10,9aecb53a-520e-4a26-a665-070d0267a748,10,PROD007,270,Each
72af9144-3bfc-451f-811f-d93709e9317b-10,72af9144-3bfc-451f-811f-d93709e9317b,10,9aecb53a-520e-4a26-a665-070d0267a748-20,9aecb53a-520e-4a26-a665-070d0267a748,20,PROD002,450,Each
58c03ce8-f46c-43a4-a401-49f8ac99866c-10,58c03ce8-f46c-43a4-a401-49f8ac99866c,10,8b94758c-410f-4836-8c4e-19a12eed0fc7-10,8b94758c-410f-4836-8c4e-19a12eed0fc7,10,PROD004,70,Each
58c03ce8-f46c-43a4-a401-49f8ac99866c-20,58c03ce8-f46c-43a4-a401-49f8ac99866c,20,8b94758c-410f-4836-8c4e-19a12eed0fc7-20,8b94758c-410f-4836-8c4e-19a12eed0fc7,20,PROD006,410,Each
58c03ce8-f46c-43a4-a401-49f8ac99866c-30,58c03ce8-f46c-43a4-a401-49f8ac99866c,30,8b94758c-410f-4836-8c4e-19a12eed0fc7-30,8b94758c-410f-4836-8c4e-19a12eed0fc7,30,PROD003,240,Each
4e37b139-b825-4094-9ffa-cca589d21926-10,4e37b139-b825-4094-9ffa-cca589d21926,10,9c2f77ce-7b77-4da7-92f2-25214eaf9e13-10,9c2f77ce-7b77-4da7-92f2-25214eaf9e13,10,PROD009,140,Each
4e37b139-b825-4094-9ffa-cca589d21926-20,4e37b139-b825-4094-9ffa-cca589d21926,20,9c2f77ce-7b77-4da7-92f2-25214eaf9e13-20,9c2f77ce-7b77-4da7-92f2-25214eaf9e13,20,PROD004,60,Each
4e37b139-b825-4094-9ffa-cca589d21926-30,4e37b139-b825-4094-9ffa-cca589d21926,30,9c2f77ce-7b77-4da7-92f2-25214eaf9e13-30,9c2f77ce-7b77-4da7-92f2-25214eaf9e13,30,PROD007,250,Each
c7eb95b6-e2af-44ba-8057-5646e17369d6-10,c7eb95b6-e2af-44ba-8057-5646e17369d6,10,6b0da4de-bf7e-4fb4-889e-3863cc7fa184-10,6b0da4de-bf7e-4fb4-889e-3863cc7fa184,10,PROD006,170,Each
e53f0019-edfb-48e3-86ca-a7adcacf3072-10,e53f0019-edfb-48e3-86ca-a7adcacf3072,10,6b0da4de-bf7e-4fb4-889e-3863cc7fa184-20,6b0da4de-bf7e-4fb4-889e-3863cc7fa184,20,PROD003,370,Each
e53f0019-edfb-48e3-86ca-a7adcacf3072-20,e53f0019-edfb-48e3-86ca-a7adcacf3072,20,6b0da4de-bf7e-4fb4-889e-3863cc7fa184-30,6b0da4de-bf7e-4fb4-889e-3863cc7fa184,30,PROD007,260,Each
83c3fd96-336b-4507-a3bb-a801200c229b-10,83c3fd96-336b-4507-a3bb-a801200c229b,10,269656e0-3c8d-433b-a096-b4ed81d3512c-10,269656e0-3c8d-433b-a096-b4ed81d3512c,10,PROD003,390,Each
60934c6f-d6f3-477b-b540-1c01192f997d-10,60934c6f-d6f3-477b-b540-1c01192f997d,10,11581cb5-ab07-46fd-b7e0-87dde2fbffb6-10,11581cb5-ab07-46fd-b7e0-87dde2fbffb6,10,PROD008,420,Each
60934c6f-d6f3-477b-b540-1c01192f997d-20,60934c6f-d6f3-477b-b540-1c01192f997d,20,11581cb5-ab07-46fd-b7e0-87dde2fbffb6-20,11581cb5-ab07-46fd-b7e0-87dde2fbffb6,20,PROD003,410,Each
60934c6f-d6f3-477b-b540-1c01192f997d-30,60934c6f-d6f3-477b-b540-1c01192f997d,30,11581cb5-ab07-46fd-b7e0-87dde2fbffb6-30,11581cb5-ab07-46fd-b7e0-87dde2fbffb6,30,PROD004,440,Each
44d9cd41-b0cd-40f4-ab44-de24f0223b95-10,44d9cd41-b0cd-40f4-ab44-de24f0223b95,10,75b918df-7e33-403a-b730-ce11a0d636b5-30,75b918df-7e33-403a-b730-ce11a0d636b5,30,PROD008,110,Each
8259de0e-74e5-4dde-b783-2f361c95bedc-10,8259de0e-74e5-4dde-b783-2f361c95bedc,10,75b918df-7e33-403a-b730-ce11a0d636b5-10,75b918df-7e33-403a-b730-ce11a0d636b5,10,PROD009,420,Each
8259de0e-74e5-4dde-b783-2f361c95bedc-20,8259de0e-74e5-4dde-b783-2f361c95bedc,20,75b918df-7e33-403a-b730-ce11a0d636b5-20,75b918df-7e33-403a-b730-ce11a0d636b5,20,PROD007,260,Each
7f984089-1344-4f7f-b68a-20c020363ea1-10,7f984089-1344-4f7f-b68a-20c020363ea1,10,b424c290-dc63-4046-9cbe-c1a6bf273489-10,b424c290-dc63-4046-9cbe-c1a6bf273489,10,PROD006,360,Each
7f984089-1344-4f7f-b68a-20c020363ea1-20,7f984089-1344-4f7f-b68a-20c020363ea1,20,b424c290-dc63-4046-9cbe-c1a6bf273489-20,b424c290-dc63-4046-9cbe-c1a6bf273489,20,PROD008,310,Each
02a4b364-f44a-44e4-9c8c-373edaad2531-10,02a4b364-f44a-44e4-9c8c-373edaad2531,10,2bbb5e73-e949-4c5d-99da-4b825f21459f-10,2bbb5e73-e949-4c5d-99da-4b825f21459f,10,PROD006,70,Each
add5d4e7-3c3f-4615-8e63-73d3f15ce3af-10,add5d4e7-3c3f-4615-8e63-73d3f15ce3af,10,f9b38e7e-d2e5-4736-ae32-d38a9f6c4a94-20,f9b38e7e-d2e5-4736-ae32-d38a9f6c4a94,20,PROD002,360,Each
730e598d-0c0d-4549-94a6-07578efe6dd8-10,730e598d-0c0d-4549-94a6-07578efe6dd8,10,f9b38e7e-d2e5-4736-ae32-d38a9f6c4a94-10,f9b38e7e-d2e5-4736-ae32-d38a9f6c4a94,10,PROD008,360,Each
730e598d-0c0d-4549-94a6-07578efe6dd8-20,730e598d-0c0d-4549-94a6-07578efe6dd8,20,f9b38e7e-d2e5-4736-ae32-d38a9f6c4a94-30,f9b38e7e-d2e5-4736-ae32-d38a9f6c4a94,30,PROD001,200,Each
de7d2a89-49fd-4d6f-b331-2406be97db6b-10,de7d2a89-49fd-4d6f-b331-2406be97db6b,10,618a07fe-5f60-4e06-878b-0ae8736b6652-10,618a07fe-5f60-4e06-878b-0ae8736b6652,10,PROD002,340,Each
f9292c35-06dc-4f8a-b3d8-6684b1a79ee6-10,f9292c35-06dc-4f8a-b3d8-6684b1a79ee6,10,299b8d36-1824-4fec-ac98-46dd78679218-10,299b8d36-1824-4fec-ac98-46dd78679218,10,PROD004,100,Each
f9292c35-06dc-4f8a-b3d8-6684b1a79ee6-20,f9292c35-06dc-4f8a-b3d8-6684b1a79ee6,20,299b8d36-1824-4fec-ac98-46dd78679218-20,299b8d36-1824-4fec-ac98-46dd78679218,20,PROD002,180,Each
f9292c35-06dc-4f8a-b3d8-6684b1a79ee6-30,f9292c35-06dc-4f8a-b3d8-6684b1a79ee6,30,299b8d36-1824-4fec-ac98-46dd78679218-30,299b8d36-1824-4fec-ac98-46dd78679218,30,PROD008,350,Each
dea20dae-d733-4afb-9762-72eaa0b0f4f4-10,dea20dae-d733-4afb-9762-72eaa0b0f4f4,10,995b8efb-ac69-4bb0-a183-2c91cd9078c2-10,995b8efb-ac69-4bb0-a183-2c91cd9078c2,10,PROD006,103,Each
5238a453-5099-4b27-805c-4a3cb3423574-10,5238a453-5099-4b27-805c-4a3cb3423574,10,995b8efb-ac69-4bb0-a183-2c91cd9078c2-10,995b8efb-ac69-4bb0-a183-2c91cd9078c2,10,PROD006,277,Each
b8f43a07-524d-466a-bb40-0fb78476f58b-10,b8f43a07-524d-466a-bb40-0fb78476f58b,10,a6d083ac-9a40-49d9-8c67-11dc8a48d3bd-10,a6d083ac-9a40-49d9-8c67-11dc8a48d3bd,10,PROD005,160,Each
fd3cd996-7599-4e12-9774-e7da8c9131e4-10,fd3cd996-7599-4e12-9774-e7da8c9131e4,10,1a711630-7d04-4c88-aada-538fed36c2cc-10,1a711630-7d04-4c88-aada-538fed36c2cc,10,PROD006,170,Each
9a5d7098-82b5-482f-994a-2c34b13abb82-10,9a5d7098-82b5-482f-994a-2c34b13abb82,10,b90bab37-6a04-4327-a5ca-03fd327ac389-10,b90bab37-6a04-4327-a5ca-03fd327ac389,10,PROD006,180,Each
b3bca5de-486b-4121-ba41-0306fae8cf4a-10,b3bca5de-486b-4121-ba41-0306fae8cf4a,10,b90bab37-6a04-4327-a5ca-03fd327ac389-10,b90bab37-6a04-4327-a5ca-03fd327ac389,10,PROD006,60,Each
39350e7d-7e24-4882-906e-00879039bc79-10,39350e7d-7e24-4882-906e-00879039bc79,10,1c134788-0f6b-4bd1-832b-81dcad60f8f7-10,1c134788-0f6b-4bd1-832b-81dcad60f8f7,10,PROD006,240,Each
39350e7d-7e24-4882-906e-00879039bc79-20,39350e7d-7e24-4882-906e-00879039bc79,20,1c134788-0f6b-4bd1-832b-81dcad60f8f7-20,1c134788-0f6b-4bd1-832b-81dcad60f8f7,20,PROD004,240,Each
39350e7d-7e24-4882-906e-00879039bc79-30,39350e7d-7e24-4882-906e-00879039bc79,30,1c134788-0f6b-4bd1-832b-81dcad60f8f7-30,1c134788-0f6b-4bd1-832b-81dcad60f8f7,30,PROD003,240,Each
26dc9e9e-e012-43ea-adaa-81fee6eb757a-10,26dc9e9e-e012-43ea-adaa-81fee6eb757a,10,e078940c-d773-4cd4-b1f4-b16f97a02e19-10,e078940c-d773-4cd4-b1f4-b16f97a02e19,10,PROD003,130,Each
26dc9e9e-e012-43ea-adaa-81fee6eb757a-20,26dc9e9e-e012-43ea-adaa-81fee6eb757a,20,e078940c-d773-4cd4-b1f4-b16f97a02e19-20,e078940c-d773-4cd4-b1f4-b16f97a02e19,20,PROD008,50,Each
dd59019a-da06-46e6-a766-fc1237f4dccc-10,dd59019a-da06-46e6-a766-fc1237f4dccc,10,04e6c918-f4a9-4fb6-99b1-3d73f9370485-10,04e6c918-f4a9-4fb6-99b1-3d73f9370485,10,PROD003,460,Each
8e53de95-ecbf-45b9-9297-68b92cdca12a-10,8e53de95-ecbf-45b9-9297-68b92cdca12a,10,04e6c918-f4a9-4fb6-99b1-3d73f9370485-20,04e6c918-f4a9-4fb6-99b1-3d73f9370485,20,PROD004,340,Each
a889e8ec-b9aa-41e0-9db9-3fb11cbac9d2-10,a889e8ec-b9aa-41e0-9db9-3fb11cbac9d2,10,a954d6bc-35bc-4845-9e50-ada135968baf-10,a954d6bc-35bc-4845-9e50-ada135968baf,10,PROD005,450,Each
a889e8ec-b9aa-41e0-9db9-3fb11cbac9d2-20,a889e8ec-b9aa-41e0-9db9-3fb11cbac9d2,20,a954d6bc-35bc-4845-9e50-ada135968baf-20,a954d6bc-35bc-4845-9e50-ada135968baf,20,PROD004,330,Each
a889e8ec-b9aa-41e0-9db9-3fb11cbac9d2-30,a889e8ec-b9aa-41e0-9db9-3fb11cbac9d2,30,a954d6bc-35bc-4845-9e50-ada135968baf-30,a954d6bc-35bc-4845-9e50-ada135968baf,30,PROD001,390,Each
d6a77680-1e1e-43ea-bb60-88f9ee140187-10,d6a77680-1e1e-43ea-bb60-88f9ee140187,10,36212768-dbb4-4455-9e13-3e7e34dfb5a2-10,36212768-dbb4-4455-9e13-3e7e34dfb5a2,10,PROD003,240,Each
d6a77680-1e1e-43ea-bb60-88f9ee140187-20,d6a77680-1e1e-43ea-bb60-88f9ee140187,20,36212768-dbb4-4455-9e13-3e7e34dfb5a2-20,36212768-dbb4-4455-9e13-3e7e34dfb5a2,20,PROD008,460,Each
d6a77680-1e1e-43ea-bb60-88f9ee140187-30,d6a77680-1e1e-43ea-bb60-88f9ee140187,30,36212768-dbb4-4455-9e13-3e7e34dfb5a2-30,36212768-dbb4-4455-9e13-3e7e34dfb5a2,30,PROD007,70,Each
27b65a7d-1d34-4774-b7ec-2ec9ccab78cf-10,27b65a7d-1d34-4774-b7ec-2ec9ccab78cf,10,1e409ed0-29df-4a84-863d-2a6da922e71e-20,1e409ed0-29df-4a84-863d-2a6da922e71e,20,PROD006,160,Each
5fda231c-65f5-4edb-9ed6-187c408cb65c-10,5fda231c-65f5-4edb-9ed6-187c408cb65c,10,1e409ed0-29df-4a84-863d-2a6da922e71e-10,1e409ed0-29df-4a84-863d-2a6da922e71e,10,PROD009,210,Each
58f449cd-47d0-40b6-bbd5-84bb1da4d3ef-10,58f449cd-47d0-40b6-bbd5-84bb1da4d3ef,10,89efb7f6-7c07-4bad-b30a-e66c504e1f18-10,89efb7f6-7c07-4bad-b30a-e66c504e1f18,10,PROD002,210,Each
e89a8ceb-4784-4855-9a38-3c873217235f-10,e89a8ceb-4784-4855-9a38-3c873217235f,10,c6c65f6a-57fd-451e-aaf6-c1755d430f85-10,c6c65f6a-57fd-451e-aaf6-c1755d430f85,10,PROD001,180,Each
541aca42-eca7-4bf1-8da5-78732a57ea07-10,541aca42-eca7-4bf1-8da5-78732a57ea07,10,38c32168-d2ab-4a79-b5fc-6078552c76d1-10,38c32168-d2ab-4a79-b5fc-6078552c76d1,10,PROD004,234,Each
5d36f4d0-7d82-4bdf-ac53-b24201c38606-10,5d36f4d0-7d82-4bdf-ac53-b24201c38606,10,38c32168-d2ab-4a79-b5fc-6078552c76d1-10,38c32168-d2ab-4a79-b5fc-6078552c76d1,10,PROD004,126,Each
ce9c6963-d5ac-4e4f-b338-e82cf1be2e9e-10,ce9c6963-d5ac-4e4f-b338-e82cf1be2e9e,10,e3bebaf1-f119-4051-bf39-dab84e5feb3e-10,e3bebaf1-f119-4051-bf39-dab84e5feb3e,10,PROD005,230,Each
8ba0b273-c23a-447f-9a17-4e1285647006-10,8ba0b273-c23a-447f-9a17-4e1285647006,10,0e86a3be-22e3-4cba-8b90-fa8f0b2872ec-10,0e86a3be-22e3-4cba-8b90-fa8f0b2872ec,10,PROD003,480,Each
8ba0b273-c23a-447f-9a17-4e1285647006-20,8ba0b273-c23a-447f-9a17-4e1285647006,20,0e86a3be-22e3-4cba-8b90-fa8f0b2872ec-20,0e86a3be-22e3-4cba-8b90-fa8f0b2872ec,20,PROD008,110,Each
8ba0b273-c23a-447f-9a17-4e1285647006-30,8ba0b273-c23a-447f-9a17-4e1285647006,30,0e86a3be-22e3-4cba-8b90-fa8f0b2872ec-30,0e86a3be-22e3-4cba-8b90-fa8f0b2872ec,30,PROD007,90,Each
0464dc6c-9d73-499e-9d4e-060fa43c0176-10,0464dc6c-9d73-499e-9d4e-060fa43c0176,10,e850eb70-6682-4685-bac0-b5a78ba3b72d-10,e850eb70-6682-4685-bac0-b5a78ba3b72d,10,PROD006,470,Each
7be0a6fa-50a2-49d0-983e-0e6cfaa05392-10,7be0a6fa-50a2-49d0-983e-0e6cfaa05392,10,e850eb70-6682-4685-bac0-b5a78ba3b72d-20,e850eb70-6682-4685-bac0-b5a78ba3b72d,20,PROD005,270,Each
20399a40-05fe-4018-8af5-6a0d9811ea7f-10,20399a40-05fe-4018-8af5-6a0d9811ea7f,10,54df36ea-6c55-4436-9adb-c69a3fef21c7-10,54df36ea-6c55-4436-9adb-c69a3fef21c7,10,PROD006,420,Each
20399a40-05fe-4018-8af5-6a0d9811ea7f-20,20399a40-05fe-4018-8af5-6a0d9811ea7f,20,54df36ea-6c55-4436-9adb-c69a3fef21c7-20,54df36ea-6c55-4436-9adb-c69a3fef21c7,20,PROD009,150,Each
d87a05da-4975-4610-ab5a-97ad4cbaea21-10,d87a05da-4975-4610-ab5a-97ad4cbaea21,10,156a716e-c78c-406e-b247-9554409e8ce0-10,156a716e-c78c-406e-b247-9554409e8ce0,10,PROD002,180,Each
d87a05da-4975-4610-ab5a-97ad4cbaea21-20,d87a05da-4975-4610-ab5a-97ad4cbaea21,20,156a716e-c78c-406e-b247-9554409e8ce0-20,156a716e-c78c-406e-b247-9554409e8ce0,20,PROD004,480,Each
ccc2df06-4304-4de8-9088-07e869b382c6-10,ccc2df06-4304-4de8-9088-07e869b382c6,10,cffabf13-f951-40c1-b665-14c830149878-10,cffabf13-f951-40c1-b665-14c830149878,10,PROD006,380,Each
cba4f117-9eec-4ef6-ba92-3d6420cae196-10,cba4f117-9eec-4ef6-ba92-3d6420cae196,10,cffabf13-f951-40c1-b665-14c830149878-20,cffabf13-f951-40c1-b665-14c830149878,20,PROD009,440,Each
6a24598a-0709-45f7-b7c8-498eff5f8b5d-10,6a24598a-0709-45f7-b7c8-498eff5f8b5d,10,2cea9937-4b5c-4dc6-bb27-ff20d921ccb5-10,2cea9937-4b5c-4dc6-bb27-ff20d921ccb5,10,PROD001,60,Each
6a24598a-0709-45f7-b7c8-498eff5f8b5d-20,6a24598a-0709-45f7-b7c8-498eff5f8b5d,20,2cea9937-4b5c-4dc6-bb27-ff20d921ccb5-20,2cea9937-4b5c-4dc6-bb27-ff20d921ccb5,20,PROD007,500,Each
6a24598a-0709-45f7-b7c8-498eff5f8b5d-30,6a24598a-0709-45f7-b7c8-498eff5f8b5d,30,2cea9937-4b5c-4dc6-bb27-ff20d921ccb5-30,2cea9937-4b5c-4dc6-bb27-ff20d921ccb5,30,PROD008,160,Each
89b3e86f-6804-4e65-b53f-4ff48223ae0f-10,89b3e86f-6804-4e65-b53f-4ff48223ae0f,10,39bb3023-6fda-47ee-b730-97e63a088afe-10,39bb3023-6fda-47ee-b730-97e63a088afe,10,PROD001,250,Each
79a027de-af9b-403d-bac9-46dd4e63c00b-10,79a027de-af9b-403d-bac9-46dd4e63c00b,10,06735abc-6b83-47c0-8035-ea109d850e94-20,06735abc-6b83-47c0-8035-ea109d850e94,20,PROD004,440,Each
f40dbf9b-9932-4b32-a2c5-14a36d351541-10,f40dbf9b-9932-4b32-a2c5-14a36d351541,10,06735abc-6b83-47c0-8035-ea109d850e94-10,06735abc-6b83-47c0-8035-ea109d850e94,10,PROD003,450,Each
d8b267f5-e832-4b4e-8908-fdd83105a8bf-10,d8b267f5-e832-4b4e-8908-fdd83105a8bf,10,9480d918-0698-4472-b415-73175d08cb06-10,9480d918-0698-4472-b415-73175d08cb06,10,PROD008,380,Each
d8b267f5-e832-4b4e-8908-fdd83105a8bf-20,d8b267f5-e832-4b4e-8908-fdd83105a8bf,20,9480d918-0698-4472-b415-73175d08cb06-20,9480d918-0698-4472-b415-73175d08cb06,20,PROD004,410,Each
280f5d14-625d-488d-bbe2-bd788d80655a-10,280f5d14-625d-488d-bbe2-bd788d80655a,10,6f494c39-c542-4044-a6be-ff9eb551d335-10,6f494c39-c542-4044-a6be-ff9eb551d335,10,PROD008,230,Each
280f5d14-625d-488d-bbe2-bd788d80655a-20,280f5d14-625d-488d-bbe2-bd788d80655a,20,6f494c39-c542-4044-a6be-ff9eb551d335-20,6f494c39-c542-4044-a6be-ff9eb551d335,20,PROD006,500,Each
b7198cd4-c551-40fc-a171-36719b8ea783-10,b7198cd4-c551-40fc-a171-36719b8ea783,10,ea63f0b3-9034-41cc-926d-2376008959c6-10,ea63f0b3-9034-41cc-926d-2376008959c6,10,PROD003,190,Each
673532d7-7e75-44ad-8c01-c9970a78dacf-10,673532d7-7e75-44ad-8c01-c9970a78dacf,10,ea63f0b3-9034-41cc-926d-2376008959c6-20,ea63f0b3-9034-41cc-926d-2376008959c6,20,PROD004,180,Each
673532d7-7e75-44ad-8c01-c9970a78dacf-20,673532d7-7e75-44ad-8c01-c9970a78dacf,20,ea63f0b3-9034-41cc-926d-2376008959c6-30,ea63f0b3-9034-41cc-926d-2376008959c6,30,PROD001,140,Each
d0d5624c-2ad5-41f5-92d9-e522a5be4fa6-10,d0d5624c-2ad5-41f5-92d9-e522a5be4fa6,10,e7650cdb-ac8e-48a2-8269-f050d5386f34-10,e7650cdb-ac8e-48a2-8269-f050d5386f34,10,PROD008,380,Each
06b7ac1f-3bb6-4d6a-842b-ef6ec2eb238d-10,06b7ac1f-3bb6-4d6a-842b-ef6ec2eb238d,10,048e13c3-2627-4480-8350-52b322ed690b-10,048e13c3-2627-4480-8350-52b322ed690b,10,PROD001,240,Each
06b7ac1f-3bb6-4d6a-842b-ef6ec2eb238d-20,06b7ac1f-3bb6-4d6a-842b-ef6ec2eb238d,20,048e13c3-2627-4480-8350-52b322ed690b-20,048e13c3-2627-4480-8350-52b322ed690b,20,PROD004,260,Each
a036f20d-56c8-4cc4-8107-9bc93d618422-10,a036f20d-56c8-4cc4-8107-9bc93d618422,10,c56ba717-17bb-4bde-9287-b3cfec9b220b-10,c56ba717-17bb-4bde-9287-b3cfec9b220b,10,PROD004,140,Each
ee890b11-349b-45f9-827f-2c9f83619491-10,ee890b11-349b-45f9-827f-2c9f83619491,10,c56ba717-17bb-4bde-9287-b3cfec9b220b-20,c56ba717-17bb-4bde-9287-b3cfec9b220b,20,PROD005,300,Each
940608d0-56b2-4895-b14a-b000c3f7f77f-10,940608d0-56b2-4895-b14a-b000c3f7f77f,10,f44e2948-421c-440c-bbc7-ae92e8218bc8-10,f44e2948-421c-440c-bbc7-ae92e8218bc8,10,PROD009,240,Each
940608d0-56b2-4895-b14a-b000c3f7f77f-20,940608d0-56b2-4895-b14a-b000c3f7f77f,20,f44e2948-421c-440c-bbc7-ae92e8218bc8-20,f44e2948-421c-440c-bbc7-ae92e8218bc8,20,PROD003,390,Each
f12f3cbc-fda1-4da0-a9c4-eabccd20c7c3-10,f12f3cbc-fda1-4da0-a9c4-eabccd20c7c3,10,819f5a06-4246-4969-9222-6bfa813b8a41-10,819f5a06-4246-4969-9222-6bfa813b8a41,10,PROD006,490,Each
f12f3cbc-fda1-4da0-a9c4-eabccd20c7c3-20,f12f3cbc-fda1-4da0-a9c4-eabccd20c7c3,20,819f5a06-4246-4969-9222-6bfa813b8a41-20,819f5a06-4246-4969-9222-6bfa813b8a41,20,PROD001,310,Each
76068853-123e-4397-82f3-1eedb26d6c1e-10,76068853-123e-4397-82f3-1eedb26d6c1e,10,bc758375-c883-47fd-90d6-a91726a81604-10,bc758375-c883-47fd-90d6-a91726a81604,10,PROD008,310,Each
762ff85c-9668-4574-be3c-89a8005992e2-10,762ff85c-9668-4574-be3c-89a8005992e2,10,bc758375-c883-47fd-90d6-a91726a81604-20,bc758375-c883-47fd-90d6-a91726a81604,20,PROD009,340,Each
762ff85c-9668-4574-be3c-89a8005992e2-20,762ff85c-9668-4574-be3c-89a8005992e2,20,bc758375-c883-47fd-90d6-a91726a81604-30,bc758375-c883-47fd-90d6-a91726a81604,30,PROD002,210,Each
7563151f-b121-47b7-b9f9-6219ec1b16cf-10,7563151f-b121-47b7-b9f9-6219ec1b16cf,10,cc2253cc-0bd1-4e2f-a685-e03f1d6281a8-10,cc2253cc-0bd1-4e2f-a685-e03f1d6281a8,10,PROD006,300,Each
7563151f-b121-47b7-b9f9-6219ec1b16cf-20,7563151f-b121-47b7-b9f9-6219ec1b16cf,20,cc2253cc-0bd1-4e2f-a685-e03f1d6281a8-20,cc2253cc-0bd1-4e2f-a685-e03f1d6281a8,20,PROD002,70,Each
7563151f-b121-47b7-b9f9-6219ec1b16cf-30,7563151f-b121-47b7-b9f9-6219ec1b16cf,30,cc2253cc-0bd1-4e2f-a685-e03f1d6281a8-30,cc2253cc-0bd1-4e2f-a685-e03f1d6281a8,30,PROD008,260,Each
9c5218fc-98e7-484c-80f3-299212bff731-10,9c5218fc-98e7-484c-80f3-299212bff731,10,0efbe791-e219-4ed2-b2dd-6976df2a2d0e-10,0efbe791-e219-4ed2-b2dd-6976df2a2d0e,10,PROD007,50,Each
0a501141-b9de-4a0b-a471-012e53af584e-10,0a501141-b9de-4a0b-a471-012e53af584e,10,26abd6f8-b2b4-43c3-82b4-e198ef5be11e-10,26abd6f8-b2b4-43c3-82b4-e198ef5be11e,10,PROD006,250,Each
2542a332-1e48-4587-9470-2f073972d282-10,2542a332-1e48-4587-9470-2f073972d282,10,26abd6f8-b2b4-43c3-82b4-e198ef5be11e-20,26abd6f8-b2b4-43c3-82b4-e198ef5be11e,20,PROD007,340,Each
b959000d-fa5e-4ba2-9ecd-d733f86cf7ed-10,b959000d-fa5e-4ba2-9ecd-d733f86cf7ed,10,bd319bdb-7e13-4a63-9ee7-af8d99ea22a8-10,bd319bdb-7e13-4a63-9ee7-af8d99ea22a8,10,PROD002,100,Each
1ed4db58-5029-4dac-a6c7-290b9aaba808-10,1ed4db58-5029-4dac-a6c7-290b9aaba808,10,a4bb56b7-b73a-424a-af8f-5c7a44315c2f-10,a4bb56b7-b73a-424a-af8f-5c7a44315c2f,10,PROD001,60,Each
1ed4db58-5029-4dac-a6c7-290b9aaba808-20,1ed4db58-5029-4dac-a6c7-290b9aaba808,20,a4bb56b7-b73a-424a-af8f-5c7a44315c2f-20,a4bb56b7-b73a-424a-af8f-5c7a44315c2f,20,PROD002,330,Each
1ed4db58-5029-4dac-a6c7-290b9aaba808-30,1ed4db58-5029-4dac-a6c7-290b9aaba808,30,a4bb56b7-b73a-424a-af8f-5c7a44315c2f-30,a4bb56b7-b73a-424a-af8f-5c7a44315c2f,30,PROD006,320,Each
29382a6a-debd-40f2-9e95-0c74535d6dfb-10,29382a6a-debd-40f2-9e95-0c74535d6dfb,10,d201cc76-e99a-4d2b-a2ae-e451751ddc63-10,d201cc76-e99a-4d2b-a2ae-e451751ddc63,10,PROD001,234,Each
28c84adb-ba95-4373-a049-8bc87496fdc9-10,28c84adb-ba95-4373-a049-8bc87496fdc9,10,d201cc76-e99a-4d2b-a2ae-e451751ddc63-10,d201cc76-e99a-4d2b-a2ae-e451751ddc63,10,PROD001,216,Each
dd2a9b97-4738-4c96-9abe-d37c262f9511-10,dd2a9b97-4738-4c96-9abe-d37c262f9511,10,1715ca40-03d1-4798-83ef-6ebca5ae1e81-10,1715ca40-03d1-4798-83ef-6ebca5ae1e81,10,PROD002,110,Each
dd2a9b97-4738-4c96-9abe-d37c262f9511-20,dd2a9b97-4738-4c96-9abe-d37c262f9511,20,1715ca40-03d1-4798-83ef-6ebca5ae1e81-20,1715ca40-03d1-4798-83ef-6ebca5ae1e81,20,PROD004,440,Each
07c9486d-2c75-43e4-995f-d67a1ce8aae9-10,07c9486d-2c75-43e4-995f-d67a1ce8aae9,10,d7dc4304-44c7-46cf-98fa-35e2b46a3e4b-10,d7dc4304-44c7-46cf-98fa-35e2b46a3e4b,10,PROD002,460,Each
07c9486d-2c75-43e4-995f-d67a1ce8aae9-20,07c9486d-2c75-43e4-995f-d67a1ce8aae9,20,d7dc4304-44c7-46cf-98fa-35e2b46a3e4b-20,d7dc4304-44c7-46cf-98fa-35e2b46a3e4b,20,PROD004,350,Each
07c9486d-2c75-43e4-995f-d67a1ce8aae9-30,07c9486d-2c75-43e4-995f-d67a1ce8aae9,30,d7dc4304-44c7-46cf-98fa-35e2b46a3e4b-30,d7dc4304-44c7-46cf-98fa-35e2b46a3e4b,30,PROD003,230,Each
7eafd718-2e2c-4c4c-af70-55b7ff0c44f3-10,7eafd718-2e2c-4c4c-af70-55b7ff0c44f3,10,d978c746-89a3-49be-98a1-f40bd61c7da1-30,d978c746-89a3-49be-98a1-f40bd61c7da1,30,PROD006,130,Each
a1015b44-2b0d-4714-808b-6f456646bc05-10,a1015b44-2b0d-4714-808b-6f456646bc05,10,d978c746-89a3-49be-98a1-f40bd61c7da1-10,d978c746-89a3-49be-98a1-f40bd61c7da1,10,PROD005,470,Each
a1015b44-2b0d-4714-808b-6f456646bc05-20,a1015b44-2b0d-4714-808b-6f456646bc05,20,d978c746-89a3-49be-98a1-f40bd61c7da1-20,d978c746-89a3-49be-98a1-f40bd61c7da1,20,PROD007,160,Each
588aed31-42f6-46fc-b957-1d9f2dd36bd6-10,588aed31-42f6-46fc-b957-1d9f2dd36bd6,10,9052125e-b37b-4cb6-a5a6-a495eae25987-10,9052125e-b37b-4cb6-a5a6-a495eae25987,10,PROD004,330,Each
588aed31-42f6-46fc-b957-1d9f2dd36bd6-20,588aed31-42f6-46fc-b957-1d9f2dd36bd6,20,9052125e-b37b-4cb6-a5a6-a495eae25987-20,9052125e-b37b-4cb6-a5a6-a495eae25987,20,PROD009,460,Each
adc669c6-da67-47be-95df-1b30eddae4cf-10,adc669c6-da67-47be-95df-1b30eddae4cf,10,eb80f2ec-f27a-4c36-b869-6ff1ec104a72-10,eb80f2ec-f27a-4c36-b869-6ff1ec104a72,10,PROD007,350,Each
adc669c6-da67-47be-95df-1b30eddae4cf-20,adc669c6-da67-47be-95df-1b30eddae4cf,20,eb80f2ec-f27a-4c36-b869-6ff1ec104a72-20,eb80f2ec-f27a-4c36-b869-6ff1ec104a72,20,PROD005,440,Each
80e0ee66-b395-4db9-850a-37f239ffdc61-10,80e0ee66-b395-4db9-850a-37f239ffdc61,10,3bc076ff-b5a4-4a5e-8614-8b60f9f40b48-10,3bc076ff-b5a4-4a5e-8614-8b60f9f40b48,10,PROD006,252,Each
e0cb6cff-9417-4106-b702-1ca3e4f16258-10,e0cb6cff-9417-4106-b702-1ca3e4f16258,10,3bc076ff-b5a4-4a5e-8614-8b60f9f40b48-10,3bc076ff-b5a4-4a5e-8614-8b60f9f40b48,10,PROD006,148,Each
7c468369-18ef-4b3c-b83c-ecf5b81790b9-10,7c468369-18ef-4b3c-b83c-ecf5b81790b9,10,b0f3b8cd-9276-4630-b982-ce62abf50896-10,b0f3b8cd-9276-4630-b982-ce62abf50896,10,PROD009,330,Each
5a209612-ca0b-4fb9-8c4a-d19fdd5b995e-10,5a209612-ca0b-4fb9-8c4a-d19fdd5b995e,10,5011375f-c3f5-4558-b190-17b073c4fa2c-10,5011375f-c3f5-4558-b190-17b073c4fa2c,10,PROD006,260,Each
5a209612-ca0b-4fb9-8c4a-d19fdd5b995e-20,5a209612-ca0b-4fb9-8c4a-d19fdd5b995e,20,5011375f-c3f5-4558-b190-17b073c4fa2c-20,5011375f-c3f5-4558-b190-17b073c4fa2c,20,PROD008,80,Each
5a209612-ca0b-4fb9-8c4a-d19fdd5b995e-30,5a209612-ca0b-4fb9-8c4a-d19fdd5b995e,30,5011375f-c3f5-4558-b190-17b073c4fa2c-30,5011375f-c3f5-4558-b190-17b073c4fa2c,30,PROD001,450,Each
36a46ca5-df81-4f7b-95ab-9ac43d3f4352-10,36a46ca5-df81-4f7b-95ab-9ac43d3f4352,10,bc2830d0-76c9-4f3a-9996-288ec7024056-20,bc2830d0-76c9-4f3a-9996-288ec7024056,20,PROD008,80,Each
cac87676-6c80-4422-8c34-aca4e7d860c9-10,cac87676-6c80-4422-8c34-aca4e7d860c9,10,bc2830d0-76c9-4f3a-9996-288ec7024056-10,bc2830d0-76c9-4f3a-9996-288ec7024056,10,PROD004,370,Each
391394d4-0380-4c8a-948b-da809be7a00c-10,391394d4-0380-4c8a-948b-da809be7a00c,10,e0af086c-7333-4a8f-9af2-a84c5d350400-10,e0af086c-7333-4a8f-9af2-a84c5d350400,10,PROD004,360,Each
391394d4-0380-4c8a-948b-da809be7a00c-20,391394d4-0380-4c8a-948b-da809be7a00c,20,e0af086c-7333-4a8f-9af2-a84c5d350400-20,e0af086c-7333-4a8f-9af2-a84c5d350400,20,PROD006,50,Each
345e2929-8822-4352-85b8-8f4f5301b800-10,345e2929-8822-4352-85b8-8f4f5301b800,10,de533094-b4f1-4839-a9c5-2ac94df19508-10,de533094-b4f1-4839-a9c5-2ac94df19508,10,PROD003,500,Each
345e2929-8822-4352-85b8-8f4f5301b800-20,345e2929-8822-4352-85b8-8f4f5301b800,20,de533094-b4f1-4839-a9c5-2ac94df19508-20,de533094-b4f1-4839-a9c5-2ac94df19508,20,PROD008,300,Each
babece4d-aded-4fa6-b7a1-c7a8f43713e6-10,babece4d-aded-4fa6-b7a1-c7a8f43713e6,10,a9b7b062-75c9-4a95-a2a4-652e3cefa88c-10,a9b7b062-75c9-4a95-a2a4-652e3cefa88c,10,PROD007,470,Each
4a4fcbba-fc6f-4e36-9ebd-d6ac1aa4d9de-10,4a4fcbba-fc6f-4e36-9ebd-d6ac1aa4d9de,10,a9b7b062-75c9-4a95-a2a4-652e3cefa88c-20,a9b7b062-75c9-4a95-a2a4-652e3cefa88c,20,PROD001,60,Each
3d5c3bc7-5202-464b-96da-d6d6a2725091-10,3d5c3bc7-5202-464b-96da-d6d6a2725091,10,40069e43-636a-4977-92b6-fd387e591f52-10,40069e43-636a-4977-92b6-fd387e591f52,10,PROD009,160,Each
3d5c3bc7-5202-464b-96da-d6d6a2725091-20,3d5c3bc7-5202-464b-96da-d6d6a2725091,20,40069e43-636a-4977-92b6-fd387e591f52-20,40069e43-636a-4977-92b6-fd387e591f52,20,PROD001,480,Each
45f50091-e743-489c-a588-ba21cce09302-10,45f50091-e743-489c-a588-ba21cce09302,10,55b322ef-94f3-40d4-9584-6f8e316d229c-10,55b322ef-94f3-40d4-9584-6f8e316d229c,10,PROD004,110,Each
936e0280-807e-4b98-aaab-94a925a4862d-10,936e0280-807e-4b98-aaab-94a925a4862d,10,0566a3ed-31cc-4af6-84a8-b4abc16a388d-10,0566a3ed-31cc-4af6-84a8-b4abc16a388d,10,PROD001,119,Each
882b4d8c-886b-4d9e-9bf3-b2fc71efe772-10,882b4d8c-886b-4d9e-9bf3-b2fc71efe772,10,0566a3ed-31cc-4af6-84a8-b4abc16a388d-10,0566a3ed-31cc-4af6-84a8-b4abc16a388d,10,PROD001,291,Each
76fe76ab-dead-423c-9bea-c204ae893a01-10,76fe76ab-dead-423c-9bea-c204ae893a01,10,385c0685-9df1-4af0-8874-4744204a6fa3-10,385c0685-9df1-4af0-8874-4744204a6fa3,10,PROD009,150,Each
76fe76ab-dead-423c-9bea-c204ae893a01-20,76fe76ab-dead-423c-9bea-c204ae893a01,20,385c0685-9df1-4af0-8874-4744204a6fa3-20,385c0685-9df1-4af0-8874-4744204a6fa3,20,PROD004,80,Each
76fe76ab-dead-423c-9bea-c204ae893a01-30,76fe76ab-dead-423c-9bea-c204ae893a01,30,385c0685-9df1-4af0-8874-4744204a6fa3-30,385c0685-9df1-4af0-8874-4744204a6fa3,30,PROD001,400,Each
d16d3da2-bbf9-404b-9987-9585033cc2b7-10,d16d3da2-bbf9-404b-9987-9585033cc2b7,10,7999be2a-9c2a-4750-9de8-ed83e4168eda-10,7999be2a-9c2a-4750-9de8-ed83e4168eda,10,PROD002,470,Each
94ca7081-410e-4b48-b640-ceb039088065-10,94ca7081-410e-4b48-b640-ceb039088065,10,2156f496-e3ac-42bc-86e0-c6e90f591119-20,2156f496-e3ac-42bc-86e0-c6e90f591119,20,PROD007,440,Each
c8466819-ec9a-4ac9-be61-cfacbc92ed1f-10,c8466819-ec9a-4ac9-be61-cfacbc92ed1f,10,2156f496-e3ac-42bc-86e0-c6e90f591119-10,2156f496-e3ac-42bc-86e0-c6e90f591119,10,PROD002,400,Each
c8466819-ec9a-4ac9-be61-cfacbc92ed1f-20,c8466819-ec9a-4ac9-be61-cfacbc92ed1f,20,2156f496-e3ac-42bc-86e0-c6e90f591119-30,2156f496-e3ac-42bc-86e0-c6e90f591119,30,PROD009,180,Each
a710bcff-a38d-4c59-935e-5305323dec3e-10,a710bcff-a38d-4c59-935e-5305323dec3e,10,c18442bf-6110-434f-8bf8-0a098e383fdd-10,c18442bf-6110-434f-8bf8-0a098e383fdd,10,PROD005,110,Each
2a48cc0f-a71a-452b-925e-fff8c9171271-10,2a48cc0f-a71a-452b-925e-fff8c9171271,10,2b8e5124-d007-4a14-82b3-1170165ce2a3-10,2b8e5124-d007-4a14-82b3-1170165ce2a3,10,PROD006,430,Each
2a48cc0f-a71a-452b-925e-fff8c9171271-20,2a48cc0f-a71a-452b-925e-fff8c9171271,20,2b8e5124-d007-4a14-82b3-1170165ce2a3-20,2b8e5124-d007-4a14-82b3-1170165ce2a3,20,PROD008,210,Each
2a48cc0f-a71a-452b-925e-fff8c9171271-30,2a48cc0f-a71a-452b-925e-fff8c9171271,30,2b8e5124-d007-4a14-82b3-1170165ce2a3-30,2b8e5124-d007-4a14-82b3-1170165ce2a3,30,PROD002,240,Each
d4752a64-847f-4b29-a810-531cbe666148-10,d4752a64-847f-4b29-a810-531cbe666148,10,321dcdb7-da33-498c-8daf-6b36774ed961-20,321dcdb7-da33-498c-8daf-6b36774ed961,20,PROD002,500,Each
d3baae74-ab96-4ae4-8a14-057514696e8e-10,d3baae74-ab96-4ae4-8a14-057514696e8e,10,321dcdb7-da33-498c-8daf-6b36774ed961-10,321dcdb7-da33-498c-8daf-6b36774ed961,10,PROD004,380,Each
d3baae74-ab96-4ae4-8a14-057514696e8e-20,d3baae74-ab96-4ae4-8a14-057514696e8e,20,321dcdb7-da33-498c-8daf-6b36774ed961-30,321dcdb7-da33-498c-8daf-6b36774ed961,30,PROD003,210,Each
2faae7f5-41c8-45ba-882c-c294f5482cc4-10,2faae7f5-41c8-45ba-882c-c294f5482cc4,10,9b6c8e14-e00f-42a3-a3e3-14ad7c9b7e84-10,9b6c8e14-e00f-42a3-a3e3-14ad7c9b7e84,10,PROD001,490,Each
8981f96a-e417-4a87-8040-a22f7bf62479-10,8981f96a-e417-4a87-8040-a22f7bf62479,10,cc806aa2-78e2-4dd3-8425-990f170a13a6-10,cc806aa2-78e2-4dd3-8425-990f170a13a6,10,PROD005,450,Each
8981f96a-e417-4a87-8040-a22f7bf62479-20,8981f96a-e417-4a87-8040-a22f7bf62479,20,cc806aa2-78e2-4dd3-8425-990f170a13a6-20,cc806aa2-78e2-4dd3-8425-990f170a13a6,20,PROD008,270,Each
8981f96a-e417-4a87-8040-a22f7bf62479-30,8981f96a-e417-4a87-8040-a22f7bf62479,30,cc806aa2-78e2-4dd3-8425-990f170a13a6-30,cc806aa2-78e2-4dd3-8425-990f170a13a6,30,PROD009,210,Each
121b1607-a3ca-4d9a-af9e-9907617756e0-10,121b1607-a3ca-4d9a-af9e-9907617756e0,10,9a669b93-12f1-4158-8436-d4f9e10f220f-10,9a669b93-12f1-4158-8436-d4f9e10f220f,10,PROD007,310,Each
4311b0b3-b3f4-4ab2-9942-9a6fdc699fb9-10,4311b0b3-b3f4-4ab2-9942-9a6fdc699fb9,10,9a669b93-12f1-4158-8436-d4f9e10f220f-20,9a669b93-12f1-4158-8436-d4f9e10f220f,20,PROD001,50,Each
b72122ab-3e49-4866-8644-3300e027f9d6-10,b72122ab-3e49-4866-8644-3300e027f9d6,10,389d46c3-4b4c-405f-95af-502c70d0ec3d-10,389d46c3-4b4c-405f-95af-502c70d0ec3d,10,PROD005,470,Each
b72122ab-3e49-4866-8644-3300e027f9d6-20,b72122ab-3e49-4866-8644-3300e027f9d6,20,389d46c3-4b4c-405f-95af-502c70d0ec3d-20,389d46c3-4b4c-405f-95af-502c70d0ec3d,20,PROD008,360,Each
b72122ab-3e49-4866-8644-3300e027f9d6-30,b72122ab-3e49-4866-8644-3300e027f9d6,30,389d46c3-4b4c-405f-95af-502c70d0ec3d-30,389d46c3-4b4c-405f-95af-502c70d0ec3d,30,PROD004,400,Each
8b437300-bec8-4f54-be3a-5a3db44f0cfc-10,8b437300-bec8-4f54-be3a-5a3db44f0cfc,10,e9848618-0941-40d3-91a4-aabd4e2f2075-10,e9848618-0941-40d3-91a4-aabd4e2f2075,10,PROD009,200,Each
8b437300-bec8-4f54-be3a-5a3db44f0cfc-20,8b437300-bec8-4f54-be3a-5a3db44f0cfc,20,e9848618-0941-40d3-91a4-aabd4e2f2075-20,e9848618-0941-40d3-91a4-aabd4e2f2075,20,PROD002,290,Each
3d6726a4-05e3-41fb-a08f-d69bf14b452d-10,3d6726a4-05e3-41fb-a08f-d69bf14b452d,10,c7a8afb0-db30-4823-af55-959bfbe389b1-10,c7a8afb0-db30-4823-af55-959bfbe389b1,10,PROD008,300,Each
d0352f29-969e-4d51-8c9e-acbf17d2a8f6-10,d0352f29-969e-4d51-8c9e-acbf17d2a8f6,10,c7a8afb0-db30-4823-af55-959bfbe389b1-20,c7a8afb0-db30-4823-af55-959bfbe389b1,20,PROD009,50,Each
fdca78bd-a39d-4db8-8e08-f43e8a13fa91-10,fdca78bd-a39d-4db8-8e08-f43e8a13fa91,10,b1b8d090-9880-4990-8e93-cbf0186470b8-10,b1b8d090-9880-4990-8e93-cbf0186470b8,10,PROD005,390,Each
fdca78bd-a39d-4db8-8e08-f43e8a13fa91-20,fdca78bd-a39d-4db8-8e08-f43e8a13fa91,20,b1b8d090-9880-4990-8e93-cbf0186470b8-20,b1b8d090-9880-4990-8e93-cbf0186470b8,20,PROD009,60,Each
fdca78bd-a39d-4db8-8e08-f43e8a13fa91-30,fdca78bd-a39d-4db8-8e08-f43e8a13fa91,30,b1b8d090-9880-4990-8e93-cbf0186470b8-30,b1b8d090-9880-4990-8e93-cbf0186470b8,30,PROD004,150,Each
71b0991a-e034-4d6c-b829-6a91e90c492e-10,71b0991a-e034-4d6c-b829-6a91e90c492e,10,490d7aad-4139-4dd4-9d7b-3245cfaa2a4d-10,490d7aad-4139-4dd4-9d7b-3245cfaa2a4d,10,PROD004,130,Each
71b0991a-e034-4d6c-b829-6a91e90c492e-20,71b0991a-e034-4d6c-b829-6a91e90c492e,20,490d7aad-4139-4dd4-9d7b-3245cfaa2a4d-20,490d7aad-4139-4dd4-9d7b-3245cfaa2a4d,20,PROD005,400,Each
6f4e6162-dc66-4a81-b0c8-02201fbd9dfa-10,6f4e6162-dc66-4a81-b0c8-02201fbd9dfa,10,2f2a9643-5bb5-4c2f-aa7c-08ebcf4b5804-20,2f2a9643-5bb5-4c2f-aa7c-08ebcf4b5804,20,PROD007,400,Each
6d9faaa4-e702-4b75-894f-013a07326b15-10,6d9faaa4-e702-4b75-894f-013a07326b15,10,2f2a9643-5bb5-4c2f-aa7c-08ebcf4b5804-10,2f2a9643-5bb5-4c2f-aa7c-08ebcf4b5804,10,PROD008,230,Each
b940f99b-6289-4719-af11-5cf48eca21ce-10,b940f99b-6289-4719-af11-5cf48eca21ce,10,fac8862b-5e26-4456-8901-5ed13aa7928e-10,fac8862b-5e26-4456-8901-5ed13aa7928e,10,PROD003,120,Each
b940f99b-6289-4719-af11-5cf48eca21ce-20,b940f99b-6289-4719-af11-5cf48eca21ce,20,fac8862b-5e26-4456-8901-5ed13aa7928e-20,fac8862b-5e26-4456-8901-5ed13aa7928e,20,PROD009,130,Each
b940f99b-6289-4719-af11-5cf48eca21ce-30,b940f99b-6289-4719-af11-5cf48eca21ce,30,fac8862b-5e26-4456-8901-5ed13aa7928e-30,fac8862b-5e26-4456-8901-5ed13aa7928e,30,PROD007,500,Each
7609bc4a-d058-49f1-b18c-210fab56ec8c-10,7609bc4a-d058-49f1-b18c-210fab56ec8c,10,618f1eac-31f5-49f8-9020-0243e9a8ab9d-10,618f1eac-31f5-49f8-9020-0243e9a8ab9d,10,PROD005,310,Each
7609bc4a-d058-49f1-b18c-210fab56ec8c-20,7609bc4a-d058-49f1-b18c-210fab56ec8c,20,618f1eac-31f5-49f8-9020-0243e9a8ab9d-20,618f1eac-31f5-49f8-9020-0243e9a8ab9d,20,PROD003,460,Each
0662c4f3-068d-4f12-ab0b-049103c1228e-10,0662c4f3-068d-4f12-ab0b-049103c1228e,10,9da81b90-731f-4aaa-af81-d864bc23f83d-20,9da81b90-731f-4aaa-af81-d864bc23f83d,20,PROD001,450,Each
3a8a5bb9-4cdc-4f25-bf45-5b41fefcbfe6-10,3a8a5bb9-4cdc-4f25-bf45-5b41fefcbfe6,10,9da81b90-731f-4aaa-af81-d864bc23f83d-10,9da81b90-731f-4aaa-af81-d864bc23f83d,10,PROD008,480,Each
2e19ac68-bcd2-469d-81b4-6fe68eb99888-10,2e19ac68-bcd2-469d-81b4-6fe68eb99888,10,b22b84ee-81d1-4d95-825c-c7e3f33c4e26-10,b22b84ee-81d1-4d95-825c-c7e3f33c4e26,10,PROD007,390,Each
2e19ac68-bcd2-469d-81b4-6fe68eb99888-20,2e19ac68-bcd2-469d-81b4-6fe68eb99888,20,b22b84ee-81d1-4d95-825c-c7e3f33c4e26-20,b22b84ee-81d1-4d95-825c-c7e3f33c4e26,20,PROD009,200,Each
2e19ac68-bcd2-469d-81b4-6fe68eb99888-30,2e19ac68-bcd2-469d-81b4-6fe68eb99888,30,b22b84ee-81d1-4d95-825c-c7e3f33c4e26-30,b22b84ee-81d1-4d95-825c-c7e3f33c4e26,30,PROD003,140,Each
b562004c-a161-4f8e-a9af-2212d2505a1f-10,b562004c-a161-4f8e-a9af-2212d2505a1f,10,ae5784c4-cb45-4e87-8091-ada887a1d3cc-10,ae5784c4-cb45-4e87-8091-ada887a1d3cc,10,PROD003,360,Each
2f5824de-fe46-4db1-b385-e49fadd53ba0-10,2f5824de-fe46-4db1-b385-e49fadd53ba0,10,4b597aaa-9fbe-4efe-a44d-53b87670c83f-10,4b597aaa-9fbe-4efe-a44d-53b87670c83f,10,PROD009,200,Each
8d1bad57-4f98-406a-b90a-022382f0708a-10,8d1bad57-4f98-406a-b90a-022382f0708a,10,4b597aaa-9fbe-4efe-a44d-53b87670c83f-20,4b597aaa-9fbe-4efe-a44d-53b87670c83f,20,PROD005,390,Each
8d1bad57-4f98-406a-b90a-022382f0708a-20,8d1bad57-4f98-406a-b90a-022382f0708a,20,4b597aaa-9fbe-4efe-a44d-53b87670c83f-30,4b597aaa-9fbe-4efe-a44d-53b87670c83f,30,PROD007,100,Each
04db571f-66a7-4611-9d1e-0cee62b59119-10,04db571f-66a7-4611-9d1e-0cee62b59119,10,8d0aba8a-b2f2-45e0-8099-744840545fe4-10,8d0aba8a-b2f2-45e0-8099-744840545fe4,10,PROD009,80,Each
04db571f-66a7-4611-9d1e-0cee62b59119-20,04db571f-66a7-4611-9d1e-0cee62b59119,20,8d0aba8a-b2f2-45e0-8099-744840545fe4-20,8d0aba8a-b2f2-45e0-8099-744840545fe4,20,PROD005,360,Each
04db571f-66a7-4611-9d1e-0cee62b59119-30,04db571f-66a7-4611-9d1e-0cee62b59119,30,8d0aba8a-b2f2-45e0-8099-744840545fe4-30,8d0aba8a-b2f2-45e0-8099-744840545fe4,30,PROD006,360,Each
bfd2fa2b-0b97-4c47-b63f-bf3e58213ef1-10,bfd2fa2b-0b97-4c47-b63f-bf3e58213ef1,10,1454ab8c-eef6-4165-8b91-a2bee355f524-10,1454ab8c-eef6-4165-8b91-a2bee355f524,10,PROD002,310,Each
bfd2fa2b-0b97-4c47-b63f-bf3e58213ef1-20,bfd2fa2b-0b97-4c47-b63f-bf3e58213ef1,20,1454ab8c-eef6-4165-8b91-a2bee355f524-20,1454ab8c-eef6-4165-8b91-a2bee355f524,20,PROD003,380,Each
bfd2fa2b-0b97-4c47-b63f-bf3e58213ef1-30,bfd2fa2b-0b97-4c47-b63f-bf3e58213ef1,30,1454ab8c-eef6-4165-8b91-a2bee355f524-30,1454ab8c-eef6-4165-8b91-a2bee355f524,30,PROD005,400,Each
57583c1d-4c84-4c2e-9946-56a991a1105d-10,57583c1d-4c84-4c2e-9946-56a991a1105d,10,96878850-7450-43f5-949e-71cd89bd859f-10,96878850-7450-43f5-949e-71cd89bd859f,10,PROD006,110,Each
644f1bad-418c-4ee3-b351-e2bfe32a9c62-10,644f1bad-418c-4ee3-b351-e2bfe32a9c62,10,96878850-7450-43f5-949e-71cd89bd859f-10,96878850-7450-43f5-949e-71cd89bd859f,10,PROD006,180,Each
d66bb166-b0c6-4925-a28e-8cd90e620384-10,d66bb166-b0c6-4925-a28e-8cd90e620384,10,cc6a7ea5-03ea-443e-9f3c-d55fda24a188-10,cc6a7ea5-03ea-443e-9f3c-d55fda24a188,10,PROD002,400,Each
d66bb166-b0c6-4925-a28e-8cd90e620384-20,d66bb166-b0c6-4925-a28e-8cd90e620384,20,cc6a7ea5-03ea-443e-9f3c-d55fda24a188-20,cc6a7ea5-03ea-443e-9f3c-d55fda24a188,20,PROD006,240,Each
4451cff2-1b28-47d9-9dd5-c802e86fba0c-10,4451cff2-1b28-47d9-9dd5-c802e86fba0c,10,ebd17395-aa2c-4b88-8359-1eab8832f580-10,ebd17395-aa2c-4b88-8359-1eab8832f580,10,PROD002,490,Each
4451cff2-1b28-47d9-9dd5-c802e86fba0c-20,4451cff2-1b28-47d9-9dd5-c802e86fba0c,20,ebd17395-aa2c-4b88-8359-1eab8832f580-20,ebd17395-aa2c-4b88-8359-1eab8832f580,20,PROD001,210,Each
4451cff2-1b28-47d9-9dd5-c802e86fba0c-30,4451cff2-1b28-47d9-9dd5-c802e86fba0c,30,ebd17395-aa2c-4b88-8359-1eab8832f580-30,ebd17395-aa2c-4b88-8359-1eab8832f580,30,PROD004,160,Each
612a9144-0c7a-4729-8474-edf0193234d3-10,612a9144-0c7a-4729-8474-edf0193234d3,10,205c3b7a-c4c9-4c39-8160-3444603836b8-10,205c3b7a-c4c9-4c39-8160-3444603836b8,10,PROD006,300,Each
db911c02-b3b6-4fc2-81a3-a05e2a88cb41-10,db911c02-b3b6-4fc2-81a3-a05e2a88cb41,10,205c3b7a-c4c9-4c39-8160-3444603836b8-20,205c3b7a-c4c9-4c39-8160-3444603836b8,20,PROD002,160,Each
db911c02-b3b6-4fc2-81a3-a05e2a88cb41-20,db911c02-b3b6-4fc2-81a3-a05e2a88cb41,20,205c3b7a-c4c9-4c39-8160-3444603836b8-30,205c3b7a-c4c9-4c39-8160-3444603836b8,30,PROD005,500,Each
54592918-fcdd-4fd8-9a36-a7175f808633-10,54592918-fcdd-4fd8-9a36-a7175f808633,10,9fdb6b7f-550a-4ca4-82d1-9e69b3f3c45f-10,9fdb6b7f-550a-4ca4-82d1-9e69b3f3c45f,10,PROD005,100,Each
dc79a550-a449-4a13-8374-5572d284d703-10,dc79a550-a449-4a13-8374-5572d284d703,10,58544542-7bc9-404f-8ef2-e02707ab368f-10,58544542-7bc9-404f-8ef2-e02707ab368f,10,PROD002,140,Each
dc79a550-a449-4a13-8374-5572d284d703-20,dc79a550-a449-4a13-8374-5572d284d703,20,58544542-7bc9-404f-8ef2-e02707ab368f-20,58544542-7bc9-404f-8ef2-e02707ab368f,20,PROD009,190,Each
dc79a550-a449-4a13-8374-5572d284d703-30,dc79a550-a449-4a13-8374-5572d284d703,30,58544542-7bc9-404f-8ef2-e02707ab368f-30,58544542-7bc9-404f-8ef2-e02707ab368f,30,PROD005,100,Each
798fe3fd-228a-4b54-87ec-4c69968c50c8-10,798fe3fd-228a-4b54-87ec-4c69968c50c8,10,29f395a2-e1af-41f4-b80c-3ebf05f4a5f9-20,29f395a2-e1af-41f4-b80c-3ebf05f4a5f9,20,PROD007,250,Each
3f0bd59f-146f-4183-b65b-643e96cc9c48-10,3f0bd59f-146f-4183-b65b-643e96cc9c48,10,29f395a2-e1af-41f4-b80c-3ebf05f4a5f9-10,29f395a2-e1af-41f4-b80c-3ebf05f4a5f9,10,PROD009,210,Each
8eb4c03b-a722-40c6-9bca-5bacbcda9b11-10,8eb4c03b-a722-40c6-9bca-5bacbcda9b11,10,3ddf660e-d938-4f05-a91f-c5de55baff3a-10,3ddf660e-d938-4f05-a91f-c5de55baff3a,10,PROD005,50,Each
8eb4c03b-a722-40c6-9bca-5bacbcda9b11-20,8eb4c03b-a722-40c6-9bca-5bacbcda9b11,20,3ddf660e-d938-4f05-a91f-c5de55baff3a-20,3ddf660e-d938-4f05-a91f-c5de55baff3a,20,PROD003,130,Each
8eb4c03b-a722-40c6-9bca-5bacbcda9b11-30,8eb4c03b-a722-40c6-9bca-5bacbcda9b11,30,3ddf660e-d938-4f05-a91f-c5de55baff3a-30,3ddf660e-d938-4f05-a91f-c5de55baff3a,30,PROD002,210,Each
4ba62cb2-643a-414e-82f9-e19ebe1f1773-10,4ba62cb2-643a-414e-82f9-e19ebe1f1773,10,fb02df10-5506-4cca-bd04-a145e9247ce1-10,fb02df10-5506-4cca-bd04-a145e9247ce1,10,PROD001,480,Each
4ba62cb2-643a-414e-82f9-e19ebe1f1773-20,4ba62cb2-643a-414e-82f9-e19ebe1f1773,20,fb02df10-5506-4cca-bd04-a145e9247ce1-20,fb02df10-5506-4cca-bd04-a145e9247ce1,20,PROD005,200,Each
4ba62cb2-643a-414e-82f9-e19ebe1f1773-30,4ba62cb2-643a-414e-82f9-e19ebe1f1773,30,fb02df10-5506-4cca-bd04-a145e9247ce1-30,fb02df10-5506-4cca-bd04-a145e9247ce1,30,PROD003,470,Each
1ce44680-a173-42ad-9d00-fd0fcd416d2d-10,1ce44680-a173-42ad-9d00-fd0fcd416d2d,10,39d8f36d-aab8-41b9-8561-616487842652-30,39d8f36d-aab8-41b9-8561-616487842652,30,PROD004,60,Each
0af8fea9-9e8a-4878-a644-15a40c54db75-10,0af8fea9-9e8a-4878-a644-15a40c54db75,10,39d8f36d-aab8-41b9-8561-616487842652-10,39d8f36d-aab8-41b9-8561-616487842652,10,PROD001,460,Each
0af8fea9-9e8a-4878-a644-15a40c54db75-20,0af8fea9-9e8a-4878-a644-15a40c54db75,20,39d8f36d-aab8-41b9-8561-616487842652-20,39d8f36d-aab8-41b9-8561-616487842652,20,PROD005,130,Each
4c76c1d3-815e-4d5b-9b31-dbe93321f5bb-10,4c76c1d3-815e-4d5b-9b31-dbe93321f5bb,10,3840ea47-a1e0-4258-a917-56b73165f761-10,3840ea47-a1e0-4258-a917-56b73165f761,10,PROD002,220,Each
4c76c1d3-815e-4d5b-9b31-dbe93321f5bb-20,4c76c1d3-815e-4d5b-9b31-dbe93321f5bb,20,3840ea47-a1e0-4258-a917-56b73165f761-20,3840ea47-a1e0-4258-a917-56b73165f761,20,PROD005,130,Each
358c9396-d144-424a-ab16-213b61653f3d-10,358c9396-d144-424a-ab16-213b61653f3d,10,503312d3-7e4e-4e22-9a6a-9551cf3645cb-10,503312d3-7e4e-4e22-9a6a-9551cf3645cb,10,PROD005,50,Each
e3cf68a5-8125-4c7e-a456-97a92ee6ade4-10,e3cf68a5-8125-4c7e-a456-97a92ee6ade4,10,7705e00f-f670-4218-86a3-b6b2a812c5bd-10,7705e00f-f670-4218-86a3-b6b2a812c5bd,10,PROD002,137,Each
0fe1f3ad-5980-4501-af93-92514f2abb21-10,0fe1f3ad-5980-4501-af93-92514f2abb21,10,7705e00f-f670-4218-86a3-b6b2a812c5bd-10,7705e00f-f670-4218-86a3-b6b2a812c5bd,10,PROD002,243,Each
a7c5df25-bc31-4716-aa14-aeb9ad6ad750-10,a7c5df25-bc31-4716-aa14-aeb9ad6ad750,10,c2d55ce3-10f1-4eb7-b5be-04bcd35f9708-10,c2d55ce3-10f1-4eb7-b5be-04bcd35f9708,10,PROD006,450,Each
a7c5df25-bc31-4716-aa14-aeb9ad6ad750-20,a7c5df25-bc31-4716-aa14-aeb9ad6ad750,20,c2d55ce3-10f1-4eb7-b5be-04bcd35f9708-20,c2d55ce3-10f1-4eb7-b5be-04bcd35f9708,20,PROD005,420,Each
a7c5df25-bc31-4716-aa14-aeb9ad6ad750-30,a7c5df25-bc31-4716-aa14-aeb9ad6ad750,30,c2d55ce3-10f1-4eb7-b5be-04bcd35f9708-30,c2d55ce3-10f1-4eb7-b5be-04bcd35f9708,30,PROD008,360,Each
3766db94-0c06-49a0-98e0-152380a8b2ff-10,3766db94-0c06-49a0-98e0-152380a8b2ff,10,34488b82-207d-44df-bd12-a6dcdf100067-10,34488b82-207d-44df-bd12-a6dcdf100067,10,PROD001,50,Each
3766db94-0c06-49a0-98e0-152380a8b2ff-20,3766db94-0c06-49a0-98e0-152380a8b2ff,20,34488b82-207d-44df-bd12-a6dcdf100067-20,34488b82-207d-44df-bd12-a6dcdf100067,20,PROD008,470,Each
3766db94-0c06-49a0-98e0-152380a8b2ff-30,3766db94-0c06-49a0-98e0-152380a8b2ff,30,34488b82-207d-44df-bd12-a6dcdf100067-30,34488b82-207d-44df-bd12-a6dcdf100067,30,PROD009,310,Each
6a2ec600-cf82-4e79-af38-5a3a8808c7f7-10,6a2ec600-cf82-4e79-af38-5a3a8808c7f7,10,94cb7124-cc86-4ead-ab5b-91096ecf63a7-10,94cb7124-cc86-4ead-ab5b-91096ecf63a7,10,PROD004,130,Each
e1e5b885-32cf-4a09-bb37-02cf9faf5bdf-10,e1e5b885-32cf-4a09-bb37-02cf9faf5bdf,10,94cb7124-cc86-4ead-ab5b-91096ecf63a7-20,94cb7124-cc86-4ead-ab5b-91096ecf63a7,20,PROD001,170,Each
e1e5b885-32cf-4a09-bb37-02cf9faf5bdf-20,e1e5b885-32cf-4a09-bb37-02cf9faf5bdf,20,94cb7124-cc86-4ead-ab5b-91096ecf63a7-30,94cb7124-cc86-4ead-ab5b-91096ecf63a7,30,PROD002,260,Each
80e99537-568e-4e11-8534-8f5a38bf74d7-10,80e99537-568e-4e11-8534-8f5a38bf74d7,10,484cd024-6cd7-44b8-911d-0f6393a1f5ec-10,484cd024-6cd7-44b8-911d-0f6393a1f5ec,10,PROD001,80,Each
6b78c0b6-b594-4af6-aa27-1df6931895b6-10,6b78c0b6-b594-4af6-aa27-1df6931895b6,10,614547e5-a56c-44e5-bc98-fbc7c9e169cf-10,614547e5-a56c-44e5-bc98-fbc7c9e169cf,10,PROD008,270,Each
6b78c0b6-b594-4af6-aa27-1df6931895b6-20,6b78c0b6-b594-4af6-aa27-1df6931895b6,20,614547e5-a56c-44e5-bc98-fbc7c9e169cf-20,614547e5-a56c-44e5-bc98-fbc7c9e169cf,20,PROD002,190,Each
6b78c0b6-b594-4af6-aa27-1df6931895b6-30,6b78c0b6-b594-4af6-aa27-1df6931895b6,30,614547e5-a56c-44e5-bc98-fbc7c9e169cf-30,614547e5-a56c-44e5-bc98-fbc7c9e169cf,30,PROD004,470,Each
a11ee1ce-0c00-4f19-ae3c-f143805595e9-10,a11ee1ce-0c00-4f19-ae3c-f143805595e9,10,a78b9436-9485-44c9-83b0-d69f9864a823-10,a78b9436-9485-44c9-83b0-d69f9864a823,10,PROD003,370,Each
b128e308-a255-414a-bc46-2435f8b21419-10,b128e308-a255-414a-bc46-2435f8b21419,10,a78b9436-9485-44c9-83b0-d69f9864a823-20,a78b9436-9485-44c9-83b0-d69f9864a823,20,PROD008,120,Each
b128e308-a255-414a-bc46-2435f8b21419-20,b128e308-a255-414a-bc46-2435f8b21419,20,a78b9436-9485-44c9-83b0-d69f9864a823-30,a78b9436-9485-44c9-83b0-d69f9864a823,30,PROD006,290,Each
a239371d-0c22-4975-a86d-8c80074f3ff8-10,a239371d-0c22-4975-a86d-8c80074f3ff8,10,6cc34a64-09e9-456f-907a-84659dfe09fc-10,6cc34a64-09e9-456f-907a-84659dfe09fc,10,PROD006,130,Each
a239371d-0c22-4975-a86d-8c80074f3ff8-20,a239371d-0c22-4975-a86d-8c80074f3ff8,20,6cc34a64-09e9-456f-907a-84659dfe09fc-20,6cc34a64-09e9-456f-907a-84659dfe09fc,20,PROD003,440,Each
a883c9bb-988d-44d0-b890-1e8f486d5fd5-10,a883c9bb-988d-44d0-b890-1e8f486d5fd5,10,3d6656a4-0125-4a2b-a817-8c9d75994e6f-10,3d6656a4-0125-4a2b-a817-8c9d75994e6f,10,PROD004,170,Each
a883c9bb-988d-44d0-b890-1e8f486d5fd5-20,a883c9bb-988d-44d0-b890-1e8f486d5fd5,20,3d6656a4-0125-4a2b-a817-8c9d75994e6f-20,3d6656a4-0125-4a2b-a817-8c9d75994e6f,20,PROD009,200,Each
a883c9bb-988d-44d0-b890-1e8f486d5fd5-30,a883c9bb-988d-44d0-b890-1e8f486d5fd5,30,3d6656a4-0125-4a2b-a817-8c9d75994e6f-30,3d6656a4-0125-4a2b-a817-8c9d75994e6f,30,PROD005,430,Each
910c0289-89b0-4d14-8895-eb7446f22c03-10,910c0289-89b0-4d14-8895-eb7446f22c03,10,cf5c2626-b370-4f77-bfc0-8b443cfdd810-20,cf5c2626-b370-4f77-bfc0-8b443cfdd810,20,PROD007,450,Each
aa1109df-4157-44e5-963b-b77513a346b8-10,aa1109df-4157-44e5-963b-b77513a346b8,10,cf5c2626-b370-4f77-bfc0-8b443cfdd810-10,cf5c2626-b370-4f77-bfc0-8b443cfdd810,10,PROD002,240,Each
2ed2bc95-21c6-4ed9-b961-9d897b45ec0a-10,2ed2bc95-21c6-4ed9-b961-9d897b45ec0a,10,0b8a1a1d-6a9e-4f35-8073-7276c6fb5dd6-10,0b8a1a1d-6a9e-4f35-8073-7276c6fb5dd6,10,PROD004,470,Each
2ed2bc95-21c6-4ed9-b961-9d897b45ec0a-20,2ed2bc95-21c6-4ed9-b961-9d897b45ec0a,20,0b8a1a1d-6a9e-4f35-8073-7276c6fb5dd6-20,0b8a1a1d-6a9e-4f35-8073-7276c6fb5dd6,20,PROD003,440,Each
793287c1-93a5-4dda-aec4-32a0d0fe00dc-10,793287c1-93a5-4dda-aec4-32a0d0fe00dc,10,3f4b28af-d41f-48cc-9fdd-80dad42e8f9a-10,3f4b28af-d41f-48cc-9fdd-80dad42e8f9a,10,PROD003,270,Each
793287c1-93a5-4dda-aec4-32a0d0fe00dc-20,793287c1-93a5-4dda-aec4-32a0d0fe00dc,20,3f4b28af-d41f-48cc-9fdd-80dad42e8f9a-20,3f4b28af-d41f-48cc-9fdd-80dad42e8f9a,20,PROD001,280,Each
3f06da14-848d-404e-aa7f-4528224c259e-10,3f06da14-848d-404e-aa7f-4528224c259e,10,f7112e42-97b5-42bf-8836-219ddafa215d-20,f7112e42-97b5-42bf-8836-219ddafa215d,20,PROD004,220,Each
bc394826-4eab-4cfe-bc38-b4ef3dfeaa11-10,bc394826-4eab-4cfe-bc38-b4ef3dfeaa11,10,f7112e42-97b5-42bf-8836-219ddafa215d-10,f7112e42-97b5-42bf-8836-219ddafa215d,10,PROD003,110,Each
7b7f9426-e8ad-4e73-b5ac-9cb08a9048b5-10,7b7f9426-e8ad-4e73-b5ac-9cb08a9048b5,10,e455098a-ccaa-48a4-bd36-9a7ac4f72221-10,e455098a-ccaa-48a4-bd36-9a7ac4f72221,10,PROD006,100,Each
7b7f9426-e8ad-4e73-b5ac-9cb08a9048b5-20,7b7f9426-e8ad-4e73-b5ac-9cb08a9048b5,20,e455098a-ccaa-48a4-bd36-9a7ac4f72221-20,e455098a-ccaa-48a4-bd36-9a7ac4f72221,20,PROD003,130,Each
7b7f9426-e8ad-4e73-b5ac-9cb08a9048b5-30,7b7f9426-e8ad-4e73-b5ac-9cb08a9048b5,30,e455098a-ccaa-48a4-bd36-9a7ac4f72221-30,e455098a-ccaa-48a4-bd36-9a7ac4f72221,30,PROD004,390,Each
c69a025c-90c3-4fdc-a7f0-9ffc328a7881-10,c69a025c-90c3-4fdc-a7f0-9ffc328a7881,10,0164fe50-749b-43be-9dbc-f9f0e2f65029-10,0164fe50-749b-43be-9dbc-f9f0e2f65029,10,PROD002,60,Each
c69a025c-90c3-4fdc-a7f0-9ffc328a7881-20,c69a025c-90c3-4fdc-a7f0-9ffc328a7881,20,0164fe50-749b-43be-9dbc-f9f0e2f65029-20,0164fe50-749b-43be-9dbc-f9f0e2f65029,20,PROD007,400,Each
92e11dcc-f275-4f32-b3b3-3333612b3905-10,92e11dcc-f275-4f32-b3b3-3333612b3905,10,9d19dc78-9906-48fb-84f2-7461e24ec8b7-10,9d19dc78-9906-48fb-84f2-7461e24ec8b7,10,PROD006,220,Each
33036358-3f24-4a67-8fbf-9ee0b8769e9a-10,33036358-3f24-4a67-8fbf-9ee0b8769e9a,10,9d19dc78-9906-48fb-84f2-7461e24ec8b7-20,9d19dc78-9906-48fb-84f2-7461e24ec8b7,20,PROD002,310,Each
33036358-3f24-4a67-8fbf-9ee0b8769e9a-20,33036358-3f24-4a67-8fbf-9ee0b8769e9a,20,9d19dc78-9906-48fb-84f2-7461e24ec8b7-30,9d19dc78-9906-48fb-84f2-7461e24ec8b7,30,PROD003,390,Each
3fc627bb-73c4-41ec-afcf-5210f16ab876-10,3fc627bb-73c4-41ec-afcf-5210f16ab876,10,d313ac92-7eb7-426a-b5eb-93c0c66ddfc0-10,d313ac92-7eb7-426a-b5eb-93c0c66ddfc0,10,PROD005,390,Each
d522eb4f-9a3e-461c-a094-368874b5df68-10,d522eb4f-9a3e-461c-a094-368874b5df68,10,6146cfe3-c670-49c7-b27f-2a72ea1a2382-10,6146cfe3-c670-49c7-b27f-2a72ea1a2382,10,PROD001,230,Each
d522eb4f-9a3e-461c-a094-368874b5df68-20,d522eb4f-9a3e-461c-a094-368874b5df68,20,6146cfe3-c670-49c7-b27f-2a72ea1a2382-20,6146cfe3-c670-49c7-b27f-2a72ea1a2382,20,PROD006,90,Each
9c4d052a-c808-4b77-8a69-ac3afb84f811-10,9c4d052a-c808-4b77-8a69-ac3afb84f811,10,5f9091b2-87e9-47a6-b257-6a3c470365b7-10,5f9091b2-87e9-47a6-b257-6a3c470365b7,10,PROD003,113,Each
c2286e30-7916-49b0-808b-a5790e6e0cce-10,c2286e30-7916-49b0-808b-a5790e6e0cce,10,5f9091b2-87e9-47a6-b257-6a3c470365b7-10,5f9091b2-87e9-47a6-b257-6a3c470365b7,10,PROD003,97,Each
2cde7424-8d55-445b-a3cb-a29f93301916-10,2cde7424-8d55-445b-a3cb-a29f93301916,10,0b427044-618e-4756-b310-4ac6e0f1dc4e-10,0b427044-618e-4756-b310-4ac6e0f1dc4e,10,PROD003,80,Each
0932e72b-764e-412f-9549-dea70ea7f525-10,0932e72b-764e-412f-9549-dea70ea7f525,10,1742d2b3-a914-4ecf-ac82-debd4bb6c3d3-10,1742d2b3-a914-4ecf-ac82-debd4bb6c3d3,10,PROD001,250,Each
0932e72b-764e-412f-9549-dea70ea7f525-20,0932e72b-764e-412f-9549-dea70ea7f525,20,1742d2b3-a914-4ecf-ac82-debd4bb6c3d3-20,1742d2b3-a914-4ecf-ac82-debd4bb6c3d3,20,PROD002,50,Each
10811af0-2026-4e2c-a0c5-c486b89c415e-10,10811af0-2026-4e2c-a0c5-c486b89c415e,10,f6d135ec-b30d-4858-94a8-20f7ec5b375c-20,f6d135ec-b30d-4858-94a8-20f7ec5b375c,20,PROD005,410,Each
4c294f41-8978-43d1-8a74-e7bdb774b024-10,4c294f41-8978-43d1-8a74-e7bdb774b024,10,f6d135ec-b30d-4858-94a8-20f7ec5b375c-10,f6d135ec-b30d-4858-94a8-20f7ec5b375c,10,PROD007,350,Each
98e1a02d-a20f-4ac0-bce8-ec39570aac8b-10,98e1a02d-a20f-4ac0-bce8-ec39570aac8b,10,1a3975ee-e381-4820-a392-ab3fc71fe609-10,1a3975ee-e381-4820-a392-ab3fc71fe609,10,PROD005,130,Each
98e1a02d-a20f-4ac0-bce8-ec39570aac8b-20,98e1a02d-a20f-4ac0-bce8-ec39570aac8b,20,1a3975ee-e381-4820-a392-ab3fc71fe609-20,1a3975ee-e381-4820-a392-ab3fc71fe609,20,PROD001,340,Each
7687f048-e83c-417c-9a8e-8fb096635a56-10,7687f048-e83c-417c-9a8e-8fb096635a56,10,f8322384-12e2-4738-bd04-9fca0028d057-10,f8322384-12e2-4738-bd04-9fca0028d057,10,PROD009,420,Each
7687f048-e83c-417c-9a8e-8fb096635a56-20,7687f048-e83c-417c-9a8e-8fb096635a56,20,f8322384-12e2-4738-bd04-9fca0028d057-20,f8322384-12e2-4738-bd04-9fca0028d057,20,PROD004,370,Each
7687f048-e83c-417c-9a8e-8fb096635a56-30,7687f048-e83c-417c-9a8e-8fb096635a56,30,f8322384-12e2-4738-bd04-9fca0028d057-30,f8322384-12e2-4738-bd04-9fca0028d057,30,PROD003,240,Each
a0692461-9836-4f0a-9de4-718d6ca97dce-10,a0692461-9836-4f0a-9de4-718d6ca97dce,10,b5078741-ee08-46f5-82a0-ea3f627fe6a3-20,b5078741-ee08-46f5-82a0-ea3f627fe6a3,20,PROD008,150,Each
2819fd7e-9467-4007-a290-2f4cb552293c-10,2819fd7e-9467-4007-a290-2f4cb552293c,10,b5078741-ee08-46f5-82a0-ea3f627fe6a3-10,b5078741-ee08-46f5-82a0-ea3f627fe6a3,10,PROD006,110,Each
2819fd7e-9467-4007-a290-2f4cb552293c-20,2819fd7e-9467-4007-a290-2f4cb552293c,20,b5078741-ee08-46f5-82a0-ea3f627fe6a3-30,b5078741-ee08-46f5-82a0-ea3f627fe6a3,30,PROD001,380,Each
610b660d-6ea5-4f37-9f17-6f7244218f17-10,610b660d-6ea5-4f37-9f17-6f7244218f17,10,a64a18b9-f3b4-4d1c-8240-10cbbcf7caec-10,a64a18b9-f3b4-4d1c-8240-10cbbcf7caec,10,PROD009,60,Each
610b660d-6ea5-4f37-9f17-6f7244218f17-20,610b660d-6ea5-4f37-9f17-6f7244218f17,20,a64a18b9-f3b4-4d1c-8240-10cbbcf7caec-20,a64a18b9-f3b4-4d1c-8240-10cbbcf7caec,20,PROD003,170,Each
91a7feaf-f766-4e76-b220-6846785ee514-10,91a7feaf-f766-4e76-b220-6846785ee514,10,cb47b980-b4be-4bb0-973c-f71fbb300cc3-10,cb47b980-b4be-4bb0-973c-f71fbb300cc3,10,PROD009,460,Each
87c48684-e1ca-43d1-8aad-f10ab9acd858-10,87c48684-e1ca-43d1-8aad-f10ab9acd858,10,f0dd81ac-59b5-4c68-88f0-f2786296f5db-20,f0dd81ac-59b5-4c68-88f0-f2786296f5db,20,PROD006,80,Each
c1f90b8e-e6fb-49a3-a4c5-a96101f320df-10,c1f90b8e-e6fb-49a3-a4c5-a96101f320df,10,f0dd81ac-59b5-4c68-88f0-f2786296f5db-10,f0dd81ac-59b5-4c68-88f0-f2786296f5db,10,PROD009,380,Each
c1f90b8e-e6fb-49a3-a4c5-a96101f320df-20,c1f90b8e-e6fb-49a3-a4c5-a96101f320df,20,f0dd81ac-59b5-4c68-88f0-f2786296f5db-30,f0dd81ac-59b5-4c68-88f0-f2786296f5db,30,PROD007,70,Each
5ccb4fc5-c757-4c65-999a-9c82a42c4ea2-10,5ccb4fc5-c757-4c65-999a-9c82a42c4ea2,10,5f58e7fd-0ee6-47e5-84ad-dfb23c1ebbdc-10,5f58e7fd-0ee6-47e5-84ad-dfb23c1ebbdc,10,PROD005,310,Each
5ccb4fc5-c757-4c65-999a-9c82a42c4ea2-20,5ccb4fc5-c757-4c65-999a-9c82a42c4ea2,20,5f58e7fd-0ee6-47e5-84ad-dfb23c1ebbdc-20,5f58e7fd-0ee6-47e5-84ad-dfb23c1ebbdc,20,PROD001,210,Each
86d49a26-7077-45ba-89a1-450a10aaf187-10,86d49a26-7077-45ba-89a1-450a10aaf187,10,8de6df93-8a8f-44a7-9aec-59d991311011-10,8de6df93-8a8f-44a7-9aec-59d991311011,10,PROD002,470,Each
77370807-348f-4378-9c43-50fbc61466fe-10,77370807-348f-4378-9c43-50fbc61466fe,10,2df08dce-eeb2-4fbc-91fc-ff1368f60a33-10,2df08dce-eeb2-4fbc-91fc-ff1368f60a33,10,PROD005,91,Each
a0eba48b-8e0c-4e20-8af6-64f94df878e2-10,a0eba48b-8e0c-4e20-8af6-64f94df878e2,10,2df08dce-eeb2-4fbc-91fc-ff1368f60a33-10,2df08dce-eeb2-4fbc-91fc-ff1368f60a33,10,PROD005,99,Each
ea1d3924-a18c-4e78-ace5-742c51736b1f-10,ea1d3924-a18c-4e78-ace5-742c51736b1f,10,c4b87d75-22c3-4993-b156-45683ed1425c-10,c4b87d75-22c3-4993-b156-45683ed1425c,10,PROD006,200,Each
ea1d3924-a18c-4e78-ace5-742c51736b1f-20,ea1d3924-a18c-4e78-ace5-742c51736b1f,20,c4b87d75-22c3-4993-b156-45683ed1425c-20,c4b87d75-22c3-4993-b156-45683ed1425c,20,PROD005,420,Each
ebb4faa1-7045-4734-92ec-fa81855e4c36-10,ebb4faa1-7045-4734-92ec-fa81855e4c36,10,635e445a-9191-4079-8977-db9ba3bd5345-10,635e445a-9191-4079-8977-db9ba3bd5345,10,PROD009,390,Each
f22a21bc-3c30-4cf3-b7c8-7e540428146c-10,f22a21bc-3c30-4cf3-b7c8-7e540428146c,10,c593fcbd-ffc1-4809-af29-69761cd3e1ef-30,c593fcbd-ffc1-4809-af29-69761cd3e1ef,30,PROD004,150,Each
fc13289f-8031-4d64-85b8-fe2be1f1e351-10,fc13289f-8031-4d64-85b8-fe2be1f1e351,10,c593fcbd-ffc1-4809-af29-69761cd3e1ef-10,c593fcbd-ffc1-4809-af29-69761cd3e1ef,10,PROD001,200,Each
fc13289f-8031-4d64-85b8-fe2be1f1e351-20,fc13289f-8031-4d64-85b8-fe2be1f1e351,20,c593fcbd-ffc1-4809-af29-69761cd3e1ef-20,c593fcbd-ffc1-4809-af29-69761cd3e1ef,20,PROD002,300,Each
e06ae491-9bbd-41c4-8851-bb03419a4916-10,e06ae491-9bbd-41c4-8851-bb03419a4916,10,c2398207-a868-44fa-987d-1d5d5b171af2-10,c2398207-a868-44fa-987d-1d5d5b171af2,10,PROD004,280,Each
e06ae491-9bbd-41c4-8851-bb03419a4916-20,e06ae491-9bbd-41c4-8851-bb03419a4916,20,c2398207-a868-44fa-987d-1d5d5b171af2-20,c2398207-a868-44fa-987d-1d5d5b171af2,20,PROD007,50,Each
2a984d43-e331-4a60-8106-6f42a5bcc3b6-10,2a984d43-e331-4a60-8106-6f42a5bcc3b6,10,5444b6af-5cf2-4787-8566-fa22554cf902-10,5444b6af-5cf2-4787-8566-fa22554cf902,10,PROD002,130,Each
2a984d43-e331-4a60-8106-6f42a5bcc3b6-20,2a984d43-e331-4a60-8106-6f42a5bcc3b6,20,5444b6af-5cf2-4787-8566-fa22554cf902-20,5444b6af-5cf2-4787-8566-fa22554cf902,20,PROD007,310,Each
65236043-c5f8-4b93-90f3-54ed43c7aed9-10,65236043-c5f8-4b93-90f3-54ed43c7aed9,10,9d737a3f-3517-4a2d-8a81-bc27420ee037-10,9d737a3f-3517-4a2d-8a81-bc27420ee037,10,PROD006,300,Each
815ab040-c97f-4e9e-a581-9f260e312a7d-10,815ab040-c97f-4e9e-a581-9f260e312a7d,10,9d737a3f-3517-4a2d-8a81-bc27420ee037-20,9d737a3f-3517-4a2d-8a81-bc27420ee037,20,PROD003,310,Each
815ab040-c97f-4e9e-a581-9f260e312a7d-20,815ab040-c97f-4e9e-a581-9f260e312a7d,20,9d737a3f-3517-4a2d-8a81-bc27420ee037-30,9d737a3f-3517-4a2d-8a81-bc27420ee037,30,PROD005,470,Each
8164f31d-0ed6-4139-b1f2-2adbd56a9e1f-10,8164f31d-0ed6-4139-b1f2-2adbd56a9e1f,10,0d0fb2c2-5269-4a3c-9084-275964bc247c-10,0d0fb2c2-5269-4a3c-9084-275964bc247c,10,PROD005,340,Each
8164f31d-0ed6-4139-b1f2-2adbd56a9e1f-20,8164f31d-0ed6-4139-b1f2-2adbd56a9e1f,20,0d0fb2c2-5269-4a3c-9084-275964bc247c-20,0d0fb2c2-5269-4a3c-9084-275964bc247c,20,PROD001,200,Each
8164f31d-0ed6-4139-b1f2-2adbd56a9e1f-30,8164f31d-0ed6-4139-b1f2-2adbd56a9e1f,30,0d0fb2c2-5269-4a3c-9084-275964bc247c-30,0d0fb2c2-5269-4a3c-9084-275964bc247c,30,PROD007,160,Each
5d010455-463e-4714-af98-d12d63dc9347-10,5d010455-463e-4714-af98-d12d63dc9347,10,683ca591-8f2e-4afd-b098-f7b5fb5ef2f8-10,683ca591-8f2e-4afd-b098-f7b5fb5ef2f8,10,PROD006,280,Each
da6f0546-d007-4f3d-965e-ffac06388897-10,da6f0546-d007-4f3d-965e-ffac06388897,10,928363c4-40bf-4ed0-8b41-2cdaa4da5773-30,928363c4-40bf-4ed0-8b41-2cdaa4da5773,30,PROD004,100,Each
bfae1ac4-337e-4802-ab67-7cb0eaa48169-10,bfae1ac4-337e-4802-ab67-7cb0eaa48169,10,928363c4-40bf-4ed0-8b41-2cdaa4da5773-10,928363c4-40bf-4ed0-8b41-2cdaa4da5773,10,PROD002,340,Each
bfae1ac4-337e-4802-ab67-7cb0eaa48169-20,bfae1ac4-337e-4802-ab67-7cb0eaa48169,20,928363c4-40bf-4ed0-8b41-2cdaa4da5773-20,928363c4-40bf-4ed0-8b41-2cdaa4da5773,20,PROD001,60,Each
651948b6-4940-4e23-b76a-1ef7fefd7b40-10,651948b6-4940-4e23-b76a-1ef7fefd7b40,10,76327f57-27df-4d52-92fe-e3d8a9228e58-10,76327f57-27df-4d52-92fe-e3d8a9228e58,10,PROD004,230,Each
651948b6-4940-4e23-b76a-1ef7fefd7b40-20,651948b6-4940-4e23-b76a-1ef7fefd7b40,20,76327f57-27df-4d52-92fe-e3d8a9228e58-20,76327f57-27df-4d52-92fe-e3d8a9228e58,20,PROD007,50,Each
a484c825-0053-4c00-8dc5-2b94fd7318b4-10,a484c825-0053-4c00-8dc5-2b94fd7318b4,10,5e6f4267-7de6-4d6e-9514-93c34f226821-10,5e6f4267-7de6-4d6e-9514-93c34f226821,10,PROD003,380,Each
a484c825-0053-4c00-8dc5-2b94fd7318b4-20,a484c825-0053-4c00-8dc5-2b94fd7318b4,20,5e6f4267-7de6-4d6e-9514-93c34f226821-20,5e6f4267-7de6-4d6e-9514-93c34f226821,20,PROD004,230,Each
a484c825-0053-4c00-8dc5-2b94fd7318b4-30,a484c825-0053-4c00-8dc5-2b94fd7318b4,30,5e6f4267-7de6-4d6e-9514-93c34f226821-30,5e6f4267-7de6-4d6e-9514-93c34f226821,30,PROD008,150,Each
26974e0d-55a1-4547-9def-ce761fb27215-10,26974e0d-55a1-4547-9def-ce761fb27215,10,4bcd0209-6b8e-4bbc-aafd-3cc0f92a3bb5-10,4bcd0209-6b8e-4bbc-aafd-3cc0f92a3bb5,10,PROD006,410,Each
eccf2d16-30ac-414d-816f-4e4705958d5b-10,eccf2d16-30ac-414d-816f-4e4705958d5b,10,4bcd0209-6b8e-4bbc-aafd-3cc0f92a3bb5-20,4bcd0209-6b8e-4bbc-aafd-3cc0f92a3bb5,20,PROD009,210,Each
cc215150-ada7-46d4-beb0-6bf5daf5dbe9-10,cc215150-ada7-46d4-beb0-6bf5daf5dbe9,10,c7949bda-d8d7-4548-ad05-e8a5ead321ce-10,c7949bda-d8d7-4548-ad05-e8a5ead321ce,10,PROD006,320,Each
cc215150-ada7-46d4-beb0-6bf5daf5dbe9-20,cc215150-ada7-46d4-beb0-6bf5daf5dbe9,20,c7949bda-d8d7-4548-ad05-e8a5ead321ce-20,c7949bda-d8d7-4548-ad05-e8a5ead321ce,20,PROD002,370,Each
cc215150-ada7-46d4-beb0-6bf5daf5dbe9-30,cc215150-ada7-46d4-beb0-6bf5daf5dbe9,30,c7949bda-d8d7-4548-ad05-e8a5ead321ce-30,c7949bda-d8d7-4548-ad05-e8a5ead321ce,30,PROD005,470,Each
dc596781-f863-4a98-8059-62ef485872f8-10,dc596781-f863-4a98-8059-62ef485872f8,10,275687f2-2c6d-4830-b07e-62c83f3ea53e-10,275687f2-2c6d-4830-b07e-62c83f3ea53e,10,PROD003,350,Each
bde095f9-a509-4cb8-af03-3f4c13b5d7da-10,bde095f9-a509-4cb8-af03-3f4c13b5d7da,10,9807ecef-6541-40d9-9ab2-2a2f12038962-30,9807ecef-6541-40d9-9ab2-2a2f12038962,30,PROD007,120,Each
77a7af34-9a18-4a50-a413-55324e7fa35e-10,77a7af34-9a18-4a50-a413-55324e7fa35e,10,9807ecef-6541-40d9-9ab2-2a2f12038962-10,9807ecef-6541-40d9-9ab2-2a2f12038962,10,PROD005,480,Each
77a7af34-9a18-4a50-a413-55324e7fa35e-20,77a7af34-9a18-4a50-a413-55324e7fa35e,20,9807ecef-6541-40d9-9ab2-2a2f12038962-20,9807ecef-6541-40d9-9ab2-2a2f12038962,20,PROD006,390,Each
55ac345e-a2e1-400d-a294-fdbdbd8500e6-10,55ac345e-a2e1-400d-a294-fdbdbd8500e6,10,51567fd8-2ef9-4bcd-b7f3-358f6a45072a-10,51567fd8-2ef9-4bcd-b7f3-358f6a45072a,10,PROD009,240,Each
30c99d36-ff68-43c0-b1e6-d85a947679a4-10,30c99d36-ff68-43c0-b1e6-d85a947679a4,10,c30db3fe-8955-4a63-a84e-3a6be92c1198-10,c30db3fe-8955-4a63-a84e-3a6be92c1198,10,PROD009,60,Each
da0364bd-fc17-4994-a55c-d088a96ed778-10,da0364bd-fc17-4994-a55c-d088a96ed778,10,b1eaf08f-3dc1-450c-ab10-1a0636fb45ef-20,b1eaf08f-3dc1-450c-ab10-1a0636fb45ef,20,PROD009,280,Each
acb882d5-5427-40d2-b2dd-7b1963395ce2-10,acb882d5-5427-40d2-b2dd-7b1963395ce2,10,b1eaf08f-3dc1-450c-ab10-1a0636fb45ef-10,b1eaf08f-3dc1-450c-ab10-1a0636fb45ef,10,PROD007,420,Each
071d56f8-0f91-40b8-b556-630a835e79a0-10,071d56f8-0f91-40b8-b556-630a835e79a0,10,5279a3f4-e7f7-4be4-9be4-e337fa9089dc-10,5279a3f4-e7f7-4be4-9be4-e337fa9089dc,10,PROD007,160,Each
071d56f8-0f91-40b8-b556-630a835e79a0-20,071d56f8-0f91-40b8-b556-630a835e79a0,20,5279a3f4-e7f7-4be4-9be4-e337fa9089dc-20,5279a3f4-e7f7-4be4-9be4-e337fa9089dc,20,PROD004,140,Each
f44be0c3-68c2-4546-b5ec-406d442207b9-10,f44be0c3-68c2-4546-b5ec-406d442207b9,10,5c53faf6-82ef-4fdd-aca8-2f407ef5a847-10,5c53faf6-82ef-4fdd-aca8-2f407ef5a847,10,PROD002,180,Each
f44be0c3-68c2-4546-b5ec-406d442207b9-20,f44be0c3-68c2-4546-b5ec-406d442207b9,20,5c53faf6-82ef-4fdd-aca8-2f407ef5a847-20,5c53faf6-82ef-4fdd-aca8-2f407ef5a847,20,PROD006,240,Each
007e3637-4bed-48e6-8b58-fc7fae0de22c-10,007e3637-4bed-48e6-8b58-fc7fae0de22c,10,0883885d-a2f8-4da0-8f88-2466b0128b05-10,0883885d-a2f8-4da0-8f88-2466b0128b05,10,PROD005,108,Each
a0f9f97b-b7d7-4e4a-802c-6fcd182e2ca5-10,a0f9f97b-b7d7-4e4a-802c-6fcd182e2ca5,10,0883885d-a2f8-4da0-8f88-2466b0128b05-10,0883885d-a2f8-4da0-8f88-2466b0128b05,10,PROD005,322,Each
588d4b29-bb9e-458d-bbc3-4e30ae0c3cab-10,588d4b29-bb9e-458d-bbc3-4e30ae0c3cab,10,66932109-c20d-4fa7-885c-8eb523d5533f-10,66932109-c20d-4fa7-885c-8eb523d5533f,10,PROD004,480,Each
588d4b29-bb9e-458d-bbc3-4e30ae0c3cab-20,588d4b29-bb9e-458d-bbc3-4e30ae0c3cab,20,66932109-c20d-4fa7-885c-8eb523d5533f-20,66932109-c20d-4fa7-885c-8eb523d5533f,20,PROD008,200,Each
bd132ef1-3431-4dac-83e2-22ac9171d5f2-10,bd132ef1-3431-4dac-83e2-22ac9171d5f2,10,7e5af078-fea9-4b8b-93d5-7b38d275cb3a-10,7e5af078-fea9-4b8b-93d5-7b38d275cb3a,10,PROD007,70,Each
bd132ef1-3431-4dac-83e2-22ac9171d5f2-20,bd132ef1-3431-4dac-83e2-22ac9171d5f2,20,7e5af078-fea9-4b8b-93d5-7b38d275cb3a-20,7e5af078-fea9-4b8b-93d5-7b38d275cb3a,20,PROD003,500,Each
aaa99d8c-fd18-4215-b91a-06d02070ae01-10,aaa99d8c-fd18-4215-b91a-06d02070ae01,10,9a5d9a25-511f-4707-9950-7e91b2df8f95-10,9a5d9a25-511f-4707-9950-7e91b2df8f95,10,PROD006,103,Each
59171886-9f1c-4de0-845d-c7b764678d91-10,59171886-9f1c-4de0-845d-c7b764678d91,10,9a5d9a25-511f-4707-9950-7e91b2df8f95-10,9a5d9a25-511f-4707-9950-7e91b2df8f95,10,PROD006,327,Each
e90f2c34-f578-4488-a3a6-667cf9d78e6f-10,e90f2c34-f578-4488-a3a6-667cf9d78e6f,10,c9995564-1e56-41d8-a864-2e096747f617-10,c9995564-1e56-41d8-a864-2e096747f617,10,PROD009,220,Each
2fb44f1b-9ae6-4fdf-8f33-b4650cf81548-10,2fb44f1b-9ae6-4fdf-8f33-b4650cf81548,10,9b9db215-54aa-45d6-af21-d5be8c2231a2-10,9b9db215-54aa-45d6-af21-d5be8c2231a2,10,PROD004,60,Each
2fb44f1b-9ae6-4fdf-8f33-b4650cf81548-20,2fb44f1b-9ae6-4fdf-8f33-b4650cf81548,20,9b9db215-54aa-45d6-af21-d5be8c2231a2-20,9b9db215-54aa-45d6-af21-d5be8c2231a2,20,PROD007,480,Each
2fb44f1b-9ae6-4fdf-8f33-b4650cf81548-30,2fb44f1b-9ae6-4fdf-8f33-b4650cf81548,30,9b9db215-54aa-45d6-af21-d5be8c2231a2-30,9b9db215-54aa-45d6-af21-d5be8c2231a2,30,PROD001,380,Each
f743a51e-a96f-4d38-9618-6a69d8f19a49-10,f743a51e-a96f-4d38-9618-6a69d8f19a49,10,06f2e992-3fec-4217-a230-60a793a23aef-10,06f2e992-3fec-4217-a230-60a793a23aef,10,PROD002,380,Each
d34e9c1e-c665-4202-9e2e-1279f268198a-10,d34e9c1e-c665-4202-9e2e-1279f268198a,10,06f2e992-3fec-4217-a230-60a793a23aef-20,06f2e992-3fec-4217-a230-60a793a23aef,20,PROD009,220,Each
27201bd6-77ae-478a-be88-71c19272340f-10,27201bd6-77ae-478a-be88-71c19272340f,10,d5c176e1-0de3-4af6-a87a-a0a4b60df903-10,d5c176e1-0de3-4af6-a87a-a0a4b60df903,10,PROD001,330,Each
27201bd6-77ae-478a-be88-71c19272340f-20,27201bd6-77ae-478a-be88-71c19272340f,20,d5c176e1-0de3-4af6-a87a-a0a4b60df903-20,d5c176e1-0de3-4af6-a87a-a0a4b60df903,20,PROD007,470,Each
cc1622f0-f9fa-4ebc-ba8b-333ba4ba00b7-10,cc1622f0-f9fa-4ebc-ba8b-333ba4ba00b7,10,d577aff3-27b3-4551-85e9-29e06cba64bc-10,d577aff3-27b3-4551-85e9-29e06cba64bc,10,PROD008,300,Each
cc1622f0-f9fa-4ebc-ba8b-333ba4ba00b7-20,cc1622f0-f9fa-4ebc-ba8b-333ba4ba00b7,20,d577aff3-27b3-4551-85e9-29e06cba64bc-20,d577aff3-27b3-4551-85e9-29e06cba64bc,20,PROD009,490,Each
c1e1f6ef-d2d0-4d6f-917b-d46fccf1aa8f-10,c1e1f6ef-d2d0-4d6f-917b-d46fccf1aa8f,10,def4ae35-bb5c-4d82-8af9-bcdea0382e22-20,def4ae35-bb5c-4d82-8af9-bcdea0382e22,20,PROD007,360,Each
f956ea4f-a038-44ff-9f74-90ec20eaa27a-10,f956ea4f-a038-44ff-9f74-90ec20eaa27a,10,def4ae35-bb5c-4d82-8af9-bcdea0382e22-10,def4ae35-bb5c-4d82-8af9-bcdea0382e22,10,PROD008,50,Each
16eb428d-a3f0-4914-ae1f-c292f68fc18f-10,16eb428d-a3f0-4914-ae1f-c292f68fc18f,10,01e65d6c-d332-4f48-aa8a-1cb10edb5725-10,01e65d6c-d332-4f48-aa8a-1cb10edb5725,10,PROD004,170,Each
48e9c891-1786-46bf-9b43-d90d76158d5f-10,48e9c891-1786-46bf-9b43-d90d76158d5f,10,523e984a-712f-482b-835b-44791faa7537-10,523e984a-712f-482b-835b-44791faa7537,10,PROD003,250,Each
48e9c891-1786-46bf-9b43-d90d76158d5f-20,48e9c891-1786-46bf-9b43-d90d76158d5f,20,523e984a-712f-482b-835b-44791faa7537-20,523e984a-712f-482b-835b-44791faa7537,20,PROD008,380,Each
e44b1551-3ccc-4af3-ae90-a7d4a815d799-10,e44b1551-3ccc-4af3-ae90-a7d4a815d799,10,5302b592-fd86-4924-b1e2-3aea9b1fc6d0-10,5302b592-fd86-4924-b1e2-3aea9b1fc6d0,10,PROD001,80,Each
19eab17c-3254-4f55-9202-b040f2b3c07e-10,19eab17c-3254-4f55-9202-b040f2b3c07e,10,5302b592-fd86-4924-b1e2-3aea9b1fc6d0-20,5302b592-fd86-4924-b1e2-3aea9b1fc6d0,20,PROD004,200,Each
c84d5f08-d7b5-4238-9992-931a44fd678a-10,c84d5f08-d7b5-4238-9992-931a44fd678a,10,d4b04965-d0f6-4c9b-9f6d-fb3776bf0edb-10,d4b04965-d0f6-4c9b-9f6d-fb3776bf0edb,10,PROD006,440,Each
c84d5f08-d7b5-4238-9992-931a44fd678a-20,c84d5f08-d7b5-4238-9992-931a44fd678a,20,d4b04965-d0f6-4c9b-9f6d-fb3776bf0edb-20,d4b04965-d0f6-4c9b-9f6d-fb3776bf0edb,20,PROD009,160,Each
c84d5f08-d7b5-4238-9992-931a44fd678a-30,c84d5f08-d7b5-4238-9992-931a44fd678a,30,d4b04965-d0f6-4c9b-9f6d-fb3776bf0edb-30,d4b04965-d0f6-4c9b-9f6d-fb3776bf0edb,30,PROD008,500,Each
eddb4c71-9666-4431-82d4-e97192eadc88-10,eddb4c71-9666-4431-82d4-e97192eadc88,10,3615f000-2da2-4dd9-b371-902340073e85-10,3615f000-2da2-4dd9-b371-902340073e85,10,PROD004,370,Each
2700c26e-d0b4-4ddb-a903-0fcf64665153-10,2700c26e-d0b4-4ddb-a903-0fcf64665153,10,a9c0529d-7769-4b54-a7aa-b595692f2ad6-10,a9c0529d-7769-4b54-a7aa-b595692f2ad6,10,PROD004,240,Each
dce5fdd5-2308-4c92-9988-7e993ef29fb9-10,dce5fdd5-2308-4c92-9988-7e993ef29fb9,10,a9c0529d-7769-4b54-a7aa-b595692f2ad6-10,a9c0529d-7769-4b54-a7aa-b595692f2ad6,10,PROD004,160,Each
1631e573-ac71-4fc7-b267-174491c12445-10,1631e573-ac71-4fc7-b267-174491c12445,10,57004dcc-61b5-453e-ad0a-1ef6768b6bb7-10,57004dcc-61b5-453e-ad0a-1ef6768b6bb7,10,PROD002,170,Each
f9a91737-3113-496e-93b1-2b3922392b5f-10,f9a91737-3113-496e-93b1-2b3922392b5f,10,158313d2-fdb4-4eea-ade2-429dd35ba005-10,158313d2-fdb4-4eea-ade2-429dd35ba005,10,PROD001,110,Each
f9a91737-3113-496e-93b1-2b3922392b5f-20,f9a91737-3113-496e-93b1-2b3922392b5f,20,158313d2-fdb4-4eea-ade2-429dd35ba005-20,158313d2-fdb4-4eea-ade2-429dd35ba005,20,PROD004,250,Each
8d25f4ea-a24e-41ae-a30e-536ca0ccd570-10,8d25f4ea-a24e-41ae-a30e-536ca0ccd570,10,42c31e0e-e170-4fde-a0fa-e1338a1fbe60-10,42c31e0e-e170-4fde-a0fa-e1338a1fbe60,10,PROD006,330,Each
258d8bfa-f968-4faf-9cb6-5ddfb81da085-10,258d8bfa-f968-4faf-9cb6-5ddfb81da085,10,42c31e0e-e170-4fde-a0fa-e1338a1fbe60-20,42c31e0e-e170-4fde-a0fa-e1338a1fbe60,20,PROD008,200,Each
4252597e-f405-4aa2-9fd1-dbfdbbdc3037-10,4252597e-f405-4aa2-9fd1-dbfdbbdc3037,10,995aee5b-5be4-4772-8a23-4a5ef2191f7e-10,995aee5b-5be4-4772-8a23-4a5ef2191f7e,10,PROD007,430,Each
4252597e-f405-4aa2-9fd1-dbfdbbdc3037-20,4252597e-f405-4aa2-9fd1-dbfdbbdc3037,20,995aee5b-5be4-4772-8a23-4a5ef2191f7e-20,995aee5b-5be4-4772-8a23-4a5ef2191f7e,20,PROD008,130,Each
4252597e-f405-4aa2-9fd1-dbfdbbdc3037-30,4252597e-f405-4aa2-9fd1-dbfdbbdc3037,30,995aee5b-5be4-4772-8a23-4a5ef2191f7e-30,995aee5b-5be4-4772-8a23-4a5ef2191f7e,30,PROD003,380,Each
a151647b-e349-4249-bca7-143f1f65e6a5-10,a151647b-e349-4249-bca7-143f1f65e6a5,10,fa079e3a-225c-4786-8ea7-f9f6e54cef35-10,fa079e3a-225c-4786-8ea7-f9f6e54cef35,10,PROD009,50,Each
a151647b-e349-4249-bca7-143f1f65e6a5-20,a151647b-e349-4249-bca7-143f1f65e6a5,20,fa079e3a-225c-4786-8ea7-f9f6e54cef35-20,fa079e3a-225c-4786-8ea7-f9f6e54cef35,20,PROD003,390,Each
a151647b-e349-4249-bca7-143f1f65e6a5-30,a151647b-e349-4249-bca7-143f1f65e6a5,30,fa079e3a-225c-4786-8ea7-f9f6e54cef35-30,fa079e3a-225c-4786-8ea7-f9f6e54cef35,30,PROD005,500,Each
d3cf67f6-5b33-4a08-a528-07df73f53651-10,d3cf67f6-5b33-4a08-a528-07df73f53651,10,192da42d-84df-4d3c-9ccc-d7b14b487fed-10,192da42d-84df-4d3c-9ccc-d7b14b487fed,10,PROD006,240,Each
f3a7d1bb-119b-4789-8179-3543628d4eaf-10,f3a7d1bb-119b-4789-8179-3543628d4eaf,10,192da42d-84df-4d3c-9ccc-d7b14b487fed-20,192da42d-84df-4d3c-9ccc-d7b14b487fed,20,PROD007,50,Each
55fbbd48-d01b-4324-b20e-0506d4a762e5-10,55fbbd48-d01b-4324-b20e-0506d4a762e5,10,151afa82-c859-46c3-a168-c1fa3eec88a5-10,151afa82-c859-46c3-a168-c1fa3eec88a5,10,PROD007,440,Each
f3bfafee-b822-47ed-b562-92beab23ebba-10,f3bfafee-b822-47ed-b562-92beab23ebba,10,22f2328e-502d-4edb-9e57-a0b7af584397-10,22f2328e-502d-4edb-9e57-a0b7af584397,10,PROD003,240,Each
f3bfafee-b822-47ed-b562-92beab23ebba-20,f3bfafee-b822-47ed-b562-92beab23ebba,20,22f2328e-502d-4edb-9e57-a0b7af584397-20,22f2328e-502d-4edb-9e57-a0b7af584397,20,PROD005,190,Each
640caf76-66e6-465e-b702-d2215e045803-10,640caf76-66e6-465e-b702-d2215e045803,10,3ee4b0d3-1c1e-412c-a84d-b684fda1e76a-10,3ee4b0d3-1c1e-412c-a84d-b684fda1e76a,10,PROD006,380,Each
27889405-2915-4280-8fd8-c3c5ce4a0cb7-10,27889405-2915-4280-8fd8-c3c5ce4a0cb7,10,3ee4b0d3-1c1e-412c-a84d-b684fda1e76a-20,3ee4b0d3-1c1e-412c-a84d-b684fda1e76a,20,PROD004,440,Each
b1317790-79cb-4ebe-9139-e038986ed9b1-10,b1317790-79cb-4ebe-9139-e038986ed9b1,10,7edaee8b-9c62-4bf3-b4df-5734668e9219-10,7edaee8b-9c62-4bf3-b4df-5734668e9219,10,PROD001,220,Each
b1317790-79cb-4ebe-9139-e038986ed9b1-20,b1317790-79cb-4ebe-9139-e038986ed9b1,20,7edaee8b-9c62-4bf3-b4df-5734668e9219-20,7edaee8b-9c62-4bf3-b4df-5734668e9219,20,PROD005,320,Each
4b96bb3f-cdb2-4749-8af2-4c8f07b8be45-10,4b96bb3f-cdb2-4749-8af2-4c8f07b8be45,10,c1938e2c-df48-4182-88dd-9a402de97d43-10,c1938e2c-df48-4182-88dd-9a402de97d43,10,PROD007,220,Each
4b96bb3f-cdb2-4749-8af2-4c8f07b8be45-20,4b96bb3f-cdb2-4749-8af2-4c8f07b8be45,20,c1938e2c-df48-4182-88dd-9a402de97d43-20,c1938e2c-df48-4182-88dd-9a402de97d43,20,PROD008,230,Each
e53f785d-4ef1-4234-80b3-36442c4d8694-10,e53f785d-4ef1-4234-80b3-36442c4d8694,10,f340b807-a0d1-43b4-9542-7e79ec6670cc-10,f340b807-a0d1-43b4-9542-7e79ec6670cc,10,PROD002,74,Each
3b4ff6e0-02d9-45fb-9f1e-cd87980c0e09-10,3b4ff6e0-02d9-45fb-9f1e-cd87980c0e09,10,f340b807-a0d1-43b4-9542-7e79ec6670cc-10,f340b807-a0d1-43b4-9542-7e79ec6670cc,10,PROD002,106,Each
e4d4d389-5a2b-4218-a304-aa8fe000db42-10,e4d4d389-5a2b-4218-a304-aa8fe000db42,10,bbce2490-1472-40fd-8e44-fe33f2c5c71e-10,bbce2490-1472-40fd-8e44-fe33f2c5c71e,10,PROD005,400,Each
e4d4d389-5a2b-4218-a304-aa8fe000db42-20,e4d4d389-5a2b-4218-a304-aa8fe000db42,20,bbce2490-1472-40fd-8e44-fe33f2c5c71e-20,bbce2490-1472-40fd-8e44-fe33f2c5c71e,20,PROD002,370,Each
e4d4d389-5a2b-4218-a304-aa8fe000db42-30,e4d4d389-5a2b-4218-a304-aa8fe000db42,30,bbce2490-1472-40fd-8e44-fe33f2c5c71e-30,bbce2490-1472-40fd-8e44-fe33f2c5c71e,30,PROD007,430,Each
5bb30c22-5f6b-4a53-b307-40a528196316-10,5bb30c22-5f6b-4a53-b307-40a528196316,10,be72844a-1470-4764-aedc-50744e0ba409-10,be72844a-1470-4764-aedc-50744e0ba409,10,PROD007,470,Each
843430a0-0579-4eba-ba89-0bd2295dbc0e-10,843430a0-0579-4eba-ba89-0bd2295dbc0e,10,0d1f2eb1-9198-40d1-b93e-6bb67d184002-10,0d1f2eb1-9198-40d1-b93e-6bb67d184002,10,PROD003,150,Each
28d18300-0ccd-474a-ae18-8370adb9ea19-10,28d18300-0ccd-474a-ae18-8370adb9ea19,10,0d1f2eb1-9198-40d1-b93e-6bb67d184002-10,0d1f2eb1-9198-40d1-b93e-6bb67d184002,10,PROD003,190,Each
834328f9-776e-46c4-b523-861c19e5d515-10,834328f9-776e-46c4-b523-861c19e5d515,10,e3dcc47e-c4bb-4864-8631-c0362a7fbe1f-10,e3dcc47e-c4bb-4864-8631-c0362a7fbe1f,10,PROD001,460,Each
834328f9-776e-46c4-b523-861c19e5d515-20,834328f9-776e-46c4-b523-861c19e5d515,20,e3dcc47e-c4bb-4864-8631-c0362a7fbe1f-20,e3dcc47e-c4bb-4864-8631-c0362a7fbe1f,20,PROD005,90,Each
834328f9-776e-46c4-b523-861c19e5d515-30,834328f9-776e-46c4-b523-861c19e5d515,30,e3dcc47e-c4bb-4864-8631-c0362a7fbe1f-30,e3dcc47e-c4bb-4864-8631-c0362a7fbe1f,30,PROD007,230,Each
7d4d4a39-9c2c-4e27-8ffb-f0db85cecba2-10,7d4d4a39-9c2c-4e27-8ffb-f0db85cecba2,10,31e8454a-b39f-49c6-bce8-ea56997db230-10,31e8454a-b39f-49c6-bce8-ea56997db230,10,PROD007,490,Each
7d4d4a39-9c2c-4e27-8ffb-f0db85cecba2-20,7d4d4a39-9c2c-4e27-8ffb-f0db85cecba2,20,31e8454a-b39f-49c6-bce8-ea56997db230-20,31e8454a-b39f-49c6-bce8-ea56997db230,20,PROD006,500,Each
7d4d4a39-9c2c-4e27-8ffb-f0db85cecba2-30,7d4d4a39-9c2c-4e27-8ffb-f0db85cecba2,30,31e8454a-b39f-49c6-bce8-ea56997db230-30,31e8454a-b39f-49c6-bce8-ea56997db230,30,PROD004,460,Each
97d7b85f-22d7-4d44-89ef-92f8b4c7026a-10,97d7b85f-22d7-4d44-89ef-92f8b4c7026a,10,a58c0b50-96e5-45c5-a933-0d7df7907766-20,a58c0b50-96e5-45c5-a933-0d7df7907766,20,PROD004,160,Each
092932b9-3c43-4519-92b8-99cdb4552c9e-10,092932b9-3c43-4519-92b8-99cdb4552c9e,10,a58c0b50-96e5-45c5-a933-0d7df7907766-10,a58c0b50-96e5-45c5-a933-0d7df7907766,10,PROD005,400,Each
092932b9-3c43-4519-92b8-99cdb4552c9e-20,092932b9-3c43-4519-92b8-99cdb4552c9e,20,a58c0b50-96e5-45c5-a933-0d7df7907766-30,a58c0b50-96e5-45c5-a933-0d7df7907766,30,PROD001,320,Each
57f17a39-896b-410b-98ff-631c742a18c2-10,57f17a39-896b-410b-98ff-631c742a18c2,10,8f4b6233-cc77-4763-abe8-ba7d431fb44a-10,8f4b6233-cc77-4763-abe8-ba7d431fb44a,10,PROD006,190,Each
57f17a39-896b-410b-98ff-631c742a18c2-20,57f17a39-896b-410b-98ff-631c742a18c2,20,8f4b6233-cc77-4763-abe8-ba7d431fb44a-20,8f4b6233-cc77-4763-abe8-ba7d431fb44a,20,PROD004,240,Each
57f17a39-896b-410b-98ff-631c742a18c2-30,57f17a39-896b-410b-98ff-631c742a18c2,30,8f4b6233-cc77-4763-abe8-ba7d431fb44a-30,8f4b6233-cc77-4763-abe8-ba7d431fb44a,30,PROD007,170,Each
e66a3177-73a9-49a0-ada5-be7f230b9552-10,e66a3177-73a9-49a0-ada5-be7f230b9552,10,7e71d0e6-abed-4e80-92f0-0bf55b2023a1-10,7e71d0e6-abed-4e80-92f0-0bf55b2023a1,10,PROD003,100,Each
e66a3177-73a9-49a0-ada5-be7f230b9552-20,e66a3177-73a9-49a0-ada5-be7f230b9552,20,7e71d0e6-abed-4e80-92f0-0bf55b2023a1-20,7e71d0e6-abed-4e80-92f0-0bf55b2023a1,20,PROD007,240,Each
e66a3177-73a9-49a0-ada5-be7f230b9552-30,e66a3177-73a9-49a0-ada5-be7f230b9552,30,7e71d0e6-abed-4e80-92f0-0bf55b2023a1-30,7e71d0e6-abed-4e80-92f0-0bf55b2023a1,30,PROD004,140,Each
db5ef58d-92f0-41fa-aff4-5daa491aea4e-10,db5ef58d-92f0-41fa-aff4-5daa491aea4e,10,b260d287-30b5-4f2a-b020-755a10a30450-10,b260d287-30b5-4f2a-b020-755a10a30450,10,PROD001,64,Each
ad5c38f4-0c79-4d29-a0af-edd4c02e6091-10,ad5c38f4-0c79-4d29-a0af-edd4c02e6091,10,b260d287-30b5-4f2a-b020-755a10a30450-10,b260d287-30b5-4f2a-b020-755a10a30450,10,PROD001,86,Each
0d1e6c11-4d69-4c3f-8d59-3f4a76a1a336-10,0d1e6c11-4d69-4c3f-8d59-3f4a76a1a336,10,0397c7e4-dbdd-422d-b1f9-4d77a3575652-10,0397c7e4-dbdd-422d-b1f9-4d77a3575652,10,PROD003,490,Each
2ff755f0-837d-4057-8b4e-4ed34ef475fe-10,2ff755f0-837d-4057-8b4e-4ed34ef475fe,10,e1b72d26-6cee-4e67-815f-60f11ceea993-10,e1b72d26-6cee-4e67-815f-60f11ceea993,10,PROD003,100,Each
2ff755f0-837d-4057-8b4e-4ed34ef475fe-20,2ff755f0-837d-4057-8b4e-4ed34ef475fe,20,e1b72d26-6cee-4e67-815f-60f11ceea993-20,e1b72d26-6cee-4e67-815f-60f11ceea993,20,PROD004,450,Each
5c7ddd99-7d03-4b82-8104-a97bf6de00a9-10,5c7ddd99-7d03-4b82-8104-a97bf6de00a9,10,8c161fd7-c736-4d6e-af16-ced8ad00c0fa-20,8c161fd7-c736-4d6e-af16-ced8ad00c0fa,20,PROD007,300,Each
d997101b-50cb-448b-8f6d-086f0c92ba2c-10,d997101b-50cb-448b-8f6d-086f0c92ba2c,10,8c161fd7-c736-4d6e-af16-ced8ad00c0fa-10,8c161fd7-c736-4d6e-af16-ced8ad00c0fa,10,PROD002,180,Each
3a5f8423-b74b-4638-bd6d-852f6450662d-10,3a5f8423-b74b-4638-bd6d-852f6450662d,10,2e404ae3-100b-44a0-b262-cd10f95b9cf0-10,2e404ae3-100b-44a0-b262-cd10f95b9cf0,10,PROD006,310,Each
3a5f8423-b74b-4638-bd6d-852f6450662d-20,3a5f8423-b74b-4638-bd6d-852f6450662d,20,2e404ae3-100b-44a0-b262-cd10f95b9cf0-20,2e404ae3-100b-44a0-b262-cd10f95b9cf0,20,PROD004,350,Each
3a5f8423-b74b-4638-bd6d-852f6450662d-30,3a5f8423-b74b-4638-bd6d-852f6450662d,30,2e404ae3-100b-44a0-b262-cd10f95b9cf0-30,2e404ae3-100b-44a0-b262-cd10f95b9cf0,30,PROD007,210,Each
4df0ed21-6323-4576-ad8f-7c6dc8861ec2-10,4df0ed21-6323-4576-ad8f-7c6dc8861ec2,10,bbc3351e-674d-48aa-8b10-53f011961100-10,bbc3351e-674d-48aa-8b10-53f011961100,10,PROD002,310,Each
4df0ed21-6323-4576-ad8f-7c6dc8861ec2-20,4df0ed21-6323-4576-ad8f-7c6dc8861ec2,20,bbc3351e-674d-48aa-8b10-53f011961100-20,bbc3351e-674d-48aa-8b10-53f011961100,20,PROD004,360,Each
5392139f-fa1a-4b36-8662-9028824cd02f-10,5392139f-fa1a-4b36-8662-9028824cd02f,10,47ec541c-dfae-451f-9a77-4cd6b30959d6-10,47ec541c-dfae-451f-9a77-4cd6b30959d6,10,PROD007,93,Each
5e2d9328-52a9-4291-bb75-89ce6dc28b7f-10,5e2d9328-52a9-4291-bb75-89ce6dc28b7f,10,47ec541c-dfae-451f-9a77-4cd6b30959d6-10,47ec541c-dfae-451f-9a77-4cd6b30959d6,10,PROD007,97,Each
85e9cc44-b5b5-4abc-8798-a42a87dc2611-10,85e9cc44-b5b5-4abc-8798-a42a87dc2611,10,fe952ab4-3319-4b0d-99ae-2e828fbe4d28-10,fe952ab4-3319-4b0d-99ae-2e828fbe4d28,10,PROD007,330,Each
85e9cc44-b5b5-4abc-8798-a42a87dc2611-20,85e9cc44-b5b5-4abc-8798-a42a87dc2611,20,fe952ab4-3319-4b0d-99ae-2e828fbe4d28-20,fe952ab4-3319-4b0d-99ae-2e828fbe4d28,20,PROD001,480,Each
85e9cc44-b5b5-4abc-8798-a42a87dc2611-30,85e9cc44-b5b5-4abc-8798-a42a87dc2611,30,fe952ab4-3319-4b0d-99ae-2e828fbe4d28-30,fe952ab4-3319-4b0d-99ae-2e828fbe4d28,30,PROD008,130,Each
b60d65c5-858a-446d-b919-637b5479c759-10,b60d65c5-858a-446d-b919-637b5479c759,10,9e163d3b-4cf9-4cb2-bb94-1e21be36dccf-10,9e163d3b-4cf9-4cb2-bb94-1e21be36dccf,10,PROD001,260,Each
b60d65c5-858a-446d-b919-637b5479c759-20,b60d65c5-858a-446d-b919-637b5479c759,20,9e163d3b-4cf9-4cb2-bb94-1e21be36dccf-20,9e163d3b-4cf9-4cb2-bb94-1e21be36dccf,20,PROD002,50,Each
b60d65c5-858a-446d-b919-637b5479c759-30,b60d65c5-858a-446d-b919-637b5479c759,30,9e163d3b-4cf9-4cb2-bb94-1e21be36dccf-30,9e163d3b-4cf9-4cb2-bb94-1e21be36dccf,30,PROD007,430,Each
4245b3ed-0bda-4b7d-b6b8-91e07d937011-10,4245b3ed-0bda-4b7d-b6b8-91e07d937011,10,7c958d7c-98cb-47e5-aee0-f661beb54edb-10,7c958d7c-98cb-47e5-aee0-f661beb54edb,10,PROD006,29,Each
cc7cbf84-61e7-4b61-a783-e6ffbb90638a-10,cc7cbf84-61e7-4b61-a783-e6ffbb90638a,10,7c958d7c-98cb-47e5-aee0-f661beb54edb-10,7c958d7c-98cb-47e5-aee0-f661beb54edb,10,PROD006,31,Each
3a1b6901-dc55-45d0-944f-96e83f6095dd-10,3a1b6901-dc55-45d0-944f-96e83f6095dd,10,37b675de-ea82-4d9b-a3e7-e106666b6f2a-10,37b675de-ea82-4d9b-a3e7-e106666b6f2a,10,PROD007,130,Each
3a1b6901-dc55-45d0-944f-96e83f6095dd-20,3a1b6901-dc55-45d0-944f-96e83f6095dd,20,37b675de-ea82-4d9b-a3e7-e106666b6f2a-20,37b675de-ea82-4d9b-a3e7-e106666b6f2a,20,PROD005,340,Each
f43fed91-7776-40b1-b1a7-55da82b097da-10,f43fed91-7776-40b1-b1a7-55da82b097da,10,14d650c6-24a2-4cc7-9da5-88f5f4c4f433-10,14d650c6-24a2-4cc7-9da5-88f5f4c4f433,10,PROD009,300,Each
7158c3c1-e355-4b36-af34-a7b905e6201a-10,7158c3c1-e355-4b36-af34-a7b905e6201a,10,2569cd0f-ee6c-4192-8a00-32a232ec698c-20,2569cd0f-ee6c-4192-8a00-32a232ec698c,20,PROD003,430,Each
ca6cc425-09b3-4b07-a3ff-d9b304fcb4ff-10,ca6cc425-09b3-4b07-a3ff-d9b304fcb4ff,10,2569cd0f-ee6c-4192-8a00-32a232ec698c-10,2569cd0f-ee6c-4192-8a00-32a232ec698c,10,PROD004,160,Each
ca6cc425-09b3-4b07-a3ff-d9b304fcb4ff-20,ca6cc425-09b3-4b07-a3ff-d9b304fcb4ff,20,2569cd0f-ee6c-4192-8a00-32a232ec698c-30,2569cd0f-ee6c-4192-8a00-32a232ec698c,30,PROD001,480,Each
00c32091-68a5-4b8a-9566-211936eccf88-10,00c32091-68a5-4b8a-9566-211936eccf88,10,63b1af85-c99c-4a91-a6fe-b581570b4265-10,63b1af85-c99c-4a91-a6fe-b581570b4265,10,PROD006,290,Each
00c32091-68a5-4b8a-9566-211936eccf88-20,00c32091-68a5-4b8a-9566-211936eccf88,20,63b1af85-c99c-4a91-a6fe-b581570b4265-20,63b1af85-c99c-4a91-a6fe-b581570b4265,20,PROD008,260,Each
00c32091-68a5-4b8a-9566-211936eccf88-30,00c32091-68a5-4b8a-9566-211936eccf88,30,63b1af85-c99c-4a91-a6fe-b581570b4265-30,63b1af85-c99c-4a91-a6fe-b581570b4265,30,PROD001,190,Each
85503707-6851-4fe2-a081-1c319c0bcca3-10,85503707-6851-4fe2-a081-1c319c0bcca3,10,851449eb-a4a1-4da1-a006-a9a9e13fc6d2-10,851449eb-a4a1-4da1-a006-a9a9e13fc6d2,10,PROD007,270,Each
d3e1ad70-6e71-4a9f-a20f-2a38415e0d4b-10,d3e1ad70-6e71-4a9f-a20f-2a38415e0d4b,10,30a33409-844d-43ba-bde0-2c5006b493a0-20,30a33409-844d-43ba-bde0-2c5006b493a0,20,PROD003,180,Each
8d284b26-10da-4020-ad73-340624dfbda1-10,8d284b26-10da-4020-ad73-340624dfbda1,10,30a33409-844d-43ba-bde0-2c5006b493a0-10,30a33409-844d-43ba-bde0-2c5006b493a0,10,PROD007,500,Each
81616ed7-0d72-42e9-9db7-3a5eeeab536d-10,81616ed7-0d72-42e9-9db7-3a5eeeab536d,10,a8d6e85c-fced-4838-90a4-ed452555c219-10,a8d6e85c-fced-4838-90a4-ed452555c219,10,PROD001,140,Each
81616ed7-0d72-42e9-9db7-3a5eeeab536d-20,81616ed7-0d72-42e9-9db7-3a5eeeab536d,20,a8d6e85c-fced-4838-90a4-ed452555c219-20,a8d6e85c-fced-4838-90a4-ed452555c219,20,PROD009,70,Each
379e44ef-ded9-4f72-97c1-286761d3de52-10,379e44ef-ded9-4f72-97c1-286761d3de52,10,2aa6d402-fa3b-4e26-85a9-49c473b01825-10,2aa6d402-fa3b-4e26-85a9-49c473b01825,10,PROD002,110,Each
489a61f5-e0a0-4204-93ec-3b881deba7bf-10,489a61f5-e0a0-4204-93ec-3b881deba7bf,10,8fdf47c1-c705-4705-924f-bc1c4d668511-10,8fdf47c1-c705-4705-924f-bc1c4d668511,10,PROD001,73,Each
68159592-861a-4e01-bd7d-a23462616d6e-10,68159592-861a-4e01-bd7d-a23462616d6e,10,8fdf47c1-c705-4705-924f-bc1c4d668511-10,8fdf47c1-c705-4705-924f-bc1c4d668511,10,PROD001,57,Each
78ddfb5c-8297-4941-b6fb-d6a6fa8e436e-10,78ddfb5c-8297-4941-b6fb-d6a6fa8e436e,10,ba587a08-7029-4dc5-85d5-c2fe16731663-10,ba587a08-7029-4dc5-85d5-c2fe16731663,10,PROD009,150,Each
78ddfb5c-8297-4941-b6fb-d6a6fa8e436e-20,78ddfb5c-8297-4941-b6fb-d6a6fa8e436e,20,ba587a08-7029-4dc5-85d5-c2fe16731663-20,ba587a08-7029-4dc5-85d5-c2fe16731663,20,PROD002,230,Each
a1ba4b39-c029-4396-aa5a-d4d8672f9f11-10,a1ba4b39-c029-4396-aa5a-d4d8672f9f11,10,cdba8303-d6a1-47d8-bc89-fa8c14ac09a1-10,cdba8303-d6a1-47d8-bc89-fa8c14ac09a1,10,PROD005,450,Each
a1ba4b39-c029-4396-aa5a-d4d8672f9f11-20,a1ba4b39-c029-4396-aa5a-d4d8672f9f11,20,cdba8303-d6a1-47d8-bc89-fa8c14ac09a1-20,cdba8303-d6a1-47d8-bc89-fa8c14ac09a1,20,PROD006,400,Each
858701c9-84a7-4477-a7c3-3fac3e864bde-10,858701c9-84a7-4477-a7c3-3fac3e864bde,10,709c2e3b-9281-4b49-af67-5fec9bc94c59-10,709c2e3b-9281-4b49-af67-5fec9bc94c59,10,PROD003,220,Each
2a48d223-fe4a-424f-b2db-bd5f1f28bcc7-10,2a48d223-fe4a-424f-b2db-bd5f1f28bcc7,10,709c2e3b-9281-4b49-af67-5fec9bc94c59-10,709c2e3b-9281-4b49-af67-5fec9bc94c59,10,PROD003,160,Each
f315fada-5340-4f6c-908f-257be85b83a5-10,f315fada-5340-4f6c-908f-257be85b83a5,10,15ae11cd-b0d9-42ef-880f-bbbe62f27edd-10,15ae11cd-b0d9-42ef-880f-bbbe62f27edd,10,PROD001,50,Each
9061e245-e01d-4a77-853e-7dcba72af988-10,9061e245-e01d-4a77-853e-7dcba72af988,10,a8b43a00-5abb-44fa-8b0c-53d548adb4e9-10,a8b43a00-5abb-44fa-8b0c-53d548adb4e9,10,PROD003,300,Each
bc481ab8-4338-4583-a5c5-679a11ea2e60-10,bc481ab8-4338-4583-a5c5-679a11ea2e60,10,26128620-56e0-46db-99ee-140dd2103e11-10,26128620-56e0-46db-99ee-140dd2103e11,10,PROD008,138,Each
fdd75774-a98e-4e9b-88d8-8b1a818983b8-10,fdd75774-a98e-4e9b-88d8-8b1a818983b8,10,26128620-56e0-46db-99ee-140dd2103e11-10,26128620-56e0-46db-99ee-140dd2103e11,10,PROD008,122,Each
0131e670-827b-421d-af97-7dc49f34f13b-10,0131e670-827b-421d-af97-7dc49f34f13b,10,b01f0d76-b7df-49ac-aff8-909e4ee39f25-10,b01f0d76-b7df-49ac-aff8-909e4ee39f25,10,PROD001,230,Each
fa3c489e-9e81-4c3d-b0cf-8cb3c0413ee7-10,fa3c489e-9e81-4c3d-b0cf-8cb3c0413ee7,10,866e53c5-b708-4ed2-9ec4-7cf7991b40fe-10,866e53c5-b708-4ed2-9ec4-7cf7991b40fe,10,PROD007,140,Each
fa3c489e-9e81-4c3d-b0cf-8cb3c0413ee7-20,fa3c489e-9e81-4c3d-b0cf-8cb3c0413ee7,20,866e53c5-b708-4ed2-9ec4-7cf7991b40fe-20,866e53c5-b708-4ed2-9ec4-7cf7991b40fe,20,PROD008,380,Each
3e6df822-0e5f-467a-a595-9d6c14c7289c-10,3e6df822-0e5f-467a-a595-9d6c14c7289c,10,046d10b3-fed6-40e4-9e9d-0dee1ad70c38-10,046d10b3-fed6-40e4-9e9d-0dee1ad70c38,10,PROD007,340,Each
e0431f39-4569-4249-ad39-7f20666df594-10,e0431f39-4569-4249-ad39-7f20666df594,10,046d10b3-fed6-40e4-9e9d-0dee1ad70c38-20,046d10b3-fed6-40e4-9e9d-0dee1ad70c38,20,PROD001,420,Each
c42be371-ee32-4581-a342-eef0f3bc8bbc-10,c42be371-ee32-4581-a342-eef0f3bc8bbc,10,1af0265b-5d9d-46b6-80f0-c5a41d08719a-10,1af0265b-5d9d-46b6-80f0-c5a41d08719a,10,PROD006,380,Each
c42be371-ee32-4581-a342-eef0f3bc8bbc-20,c42be371-ee32-4581-a342-eef0f3bc8bbc,20,1af0265b-5d9d-46b6-80f0-c5a41d08719a-20,1af0265b-5d9d-46b6-80f0-c5a41d08719a,20,PROD003,450,Each
392e10fe-8aca-43f3-8def-123d8ffb483d-10,392e10fe-8aca-43f3-8def-123d8ffb483d,10,f54cfff7-2731-4c7c-9a7b-d69c2e62328b-10,f54cfff7-2731-4c7c-9a7b-d69c2e62328b,10,PROD002,80,Each
af74cdb6-0b7a-4160-8de8-b97d0ba49d46-10,af74cdb6-0b7a-4160-8de8-b97d0ba49d46,10,46321dce-5013-4f83-88e3-3c54b25d1f04-20,46321dce-5013-4f83-88e3-3c54b25d1f04,20,PROD009,410,Each
9c6774f3-37ef-476d-ba1c-80980136f0ee-10,9c6774f3-37ef-476d-ba1c-80980136f0ee,10,46321dce-5013-4f83-88e3-3c54b25d1f04-10,46321dce-5013-4f83-88e3-3c54b25d1f04,10,PROD006,140,Each
a85eb274-8016-4797-bafb-08d1246e09c4-10,a85eb274-8016-4797-bafb-08d1246e09c4,10,3b36200c-3a3e-4418-888b-ab4f5bbb528a-10,3b36200c-3a3e-4418-888b-ab4f5bbb528a,10,PROD005,90,Each
a85eb274-8016-4797-bafb-08d1246e09c4-20,a85eb274-8016-4797-bafb-08d1246e09c4,20,3b36200c-3a3e-4418-888b-ab4f5bbb528a-20,3b36200c-3a3e-4418-888b-ab4f5bbb528a,20,PROD002,390,Each
aba00a5d-1a67-408c-ab61-f7006ad13b10-10,aba00a5d-1a67-408c-ab61-f7006ad13b10,10,4454ecba-81cb-47ba-b505-726ba9a61585-10,4454ecba-81cb-47ba-b505-726ba9a61585,10,PROD007,350,Each
aba00a5d-1a67-408c-ab61-f7006ad13b10-20,aba00a5d-1a67-408c-ab61-f7006ad13b10,20,4454ecba-81cb-47ba-b505-726ba9a61585-20,4454ecba-81cb-47ba-b505-726ba9a61585,20,PROD009,80,Each
bffa292f-0970-4374-bf8e-66b2f4f5d052-10,bffa292f-0970-4374-bf8e-66b2f4f5d052,10,ed9079bf-8c82-40e1-afd5-9c1454fe74f0-10,ed9079bf-8c82-40e1-afd5-9c1454fe74f0,10,PROD004,29,Each
70524641-404a-44a5-a1f2-499eb3968b29-10,70524641-404a-44a5-a1f2-499eb3968b29,10,ed9079bf-8c82-40e1-afd5-9c1454fe74f0-10,ed9079bf-8c82-40e1-afd5-9c1454fe74f0,10,PROD004,111,Each
141516ae-89c2-4806-99e0-2e8cb91d5e57-10,141516ae-89c2-4806-99e0-2e8cb91d5e57,10,2a9f90a3-8c95-4d53-aabd-9f92d205fbfe-10,2a9f90a3-8c95-4d53-aabd-9f92d205fbfe,10,PROD007,350,Each
141516ae-89c2-4806-99e0-2e8cb91d5e57-20,141516ae-89c2-4806-99e0-2e8cb91d5e57,20,2a9f90a3-8c95-4d53-aabd-9f92d205fbfe-20,2a9f90a3-8c95-4d53-aabd-9f92d205fbfe,20,PROD005,450,Each
141516ae-89c2-4806-99e0-2e8cb91d5e57-30,141516ae-89c2-4806-99e0-2e8cb91d5e57,30,2a9f90a3-8c95-4d53-aabd-9f92d205fbfe-30,2a9f90a3-8c95-4d53-aabd-9f92d205fbfe,30,PROD006,380,Each
89559582-0321-4dd0-af54-25f36f896d86-10,89559582-0321-4dd0-af54-25f36f896d86,10,d05bfb02-57d0-4e4b-a8b3-f3c93eee35a3-10,d05bfb02-57d0-4e4b-a8b3-f3c93eee35a3,10,PROD006,180,Each
89559582-0321-4dd0-af54-25f36f896d86-20,89559582-0321-4dd0-af54-25f36f896d86,20,d05bfb02-57d0-4e4b-a8b3-f3c93eee35a3-20,d05bfb02-57d0-4e4b-a8b3-f3c93eee35a3,20,PROD001,240,Each
4387ae32-7c5f-4b28-83b4-4a6ab4955b7e-10,4387ae32-7c5f-4b28-83b4-4a6ab4955b7e,10,fa90adcd-0832-478c-8c76-94784cd7353d-20,fa90adcd-0832-478c-8c76-94784cd7353d,20,PROD004,490,Each
afcb38cb-7ba2-497f-8fd1-d90a1fc244ab-10,afcb38cb-7ba2-497f-8fd1-d90a1fc244ab,10,fa90adcd-0832-478c-8c76-94784cd7353d-10,fa90adcd-0832-478c-8c76-94784cd7353d,10,PROD002,190,Each
afcb38cb-7ba2-497f-8fd1-d90a1fc244ab-20,afcb38cb-7ba2-497f-8fd1-d90a1fc244ab,20,fa90adcd-0832-478c-8c76-94784cd7353d-30,fa90adcd-0832-478c-8c76-94784cd7353d,30,PROD009,370,Each
87fecb4f-89fe-46af-93e8-a5ebd3a46502-10,87fecb4f-89fe-46af-93e8-a5ebd3a46502,10,a81294ba-b213-4e09-89d0-b889aa42446b-10,a81294ba-b213-4e09-89d0-b889aa42446b,10,PROD002,290,Each
87fecb4f-89fe-46af-93e8-a5ebd3a46502-20,87fecb4f-89fe-46af-93e8-a5ebd3a46502,20,a81294ba-b213-4e09-89d0-b889aa42446b-20,a81294ba-b213-4e09-89d0-b889aa42446b,20,PROD003,440,Each
87fecb4f-89fe-46af-93e8-a5ebd3a46502-30,87fecb4f-89fe-46af-93e8-a5ebd3a46502,30,a81294ba-b213-4e09-89d0-b889aa42446b-30,a81294ba-b213-4e09-89d0-b889aa42446b,30,PROD009,90,Each
c3beeda9-7fc0-4a13-b901-88c74c56819b-10,c3beeda9-7fc0-4a13-b901-88c74c56819b,10,d3d34d2f-95fa-4864-9757-c31447e82b6a-10,d3d34d2f-95fa-4864-9757-c31447e82b6a,10,PROD003,490,Each
01ea972f-98df-44b6-a65c-2f1a6b6b8ee3-10,01ea972f-98df-44b6-a65c-2f1a6b6b8ee3,10,c234827d-abe6-4589-8b77-06233eecda27-10,c234827d-abe6-4589-8b77-06233eecda27,10,PROD004,270,Each
2565809c-e260-48c5-8ad6-459557c33ec2-10,2565809c-e260-48c5-8ad6-459557c33ec2,10,c234827d-abe6-4589-8b77-06233eecda27-10,c234827d-abe6-4589-8b77-06233eecda27,10,PROD004,220,Each
52f9031c-45d6-4ae1-91dd-02164d3eac4b-10,52f9031c-45d6-4ae1-91dd-02164d3eac4b,10,138b4334-9bae-4b99-9383-bec5fecb44ee-10,138b4334-9bae-4b99-9383-bec5fecb44ee,10,PROD002,220,Each
52f9031c-45d6-4ae1-91dd-02164d3eac4b-20,52f9031c-45d6-4ae1-91dd-02164d3eac4b,20,138b4334-9bae-4b99-9383-bec5fecb44ee-20,138b4334-9bae-4b99-9383-bec5fecb44ee,20,PROD004,140,Each
52f9031c-45d6-4ae1-91dd-02164d3eac4b-30,52f9031c-45d6-4ae1-91dd-02164d3eac4b,30,138b4334-9bae-4b99-9383-bec5fecb44ee-30,138b4334-9bae-4b99-9383-bec5fecb44ee,30,PROD008,160,Each
82c81ef3-fbfc-44a8-8c7e-e26917326b27-10,82c81ef3-fbfc-44a8-8c7e-e26917326b27,10,73ace292-900a-4661-82d5-c1a1ba83b99e-10,73ace292-900a-4661-82d5-c1a1ba83b99e,10,PROD009,470,Each
82c81ef3-fbfc-44a8-8c7e-e26917326b27-20,82c81ef3-fbfc-44a8-8c7e-e26917326b27,20,73ace292-900a-4661-82d5-c1a1ba83b99e-20,73ace292-900a-4661-82d5-c1a1ba83b99e,20,PROD002,110,Each
349605e4-0540-4b3c-8de2-8e09d14f4a36-10,349605e4-0540-4b3c-8de2-8e09d14f4a36,10,28feb364-f89b-4274-a41f-046caa68b32d-20,28feb364-f89b-4274-a41f-046caa68b32d,20,PROD004,320,Each
0edbf917-0d19-4ffa-b3f5-5f9659ca02b3-10,0edbf917-0d19-4ffa-b3f5-5f9659ca02b3,10,28feb364-f89b-4274-a41f-046caa68b32d-10,28feb364-f89b-4274-a41f-046caa68b32d,10,PROD006,260,Each
6c98ee11-30b9-4068-8dce-c2c668d88fcb-10,6c98ee11-30b9-4068-8dce-c2c668d88fcb,10,d55caf5a-0b14-4689-bf90-33b1d72502c9-10,d55caf5a-0b14-4689-bf90-33b1d72502c9,10,PROD006,70,Each
6c98ee11-30b9-4068-8dce-c2c668d88fcb-20,6c98ee11-30b9-4068-8dce-c2c668d88fcb,20,d55caf5a-0b14-4689-bf90-33b1d72502c9-20,d55caf5a-0b14-4689-bf90-33b1d72502c9,20,PROD001,450,Each
6c98ee11-30b9-4068-8dce-c2c668d88fcb-30,6c98ee11-30b9-4068-8dce-c2c668d88fcb,30,d55caf5a-0b14-4689-bf90-33b1d72502c9-30,d55caf5a-0b14-4689-bf90-33b1d72502c9,30,PROD009,190,Each
455b1bfd-ae6f-4e95-b076-4c4b8ce2d7d0-10,455b1bfd-ae6f-4e95-b076-4c4b8ce2d7d0,10,000b0db1-7179-4751-b692-9271ea484383-10,000b0db1-7179-4751-b692-9271ea484383,10,PROD001,410,Each
f374910f-91a5-4374-9645-ac2af5855b21-10,f374910f-91a5-4374-9645-ac2af5855b21,10,c6914003-3806-42b4-ba90-eabd736a0917-10,c6914003-3806-42b4-ba90-eabd736a0917,10,PROD003,277,Each
ff38b86c-effc-4842-8002-4b2e99fc70d9-10,ff38b86c-effc-4842-8002-4b2e99fc70d9,10,c6914003-3806-42b4-ba90-eabd736a0917-10,c6914003-3806-42b4-ba90-eabd736a0917,10,PROD003,143,Each
1a71161e-a40f-4341-bc38-47a05600a9d5-10,1a71161e-a40f-4341-bc38-47a05600a9d5,10,d53bb26c-c7dc-4f6c-bdba-8199230c7102-10,d53bb26c-c7dc-4f6c-bdba-8199230c7102,10,PROD008,230,Each
1a71161e-a40f-4341-bc38-47a05600a9d5-20,1a71161e-a40f-4341-bc38-47a05600a9d5,20,d53bb26c-c7dc-4f6c-bdba-8199230c7102-20,d53bb26c-c7dc-4f6c-bdba-8199230c7102,20,PROD001,90,Each
1a71161e-a40f-4341-bc38-47a05600a9d5-30,1a71161e-a40f-4341-bc38-47a05600a9d5,30,d53bb26c-c7dc-4f6c-bdba-8199230c7102-30,d53bb26c-c7dc-4f6c-bdba-8199230c7102,30,PROD004,450,Each
e4f49d8e-850f-4615-a155-50105aaaff8e-10,e4f49d8e-850f-4615-a155-50105aaaff8e,10,a68e75c4-89b7-499f-8078-efa84c32b889-10,a68e75c4-89b7-499f-8078-efa84c32b889,10,PROD001,200,Each
88fa48ba-fcae-4637-b93e-91f3d3f88b0d-10,88fa48ba-fcae-4637-b93e-91f3d3f88b0d,10,b8db3771-eb5e-47bb-85a4-7d375deb5307-20,b8db3771-eb5e-47bb-85a4-7d375deb5307,20,PROD004,110,Each
35b77abb-19b8-45cc-9f83-bf17043de616-10,35b77abb-19b8-45cc-9f83-bf17043de616,10,b8db3771-eb5e-47bb-85a4-7d375deb5307-10,b8db3771-eb5e-47bb-85a4-7d375deb5307,10,PROD006,200,Each
bdfb6a55-d78a-47bb-afa3-a95fd1ce72c3-10,bdfb6a55-d78a-47bb-afa3-a95fd1ce72c3,10,6aa4a9cb-cfed-4f9f-ac49-34e082c4c52d-10,6aa4a9cb-cfed-4f9f-ac49-34e082c4c52d,10,PROD001,290,Each
84ae1db6-b2d1-4e93-bbbe-915d45b76679-10,84ae1db6-b2d1-4e93-bbbe-915d45b76679,10,937f317c-9212-43f7-9c38-73b3017ea4ed-10,937f317c-9212-43f7-9c38-73b3017ea4ed,10,PROD007,450,Each
a95ff15d-3228-43f8-854d-6050c2261961-10,a95ff15d-3228-43f8-854d-6050c2261961,10,4340257c-6749-4f5f-9da9-1e674a0e90c4-20,4340257c-6749-4f5f-9da9-1e674a0e90c4,20,PROD009,200,Each
62966b82-fa89-4aca-8e9c-8bd9add1da72-10,62966b82-fa89-4aca-8e9c-8bd9add1da72,10,4340257c-6749-4f5f-9da9-1e674a0e90c4-10,4340257c-6749-4f5f-9da9-1e674a0e90c4,10,PROD008,180,Each
a164b2b2-0113-40cf-be83-34a08e1b03f3-10,a164b2b2-0113-40cf-be83-34a08e1b03f3,10,ffff3f50-6e00-4940-b4f7-055ede7e00da-10,ffff3f50-6e00-4940-b4f7-055ede7e00da,10,PROD007,70,Each
a164b2b2-0113-40cf-be83-34a08e1b03f3-20,a164b2b2-0113-40cf-be83-34a08e1b03f3,20,ffff3f50-6e00-4940-b4f7-055ede7e00da-20,ffff3f50-6e00-4940-b4f7-055ede7e00da,20,PROD004,80,Each
3f7b1190-7026-4ea1-9c84-223e6b391393-10,3f7b1190-7026-4ea1-9c84-223e6b391393,10,5f7eebf2-9039-47a4-990a-dc25c71fe2f6-10,5f7eebf2-9039-47a4-990a-dc25c71fe2f6,10,PROD009,110,Each
3f7b1190-7026-4ea1-9c84-223e6b391393-20,3f7b1190-7026-4ea1-9c84-223e6b391393,20,5f7eebf2-9039-47a4-990a-dc25c71fe2f6-20,5f7eebf2-9039-47a4-990a-dc25c71fe2f6,20,PROD006,140,Each
ffc67385-87fe-42a1-a2bf-a626869a0708-10,ffc67385-87fe-42a1-a2bf-a626869a0708,10,bb1b07c0-681e-4ec5-991a-bd87809cabaf-10,bb1b07c0-681e-4ec5-991a-bd87809cabaf,10,PROD006,86,Each
02f5b8c0-03c4-472d-94a5-38dcd3d588d9-10,02f5b8c0-03c4-472d-94a5-38dcd3d588d9,10,bb1b07c0-681e-4ec5-991a-bd87809cabaf-10,bb1b07c0-681e-4ec5-991a-bd87809cabaf,10,PROD006,184,Each
d14b7a9a-c157-4b6b-9cd4-1096c048cac8-10,d14b7a9a-c157-4b6b-9cd4-1096c048cac8,10,ce091b9b-542f-4b9a-b249-db1a0f22c00b-10,ce091b9b-542f-4b9a-b249-db1a0f22c00b,10,PROD006,150,Each
15e23048-2f94-4181-8961-c60e91ab8bc8-10,15e23048-2f94-4181-8961-c60e91ab8bc8,10,754c517b-c865-4bb8-a809-5779c683f5d9-10,754c517b-c865-4bb8-a809-5779c683f5d9,10,PROD004,420,Each
61249ab8-fd49-401e-a72e-8c23137e7094-10,61249ab8-fd49-401e-a72e-8c23137e7094,10,31f6c9db-0c6a-47d0-a6f0-908d51dc00b8-10,31f6c9db-0c6a-47d0-a6f0-908d51dc00b8,10,PROD001,90,Each
4f5b70fb-9e0c-48b9-a49d-564649bd92fa-10,4f5b70fb-9e0c-48b9-a49d-564649bd92fa,10,31f6c9db-0c6a-47d0-a6f0-908d51dc00b8-20,31f6c9db-0c6a-47d0-a6f0-908d51dc00b8,20,PROD004,160,Each
4f5b70fb-9e0c-48b9-a49d-564649bd92fa-20,4f5b70fb-9e0c-48b9-a49d-564649bd92fa,20,31f6c9db-0c6a-47d0-a6f0-908d51dc00b8-30,31f6c9db-0c6a-47d0-a6f0-908d51dc00b8,30,PROD008,250,Each
3e283ac9-a6c4-4fb9-8152-caf3167e2a10-10,3e283ac9-a6c4-4fb9-8152-caf3167e2a10,10,a211157b-eb5c-42b8-962b-8a68b67ec5b3-10,a211157b-eb5c-42b8-962b-8a68b67ec5b3,10,PROD009,420,Each
3e283ac9-a6c4-4fb9-8152-caf3167e2a10-20,3e283ac9-a6c4-4fb9-8152-caf3167e2a10,20,a211157b-eb5c-42b8-962b-8a68b67ec5b3-20,a211157b-eb5c-42b8-962b-8a68b67ec5b3,20,PROD006,250,Each
3e283ac9-a6c4-4fb9-8152-caf3167e2a10-30,3e283ac9-a6c4-4fb9-8152-caf3167e2a10,30,a211157b-eb5c-42b8-962b-8a68b67ec5b3-30,a211157b-eb5c-42b8-962b-8a68b67ec5b3,30,PROD007,490,Each
b8abe82e-e1e3-4949-92ab-8dbed7eb4741-10,b8abe82e-e1e3-4949-92ab-8dbed7eb4741,10,78be228b-99fc-452d-873f-b849ec0e6fb6-10,78be228b-99fc-452d-873f-b849ec0e6fb6,10,PROD009,440,Each
b8abe82e-e1e3-4949-92ab-8dbed7eb4741-20,b8abe82e-e1e3-4949-92ab-8dbed7eb4741,20,78be228b-99fc-452d-873f-b849ec0e6fb6-20,78be228b-99fc-452d-873f-b849ec0e6fb6,20,PROD002,330,Each
5a02dd7d-a83b-4b70-94fc-e3d7222cdf36-10,5a02dd7d-a83b-4b70-94fc-e3d7222cdf36,10,7f82131d-3aa4-42a2-aa55-abc6f87bd890-10,7f82131d-3aa4-42a2-aa55-abc6f87bd890,10,PROD005,310,Each
227f8093-9d1a-499a-aa7e-becc62ed4d24-10,227f8093-9d1a-499a-aa7e-becc62ed4d24,10,7f82131d-3aa4-42a2-aa55-abc6f87bd890-20,7f82131d-3aa4-42a2-aa55-abc6f87bd890,20,PROD006,390,Each
227f8093-9d1a-499a-aa7e-becc62ed4d24-20,227f8093-9d1a-499a-aa7e-becc62ed4d24,20,7f82131d-3aa4-42a2-aa55-abc6f87bd890-30,7f82131d-3aa4-42a2-aa55-abc6f87bd890,30,PROD002,340,Each
a3981ba1-08c7-47fa-9e93-26b36e21368a-10,a3981ba1-08c7-47fa-9e93-26b36e21368a,10,4a64c2ca-a2c2-4ab3-a5de-c2fab42bcacc-10,4a64c2ca-a2c2-4ab3-a5de-c2fab42bcacc,10,PROD002,370,Each
bbfb562a-09eb-4543-9af4-1a611a87ac6a-10,bbfb562a-09eb-4543-9af4-1a611a87ac6a,10,fe54d65c-8ef8-4042-afb3-0761bc6da3f8-10,fe54d65c-8ef8-4042-afb3-0761bc6da3f8,10,PROD001,70,Each
bbfb562a-09eb-4543-9af4-1a611a87ac6a-20,bbfb562a-09eb-4543-9af4-1a611a87ac6a,20,fe54d65c-8ef8-4042-afb3-0761bc6da3f8-20,fe54d65c-8ef8-4042-afb3-0761bc6da3f8,20,PROD006,440,Each
b59d3bd0-ffe1-4804-b80b-af9c53b0a31d-10,b59d3bd0-ffe1-4804-b80b-af9c53b0a31d,10,a7dedf04-faa5-4ba4-a590-659f374f26fd-30,a7dedf04-faa5-4ba4-a590-659f374f26fd,30,PROD004,340,Each
65595c30-2823-4d91-99d3-315699419a31-10,65595c30-2823-4d91-99d3-315699419a31,10,a7dedf04-faa5-4ba4-a590-659f374f26fd-10,a7dedf04-faa5-4ba4-a590-659f374f26fd,10,PROD008,180,Each
65595c30-2823-4d91-99d3-315699419a31-20,65595c30-2823-4d91-99d3-315699419a31,20,a7dedf04-faa5-4ba4-a590-659f374f26fd-20,a7dedf04-faa5-4ba4-a590-659f374f26fd,20,PROD007,130,Each
137a9dae-d4fc-415a-99f5-77a8ce2f9ce3-10,137a9dae-d4fc-415a-99f5-77a8ce2f9ce3,10,4174dc13-ba84-4e89-9f07-a74eb2a0a617-10,4174dc13-ba84-4e89-9f07-a74eb2a0a617,10,PROD003,80,Each
46e36a59-c660-48b7-b1f7-d57e0fd7b433-10,46e36a59-c660-48b7-b1f7-d57e0fd7b433,10,90aa9d7b-905f-46a0-ac52-79ece9193b48-10,90aa9d7b-905f-46a0-ac52-79ece9193b48,10,PROD007,70,Each
46e36a59-c660-48b7-b1f7-d57e0fd7b433-20,46e36a59-c660-48b7-b1f7-d57e0fd7b433,20,90aa9d7b-905f-46a0-ac52-79ece9193b48-20,90aa9d7b-905f-46a0-ac52-79ece9193b48,20,PROD001,370,Each
46e36a59-c660-48b7-b1f7-d57e0fd7b433-30,46e36a59-c660-48b7-b1f7-d57e0fd7b433,30,90aa9d7b-905f-46a0-ac52-79ece9193b48-30,90aa9d7b-905f-46a0-ac52-79ece9193b48,30,PROD005,150,Each
cec7f405-88d0-4dc4-89bb-d3cd8bd140e6-10,cec7f405-88d0-4dc4-89bb-d3cd8bd140e6,10,47c88263-0655-4f62-b0c1-4afcccc9d9dc-20,47c88263-0655-4f62-b0c1-4afcccc9d9dc,20,PROD002,410,Each
25b4c491-0647-41d6-a565-4da9f0150992-10,25b4c491-0647-41d6-a565-4da9f0150992,10,47c88263-0655-4f62-b0c1-4afcccc9d9dc-10,47c88263-0655-4f62-b0c1-4afcccc9d9dc,10,PROD004,110,Each
e57b59d8-7e9d-4f2f-9eea-a20391c25c73-10,e57b59d8-7e9d-4f2f-9eea-a20391c25c73,10,98b12a1e-846c-4e90-ba06-7689fa159a35-10,98b12a1e-846c-4e90-ba06-7689fa159a35,10,PROD002,370,Each
a55e952f-abd9-4108-8369-6ed16d25ae81-10,a55e952f-abd9-4108-8369-6ed16d25ae81,10,e4010ed8-55af-46e2-ae69-2326066ea0f4-10,e4010ed8-55af-46e2-ae69-2326066ea0f4,10,PROD004,440,Each
a55e952f-abd9-4108-8369-6ed16d25ae81-20,a55e952f-abd9-4108-8369-6ed16d25ae81,20,e4010ed8-55af-46e2-ae69-2326066ea0f4-20,e4010ed8-55af-46e2-ae69-2326066ea0f4,20,PROD003,390,Each
a55e952f-abd9-4108-8369-6ed16d25ae81-30,a55e952f-abd9-4108-8369-6ed16d25ae81,30,e4010ed8-55af-46e2-ae69-2326066ea0f4-30,e4010ed8-55af-46e2-ae69-2326066ea0f4,30,PROD007,250,Each
d8ec5e2b-fe21-4797-a3ec-a5dc82c3fdff-10,d8ec5e2b-fe21-4797-a3ec-a5dc82c3fdff,10,46249fb8-5ef5-47ca-8aa9-356446cc4fd3-10,46249fb8-5ef5-47ca-8aa9-356446cc4fd3,10,PROD004,63,Each
b0165abc-07b8-4ab0-a5a9-bbde4829e4c5-10,b0165abc-07b8-4ab0-a5a9-bbde4829e4c5,10,46249fb8-5ef5-47ca-8aa9-356446cc4fd3-10,46249fb8-5ef5-47ca-8aa9-356446cc4fd3,10,PROD004,37,Each
3c2cbd0d-81a3-42f4-8e12-842788ae264e-10,3c2cbd0d-81a3-42f4-8e12-842788ae264e,10,e8fa1a96-066a-4fbf-824d-0f7159cd9cf3-10,e8fa1a96-066a-4fbf-824d-0f7159cd9cf3,10,PROD009,430,Each
3c2cbd0d-81a3-42f4-8e12-842788ae264e-20,3c2cbd0d-81a3-42f4-8e12-842788ae264e,20,e8fa1a96-066a-4fbf-824d-0f7159cd9cf3-20,e8fa1a96-066a-4fbf-824d-0f7159cd9cf3,20,PROD001,330,Each
3c2cbd0d-81a3-42f4-8e12-842788ae264e-30,3c2cbd0d-81a3-42f4-8e12-842788ae264e,30,e8fa1a96-066a-4fbf-824d-0f7159cd9cf3-30,e8fa1a96-066a-4fbf-824d-0f7159cd9cf3,30,PROD002,160,Each
a9d10a3c-e8d8-409d-89b2-409f77c925ac-10,a9d10a3c-e8d8-409d-89b2-409f77c925ac,10,1602a840-2903-4c6e-bc72-787a1e8a5e86-10,1602a840-2903-4c6e-bc72-787a1e8a5e86,10,PROD005,290,Each
a9d10a3c-e8d8-409d-89b2-409f77c925ac-20,a9d10a3c-e8d8-409d-89b2-409f77c925ac,20,1602a840-2903-4c6e-bc72-787a1e8a5e86-20,1602a840-2903-4c6e-bc72-787a1e8a5e86,20,PROD004,480,Each
a9d10a3c-e8d8-409d-89b2-409f77c925ac-30,a9d10a3c-e8d8-409d-89b2-409f77c925ac,30,1602a840-2903-4c6e-bc72-787a1e8a5e86-30,1602a840-2903-4c6e-bc72-787a1e8a5e86,30,PROD002,240,Each
b258a322-0fe1-425e-a540-c486ffbe63d6-10,b258a322-0fe1-425e-a540-c486ffbe63d6,10,62b7f1b5-135f-4a56-9f69-b536d4744e50-20,62b7f1b5-135f-4a56-9f69-b536d4744e50,20,PROD004,100,Each
52423224-654c-46c1-ba00-4dd1e093da8b-10,52423224-654c-46c1-ba00-4dd1e093da8b,10,62b7f1b5-135f-4a56-9f69-b536d4744e50-10,62b7f1b5-135f-4a56-9f69-b536d4744e50,10,PROD003,470,Each
02349f9c-9876-453f-8d09-64f8bca54260-10,02349f9c-9876-453f-8d09-64f8bca54260,10,2ce3204e-a2d0-4ea3-a4e1-0cef3ec38d8c-10,2ce3204e-a2d0-4ea3-a4e1-0cef3ec38d8c,10,PROD008,220,Each
02349f9c-9876-453f-8d09-64f8bca54260-20,02349f9c-9876-453f-8d09-64f8bca54260,20,2ce3204e-a2d0-4ea3-a4e1-0cef3ec38d8c-20,2ce3204e-a2d0-4ea3-a4e1-0cef3ec38d8c,20,PROD002,120,Each
02349f9c-9876-453f-8d09-64f8bca54260-30,02349f9c-9876-453f-8d09-64f8bca54260,30,2ce3204e-a2d0-4ea3-a4e1-0cef3ec38d8c-30,2ce3204e-a2d0-4ea3-a4e1-0cef3ec38d8c,30,PROD006,460,Each
063280fe-29ec-4862-a625-bcc791994c4c-10,063280fe-29ec-4862-a625-bcc791994c4c,10,3665861c-4008-47b2-9cb9-33ff4aebeee0-10,3665861c-4008-47b2-9cb9-33ff4aebeee0,10,PROD009,460,Each
2b5fb066-d4ed-4d16-9344-e3c74689763d-10,2b5fb066-d4ed-4d16-9344-e3c74689763d,10,4d2acbb5-3177-476c-844b-472940ed8478-10,4d2acbb5-3177-476c-844b-472940ed8478,10,PROD002,220,Each
92214e68-8478-4dda-bace-a0b6143aa4bf-10,92214e68-8478-4dda-bace-a0b6143aa4bf,10,4d2acbb5-3177-476c-844b-472940ed8478-20,4d2acbb5-3177-476c-844b-472940ed8478,20,PROD005,430,Each
541732e9-7552-4eb4-a5a6-62df9260c35f-10,541732e9-7552-4eb4-a5a6-62df9260c35f,10,257d54d5-ea80-4c01-9b4e-5782c2613c75-10,257d54d5-ea80-4c01-9b4e-5782c2613c75,10,PROD009,140,Each
541732e9-7552-4eb4-a5a6-62df9260c35f-20,541732e9-7552-4eb4-a5a6-62df9260c35f,20,257d54d5-ea80-4c01-9b4e-5782c2613c75-20,257d54d5-ea80-4c01-9b4e-5782c2613c75,20,PROD002,60,Each
d7142f72-6027-45a7-b487-40e7c30329cf-10,d7142f72-6027-45a7-b487-40e7c30329cf,10,bd6be429-66b6-4008-b1a2-3da056325a13-10,bd6be429-66b6-4008-b1a2-3da056325a13,10,PROD007,210,Each
d7142f72-6027-45a7-b487-40e7c30329cf-20,d7142f72-6027-45a7-b487-40e7c30329cf,20,bd6be429-66b6-4008-b1a2-3da056325a13-20,bd6be429-66b6-4008-b1a2-3da056325a13,20,PROD004,450,Each
f16acf38-35f5-4e55-b624-c9aefed3870c-10,f16acf38-35f5-4e55-b624-c9aefed3870c,10,1a9194fd-2e3e-4ace-837d-d9f56ec20dd4-10,1a9194fd-2e3e-4ace-837d-d9f56ec20dd4,10,PROD003,201,Each
212e5a28-8dec-4a02-ad0b-6ef2055f3c69-10,212e5a28-8dec-4a02-ad0b-6ef2055f3c69,10,1a9194fd-2e3e-4ace-837d-d9f56ec20dd4-10,1a9194fd-2e3e-4ace-837d-d9f56ec20dd4,10,PROD003,289,Each
59528d8b-cf31-4daa-b8d7-bd001f50aa9f-10,59528d8b-cf31-4daa-b8d7-bd001f50aa9f,10,d79fee61-6ebd-4ca5-800e-30d07d11f6d9-10,d79fee61-6ebd-4ca5-800e-30d07d11f6d9,10,PROD001,350,Each
59528d8b-cf31-4daa-b8d7-bd001f50aa9f-20,59528d8b-cf31-4daa-b8d7-bd001f50aa9f,20,d79fee61-6ebd-4ca5-800e-30d07d11f6d9-20,d79fee61-6ebd-4ca5-800e-30d07d11f6d9,20,PROD002,240,Each
84909936-0abf-41ee-8258-1a2a431413e5-10,84909936-0abf-41ee-8258-1a2a431413e5,10,f012d4e2-0f61-4769-8e96-fe620d4ec447-10,f012d4e2-0f61-4769-8e96-fe620d4ec447,10,PROD001,230,Each
84909936-0abf-41ee-8258-1a2a431413e5-20,84909936-0abf-41ee-8258-1a2a431413e5,20,f012d4e2-0f61-4769-8e96-fe620d4ec447-20,f012d4e2-0f61-4769-8e96-fe620d4ec447,20,PROD007,410,Each
8bcf99a5-95a4-4d30-9e6e-dd98566cb02c-10,8bcf99a5-95a4-4d30-9e6e-dd98566cb02c,10,af0901af-f02e-466a-a178-c5f4f19ee7b9-10,af0901af-f02e-466a-a178-c5f4f19ee7b9,10,PROD009,400,Each
4f886e5e-b9ce-474a-934e-eeae79796b5c-10,4f886e5e-b9ce-474a-934e-eeae79796b5c,10,af0901af-f02e-466a-a178-c5f4f19ee7b9-20,af0901af-f02e-466a-a178-c5f4f19ee7b9,20,PROD003,200,Each
ca6237f0-9866-46f6-ac2e-b5a4ddefae6d-10,ca6237f0-9866-46f6-ac2e-b5a4ddefae6d,10,49404c44-9271-43ab-b5f5-e1da622205bd-10,49404c44-9271-43ab-b5f5-e1da622205bd,10,PROD006,50,Each
ca6237f0-9866-46f6-ac2e-b5a4ddefae6d-20,ca6237f0-9866-46f6-ac2e-b5a4ddefae6d,20,49404c44-9271-43ab-b5f5-e1da622205bd-20,49404c44-9271-43ab-b5f5-e1da622205bd,20,PROD009,130,Each
6fc45861-4855-4444-a2e3-cc9a4887f234-10,6fc45861-4855-4444-a2e3-cc9a4887f234,10,74405002-bf46-46ff-b0e3-07a037851287-10,74405002-bf46-46ff-b0e3-07a037851287,10,PROD006,290,Each
6fc45861-4855-4444-a2e3-cc9a4887f234-20,6fc45861-4855-4444-a2e3-cc9a4887f234,20,74405002-bf46-46ff-b0e3-07a037851287-20,74405002-bf46-46ff-b0e3-07a037851287,20,PROD007,250,Each
9bf203ed-202f-4c32-83b9-95bcba1ea2d9-10,9bf203ed-202f-4c32-83b9-95bcba1ea2d9,10,734c3f29-a682-4a41-a95a-13a35136118a-30,734c3f29-a682-4a41-a95a-13a35136118a,30,PROD007,150,Each
9ecee4ff-f8f2-4f32-b731-b5d70f116475-10,9ecee4ff-f8f2-4f32-b731-b5d70f116475,10,734c3f29-a682-4a41-a95a-13a35136118a-10,734c3f29-a682-4a41-a95a-13a35136118a,10,PROD002,280,Each
9ecee4ff-f8f2-4f32-b731-b5d70f116475-20,9ecee4ff-f8f2-4f32-b731-b5d70f116475,20,734c3f29-a682-4a41-a95a-13a35136118a-20,734c3f29-a682-4a41-a95a-13a35136118a,20,PROD004,270,Each
9500feae-5529-4dcb-bf50-f679a50203d1-10,9500feae-5529-4dcb-bf50-f679a50203d1,10,f5fa3cc4-5355-46d4-846b-853da3ef5e16-10,f5fa3cc4-5355-46d4-846b-853da3ef5e16,10,PROD007,300,Each
9500feae-5529-4dcb-bf50-f679a50203d1-20,9500feae-5529-4dcb-bf50-f679a50203d1,20,f5fa3cc4-5355-46d4-846b-853da3ef5e16-20,f5fa3cc4-5355-46d4-846b-853da3ef5e16,20,PROD006,290,Each
94233427-9ae3-439c-96db-c82ef31ba9ee-10,94233427-9ae3-439c-96db-c82ef31ba9ee,10,9ee6f23a-bbba-4a4e-ac5a-6bc3cd6b9cb7-10,9ee6f23a-bbba-4a4e-ac5a-6bc3cd6b9cb7,10,PROD004,490,Each
94233427-9ae3-439c-96db-c82ef31ba9ee-20,94233427-9ae3-439c-96db-c82ef31ba9ee,20,9ee6f23a-bbba-4a4e-ac5a-6bc3cd6b9cb7-20,9ee6f23a-bbba-4a4e-ac5a-6bc3cd6b9cb7,20,PROD003,80,Each
a50bda12-a065-433e-a21d-bee8936ad9ea-10,a50bda12-a065-433e-a21d-bee8936ad9ea,10,0ef57c52-765b-4cb8-9355-8647c050513e-10,0ef57c52-765b-4cb8-9355-8647c050513e,10,PROD009,320,Each
ccbd0387-bc3e-43a6-a50a-17cc986118cd-10,ccbd0387-bc3e-43a6-a50a-17cc986118cd,10,0ef57c52-765b-4cb8-9355-8647c050513e-20,0ef57c52-765b-4cb8-9355-8647c050513e,20,PROD001,70,Each
d4f6aea0-f2d7-4521-b049-f7792b0d54ff-10,d4f6aea0-f2d7-4521-b049-f7792b0d54ff,10,d8d21ea0-cbfe-4508-90bc-81ccf1a72861-10,d8d21ea0-cbfe-4508-90bc-81ccf1a72861,10,PROD001,260,Each
d4f6aea0-f2d7-4521-b049-f7792b0d54ff-20,d4f6aea0-f2d7-4521-b049-f7792b0d54ff,20,d8d21ea0-cbfe-4508-90bc-81ccf1a72861-20,d8d21ea0-cbfe-4508-90bc-81ccf1a72861,20,PROD009,310,Each
e85fc716-24f5-4509-8972-4f08bd1a8b50-10,e85fc716-24f5-4509-8972-4f08bd1a8b50,10,202a5a9d-2470-486f-acae-e26ac9b5cfe7-10,202a5a9d-2470-486f-acae-e26ac9b5cfe7,10,PROD001,370,Each
e85fc716-24f5-4509-8972-4f08bd1a8b50-20,e85fc716-24f5-4509-8972-4f08bd1a8b50,20,202a5a9d-2470-486f-acae-e26ac9b5cfe7-20,202a5a9d-2470-486f-acae-e26ac9b5cfe7,20,PROD002,290,Each
e85fc716-24f5-4509-8972-4f08bd1a8b50-30,e85fc716-24f5-4509-8972-4f08bd1a8b50,30,202a5a9d-2470-486f-acae-e26ac9b5cfe7-30,202a5a9d-2470-486f-acae-e26ac9b5cfe7,30,PROD009,420,Each
44c7824c-a014-4140-8b05-7c19082c03d8-10,44c7824c-a014-4140-8b05-7c19082c03d8,10,a26f6d48-4b1b-4d6f-91f9-48d8c6c38b2f-10,a26f6d48-4b1b-4d6f-91f9-48d8c6c38b2f,10,PROD001,367,Each
4d0ff379-22d8-48e2-a2cb-7dd5d2ab8dd1-10,4d0ff379-22d8-48e2-a2cb-7dd5d2ab8dd1,10,a26f6d48-4b1b-4d6f-91f9-48d8c6c38b2f-10,a26f6d48-4b1b-4d6f-91f9-48d8c6c38b2f,10,PROD001,103,Each
0706b340-394c-42a1-8e70-8dbd03eb7bce-10,0706b340-394c-42a1-8e70-8dbd03eb7bce,10,e9cb4219-157c-49c5-ba3f-61db6c2e5f9b-10,e9cb4219-157c-49c5-ba3f-61db6c2e5f9b,10,PROD004,280,Each
0706b340-394c-42a1-8e70-8dbd03eb7bce-20,0706b340-394c-42a1-8e70-8dbd03eb7bce,20,e9cb4219-157c-49c5-ba3f-61db6c2e5f9b-20,e9cb4219-157c-49c5-ba3f-61db6c2e5f9b,20,PROD003,160,Each
1c98308a-a5f6-40f0-83f4-edb702948e6d-10,1c98308a-a5f6-40f0-83f4-edb702948e6d,10,db7cf9b7-9fe4-48a1-a2b4-e26cc10a464a-10,db7cf9b7-9fe4-48a1-a2b4-e26cc10a464a,10,PROD005,290,Each
1c98308a-a5f6-40f0-83f4-edb702948e6d-20,1c98308a-a5f6-40f0-83f4-edb702948e6d,20,db7cf9b7-9fe4-48a1-a2b4-e26cc10a464a-20,db7cf9b7-9fe4-48a1-a2b4-e26cc10a464a,20,PROD002,310,Each
1c98308a-a5f6-40f0-83f4-edb702948e6d-30,1c98308a-a5f6-40f0-83f4-edb702948e6d,30,db7cf9b7-9fe4-48a1-a2b4-e26cc10a464a-30,db7cf9b7-9fe4-48a1-a2b4-e26cc10a464a,30,PROD001,390,Each
2e852512-d758-43c0-9d4b-5d223eb0b86f-10,2e852512-d758-43c0-9d4b-5d223eb0b86f,10,c65f888b-e791-49ad-b451-5969550c26a5-30,c65f888b-e791-49ad-b451-5969550c26a5,30,PROD007,180,Each
ca7f9312-e376-441e-9e8e-6b6c2795b259-10,ca7f9312-e376-441e-9e8e-6b6c2795b259,10,c65f888b-e791-49ad-b451-5969550c26a5-10,c65f888b-e791-49ad-b451-5969550c26a5,10,PROD006,470,Each
ca7f9312-e376-441e-9e8e-6b6c2795b259-20,ca7f9312-e376-441e-9e8e-6b6c2795b259,20,c65f888b-e791-49ad-b451-5969550c26a5-20,c65f888b-e791-49ad-b451-5969550c26a5,20,PROD008,350,Each
f3f19bdd-65de-4998-9bf4-2b403e9cd18c-10,f3f19bdd-65de-4998-9bf4-2b403e9cd18c,10,dadec67d-8c7a-4474-9389-a0f790ccb959-10,dadec67d-8c7a-4474-9389-a0f790ccb959,10,PROD002,380,Each
819ac8b0-6f66-487d-9d0e-a81da2629e22-10,819ac8b0-6f66-487d-9d0e-a81da2629e22,10,8f27c2cf-5e1a-4bfc-88bb-e9123d6d3643-10,8f27c2cf-5e1a-4bfc-88bb-e9123d6d3643,10,PROD006,440,Each
52f7cc7b-fcb2-4cad-8a9d-7e0ccafe69ee-10,52f7cc7b-fcb2-4cad-8a9d-7e0ccafe69ee,10,d81c923c-1455-4d9d-aa10-4a8002744ae4-10,d81c923c-1455-4d9d-aa10-4a8002744ae4,10,PROD008,46,Each
e5eee9ef-aa7d-46dc-94ca-a7654af6d213-10,e5eee9ef-aa7d-46dc-94ca-a7654af6d213,10,d81c923c-1455-4d9d-aa10-4a8002744ae4-10,d81c923c-1455-4d9d-aa10-4a8002744ae4,10,PROD008,24,Each
b63095ea-8dd9-46e5-8e37-fe1099ca1c48-10,b63095ea-8dd9-46e5-8e37-fe1099ca1c48,10,d783193d-d03c-414d-9a0c-632e8ba376a3-10,d783193d-d03c-414d-9a0c-632e8ba376a3,10,PROD004,250,Each
85b6e255-6d5d-44aa-b5f5-b3679e4c1751-10,85b6e255-6d5d-44aa-b5f5-b3679e4c1751,10,c95522f9-e4d2-41eb-8e72-9dbf4242d13c-10,c95522f9-e4d2-41eb-8e72-9dbf4242d13c,10,PROD002,200,Each
85b6e255-6d5d-44aa-b5f5-b3679e4c1751-20,85b6e255-6d5d-44aa-b5f5-b3679e4c1751,20,c95522f9-e4d2-41eb-8e72-9dbf4242d13c-20,c95522f9-e4d2-41eb-8e72-9dbf4242d13c,20,PROD004,180,Each
85b6e255-6d5d-44aa-b5f5-b3679e4c1751-30,85b6e255-6d5d-44aa-b5f5-b3679e4c1751,30,c95522f9-e4d2-41eb-8e72-9dbf4242d13c-30,c95522f9-e4d2-41eb-8e72-9dbf4242d13c,30,PROD008,400,Each
8e57d9f9-7f15-4e43-81c9-f0d0dfcb6de6-10,8e57d9f9-7f15-4e43-81c9-f0d0dfcb6de6,10,055f26db-1896-4c84-9941-715b517ed955-10,055f26db-1896-4c84-9941-715b517ed955,10,PROD009,120,Each
e24bb4bf-2669-4721-968d-2c5e7449283f-10,e24bb4bf-2669-4721-968d-2c5e7449283f,10,055f26db-1896-4c84-9941-715b517ed955-20,055f26db-1896-4c84-9941-715b517ed955,20,PROD002,180,Each
86993988-a99e-4d64-86f1-c17376df04cd-10,86993988-a99e-4d64-86f1-c17376df04cd,10,8c7e8f35-ca88-48d1-b43a-4c0ddac5349b-10,8c7e8f35-ca88-48d1-b43a-4c0ddac5349b,10,PROD001,360,Each
86993988-a99e-4d64-86f1-c17376df04cd-20,86993988-a99e-4d64-86f1-c17376df04cd,20,8c7e8f35-ca88-48d1-b43a-4c0ddac5349b-20,8c7e8f35-ca88-48d1-b43a-4c0ddac5349b,20,PROD006,310,Each
77e11446-fafe-4b77-b978-a1ec34190ad9-10,77e11446-fafe-4b77-b978-a1ec34190ad9,10,60cbc109-7c01-4f82-a509-009618a2a68f-10,60cbc109-7c01-4f82-a509-009618a2a68f,10,PROD008,400,Each
77e11446-fafe-4b77-b978-a1ec34190ad9-20,77e11446-fafe-4b77-b978-a1ec34190ad9,20,60cbc109-7c01-4f82-a509-009618a2a68f-20,60cbc109-7c01-4f82-a509-009618a2a68f,20,PROD002,80,Each
0566ecb8-33b5-4ac3-a4f6-962434a62d02-10,0566ecb8-33b5-4ac3-a4f6-962434a62d02,10,22b0db4e-3081-43aa-a29a-b98c53431545-10,22b0db4e-3081-43aa-a29a-b98c53431545,10,PROD007,130,Each
2869f9ca-d52b-45d2-a88a-23c161e1726f-10,2869f9ca-d52b-45d2-a88a-23c161e1726f,10,22b0db4e-3081-43aa-a29a-b98c53431545-10,22b0db4e-3081-43aa-a29a-b98c53431545,10,PROD007,240,Each
4730a3da-c38e-4db9-a59b-9fd09c3b797c-10,4730a3da-c38e-4db9-a59b-9fd09c3b797c,10,2c8f81ee-d2f1-4a52-bf40-45c8700d1666-10,2c8f81ee-d2f1-4a52-bf40-45c8700d1666,10,PROD007,160,Each
4730a3da-c38e-4db9-a59b-9fd09c3b797c-20,4730a3da-c38e-4db9-a59b-9fd09c3b797c,20,2c8f81ee-d2f1-4a52-bf40-45c8700d1666-20,2c8f81ee-d2f1-4a52-bf40-45c8700d1666,20,PROD009,190,Each
dbd1acd9-48f1-4e8e-89c8-4d9215977a9a-10,dbd1acd9-48f1-4e8e-89c8-4d9215977a9a,10,83486f44-b5fb-4928-ab9c-36a184f914a3-10,83486f44-b5fb-4928-ab9c-36a184f914a3,10,PROD005,340,Each
dbd1acd9-48f1-4e8e-89c8-4d9215977a9a-20,dbd1acd9-48f1-4e8e-89c8-4d9215977a9a,20,83486f44-b5fb-4928-ab9c-36a184f914a3-20,83486f44-b5fb-4928-ab9c-36a184f914a3,20,PROD002,480,Each
e449508c-9130-49c9-b6c2-8ac1cd73eb95-10,e449508c-9130-49c9-b6c2-8ac1cd73eb95,10,f0f8833a-a891-4ef3-ae1d-e01b9c43eb03-20,f0f8833a-a891-4ef3-ae1d-e01b9c43eb03,20,PROD001,230,Each
8fce9ecd-51f3-4e23-af8b-62b40718b51c-10,8fce9ecd-51f3-4e23-af8b-62b40718b51c,10,f0f8833a-a891-4ef3-ae1d-e01b9c43eb03-10,f0f8833a-a891-4ef3-ae1d-e01b9c43eb03,10,PROD005,270,Each
e92446f5-ee7b-420a-9814-90cff4bbbe11-10,e92446f5-ee7b-420a-9814-90cff4bbbe11,10,dd030689-85f1-4c5c-9697-0d51c494ae3a-10,dd030689-85f1-4c5c-9697-0d51c494ae3a,10,PROD002,130,Each
e92446f5-ee7b-420a-9814-90cff4bbbe11-20,e92446f5-ee7b-420a-9814-90cff4bbbe11,20,dd030689-85f1-4c5c-9697-0d51c494ae3a-20,dd030689-85f1-4c5c-9697-0d51c494ae3a,20,PROD006,240,Each
e92446f5-ee7b-420a-9814-90cff4bbbe11-30,e92446f5-ee7b-420a-9814-90cff4bbbe11,30,dd030689-85f1-4c5c-9697-0d51c494ae3a-30,dd030689-85f1-4c5c-9697-0d51c494ae3a,30,PROD007,360,Each
42e6b258-3952-4b87-b53a-9825874a5933-10,42e6b258-3952-4b87-b53a-9825874a5933,10,370b3ab5-3053-43df-88c3-513b97ecca23-10,370b3ab5-3053-43df-88c3-513b97ecca23,10,PROD002,430,Each
42e6b258-3952-4b87-b53a-9825874a5933-20,42e6b258-3952-4b87-b53a-9825874a5933,20,370b3ab5-3053-43df-88c3-513b97ecca23-20,370b3ab5-3053-43df-88c3-513b97ecca23,20,PROD003,460,Each
ff12e675-863f-4288-8c35-1cba7f73d0eb-10,ff12e675-863f-4288-8c35-1cba7f73d0eb,10,0fee2188-6f00-4b59-8abb-c9ecacc2247f-10,0fee2188-6f00-4b59-8abb-c9ecacc2247f,10,PROD008,162,Each
10ad73b9-ed3b-4132-a44f-80f8845a1556-10,10ad73b9-ed3b-4132-a44f-80f8845a1556,10,0fee2188-6f00-4b59-8abb-c9ecacc2247f-10,0fee2188-6f00-4b59-8abb-c9ecacc2247f,10,PROD008,198,Each
2274c775-a358-4734-956d-81434b3ba06c-10,2274c775-a358-4734-956d-81434b3ba06c,10,1f260d82-5b05-49a1-a330-8a111c2803d6-10,1f260d82-5b05-49a1-a330-8a111c2803d6,10,PROD002,470,Each
143eacca-66b7-4444-ad18-9435e11b1605-10,143eacca-66b7-4444-ad18-9435e11b1605,10,78115d99-9333-41ad-a68d-91c76007552b-10,78115d99-9333-41ad-a68d-91c76007552b,10,PROD006,160,Each
06ac2e38-6924-4c72-bbf2-86acdf657e5f-10,06ac2e38-6924-4c72-bbf2-86acdf657e5f,10,ff260041-9679-4675-b234-7b8a6608ec47-10,ff260041-9679-4675-b234-7b8a6608ec47,10,PROD001,60,Each
8c506d99-0bc3-41f9-9343-bef57f46e7dc-10,8c506d99-0bc3-41f9-9343-bef57f46e7dc,10,ff260041-9679-4675-b234-7b8a6608ec47-10,ff260041-9679-4675-b234-7b8a6608ec47,10,PROD001,110,Each
609c05cf-f40d-4692-b5a6-19525de64652-10,609c05cf-f40d-4692-b5a6-19525de64652,10,9a156d27-beeb-4dc0-9a98-f9b4458ea802-10,9a156d27-beeb-4dc0-9a98-f9b4458ea802,10,PROD004,330,Each
8f80f29c-69ea-452a-ae5d-f0a1ec6236f8-10,8f80f29c-69ea-452a-ae5d-f0a1ec6236f8,10,f97685f4-8991-4683-a1c8-406777602038-10,f97685f4-8991-4683-a1c8-406777602038,10,PROD007,430,Each
8f80f29c-69ea-452a-ae5d-f0a1ec6236f8-20,8f80f29c-69ea-452a-ae5d-f0a1ec6236f8,20,f97685f4-8991-4683-a1c8-406777602038-20,f97685f4-8991-4683-a1c8-406777602038,20,PROD002,270,Each
8f80f29c-69ea-452a-ae5d-f0a1ec6236f8-30,8f80f29c-69ea-452a-ae5d-f0a1ec6236f8,30,f97685f4-8991-4683-a1c8-406777602038-30,f97685f4-8991-4683-a1c8-406777602038,30,PROD005,430,Each
227aa0c0-a2b6-4ab2-b387-461404d7569a-10,227aa0c0-a2b6-4ab2-b387-461404d7569a,10,00af4d20-8d7f-4966-bb59-d79a58a31d6a-30,00af4d20-8d7f-4966-bb59-d79a58a31d6a,30,PROD007,240,Each
b3859b3c-1836-4c47-b86a-b42be9358eb3-10,b3859b3c-1836-4c47-b86a-b42be9358eb3,10,00af4d20-8d7f-4966-bb59-d79a58a31d6a-10,00af4d20-8d7f-4966-bb59-d79a58a31d6a,10,PROD008,340,Each
b3859b3c-1836-4c47-b86a-b42be9358eb3-20,b3859b3c-1836-4c47-b86a-b42be9358eb3,20,00af4d20-8d7f-4966-bb59-d79a58a31d6a-20,00af4d20-8d7f-4966-bb59-d79a58a31d6a,20,PROD002,90,Each
aebe790a-4a44-4afd-a4ed-34a3a571ea1b-10,aebe790a-4a44-4afd-a4ed-34a3a571ea1b,10,4de610c3-4aab-4999-ac55-57cf1a06494e-10,4de610c3-4aab-4999-ac55-57cf1a06494e,10,PROD008,50,Each
aebe790a-4a44-4afd-a4ed-34a3a571ea1b-20,aebe790a-4a44-4afd-a4ed-34a3a571ea1b,20,4de610c3-4aab-4999-ac55-57cf1a06494e-20,4de610c3-4aab-4999-ac55-57cf1a06494e,20,PROD006,110,Each
33f2335f-cae5-40f0-9b20-b4898ee8ab6c-10,33f2335f-cae5-40f0-9b20-b4898ee8ab6c,10,be8340fa-feb6-4335-8944-90d2e3e19e99-10,be8340fa-feb6-4335-8944-90d2e3e19e99,10,PROD007,370,Each
3b824d79-0cc7-47ec-95a7-3d96d3fc624b-10,3b824d79-0cc7-47ec-95a7-3d96d3fc624b,10,737e2ca5-a0d2-4016-aaa1-b5ae706649ba-20,737e2ca5-a0d2-4016-aaa1-b5ae706649ba,20,PROD007,390,Each
92ce73a6-982d-4d44-ab98-e0d85bf090f9-10,92ce73a6-982d-4d44-ab98-e0d85bf090f9,10,737e2ca5-a0d2-4016-aaa1-b5ae706649ba-10,737e2ca5-a0d2-4016-aaa1-b5ae706649ba,10,PROD009,330,Each
92ce73a6-982d-4d44-ab98-e0d85bf090f9-20,92ce73a6-982d-4d44-ab98-e0d85bf090f9,20,737e2ca5-a0d2-4016-aaa1-b5ae706649ba-30,737e2ca5-a0d2-4016-aaa1-b5ae706649ba,30,PROD004,420,Each
786db754-3f1d-4402-8de0-e8486fd61397-10,786db754-3f1d-4402-8de0-e8486fd61397,10,1cdcd5a2-c696-45a8-9402-fecf0189959d-10,1cdcd5a2-c696-45a8-9402-fecf0189959d,10,PROD004,310,Each
6f37de34-5634-487a-b6a9-7f018aee7576-10,6f37de34-5634-487a-b6a9-7f018aee7576,10,e6e8c620-6272-4495-94d6-0bad325c65a8-10,e6e8c620-6272-4495-94d6-0bad325c65a8,10,PROD007,280,Each
0f7f312a-42cc-47b3-9d39-030c8b202f79-10,0f7f312a-42cc-47b3-9d39-030c8b202f79,10,652d50db-3103-416f-b445-23eb908b1c95-20,652d50db-3103-416f-b445-23eb908b1c95,20,PROD005,450,Each
c39d0d78-84fa-4aaa-8b47-a0ace04595c7-10,c39d0d78-84fa-4aaa-8b47-a0ace04595c7,10,652d50db-3103-416f-b445-23eb908b1c95-10,652d50db-3103-416f-b445-23eb908b1c95,10,PROD001,370,Each
e7ba658e-090d-4c49-8614-5157779fecd9-10,e7ba658e-090d-4c49-8614-5157779fecd9,10,567e1d9c-cd89-4168-904a-d536a5d77733-10,567e1d9c-cd89-4168-904a-d536a5d77733,10,PROD007,80,Each
9455412d-8eb6-454e-aa1f-f17f1bcb756f-10,9455412d-8eb6-454e-aa1f-f17f1bcb756f,10,ec3d7301-985f-452b-ae4c-50a2593842e3-10,ec3d7301-985f-452b-ae4c-50a2593842e3,10,PROD007,490,Each
9455412d-8eb6-454e-aa1f-f17f1bcb756f-20,9455412d-8eb6-454e-aa1f-f17f1bcb756f,20,ec3d7301-985f-452b-ae4c-50a2593842e3-20,ec3d7301-985f-452b-ae4c-50a2593842e3,20,PROD004,450,Each
3c33f278-1ff1-4e47-bf87-741a726f50e8-10,3c33f278-1ff1-4e47-bf87-741a726f50e8,10,6eceaced-137b-4e70-9e3e-c868657e8a1e-10,6eceaced-137b-4e70-9e3e-c868657e8a1e,10,PROD007,86,Each
2e41f743-bf04-47ae-9051-0f138f1bb630-10,2e41f743-bf04-47ae-9051-0f138f1bb630,10,6eceaced-137b-4e70-9e3e-c868657e8a1e-10,6eceaced-137b-4e70-9e3e-c868657e8a1e,10,PROD007,74,Each
82a06349-f002-4425-bbff-81c08b09c2fd-10,82a06349-f002-4425-bbff-81c08b09c2fd,10,8c333a42-c086-4344-bbdb-8159e96c6d09-10,8c333a42-c086-4344-bbdb-8159e96c6d09,10,PROD005,380,Each
82a06349-f002-4425-bbff-81c08b09c2fd-20,82a06349-f002-4425-bbff-81c08b09c2fd,20,8c333a42-c086-4344-bbdb-8159e96c6d09-20,8c333a42-c086-4344-bbdb-8159e96c6d09,20,PROD006,350,Each
43675e50-f932-462a-81a4-396a6a224d32-10,43675e50-f932-462a-81a4-396a6a224d32,10,10e04085-bbad-46bf-896e-d5aea5875f75-10,10e04085-bbad-46bf-896e-d5aea5875f75,10,PROD008,60,Each
43675e50-f932-462a-81a4-396a6a224d32-20,43675e50-f932-462a-81a4-396a6a224d32,20,10e04085-bbad-46bf-896e-d5aea5875f75-20,10e04085-bbad-46bf-896e-d5aea5875f75,20,PROD009,60,Each
80a7f7f5-35b8-4977-83a3-e6477e38989f-10,80a7f7f5-35b8-4977-83a3-e6477e38989f,10,735a35fc-efc3-4d17-888f-3283fbced296-20,735a35fc-efc3-4d17-888f-3283fbced296,20,PROD005,370,Each
b83057bc-d09b-4ab3-8175-af04e8adfe77-10,b83057bc-d09b-4ab3-8175-af04e8adfe77,10,735a35fc-efc3-4d17-888f-3283fbced296-10,735a35fc-efc3-4d17-888f-3283fbced296,10,PROD002,390,Each
b83057bc-d09b-4ab3-8175-af04e8adfe77-20,b83057bc-d09b-4ab3-8175-af04e8adfe77,20,735a35fc-efc3-4d17-888f-3283fbced296-30,735a35fc-efc3-4d17-888f-3283fbced296,30,PROD003,430,Each
859452c1-0248-41cf-9436-7699884d8341-10,859452c1-0248-41cf-9436-7699884d8341,10,572edd0a-4ef8-4716-8957-ae92f969d446-10,572edd0a-4ef8-4716-8957-ae92f969d446,10,PROD001,210,Each
859452c1-0248-41cf-9436-7699884d8341-20,859452c1-0248-41cf-9436-7699884d8341,20,572edd0a-4ef8-4716-8957-ae92f969d446-20,572edd0a-4ef8-4716-8957-ae92f969d446,20,PROD009,340,Each
859452c1-0248-41cf-9436-7699884d8341-30,859452c1-0248-41cf-9436-7699884d8341,30,572edd0a-4ef8-4716-8957-ae92f969d446-30,572edd0a-4ef8-4716-8957-ae92f969d446,30,PROD004,410,Each
6c35c883-c7ac-4cb3-85f1-3a54c8abc464-10,6c35c883-c7ac-4cb3-85f1-3a54c8abc464,10,983b7b77-0b85-4ed0-9591-af13ba0dd732-10,983b7b77-0b85-4ed0-9591-af13ba0dd732,10,PROD006,350,Each
6c35c883-c7ac-4cb3-85f1-3a54c8abc464-20,6c35c883-c7ac-4cb3-85f1-3a54c8abc464,20,983b7b77-0b85-4ed0-9591-af13ba0dd732-20,983b7b77-0b85-4ed0-9591-af13ba0dd732,20,PROD001,60,Each
6c35c883-c7ac-4cb3-85f1-3a54c8abc464-30,6c35c883-c7ac-4cb3-85f1-3a54c8abc464,30,983b7b77-0b85-4ed0-9591-af13ba0dd732-30,983b7b77-0b85-4ed0-9591-af13ba0dd732,30,PROD002,220,Each
c5764ac8-b1fb-4a73-83d4-f7d660a803aa-10,c5764ac8-b1fb-4a73-83d4-f7d660a803aa,10,7561ea95-253e-4786-af25-7077642bc253-30,7561ea95-253e-4786-af25-7077642bc253,30,PROD003,400,Each
abceefd7-8250-482a-b1ee-2bb9efa3b949-10,abceefd7-8250-482a-b1ee-2bb9efa3b949,10,7561ea95-253e-4786-af25-7077642bc253-10,7561ea95-253e-4786-af25-7077642bc253,10,PROD001,340,Each
abceefd7-8250-482a-b1ee-2bb9efa3b949-20,abceefd7-8250-482a-b1ee-2bb9efa3b949,20,7561ea95-253e-4786-af25-7077642bc253-20,7561ea95-253e-4786-af25-7077642bc253,20,PROD002,260,Each
582bc3c1-ef87-4cab-8d74-82432a13ae51-10,582bc3c1-ef87-4cab-8d74-82432a13ae51,10,c6b52ee0-cf36-474b-a3e4-06f49a2f7171-10,c6b52ee0-cf36-474b-a3e4-06f49a2f7171,10,PROD001,200,Each
582bc3c1-ef87-4cab-8d74-82432a13ae51-20,582bc3c1-ef87-4cab-8d74-82432a13ae51,20,c6b52ee0-cf36-474b-a3e4-06f49a2f7171-20,c6b52ee0-cf36-474b-a3e4-06f49a2f7171,20,PROD003,470,Each
582bc3c1-ef87-4cab-8d74-82432a13ae51-30,582bc3c1-ef87-4cab-8d74-82432a13ae51,30,c6b52ee0-cf36-474b-a3e4-06f49a2f7171-30,c6b52ee0-cf36-474b-a3e4-06f49a2f7171,30,PROD008,270,Each
f4587b89-c0a1-4331-9e1f-5836c5035da2-10,f4587b89-c0a1-4331-9e1f-5836c5035da2,10,b30836fb-e7a0-4fe4-b490-2c8965c48f71-10,b30836fb-e7a0-4fe4-b490-2c8965c48f71,10,PROD008,60,Each
8898ddf7-937d-47a1-87d4-db475ed5fdd0-10,8898ddf7-937d-47a1-87d4-db475ed5fdd0,10,c3068085-8ebc-407e-a842-a9e664a9e7e9-30,c3068085-8ebc-407e-a842-a9e664a9e7e9,30,PROD009,470,Each
33f52f06-4815-41c7-9c4a-29199d1e3359-10,33f52f06-4815-41c7-9c4a-29199d1e3359,10,c3068085-8ebc-407e-a842-a9e664a9e7e9-10,c3068085-8ebc-407e-a842-a9e664a9e7e9,10,PROD003,300,Each
33f52f06-4815-41c7-9c4a-29199d1e3359-20,33f52f06-4815-41c7-9c4a-29199d1e3359,20,c3068085-8ebc-407e-a842-a9e664a9e7e9-20,c3068085-8ebc-407e-a842-a9e664a9e7e9,20,PROD004,370,Each
85caf94c-b49e-4d81-b15b-4566b3f112fe-10,85caf94c-b49e-4d81-b15b-4566b3f112fe,10,c3d0feae-207f-4816-ab5b-fef28ab81800-10,c3d0feae-207f-4816-ab5b-fef28ab81800,10,PROD004,70,Each
85caf94c-b49e-4d81-b15b-4566b3f112fe-20,85caf94c-b49e-4d81-b15b-4566b3f112fe,20,c3d0feae-207f-4816-ab5b-fef28ab81800-20,c3d0feae-207f-4816-ab5b-fef28ab81800,20,PROD001,310,Each
ab2cd37c-a3a6-40aa-896a-cc1716441e85-10,ab2cd37c-a3a6-40aa-896a-cc1716441e85,10,af8652f4-d31e-4667-a083-4da5e1bc3bf5-10,af8652f4-d31e-4667-a083-4da5e1bc3bf5,10,PROD008,420,Each
ab2cd37c-a3a6-40aa-896a-cc1716441e85-20,ab2cd37c-a3a6-40aa-896a-cc1716441e85,20,af8652f4-d31e-4667-a083-4da5e1bc3bf5-20,af8652f4-d31e-4667-a083-4da5e1bc3bf5,20,PROD002,290,Each
9bc8dbaf-bab2-4390-bcab-089326d47b7e-10,9bc8dbaf-bab2-4390-bcab-089326d47b7e,10,19cebd61-3c86-4be6-ab81-b5aaffeef46a-10,19cebd61-3c86-4be6-ab81-b5aaffeef46a,10,PROD005,60,Each
0c5f6019-b956-4966-b961-41187dbc34d2-10,0c5f6019-b956-4966-b961-41187dbc34d2,10,19cebd61-3c86-4be6-ab81-b5aaffeef46a-20,19cebd61-3c86-4be6-ab81-b5aaffeef46a,20,PROD009,120,Each
7fee13cc-7d00-478e-8bf5-b3f3182cb8b8-10,7fee13cc-7d00-478e-8bf5-b3f3182cb8b8,10,2bd29de9-05b5-4f1e-a456-7a11aa0b46c7-10,2bd29de9-05b5-4f1e-a456-7a11aa0b46c7,10,PROD004,380,Each
7fee13cc-7d00-478e-8bf5-b3f3182cb8b8-20,7fee13cc-7d00-478e-8bf5-b3f3182cb8b8,20,2bd29de9-05b5-4f1e-a456-7a11aa0b46c7-20,2bd29de9-05b5-4f1e-a456-7a11aa0b46c7,20,PROD006,70,Each
f6b16356-5af2-4bff-b850-18aae782ca88-10,f6b16356-5af2-4bff-b850-18aae782ca88,10,34975bf2-36fa-4615-9e98-3494a40f22c0-10,34975bf2-36fa-4615-9e98-3494a40f22c0,10,PROD003,50,Each
f6b16356-5af2-4bff-b850-18aae782ca88-20,f6b16356-5af2-4bff-b850-18aae782ca88,20,34975bf2-36fa-4615-9e98-3494a40f22c0-20,34975bf2-36fa-4615-9e98-3494a40f22c0,20,PROD002,330,Each
f6b16356-5af2-4bff-b850-18aae782ca88-30,f6b16356-5af2-4bff-b850-18aae782ca88,30,34975bf2-36fa-4615-9e98-3494a40f22c0-30,34975bf2-36fa-4615-9e98-3494a40f22c0,30,PROD005,170,Each
4f9f0e73-004c-4cc1-865a-0c9a03ee454f-10,4f9f0e73-004c-4cc1-865a-0c9a03ee454f,10,d28deb7d-3e3e-4d78-8c57-2177a4b7010c-10,d28deb7d-3e3e-4d78-8c57-2177a4b7010c,10,PROD002,100,Each
5569e385-31e9-456a-8c27-53ec56802502-10,5569e385-31e9-456a-8c27-53ec56802502,10,d28deb7d-3e3e-4d78-8c57-2177a4b7010c-20,d28deb7d-3e3e-4d78-8c57-2177a4b7010c,20,PROD003,330,Each
dcd2cb0a-6816-44c1-b1fe-9b5b64350ef5-10,dcd2cb0a-6816-44c1-b1fe-9b5b64350ef5,10,2e22d1d1-1c09-4166-80a9-4666ca4e4312-10,2e22d1d1-1c09-4166-80a9-4666ca4e4312,10,PROD007,420,Each
dcd2cb0a-6816-44c1-b1fe-9b5b64350ef5-20,dcd2cb0a-6816-44c1-b1fe-9b5b64350ef5,20,2e22d1d1-1c09-4166-80a9-4666ca4e4312-20,2e22d1d1-1c09-4166-80a9-4666ca4e4312,20,PROD006,280,Each
dcd2cb0a-6816-44c1-b1fe-9b5b64350ef5-30,dcd2cb0a-6816-44c1-b1fe-9b5b64350ef5,30,2e22d1d1-1c09-4166-80a9-4666ca4e4312-30,2e22d1d1-1c09-4166-80a9-4666ca4e4312,30,PROD004,340,Each
89c1f31d-71c2-41ec-82d0-ed17d8de6311-10,89c1f31d-71c2-41ec-82d0-ed17d8de6311,10,d66e55bc-1c7a-4d9b-a2c7-8a7cd96d0512-10,d66e55bc-1c7a-4d9b-a2c7-8a7cd96d0512,10,PROD003,200,Each
89c1f31d-71c2-41ec-82d0-ed17d8de6311-20,89c1f31d-71c2-41ec-82d0-ed17d8de6311,20,d66e55bc-1c7a-4d9b-a2c7-8a7cd96d0512-20,d66e55bc-1c7a-4d9b-a2c7-8a7cd96d0512,20,PROD001,220,Each
5c77eaf2-0d5b-4b9b-905c-890b2c2acfdb-10,5c77eaf2-0d5b-4b9b-905c-890b2c2acfdb,10,2599b773-d374-4374-ba37-e48412aa8754-20,2599b773-d374-4374-ba37-e48412aa8754,20,PROD004,360,Each
378fec5e-b6af-425b-a662-45743df840f1-10,378fec5e-b6af-425b-a662-45743df840f1,10,2599b773-d374-4374-ba37-e48412aa8754-10,2599b773-d374-4374-ba37-e48412aa8754,10,PROD005,430,Each
378fec5e-b6af-425b-a662-45743df840f1-20,378fec5e-b6af-425b-a662-45743df840f1,20,2599b773-d374-4374-ba37-e48412aa8754-30,2599b773-d374-4374-ba37-e48412aa8754,30,PROD009,190,Each
7c26efcb-2c66-4bf2-9ed9-27f26b32e6af-10,7c26efcb-2c66-4bf2-9ed9-27f26b32e6af,10,05f0bc68-0726-4b22-aa3b-bd0d7ba6c9a0-10,05f0bc68-0726-4b22-aa3b-bd0d7ba6c9a0,10,PROD009,220,Each
bbeb39e0-80ef-4742-a64b-128ad9dd7529-10,bbeb39e0-80ef-4742-a64b-128ad9dd7529,10,b56af681-e55b-4b26-8db0-1442c56c0fbc-10,b56af681-e55b-4b26-8db0-1442c56c0fbc,10,PROD002,460,Each
3e33c354-4aa3-41b5-8728-f489c04e1aa4-10,3e33c354-4aa3-41b5-8728-f489c04e1aa4,10,ee9f5050-e22d-47e9-9385-4f89ccebd8b4-10,ee9f5050-e22d-47e9-9385-4f89ccebd8b4,10,PROD007,127,Each
62de2990-7607-46d2-8831-c29e1aa7df8a-10,62de2990-7607-46d2-8831-c29e1aa7df8a,10,ee9f5050-e22d-47e9-9385-4f89ccebd8b4-10,ee9f5050-e22d-47e9-9385-4f89ccebd8b4,10,PROD007,183,Each
9247205b-aaad-4858-8990-1c30401e00e7-10,9247205b-aaad-4858-8990-1c30401e00e7,10,87795383-6d67-4f29-ac26-286f14ea0028-10,87795383-6d67-4f29-ac26-286f14ea0028,10,PROD008,410,Each
9247205b-aaad-4858-8990-1c30401e00e7-20,9247205b-aaad-4858-8990-1c30401e00e7,20,87795383-6d67-4f29-ac26-286f14ea0028-20,87795383-6d67-4f29-ac26-286f14ea0028,20,PROD004,90,Each
9247205b-aaad-4858-8990-1c30401e00e7-30,9247205b-aaad-4858-8990-1c30401e00e7,30,87795383-6d67-4f29-ac26-286f14ea0028-30,87795383-6d67-4f29-ac26-286f14ea0028,30,PROD002,80,Each
54430a7b-a3e9-43e8-a58a-809ef89ac1f5-10,54430a7b-a3e9-43e8-a58a-809ef89ac1f5,10,258ff22e-69fb-4072-910d-ff73c8e39e27-10,258ff22e-69fb-4072-910d-ff73c8e39e27,10,PROD001,270,Each
f2965006-eb25-4173-8fc7-0a36b3850a49-10,f2965006-eb25-4173-8fc7-0a36b3850a49,10,42bfbd87-7b4e-41e9-8da7-1d3c90f18c91-10,42bfbd87-7b4e-41e9-8da7-1d3c90f18c91,10,PROD001,103,Each
32720133-055f-4124-8d08-5b819367c08f-10,32720133-055f-4124-8d08-5b819367c08f,10,42bfbd87-7b4e-41e9-8da7-1d3c90f18c91-10,42bfbd87-7b4e-41e9-8da7-1d3c90f18c91,10,PROD001,77,Each
2fba7303-9bad-4643-a463-02a246774f44-10,2fba7303-9bad-4643-a463-02a246774f44,10,40fd8302-b316-4358-b36a-7972ce0d6d0a-10,40fd8302-b316-4358-b36a-7972ce0d6d0a,10,PROD001,340,Each
2fba7303-9bad-4643-a463-02a246774f44-20,2fba7303-9bad-4643-a463-02a246774f44,20,40fd8302-b316-4358-b36a-7972ce0d6d0a-20,40fd8302-b316-4358-b36a-7972ce0d6d0a,20,PROD005,430,Each
2fba7303-9bad-4643-a463-02a246774f44-30,2fba7303-9bad-4643-a463-02a246774f44,30,40fd8302-b316-4358-b36a-7972ce0d6d0a-30,40fd8302-b316-4358-b36a-7972ce0d6d0a,30,PROD004,140,Each
616c2995-4578-4a12-97d0-f6da95bb9bb4-10,616c2995-4578-4a12-97d0-f6da95bb9bb4,10,2d10083f-0cf1-4e7b-9e36-375b475f86d2-10,2d10083f-0cf1-4e7b-9e36-375b475f86d2,10,PROD001,410,Each
616c2995-4578-4a12-97d0-f6da95bb9bb4-20,616c2995-4578-4a12-97d0-f6da95bb9bb4,20,2d10083f-0cf1-4e7b-9e36-375b475f86d2-20,2d10083f-0cf1-4e7b-9e36-375b475f86d2,20,PROD005,130,Each
616c2995-4578-4a12-97d0-f6da95bb9bb4-30,616c2995-4578-4a12-97d0-f6da95bb9bb4,30,2d10083f-0cf1-4e7b-9e36-375b475f86d2-30,2d10083f-0cf1-4e7b-9e36-375b475f86d2,30,PROD006,400,Each
d732e869-135f-4294-8d03-8b806bbd3b10-10,d732e869-135f-4294-8d03-8b806bbd3b10,10,d6b06c2a-4836-4fc7-a89c-00642462c0fb-10,d6b06c2a-4836-4fc7-a89c-00642462c0fb,10,PROD004,119,Each
348dc543-b4d5-4487-bb60-8e53d219d467-10,348dc543-b4d5-4487-bb60-8e53d219d467,10,d6b06c2a-4836-4fc7-a89c-00642462c0fb-10,d6b06c2a-4836-4fc7-a89c-00642462c0fb,10,PROD004,291,Each
b4cfb803-bcd3-48bf-8f8e-b72199fc56a7-10,b4cfb803-bcd3-48bf-8f8e-b72199fc56a7,10,23f6bd34-e42c-43f9-ab13-1f986df2aff2-10,23f6bd34-e42c-43f9-ab13-1f986df2aff2,10,PROD005,460,Each
b4cfb803-bcd3-48bf-8f8e-b72199fc56a7-20,b4cfb803-bcd3-48bf-8f8e-b72199fc56a7,20,23f6bd34-e42c-43f9-ab13-1f986df2aff2-20,23f6bd34-e42c-43f9-ab13-1f986df2aff2,20,PROD009,230,Each
b4cfb803-bcd3-48bf-8f8e-b72199fc56a7-30,b4cfb803-bcd3-48bf-8f8e-b72199fc56a7,30,23f6bd34-e42c-43f9-ab13-1f986df2aff2-30,23f6bd34-e42c-43f9-ab13-1f986df2aff2,30,PROD006,390,Each
d5c63c3b-c7f2-45d4-ad98-7fa643b1065a-10,d5c63c3b-c7f2-45d4-ad98-7fa643b1065a,10,add3164c-b0f9-4b22-a6a4-8e2c8e275fd6-10,add3164c-b0f9-4b22-a6a4-8e2c8e275fd6,10,PROD003,200,Each
29393be2-a14d-4fec-a1ce-a6b8fa24ec20-10,29393be2-a14d-4fec-a1ce-a6b8fa24ec20,10,2d95d843-92d5-4829-8e87-8aac9672ce29-30,2d95d843-92d5-4829-8e87-8aac9672ce29,30,PROD008,470,Each
781f0b35-873c-4f84-9ac5-d1bd153a192f-10,781f0b35-873c-4f84-9ac5-d1bd153a192f,10,2d95d843-92d5-4829-8e87-8aac9672ce29-10,2d95d843-92d5-4829-8e87-8aac9672ce29,10,PROD004,390,Each
781f0b35-873c-4f84-9ac5-d1bd153a192f-20,781f0b35-873c-4f84-9ac5-d1bd153a192f,20,2d95d843-92d5-4829-8e87-8aac9672ce29-20,2d95d843-92d5-4829-8e87-8aac9672ce29,20,PROD002,110,Each
4e27886d-0c41-4cee-b20c-e7252f48194b-10,4e27886d-0c41-4cee-b20c-e7252f48194b,10,c8923c36-653d-4ddb-8cb3-a978901eee20-10,c8923c36-653d-4ddb-8cb3-a978901eee20,10,PROD007,300,Each
4e27886d-0c41-4cee-b20c-e7252f48194b-20,4e27886d-0c41-4cee-b20c-e7252f48194b,20,c8923c36-653d-4ddb-8cb3-a978901eee20-20,c8923c36-653d-4ddb-8cb3-a978901eee20,20,PROD003,210,Each
c0f5ef97-f873-4c9f-b5e9-d16fc3eedcb3-10,c0f5ef97-f873-4c9f-b5e9-d16fc3eedcb3,10,09c97265-2eec-4cee-a0dc-4fa9e69a50e2-10,09c97265-2eec-4cee-a0dc-4fa9e69a50e2,10,PROD008,450,Each
c0f5ef97-f873-4c9f-b5e9-d16fc3eedcb3-20,c0f5ef97-f873-4c9f-b5e9-d16fc3eedcb3,20,09c97265-2eec-4cee-a0dc-4fa9e69a50e2-20,09c97265-2eec-4cee-a0dc-4fa9e69a50e2,20,PROD002,250,Each
b12520bd-ad4c-41bf-aa8d-7c2c3b06ae3b-10,b12520bd-ad4c-41bf-aa8d-7c2c3b06ae3b,10,58c99ff8-1846-4015-aa78-c408ec470fc0-20,58c99ff8-1846-4015-aa78-c408ec470fc0,20,PROD008,50,Each
77240fc8-4bac-452b-94bd-aa2b0d414f51-10,77240fc8-4bac-452b-94bd-aa2b0d414f51,10,58c99ff8-1846-4015-aa78-c408ec470fc0-10,58c99ff8-1846-4015-aa78-c408ec470fc0,10,PROD003,500,Each
77240fc8-4bac-452b-94bd-aa2b0d414f51-20,77240fc8-4bac-452b-94bd-aa2b0d414f51,20,58c99ff8-1846-4015-aa78-c408ec470fc0-30,58c99ff8-1846-4015-aa78-c408ec470fc0,30,PROD002,480,Each
862c98f6-cfa0-4e91-bbbc-f50d9ccb4bf5-10,862c98f6-cfa0-4e91-bbbc-f50d9ccb4bf5,10,dfb0961c-0333-4fab-8d09-7c03c5726e21-10,dfb0961c-0333-4fab-8d09-7c03c5726e21,10,PROD007,320,Each
b4cb53d1-b03d-4e75-a496-f60767bfb880-10,b4cb53d1-b03d-4e75-a496-f60767bfb880,10,ca078ded-f58a-42b6-82d4-46f28bc54de5-10,ca078ded-f58a-42b6-82d4-46f28bc54de5,10,PROD007,130,Each
b4cb53d1-b03d-4e75-a496-f60767bfb880-20,b4cb53d1-b03d-4e75-a496-f60767bfb880,20,ca078ded-f58a-42b6-82d4-46f28bc54de5-20,ca078ded-f58a-42b6-82d4-46f28bc54de5,20,PROD001,460,Each
b4cb53d1-b03d-4e75-a496-f60767bfb880-30,b4cb53d1-b03d-4e75-a496-f60767bfb880,30,ca078ded-f58a-42b6-82d4-46f28bc54de5-30,ca078ded-f58a-42b6-82d4-46f28bc54de5,30,PROD002,110,Each
b16d4eb7-f555-4600-95bc-efc59248f17e-10,b16d4eb7-f555-4600-95bc-efc59248f17e,10,66d0a612-8ee8-4f0b-a957-945def7aa0cf-10,66d0a612-8ee8-4f0b-a957-945def7aa0cf,10,PROD009,59,Each
5a54f834-54a6-4406-a8d7-a017667401d3-10,5a54f834-54a6-4406-a8d7-a017667401d3,10,66d0a612-8ee8-4f0b-a957-945def7aa0cf-10,66d0a612-8ee8-4f0b-a957-945def7aa0cf,10,PROD009,121,Each
06e8dd8e-72e4-4f1d-bf3e-953af5675450-10,06e8dd8e-72e4-4f1d-bf3e-953af5675450,10,feb0a1b4-a05b-4f8d-8fdb-7c42d9ec33f4-10,feb0a1b4-a05b-4f8d-8fdb-7c42d9ec33f4,10,PROD001,130,Each
06e8dd8e-72e4-4f1d-bf3e-953af5675450-20,06e8dd8e-72e4-4f1d-bf3e-953af5675450,20,feb0a1b4-a05b-4f8d-8fdb-7c42d9ec33f4-20,feb0a1b4-a05b-4f8d-8fdb-7c42d9ec33f4,20,PROD008,480,Each
06e8dd8e-72e4-4f1d-bf3e-953af5675450-30,06e8dd8e-72e4-4f1d-bf3e-953af5675450,30,feb0a1b4-a05b-4f8d-8fdb-7c42d9ec33f4-30,feb0a1b4-a05b-4f8d-8fdb-7c42d9ec33f4,30,PROD003,210,Each
d253b354-fe0c-41bd-88f8-3c9242af9418-10,d253b354-fe0c-41bd-88f8-3c9242af9418,10,ec6addd9-2c25-4bdb-b235-d8c3e91de7f4-10,ec6addd9-2c25-4bdb-b235-d8c3e91de7f4,10,PROD001,490,Each
d253b354-fe0c-41bd-88f8-3c9242af9418-20,d253b354-fe0c-41bd-88f8-3c9242af9418,20,ec6addd9-2c25-4bdb-b235-d8c3e91de7f4-20,ec6addd9-2c25-4bdb-b235-d8c3e91de7f4,20,PROD009,410,Each
d253b354-fe0c-41bd-88f8-3c9242af9418-30,d253b354-fe0c-41bd-88f8-3c9242af9418,30,ec6addd9-2c25-4bdb-b235-d8c3e91de7f4-30,ec6addd9-2c25-4bdb-b235-d8c3e91de7f4,30,PROD007,290,Each
aeffb4ba-6af1-4a56-b633-0153f780561b-10,aeffb4ba-6af1-4a56-b633-0153f780561b,10,adc9cb8f-be7a-4b71-9a91-cf2def727817-20,adc9cb8f-be7a-4b71-9a91-cf2def727817,20,PROD007,440,Each
e9e23165-f893-466e-8bcf-3da1830427ca-10,e9e23165-f893-466e-8bcf-3da1830427ca,10,adc9cb8f-be7a-4b71-9a91-cf2def727817-10,adc9cb8f-be7a-4b71-9a91-cf2def727817,10,PROD004,140,Each
8e0f314d-8cbd-453e-b13a-495c7666252e-10,8e0f314d-8cbd-453e-b13a-495c7666252e,10,90ef8d89-90d4-41a1-94ea-473cf88f2079-10,90ef8d89-90d4-41a1-94ea-473cf88f2079,10,PROD003,220,Each
f0424196-7470-4686-8ef1-234cbbea8577-10,f0424196-7470-4686-8ef1-234cbbea8577,10,2f98fafa-a5a0-4c95-ae85-012c4675e24b-10,2f98fafa-a5a0-4c95-ae85-012c4675e24b,10,PROD005,240,Each
f0424196-7470-4686-8ef1-234cbbea8577-20,f0424196-7470-4686-8ef1-234cbbea8577,20,2f98fafa-a5a0-4c95-ae85-012c4675e24b-20,2f98fafa-a5a0-4c95-ae85-012c4675e24b,20,PROD002,390,Each
f0424196-7470-4686-8ef1-234cbbea8577-30,f0424196-7470-4686-8ef1-234cbbea8577,30,2f98fafa-a5a0-4c95-ae85-012c4675e24b-30,2f98fafa-a5a0-4c95-ae85-012c4675e24b,30,PROD006,310,Each
954043f0-d8db-4304-979f-97c47719eebf-10,954043f0-d8db-4304-979f-97c47719eebf,10,84d693fc-826d-46b5-85c5-2a2b99f140e9-10,84d693fc-826d-46b5-85c5-2a2b99f140e9,10,PROD009,79,Each
60446b33-d610-4927-92f7-0661079cc30d-10,60446b33-d610-4927-92f7-0661079cc30d,10,84d693fc-826d-46b5-85c5-2a2b99f140e9-10,84d693fc-826d-46b5-85c5-2a2b99f140e9,10,PROD009,141,Each
e8c3cb5b-7164-4cb7-8613-87605d528059-10,e8c3cb5b-7164-4cb7-8613-87605d528059,10,2d091bc4-bab2-43ed-8ea5-b172f8cb953d-10,2d091bc4-bab2-43ed-8ea5-b172f8cb953d,10,PROD003,480,Each
e8c3cb5b-7164-4cb7-8613-87605d528059-20,e8c3cb5b-7164-4cb7-8613-87605d528059,20,2d091bc4-bab2-43ed-8ea5-b172f8cb953d-20,2d091bc4-bab2-43ed-8ea5-b172f8cb953d,20,PROD005,400,Each
e8c3cb5b-7164-4cb7-8613-87605d528059-30,e8c3cb5b-7164-4cb7-8613-87605d528059,30,2d091bc4-bab2-43ed-8ea5-b172f8cb953d-30,2d091bc4-bab2-43ed-8ea5-b172f8cb953d,30,PROD004,340,Each
5f43416e-5a3d-41e5-a0de-cdf9e0451a6d-10,5f43416e-5a3d-41e5-a0de-cdf9e0451a6d,10,d8d94d21-b1d2-4577-96f4-e1ce02c5f88c-10,d8d94d21-b1d2-4577-96f4-e1ce02c5f88c,10,PROD001,400,Each
5f43416e-5a3d-41e5-a0de-cdf9e0451a6d-20,5f43416e-5a3d-41e5-a0de-cdf9e0451a6d,20,d8d94d21-b1d2-4577-96f4-e1ce02c5f88c-20,d8d94d21-b1d2-4577-96f4-e1ce02c5f88c,20,PROD006,470,Each
5f43416e-5a3d-41e5-a0de-cdf9e0451a6d-30,5f43416e-5a3d-41e5-a0de-cdf9e0451a6d,30,d8d94d21-b1d2-4577-96f4-e1ce02c5f88c-30,d8d94d21-b1d2-4577-96f4-e1ce02c5f88c,30,PROD007,260,Each
5269d4b9-eb8e-4e6c-9982-efbc6c8337a7-10,5269d4b9-eb8e-4e6c-9982-efbc6c8337a7,10,e05e8d9a-8027-40d1-ba8c-0efa7185875d-30,e05e8d9a-8027-40d1-ba8c-0efa7185875d,30,PROD004,50,Each
6841390a-0ca0-4b3e-881a-f6cb5a5cc82b-10,6841390a-0ca0-4b3e-881a-f6cb5a5cc82b,10,e05e8d9a-8027-40d1-ba8c-0efa7185875d-10,e05e8d9a-8027-40d1-ba8c-0efa7185875d,10,PROD001,400,Each
6841390a-0ca0-4b3e-881a-f6cb5a5cc82b-20,6841390a-0ca0-4b3e-881a-f6cb5a5cc82b,20,e05e8d9a-8027-40d1-ba8c-0efa7185875d-20,e05e8d9a-8027-40d1-ba8c-0efa7185875d,20,PROD007,350,Each
31245e8e-9c7e-4ce3-894a-e8caa5fd32be-10,31245e8e-9c7e-4ce3-894a-e8caa5fd32be,10,b7315bfe-5366-4201-8f62-38737ba00c93-10,b7315bfe-5366-4201-8f62-38737ba00c93,10,PROD002,450,Each
700f9401-4a09-4e58-9dea-19d7992058f4-10,700f9401-4a09-4e58-9dea-19d7992058f4,10,a58a8b8b-33ae-471a-b94f-c09d274679ad-10,a58a8b8b-33ae-471a-b94f-c09d274679ad,10,PROD003,140,Each
561ab687-7d04-4b3f-9f5c-d98938708650-10,561ab687-7d04-4b3f-9f5c-d98938708650,10,b64633bd-20f0-4605-ac51-bb8f02c32db7-10,b64633bd-20f0-4605-ac51-bb8f02c32db7,10,PROD009,250,Each
0895cc29-7d3e-4e67-a301-eaa26d5f7a18-10,0895cc29-7d3e-4e67-a301-eaa26d5f7a18,10,b64633bd-20f0-4605-ac51-bb8f02c32db7-20,b64633bd-20f0-4605-ac51-bb8f02c32db7,20,PROD008,500,Each
a174a7b5-de17-40df-95ee-965d5cc92520-10,a174a7b5-de17-40df-95ee-965d5cc92520,10,ab4c87f9-d928-4262-bdf6-b662b90e6481-10,ab4c87f9-d928-4262-bdf6-b662b90e6481,10,PROD004,400,Each
a174a7b5-de17-40df-95ee-965d5cc92520-20,a174a7b5-de17-40df-95ee-965d5cc92520,20,ab4c87f9-d928-4262-bdf6-b662b90e6481-20,ab4c87f9-d928-4262-bdf6-b662b90e6481,20,PROD006,450,Each
1e7e61a5-5d2b-44d2-b455-5561d028530d-10,1e7e61a5-5d2b-44d2-b455-5561d028530d,10,74588139-a812-4148-a0f4-3b19f9dd84e5-10,74588139-a812-4148-a0f4-3b19f9dd84e5,10,PROD008,80,Each
1e7e61a5-5d2b-44d2-b455-5561d028530d-20,1e7e61a5-5d2b-44d2-b455-5561d028530d,20,74588139-a812-4148-a0f4-3b19f9dd84e5-20,74588139-a812-4148-a0f4-3b19f9dd84e5,20,PROD006,90,Each
3e685b4e-1bc4-4066-885d-a750419713e1-10,3e685b4e-1bc4-4066-885d-a750419713e1,10,e03909d5-efcd-4abb-bf45-92cb6aef9adf-10,e03909d5-efcd-4abb-bf45-92cb6aef9adf,10,PROD009,44,Each
e7d2ee45-417a-4fc3-a563-f240564d33f1-10,e7d2ee45-417a-4fc3-a563-f240564d33f1,10,e03909d5-efcd-4abb-bf45-92cb6aef9adf-10,e03909d5-efcd-4abb-bf45-92cb6aef9adf,10,PROD009,156,Each
ac768b12-9d00-490b-961f-3adedfe6919d-10,ac768b12-9d00-490b-961f-3adedfe6919d,10,36e6a95f-3c85-4d38-852c-34b357a3f8ce-10,36e6a95f-3c85-4d38-852c-34b357a3f8ce,10,PROD009,460,Each
ffb05392-d98b-4497-bbed-83432109e899-10,ffb05392-d98b-4497-bbed-83432109e899,10,93f63aee-82d8-48fb-9d22-c08f6ecb44ab-10,93f63aee-82d8-48fb-9d22-c08f6ecb44ab,10,PROD005,90,Each
ffb05392-d98b-4497-bbed-83432109e899-20,ffb05392-d98b-4497-bbed-83432109e899,20,93f63aee-82d8-48fb-9d22-c08f6ecb44ab-20,93f63aee-82d8-48fb-9d22-c08f6ecb44ab,20,PROD003,400,Each
0e7b5309-bdd0-444e-a599-1194f9a1f705-10,0e7b5309-bdd0-444e-a599-1194f9a1f705,10,6fecee88-1754-42ff-af2b-2f6c8b83b8dd-10,6fecee88-1754-42ff-af2b-2f6c8b83b8dd,10,PROD003,284,Each
9c428f83-e007-44c8-9929-c44a88230b67-10,9c428f83-e007-44c8-9929-c44a88230b67,10,6fecee88-1754-42ff-af2b-2f6c8b83b8dd-10,6fecee88-1754-42ff-af2b-2f6c8b83b8dd,10,PROD003,206,Each
6c8d7778-dc22-4ac4-a31c-b91892ee8f55-10,6c8d7778-dc22-4ac4-a31c-b91892ee8f55,10,e47f7a4b-ef16-4e13-8238-675226d327a4-10,e47f7a4b-ef16-4e13-8238-675226d327a4,10,PROD006,240,Each
6c8d7778-dc22-4ac4-a31c-b91892ee8f55-20,6c8d7778-dc22-4ac4-a31c-b91892ee8f55,20,e47f7a4b-ef16-4e13-8238-675226d327a4-20,e47f7a4b-ef16-4e13-8238-675226d327a4,20,PROD003,220,Each
9576536c-8fe5-468d-8612-fb8989bb114a-10,9576536c-8fe5-468d-8612-fb8989bb114a,10,e37771ab-15a8-4c37-85d3-3bc2b25b820e-10,e37771ab-15a8-4c37-85d3-3bc2b25b820e,10,PROD006,390,Each
9576536c-8fe5-468d-8612-fb8989bb114a-20,9576536c-8fe5-468d-8612-fb8989bb114a,20,e37771ab-15a8-4c37-85d3-3bc2b25b820e-20,e37771ab-15a8-4c37-85d3-3bc2b25b820e,20,PROD003,220,Each
0ad840b8-ebdf-41c4-ad4f-07f1658fdaf7-10,0ad840b8-ebdf-41c4-ad4f-07f1658fdaf7,10,83dda456-ec92-4b20-9b16-6553660cc40b-10,83dda456-ec92-4b20-9b16-6553660cc40b,10,PROD004,156,Each
78f96fed-acee-40c4-b133-5f86de16f1f8-10,78f96fed-acee-40c4-b133-5f86de16f1f8,10,83dda456-ec92-4b20-9b16-6553660cc40b-10,83dda456-ec92-4b20-9b16-6553660cc40b,10,PROD004,104,Each
bed4dbcd-d61b-4fd3-8dfb-28da22c9813e-10,bed4dbcd-d61b-4fd3-8dfb-28da22c9813e,10,a14449d2-815c-49ee-9d1a-500364b17252-10,a14449d2-815c-49ee-9d1a-500364b17252,10,PROD005,380,Each
bed4dbcd-d61b-4fd3-8dfb-28da22c9813e-20,bed4dbcd-d61b-4fd3-8dfb-28da22c9813e,20,a14449d2-815c-49ee-9d1a-500364b17252-20,a14449d2-815c-49ee-9d1a-500364b17252,20,PROD009,460,Each
4e26ccec-750b-4f9a-8b19-5334a5e137f1-10,4e26ccec-750b-4f9a-8b19-5334a5e137f1,10,3192a3dc-16e7-41e7-afd4-f1ad0795162a-10,3192a3dc-16e7-41e7-afd4-f1ad0795162a,10,PROD005,150,Each
4e26ccec-750b-4f9a-8b19-5334a5e137f1-20,4e26ccec-750b-4f9a-8b19-5334a5e137f1,20,3192a3dc-16e7-41e7-afd4-f1ad0795162a-20,3192a3dc-16e7-41e7-afd4-f1ad0795162a,20,PROD006,300,Each
ca888038-27a2-4cfd-b13d-e2301a9fa512-10,ca888038-27a2-4cfd-b13d-e2301a9fa512,10,9bbfe64d-dbe0-4187-b8c8-14fe0c4a4ecd-10,9bbfe64d-dbe0-4187-b8c8-14fe0c4a4ecd,10,PROD005,135,Each
d4e4cdb5-39d3-4af6-aec3-89f3ef2a3e76-10,d4e4cdb5-39d3-4af6-aec3-89f3ef2a3e76,10,9bbfe64d-dbe0-4187-b8c8-14fe0c4a4ecd-10,9bbfe64d-dbe0-4187-b8c8-14fe0c4a4ecd,10,PROD005,55,Each
92983b6e-ca21-4ede-a63b-49e93edf2962-10,92983b6e-ca21-4ede-a63b-49e93edf2962,10,56a09d4b-a6a1-4a67-8f66-01c3deb7284c-10,56a09d4b-a6a1-4a67-8f66-01c3deb7284c,10,PROD009,60,Each
92983b6e-ca21-4ede-a63b-49e93edf2962-20,92983b6e-ca21-4ede-a63b-49e93edf2962,20,56a09d4b-a6a1-4a67-8f66-01c3deb7284c-20,56a09d4b-a6a1-4a67-8f66-01c3deb7284c,20,PROD003,230,Each
7eddafc1-56b1-4ad9-8805-fa850a757048-10,7eddafc1-56b1-4ad9-8805-fa850a757048,10,b1ba930c-e857-4e35-add8-6ce006545ebf-10,b1ba930c-e857-4e35-add8-6ce006545ebf,10,PROD009,440,Each
7eddafc1-56b1-4ad9-8805-fa850a757048-20,7eddafc1-56b1-4ad9-8805-fa850a757048,20,b1ba930c-e857-4e35-add8-6ce006545ebf-20,b1ba930c-e857-4e35-add8-6ce006545ebf,20,PROD006,70,Each
6e043285-0488-4b0e-b85e-76d51e97d91c-10,6e043285-0488-4b0e-b85e-76d51e97d91c,10,88cbf6aa-7fb5-4f3b-97bd-0887b430f4de-10,88cbf6aa-7fb5-4f3b-97bd-0887b430f4de,10,PROD008,101,Each
6cb1426e-05d8-418e-bd4d-85616db0f843-10,6cb1426e-05d8-418e-bd4d-85616db0f843,10,88cbf6aa-7fb5-4f3b-97bd-0887b430f4de-10,88cbf6aa-7fb5-4f3b-97bd-0887b430f4de,10,PROD008,129,Each
10ab27af-26ea-4c9c-b536-771c74ae204c-10,10ab27af-26ea-4c9c-b536-771c74ae204c,10,42c1c59d-df76-4aef-a5c7-7e0a59908147-10,42c1c59d-df76-4aef-a5c7-7e0a59908147,10,PROD007,320,Each
10ab27af-26ea-4c9c-b536-771c74ae204c-20,10ab27af-26ea-4c9c-b536-771c74ae204c,20,42c1c59d-df76-4aef-a5c7-7e0a59908147-20,42c1c59d-df76-4aef-a5c7-7e0a59908147,20,PROD008,350,Each
10ab27af-26ea-4c9c-b536-771c74ae204c-30,10ab27af-26ea-4c9c-b536-771c74ae204c,30,42c1c59d-df76-4aef-a5c7-7e0a59908147-30,42c1c59d-df76-4aef-a5c7-7e0a59908147,30,PROD009,50,Each
bc923304-9b11-45bc-93a6-5578ba2de7bf-10,bc923304-9b11-45bc-93a6-5578ba2de7bf,10,e83d78a2-3dbe-47e0-afb8-3efa3918d934-10,e83d78a2-3dbe-47e0-afb8-3efa3918d934,10,PROD001,390,Each
d6f67ae5-676e-488c-b062-0552414cda23-10,d6f67ae5-676e-488c-b062-0552414cda23,10,c0092c7c-7c87-45f2-9a7d-c8219c897fb1-10,c0092c7c-7c87-45f2-9a7d-c8219c897fb1,10,PROD007,90,Each
ffb701e5-5549-49a3-9b95-f64d3b7aabb6-10,ffb701e5-5549-49a3-9b95-f64d3b7aabb6,10,c0092c7c-7c87-45f2-9a7d-c8219c897fb1-20,c0092c7c-7c87-45f2-9a7d-c8219c897fb1,20,PROD004,230,Each
c8bec595-25c3-4414-8c97-c5940f6e1aad-10,c8bec595-25c3-4414-8c97-c5940f6e1aad,10,a16fe29d-c3d4-46c1-bd52-7785accec947-10,a16fe29d-c3d4-46c1-bd52-7785accec947,10,PROD003,130,Each
c8bec595-25c3-4414-8c97-c5940f6e1aad-20,c8bec595-25c3-4414-8c97-c5940f6e1aad,20,a16fe29d-c3d4-46c1-bd52-7785accec947-20,a16fe29d-c3d4-46c1-bd52-7785accec947,20,PROD006,190,Each
c8bec595-25c3-4414-8c97-c5940f6e1aad-30,c8bec595-25c3-4414-8c97-c5940f6e1aad,30,a16fe29d-c3d4-46c1-bd52-7785accec947-30,a16fe29d-c3d4-46c1-bd52-7785accec947,30,PROD009,230,Each
a9edb9d0-871b-43e3-908b-1246c7a1d8bc-10,a9edb9d0-871b-43e3-908b-1246c7a1d8bc,10,8d12a0ef-7cc6-4ab8-b4cc-4231d7611fa4-10,8d12a0ef-7cc6-4ab8-b4cc-4231d7611fa4,10,PROD003,70,Each
a9edb9d0-871b-43e3-908b-1246c7a1d8bc-20,a9edb9d0-871b-43e3-908b-1246c7a1d8bc,20,8d12a0ef-7cc6-4ab8-b4cc-4231d7611fa4-20,8d12a0ef-7cc6-4ab8-b4cc-4231d7611fa4,20,PROD001,70,Each
a9edb9d0-871b-43e3-908b-1246c7a1d8bc-30,a9edb9d0-871b-43e3-908b-1246c7a1d8bc,30,8d12a0ef-7cc6-4ab8-b4cc-4231d7611fa4-30,8d12a0ef-7cc6-4ab8-b4cc-4231d7611fa4,30,PROD008,310,Each
032e87bf-8b35-46f0-b9e5-47ba1f01965b-10,032e87bf-8b35-46f0-b9e5-47ba1f01965b,10,3880c085-c2cd-435b-b330-559e9ef56aab-10,3880c085-c2cd-435b-b330-559e9ef56aab,10,PROD001,74,Each
8e996e35-6d43-4966-81c6-c21321d5e215-10,8e996e35-6d43-4966-81c6-c21321d5e215,10,3880c085-c2cd-435b-b330-559e9ef56aab-10,3880c085-c2cd-435b-b330-559e9ef56aab,10,PROD001,76,Each
81846ebd-ad57-4429-b72e-18955f6f7b1d-10,81846ebd-ad57-4429-b72e-18955f6f7b1d,10,d1603c56-bada-46a3-80d2-2eadc73f44dd-10,d1603c56-bada-46a3-80d2-2eadc73f44dd,10,PROD001,470,Each
81846ebd-ad57-4429-b72e-18955f6f7b1d-20,81846ebd-ad57-4429-b72e-18955f6f7b1d,20,d1603c56-bada-46a3-80d2-2eadc73f44dd-20,d1603c56-bada-46a3-80d2-2eadc73f44dd,20,PROD007,60,Each
44476ae3-7225-45ab-af76-801ca3f6b4f6-10,44476ae3-7225-45ab-af76-801ca3f6b4f6,10,5cb88331-6eab-46a2-a628-3cff23690054-10,5cb88331-6eab-46a2-a628-3cff23690054,10,PROD002,70,Each
44476ae3-7225-45ab-af76-801ca3f6b4f6-20,44476ae3-7225-45ab-af76-801ca3f6b4f6,20,5cb88331-6eab-46a2-a628-3cff23690054-20,5cb88331-6eab-46a2-a628-3cff23690054,20,PROD004,120,Each
44476ae3-7225-45ab-af76-801ca3f6b4f6-30,44476ae3-7225-45ab-af76-801ca3f6b4f6,30,5cb88331-6eab-46a2-a628-3cff23690054-30,5cb88331-6eab-46a2-a628-3cff23690054,30,PROD001,280,Each
47f23b05-2dab-4fe8-979c-c5fc60282985-10,47f23b05-2dab-4fe8-979c-c5fc60282985,10,f70a94ac-a550-406e-bf84-8c9c3309db16-10,f70a94ac-a550-406e-bf84-8c9c3309db16,10,PROD001,60,Each
a23a560c-24d5-44e2-b2fc-d3bdafa2c1e8-10,a23a560c-24d5-44e2-b2fc-d3bdafa2c1e8,10,f70a94ac-a550-406e-bf84-8c9c3309db16-20,f70a94ac-a550-406e-bf84-8c9c3309db16,20,PROD004,330,Each
574113b6-bf1c-4a84-bd5c-134830640f8e-10,574113b6-bf1c-4a84-bd5c-134830640f8e,10,5c55426d-4d70-404a-8d9a-8f3cee6d4368-10,5c55426d-4d70-404a-8d9a-8f3cee6d4368,10,PROD003,70,Each
574113b6-bf1c-4a84-bd5c-134830640f8e-20,574113b6-bf1c-4a84-bd5c-134830640f8e,20,5c55426d-4d70-404a-8d9a-8f3cee6d4368-20,5c55426d-4d70-404a-8d9a-8f3cee6d4368,20,PROD008,460,Each
ca9d8013-f6f5-4697-acd1-441f484afb16-10,ca9d8013-f6f5-4697-acd1-441f484afb16,10,50300fdd-c952-43da-b047-64649f136e9a-10,50300fdd-c952-43da-b047-64649f136e9a,10,PROD003,110,Each
ca9d8013-f6f5-4697-acd1-441f484afb16-20,ca9d8013-f6f5-4697-acd1-441f484afb16,20,50300fdd-c952-43da-b047-64649f136e9a-20,50300fdd-c952-43da-b047-64649f136e9a,20,PROD009,320,Each
60836fb5-78d7-479e-9195-ba0c169e25ed-10,60836fb5-78d7-479e-9195-ba0c169e25ed,10,d27fb888-fdd2-4c57-85ca-4885214d7ecd-10,d27fb888-fdd2-4c57-85ca-4885214d7ecd,10,PROD001,430,Each
892165aa-fb48-4ba3-a29f-0132cc8aeb85-10,892165aa-fb48-4ba3-a29f-0132cc8aeb85,10,d27fb888-fdd2-4c57-85ca-4885214d7ecd-20,d27fb888-fdd2-4c57-85ca-4885214d7ecd,20,PROD002,80,Each
892165aa-fb48-4ba3-a29f-0132cc8aeb85-20,892165aa-fb48-4ba3-a29f-0132cc8aeb85,20,d27fb888-fdd2-4c57-85ca-4885214d7ecd-30,d27fb888-fdd2-4c57-85ca-4885214d7ecd,30,PROD006,160,Each
6041a5a5-8c58-47b2-9e49-27dfaebc7b06-10,6041a5a5-8c58-47b2-9e49-27dfaebc7b06,10,6548e22d-e43c-4029-9998-f8992fcf06e0-10,6548e22d-e43c-4029-9998-f8992fcf06e0,10,PROD002,230,Each
6041a5a5-8c58-47b2-9e49-27dfaebc7b06-20,6041a5a5-8c58-47b2-9e49-27dfaebc7b06,20,6548e22d-e43c-4029-9998-f8992fcf06e0-20,6548e22d-e43c-4029-9998-f8992fcf06e0,20,PROD005,480,Each
6041a5a5-8c58-47b2-9e49-27dfaebc7b06-30,6041a5a5-8c58-47b2-9e49-27dfaebc7b06,30,6548e22d-e43c-4029-9998-f8992fcf06e0-30,6548e22d-e43c-4029-9998-f8992fcf06e0,30,PROD004,350,Each
c2e5928c-dd05-408c-a0d0-0b3f397162c8-10,c2e5928c-dd05-408c-a0d0-0b3f397162c8,10,5cbd7cbb-de3a-4057-bd5a-137c086c09d8-10,5cbd7cbb-de3a-4057-bd5a-137c086c09d8,10,PROD004,70,Each
c2e5928c-dd05-408c-a0d0-0b3f397162c8-20,c2e5928c-dd05-408c-a0d0-0b3f397162c8,20,5cbd7cbb-de3a-4057-bd5a-137c086c09d8-20,5cbd7cbb-de3a-4057-bd5a-137c086c09d8,20,PROD009,390,Each
c2e5928c-dd05-408c-a0d0-0b3f397162c8-30,c2e5928c-dd05-408c-a0d0-0b3f397162c8,30,5cbd7cbb-de3a-4057-bd5a-137c086c09d8-30,5cbd7cbb-de3a-4057-bd5a-137c086c09d8,30,PROD001,370,Each
fe4b2387-845b-4451-82a8-9513865b25df-10,fe4b2387-845b-4451-82a8-9513865b25df,10,cc4937c8-b2b9-4c84-baa3-efa41c1d2d07-30,cc4937c8-b2b9-4c84-baa3-efa41c1d2d07,30,PROD003,380,Each
8e541236-8d40-407b-89c8-626ecbae45b9-10,8e541236-8d40-407b-89c8-626ecbae45b9,10,cc4937c8-b2b9-4c84-baa3-efa41c1d2d07-10,cc4937c8-b2b9-4c84-baa3-efa41c1d2d07,10,PROD001,240,Each
8e541236-8d40-407b-89c8-626ecbae45b9-20,8e541236-8d40-407b-89c8-626ecbae45b9,20,cc4937c8-b2b9-4c84-baa3-efa41c1d2d07-20,cc4937c8-b2b9-4c84-baa3-efa41c1d2d07,20,PROD005,310,Each
f4082bba-2117-4f47-afe0-c4f74d7c426c-10,f4082bba-2117-4f47-afe0-c4f74d7c426c,10,c4be2f96-ed0b-4022-8c17-18f25f484037-10,c4be2f96-ed0b-4022-8c17-18f25f484037,10,PROD009,450,Each
f4082bba-2117-4f47-afe0-c4f74d7c426c-20,f4082bba-2117-4f47-afe0-c4f74d7c426c,20,c4be2f96-ed0b-4022-8c17-18f25f484037-20,c4be2f96-ed0b-4022-8c17-18f25f484037,20,PROD006,470,Each
f4082bba-2117-4f47-afe0-c4f74d7c426c-30,f4082bba-2117-4f47-afe0-c4f74d7c426c,30,c4be2f96-ed0b-4022-8c17-18f25f484037-30,c4be2f96-ed0b-4022-8c17-18f25f484037,30,PROD004,240,Each
e75283df-1b55-47e2-abf5-5ffa7f87f9fa-10,e75283df-1b55-47e2-abf5-5ffa7f87f9fa,10,b3920f46-d108-4e1b-b3c7-3ca987c6d7db-10,b3920f46-d108-4e1b-b3c7-3ca987c6d7db,10,PROD006,290,Each
e6464d91-d0ff-4fa4-8ac3-391a3075c98e-10,e6464d91-d0ff-4fa4-8ac3-391a3075c98e,10,1d961a09-618d-4db8-8a48-d2a9be9aa337-10,1d961a09-618d-4db8-8a48-d2a9be9aa337,10,PROD009,110,Each
a22bd776-bc07-4217-b3fc-b24cf1b85f5f-10,a22bd776-bc07-4217-b3fc-b24cf1b85f5f,10,1d961a09-618d-4db8-8a48-d2a9be9aa337-20,1d961a09-618d-4db8-8a48-d2a9be9aa337,20,PROD001,450,Each
a22bd776-bc07-4217-b3fc-b24cf1b85f5f-20,a22bd776-bc07-4217-b3fc-b24cf1b85f5f,20,1d961a09-618d-4db8-8a48-d2a9be9aa337-30,1d961a09-618d-4db8-8a48-d2a9be9aa337,30,PROD005,190,Each
a19154a9-45d1-490c-a8c1-82df9ee42946-10,a19154a9-45d1-490c-a8c1-82df9ee42946,10,4980c7e7-aef8-4a9a-bc06-d27de756e563-10,4980c7e7-aef8-4a9a-bc06-d27de756e563,10,PROD004,280,Each
f43d5fd8-80f5-4af2-ac1f-8972eccbb0f1-10,f43d5fd8-80f5-4af2-ac1f-8972eccbb0f1,10,f59be8ae-73d1-4b0a-a86f-e537b799b43a-10,f59be8ae-73d1-4b0a-a86f-e537b799b43a,10,PROD009,60,Each
f43d5fd8-80f5-4af2-ac1f-8972eccbb0f1-20,f43d5fd8-80f5-4af2-ac1f-8972eccbb0f1,20,f59be8ae-73d1-4b0a-a86f-e537b799b43a-20,f59be8ae-73d1-4b0a-a86f-e537b799b43a,20,PROD005,470,Each
f43d5fd8-80f5-4af2-ac1f-8972eccbb0f1-30,f43d5fd8-80f5-4af2-ac1f-8972eccbb0f1,30,f59be8ae-73d1-4b0a-a86f-e537b799b43a-30,f59be8ae-73d1-4b0a-a86f-e537b799b43a,30,PROD006,200,Each
8e7cf9e5-8243-4380-bdd2-a90019655074-10,8e7cf9e5-8243-4380-bdd2-a90019655074,10,c59c1e83-60df-4408-9a80-d58d72bca60d-10,c59c1e83-60df-4408-9a80-d58d72bca60d,10,PROD007,99,Each
d97dfcd7-7a22-472c-9f46-0c9e08d1856e-10,d97dfcd7-7a22-472c-9f46-0c9e08d1856e,10,c59c1e83-60df-4408-9a80-d58d72bca60d-10,c59c1e83-60df-4408-9a80-d58d72bca60d,10,PROD007,241,Each
0cefdc42-6c94-4989-b41c-289ba60ab6bd-10,0cefdc42-6c94-4989-b41c-289ba60ab6bd,10,23fe89b7-f88b-45a8-9ab9-f763efe8e4e7-10,23fe89b7-f88b-45a8-9ab9-f763efe8e4e7,10,PROD006,350,Each
0cefdc42-6c94-4989-b41c-289ba60ab6bd-20,0cefdc42-6c94-4989-b41c-289ba60ab6bd,20,23fe89b7-f88b-45a8-9ab9-f763efe8e4e7-20,23fe89b7-f88b-45a8-9ab9-f763efe8e4e7,20,PROD005,180,Each
0cefdc42-6c94-4989-b41c-289ba60ab6bd-30,0cefdc42-6c94-4989-b41c-289ba60ab6bd,30,23fe89b7-f88b-45a8-9ab9-f763efe8e4e7-30,23fe89b7-f88b-45a8-9ab9-f763efe8e4e7,30,PROD007,170,Each
bc513bd6-17ed-4b43-87fe-801c4da01afc-10,bc513bd6-17ed-4b43-87fe-801c4da01afc,10,3e7b09f4-15f7-4d4a-9e29-5efd1941066d-10,3e7b09f4-15f7-4d4a-9e29-5efd1941066d,10,PROD009,270,Each
17a47bde-9dba-4608-a7fa-77583f600bc5-10,17a47bde-9dba-4608-a7fa-77583f600bc5,10,2a9391ee-9308-4f48-be41-42b12e4dc059-20,2a9391ee-9308-4f48-be41-42b12e4dc059,20,PROD004,80,Each
b2e3d2ab-0fc6-4017-bdc2-2118add94399-10,b2e3d2ab-0fc6-4017-bdc2-2118add94399,10,2a9391ee-9308-4f48-be41-42b12e4dc059-10,2a9391ee-9308-4f48-be41-42b12e4dc059,10,PROD009,400,Each
d416cfcd-89b8-4d9b-ac22-203985b82667-10,d416cfcd-89b8-4d9b-ac22-203985b82667,10,8bde839c-bc5b-4ae0-ae88-c7e273dca8aa-10,8bde839c-bc5b-4ae0-ae88-c7e273dca8aa,10,PROD005,220,Each
d416cfcd-89b8-4d9b-ac22-203985b82667-20,d416cfcd-89b8-4d9b-ac22-203985b82667,20,8bde839c-bc5b-4ae0-ae88-c7e273dca8aa-20,8bde839c-bc5b-4ae0-ae88-c7e273dca8aa,20,PROD006,130,Each
d416cfcd-89b8-4d9b-ac22-203985b82667-30,d416cfcd-89b8-4d9b-ac22-203985b82667,30,8bde839c-bc5b-4ae0-ae88-c7e273dca8aa-30,8bde839c-bc5b-4ae0-ae88-c7e273dca8aa,30,PROD002,90,Each
7c952329-c2e8-4d5c-8fcb-23126a8ede74-10,7c952329-c2e8-4d5c-8fcb-23126a8ede74,10,b3a80d82-ec34-427f-a68d-3baaf977854a-10,b3a80d82-ec34-427f-a68d-3baaf977854a,10,PROD009,80,Each
c6101b5f-a858-4bb2-b5d3-cc0db3c20455-10,c6101b5f-a858-4bb2-b5d3-cc0db3c20455,10,b13ce564-43b9-4e87-8d12-7ede964be767-10,b13ce564-43b9-4e87-8d12-7ede964be767,10,PROD006,290,Each
dbce2ebd-2713-499c-90ae-2e2dee74a6a8-10,dbce2ebd-2713-499c-90ae-2e2dee74a6a8,10,b13ce564-43b9-4e87-8d12-7ede964be767-20,b13ce564-43b9-4e87-8d12-7ede964be767,20,PROD009,160,Each
63ed1387-98f6-4c1b-899b-2e5c8e8b69d9-10,63ed1387-98f6-4c1b-899b-2e5c8e8b69d9,10,2dd4f965-10e5-46dd-88ad-0dbb151997fa-10,2dd4f965-10e5-46dd-88ad-0dbb151997fa,10,PROD006,90,Each
44725d35-993d-419e-bb81-4468e86bfe48-10,44725d35-993d-419e-bb81-4468e86bfe48,10,4e9ee2ad-3154-40ad-8004-0f57c74cdf42-10,4e9ee2ad-3154-40ad-8004-0f57c74cdf42,10,PROD007,500,Each
44725d35-993d-419e-bb81-4468e86bfe48-20,44725d35-993d-419e-bb81-4468e86bfe48,20,4e9ee2ad-3154-40ad-8004-0f57c74cdf42-20,4e9ee2ad-3154-40ad-8004-0f57c74cdf42,20,PROD002,290,Each
841d1962-da47-43ef-b8d1-2f27fd20d443-10,841d1962-da47-43ef-b8d1-2f27fd20d443,10,e2c39705-59cf-4bc8-bea8-3b0e7b86ad41-20,e2c39705-59cf-4bc8-bea8-3b0e7b86ad41,20,PROD009,90,Each
bb6d35ec-8374-42d4-a24b-e831d66b5e8b-10,bb6d35ec-8374-42d4-a24b-e831d66b5e8b,10,e2c39705-59cf-4bc8-bea8-3b0e7b86ad41-10,e2c39705-59cf-4bc8-bea8-3b0e7b86ad41,10,PROD002,310,Each
bb6d35ec-8374-42d4-a24b-e831d66b5e8b-20,bb6d35ec-8374-42d4-a24b-e831d66b5e8b,20,e2c39705-59cf-4bc8-bea8-3b0e7b86ad41-30,e2c39705-59cf-4bc8-bea8-3b0e7b86ad41,30,PROD001,480,Each
76a595ec-2575-4454-a2d2-1086214c6611-10,76a595ec-2575-4454-a2d2-1086214c6611,10,33fa69ec-8487-46da-8255-dea4139d78c1-10,33fa69ec-8487-46da-8255-dea4139d78c1,10,PROD007,500,Each
76a595ec-2575-4454-a2d2-1086214c6611-20,76a595ec-2575-4454-a2d2-1086214c6611,20,33fa69ec-8487-46da-8255-dea4139d78c1-20,33fa69ec-8487-46da-8255-dea4139d78c1,20,PROD003,260,Each
91592dc3-e888-4de3-9b13-ff0eb8e5124b-10,91592dc3-e888-4de3-9b13-ff0eb8e5124b,10,74f15e19-ae61-4edc-b3ea-c95a66ad3386-10,74f15e19-ae61-4edc-b3ea-c95a66ad3386,10,PROD007,450,Each
ca3d4b1d-b053-460a-b257-70a5fe7b3857-10,ca3d4b1d-b053-460a-b257-70a5fe7b3857,10,8eff005f-05d2-4e2d-be05-3831c1265916-10,8eff005f-05d2-4e2d-be05-3831c1265916,10,PROD006,46,Each
76db6dd8-8bf1-4ef1-af7c-37f51afda754-10,76db6dd8-8bf1-4ef1-af7c-37f51afda754,10,8eff005f-05d2-4e2d-be05-3831c1265916-10,8eff005f-05d2-4e2d-be05-3831c1265916,10,PROD006,184,Each
388e5e85-5cc2-4a7f-b255-0a785cbbf507-10,388e5e85-5cc2-4a7f-b255-0a785cbbf507,10,fd77f227-1a5c-4c2a-a49b-f24ca575a7b7-10,fd77f227-1a5c-4c2a-a49b-f24ca575a7b7,10,PROD008,190,Each
ff3d8e79-d514-4d2f-baa0-d18bd33b8baa-10,ff3d8e79-d514-4d2f-baa0-d18bd33b8baa,10,789ddec3-a3de-4900-aa2a-3ea2c2f77117-10,789ddec3-a3de-4900-aa2a-3ea2c2f77117,10,PROD002,340,Each
ff3d8e79-d514-4d2f-baa0-d18bd33b8baa-20,ff3d8e79-d514-4d2f-baa0-d18bd33b8baa,20,789ddec3-a3de-4900-aa2a-3ea2c2f77117-20,789ddec3-a3de-4900-aa2a-3ea2c2f77117,20,PROD006,120,Each
163f87ee-78ef-4502-9055-4b7154e54c24-10,163f87ee-78ef-4502-9055-4b7154e54c24,10,aea21609-ea95-4bb1-97fe-8a93fb398a23-10,aea21609-ea95-4bb1-97fe-8a93fb398a23,10,PROD005,209,Each
29a23319-6b81-4147-9e59-3affa0459226-10,29a23319-6b81-4147-9e59-3affa0459226,10,aea21609-ea95-4bb1-97fe-8a93fb398a23-10,aea21609-ea95-4bb1-97fe-8a93fb398a23,10,PROD005,151,Each
60bb11fd-209d-4d12-be5a-0ce5c22441d2-10,60bb11fd-209d-4d12-be5a-0ce5c22441d2,10,b01a6a54-5820-448f-aca8-1a651fb0b4c5-10,b01a6a54-5820-448f-aca8-1a651fb0b4c5,10,PROD004,410,Each
466ffe94-698d-4010-8f55-92da9f3da5e1-10,466ffe94-698d-4010-8f55-92da9f3da5e1,10,1ae39b76-90e2-4426-8f28-908a608db4ea-10,1ae39b76-90e2-4426-8f28-908a608db4ea,10,PROD008,500,Each
466ffe94-698d-4010-8f55-92da9f3da5e1-20,466ffe94-698d-4010-8f55-92da9f3da5e1,20,1ae39b76-90e2-4426-8f28-908a608db4ea-20,1ae39b76-90e2-4426-8f28-908a608db4ea,20,PROD005,310,Each
c3510b9e-4fac-4297-b46f-085222242a70-10,c3510b9e-4fac-4297-b46f-085222242a70,10,577efee7-ff6c-4ccc-a5db-6bedc4ad0772-10,577efee7-ff6c-4ccc-a5db-6bedc4ad0772,10,PROD008,55,Each
4d68aacf-cd46-47b4-b50f-1c70faddcddf-10,4d68aacf-cd46-47b4-b50f-1c70faddcddf,10,577efee7-ff6c-4ccc-a5db-6bedc4ad0772-10,577efee7-ff6c-4ccc-a5db-6bedc4ad0772,10,PROD008,25,Each
4d863bcf-38ac-4ab8-8dc6-2215ccc0a480-10,4d863bcf-38ac-4ab8-8dc6-2215ccc0a480,10,52ef5847-931c-4c46-9c46-eba65b07a31a-10,52ef5847-931c-4c46-9c46-eba65b07a31a,10,PROD003,390,Each
4d863bcf-38ac-4ab8-8dc6-2215ccc0a480-20,4d863bcf-38ac-4ab8-8dc6-2215ccc0a480,20,52ef5847-931c-4c46-9c46-eba65b07a31a-20,52ef5847-931c-4c46-9c46-eba65b07a31a,20,PROD005,180,Each
4d863bcf-38ac-4ab8-8dc6-2215ccc0a480-30,4d863bcf-38ac-4ab8-8dc6-2215ccc0a480,30,52ef5847-931c-4c46-9c46-eba65b07a31a-30,52ef5847-931c-4c46-9c46-eba65b07a31a,30,PROD002,300,Each
667a2da0-8fd7-415a-bfc1-c1d10b2ac4ac-10,667a2da0-8fd7-415a-bfc1-c1d10b2ac4ac,10,5ace036f-2c22-4f7d-b217-5a04954019c2-10,5ace036f-2c22-4f7d-b217-5a04954019c2,10,PROD003,70,Each
667a2da0-8fd7-415a-bfc1-c1d10b2ac4ac-20,667a2da0-8fd7-415a-bfc1-c1d10b2ac4ac,20,5ace036f-2c22-4f7d-b217-5a04954019c2-20,5ace036f-2c22-4f7d-b217-5a04954019c2,20,PROD002,360,Each
8f3d3e78-236a-4646-80a9-e5ec1e7e6f7b-10,8f3d3e78-236a-4646-80a9-e5ec1e7e6f7b,10,8eb8caa4-d37d-49e0-985d-59a7afba834e-20,8eb8caa4-d37d-49e0-985d-59a7afba834e,20,PROD005,360,Each
614e4128-a4cc-4530-9883-d9fba7349308-10,614e4128-a4cc-4530-9883-d9fba7349308,10,8eb8caa4-d37d-49e0-985d-59a7afba834e-10,8eb8caa4-d37d-49e0-985d-59a7afba834e,10,PROD008,440,Each
8750a5d0-1b6f-4477-89d7-638de69af0ee-10,8750a5d0-1b6f-4477-89d7-638de69af0ee,10,ab83aeb6-308b-4ed4-bfe6-a5dc35e2e89d-10,ab83aeb6-308b-4ed4-bfe6-a5dc35e2e89d,10,PROD008,310,Each
8750a5d0-1b6f-4477-89d7-638de69af0ee-20,8750a5d0-1b6f-4477-89d7-638de69af0ee,20,ab83aeb6-308b-4ed4-bfe6-a5dc35e2e89d-20,ab83aeb6-308b-4ed4-bfe6-a5dc35e2e89d,20,PROD007,490,Each
8750a5d0-1b6f-4477-89d7-638de69af0ee-30,8750a5d0-1b6f-4477-89d7-638de69af0ee,30,ab83aeb6-308b-4ed4-bfe6-a5dc35e2e89d-30,ab83aeb6-308b-4ed4-bfe6-a5dc35e2e89d,30,PROD006,490,Each
79529740-5a1c-4469-aa38-c628fa4725a2-10,79529740-5a1c-4469-aa38-c628fa4725a2,10,8e88c43b-cf27-454f-a361-38770e7aa0cb-10,8e88c43b-cf27-454f-a361-38770e7aa0cb,10,PROD007,370,Each
b3a9791e-bcd0-47cf-b958-8f2eb7ef88dd-10,b3a9791e-bcd0-47cf-b958-8f2eb7ef88dd,10,4cbdaf88-479e-4f44-be91-f242bfbc2004-10,4cbdaf88-479e-4f44-be91-f242bfbc2004,10,PROD003,206,Each
c54130b7-61bb-4358-91fd-30902a68c8a9-10,c54130b7-61bb-4358-91fd-30902a68c8a9,10,4cbdaf88-479e-4f44-be91-f242bfbc2004-10,4cbdaf88-479e-4f44-be91-f242bfbc2004,10,PROD003,144,Each
5286c805-cecb-41cb-9819-d57a17fdcb48-10,5286c805-cecb-41cb-9819-d57a17fdcb48,10,45cc9e5a-d275-4a74-a89e-a94df8e48ae5-10,45cc9e5a-d275-4a74-a89e-a94df8e48ae5,10,PROD006,430,Each
0b0eebd2-3114-4a6d-b312-921b47d56c72-10,0b0eebd2-3114-4a6d-b312-921b47d56c72,10,cecf9c1d-1fa8-4e98-bb09-b88b43aad97e-10,cecf9c1d-1fa8-4e98-bb09-b88b43aad97e,10,PROD006,290,Each
286c5b98-f611-4a8d-bcc0-ad5b5c23695b-10,286c5b98-f611-4a8d-bcc0-ad5b5c23695b,10,6632d4fe-503d-4d84-890a-956d080ec5ac-10,6632d4fe-503d-4d84-890a-956d080ec5ac,10,PROD009,80,Each
f6721176-5b54-4c97-a749-bba6714472ad-10,f6721176-5b54-4c97-a749-bba6714472ad,10,6632d4fe-503d-4d84-890a-956d080ec5ac-20,6632d4fe-503d-4d84-890a-956d080ec5ac,20,PROD006,150,Each
03ea74ed-7ba3-4b4a-a9fc-6712ad826617-10,03ea74ed-7ba3-4b4a-a9fc-6712ad826617,10,4c77f981-bddb-4320-aa5f-e64b8d58d623-10,4c77f981-bddb-4320-aa5f-e64b8d58d623,10,PROD009,90,Each
03ea74ed-7ba3-4b4a-a9fc-6712ad826617-20,03ea74ed-7ba3-4b4a-a9fc-6712ad826617,20,4c77f981-bddb-4320-aa5f-e64b8d58d623-20,4c77f981-bddb-4320-aa5f-e64b8d58d623,20,PROD003,490,Each
c696cce4-bde6-40fa-9cd3-20bea9a8153a-10,c696cce4-bde6-40fa-9cd3-20bea9a8153a,10,7e5e8cbb-b9cd-4abd-98fc-e634ef9d3436-10,7e5e8cbb-b9cd-4abd-98fc-e634ef9d3436,10,PROD006,290,Each
c696cce4-bde6-40fa-9cd3-20bea9a8153a-20,c696cce4-bde6-40fa-9cd3-20bea9a8153a,20,7e5e8cbb-b9cd-4abd-98fc-e634ef9d3436-20,7e5e8cbb-b9cd-4abd-98fc-e634ef9d3436,20,PROD005,460,Each
c696cce4-bde6-40fa-9cd3-20bea9a8153a-30,c696cce4-bde6-40fa-9cd3-20bea9a8153a,30,7e5e8cbb-b9cd-4abd-98fc-e634ef9d3436-30,7e5e8cbb-b9cd-4abd-98fc-e634ef9d3436,30,PROD009,250,Each
c88cf128-f385-427d-be94-b283a1d22cdb-10,c88cf128-f385-427d-be94-b283a1d22cdb,10,b5b14b69-b5d1-4129-97da-1c14b83edfb9-10,b5b14b69-b5d1-4129-97da-1c14b83edfb9,10,PROD009,140,Each
d304ac96-e0a2-4dd9-b468-b1cc264a6463-10,d304ac96-e0a2-4dd9-b468-b1cc264a6463,10,b5b14b69-b5d1-4129-97da-1c14b83edfb9-20,b5b14b69-b5d1-4129-97da-1c14b83edfb9,20,PROD005,360,Each
a2b55ee4-24d6-4273-9cbc-509ace5c841b-10,a2b55ee4-24d6-4273-9cbc-509ace5c841b,10,00a71440-09f1-479c-9912-c9e95ec1abdc-10,00a71440-09f1-479c-9912-c9e95ec1abdc,10,PROD002,290,Each
a2b55ee4-24d6-4273-9cbc-509ace5c841b-20,a2b55ee4-24d6-4273-9cbc-509ace5c841b,20,00a71440-09f1-479c-9912-c9e95ec1abdc-20,00a71440-09f1-479c-9912-c9e95ec1abdc,20,PROD005,170,Each
a2b55ee4-24d6-4273-9cbc-509ace5c841b-30,a2b55ee4-24d6-4273-9cbc-509ace5c841b,30,00a71440-09f1-479c-9912-c9e95ec1abdc-30,00a71440-09f1-479c-9912-c9e95ec1abdc,30,PROD003,440,Each
474fc351-a611-45d6-be15-0c98102ad70f-10,474fc351-a611-45d6-be15-0c98102ad70f,10,de5d8415-bcaf-4b0e-a957-d9e60a390d29-10,de5d8415-bcaf-4b0e-a957-d9e60a390d29,10,PROD003,120,Each
474fc351-a611-45d6-be15-0c98102ad70f-20,474fc351-a611-45d6-be15-0c98102ad70f,20,de5d8415-bcaf-4b0e-a957-d9e60a390d29-20,de5d8415-bcaf-4b0e-a957-d9e60a390d29,20,PROD002,320,Each
474fc351-a611-45d6-be15-0c98102ad70f-30,474fc351-a611-45d6-be15-0c98102ad70f,30,de5d8415-bcaf-4b0e-a957-d9e60a390d29-30,de5d8415-bcaf-4b0e-a957-d9e60a390d29,30,PROD004,490,Each
5d685f05-411f-4e5b-b311-449cd3936432-10,5d685f05-411f-4e5b-b311-449cd3936432,10,6b34ffe2-d3a0-4de6-baad-e82377202fac-10,6b34ffe2-d3a0-4de6-baad-e82377202fac,10,PROD008,430,Each
5f5e7d49-a193-40ab-8b37-6a31335d8ba1-10,5f5e7d49-a193-40ab-8b37-6a31335d8ba1,10,6b34ffe2-d3a0-4de6-baad-e82377202fac-20,6b34ffe2-d3a0-4de6-baad-e82377202fac,20,PROD004,90,Each
5f5e7d49-a193-40ab-8b37-6a31335d8ba1-20,5f5e7d49-a193-40ab-8b37-6a31335d8ba1,20,6b34ffe2-d3a0-4de6-baad-e82377202fac-30,6b34ffe2-d3a0-4de6-baad-e82377202fac,30,PROD007,140,Each
48718bad-2cff-4ae6-b62f-2e38889b6ce3-10,48718bad-2cff-4ae6-b62f-2e38889b6ce3,10,18e96501-5224-4fa0-9bc8-dfbb70c26ea1-10,18e96501-5224-4fa0-9bc8-dfbb70c26ea1,10,PROD006,370,Each
48718bad-2cff-4ae6-b62f-2e38889b6ce3-20,48718bad-2cff-4ae6-b62f-2e38889b6ce3,20,18e96501-5224-4fa0-9bc8-dfbb70c26ea1-20,18e96501-5224-4fa0-9bc8-dfbb70c26ea1,20,PROD002,130,Each
dc054e38-a324-495d-8da9-f113e3820a64-10,dc054e38-a324-495d-8da9-f113e3820a64,10,3f0d4f44-28e9-4580-aef3-cbd17ed88c54-10,3f0d4f44-28e9-4580-aef3-cbd17ed88c54,10,PROD003,340,Each
dc054e38-a324-495d-8da9-f113e3820a64-20,dc054e38-a324-495d-8da9-f113e3820a64,20,3f0d4f44-28e9-4580-aef3-cbd17ed88c54-20,3f0d4f44-28e9-4580-aef3-cbd17ed88c54,20,PROD001,410,Each
eded3a87-ab64-451f-bcf7-b8d0580a7e2e-10,eded3a87-ab64-451f-bcf7-b8d0580a7e2e,10,8de9f138-ccd9-4469-83a3-b8f9d4403093-10,8de9f138-ccd9-4469-83a3-b8f9d4403093,10,PROD001,162,Each
31463c66-a533-48ad-a229-9298abc09236-10,31463c66-a533-48ad-a229-9298abc09236,10,8de9f138-ccd9-4469-83a3-b8f9d4403093-10,8de9f138-ccd9-4469-83a3-b8f9d4403093,10,PROD001,198,Each
2c47f3f8-9e96-4f0a-a165-c2c9996e7295-10,2c47f3f8-9e96-4f0a-a165-c2c9996e7295,10,c4374374-34b3-465a-a81a-1c68ba706c9f-10,c4374374-34b3-465a-a81a-1c68ba706c9f,10,PROD002,320,Each
1819658e-a938-443c-a34f-172d5ea958f4-10,1819658e-a938-443c-a34f-172d5ea958f4,10,c0965c02-65c1-4e06-9ba1-489cb23b309a-10,c0965c02-65c1-4e06-9ba1-489cb23b309a,10,PROD005,410,Each
1819658e-a938-443c-a34f-172d5ea958f4-20,1819658e-a938-443c-a34f-172d5ea958f4,20,c0965c02-65c1-4e06-9ba1-489cb23b309a-20,c0965c02-65c1-4e06-9ba1-489cb23b309a,20,PROD006,190,Each
c9d65690-a30d-4768-bb2b-343baef9bc4c-10,c9d65690-a30d-4768-bb2b-343baef9bc4c,10,f8eaa337-8c28-4772-b274-da13672849b8-10,f8eaa337-8c28-4772-b274-da13672849b8,10,PROD007,100,Each
d440064c-c134-4fdd-93fa-adcbb28954a2-10,d440064c-c134-4fdd-93fa-adcbb28954a2,10,f8eaa337-8c28-4772-b274-da13672849b8-20,f8eaa337-8c28-4772-b274-da13672849b8,20,PROD008,210,Each
21e5bcd9-0bbb-47c5-94b0-b91a95cfa1b9-10,21e5bcd9-0bbb-47c5-94b0-b91a95cfa1b9,10,3cad3c10-451a-4b7f-9b1f-1c11a800db6c-10,3cad3c10-451a-4b7f-9b1f-1c11a800db6c,10,PROD005,320,Each
21e5bcd9-0bbb-47c5-94b0-b91a95cfa1b9-20,21e5bcd9-0bbb-47c5-94b0-b91a95cfa1b9,20,3cad3c10-451a-4b7f-9b1f-1c11a800db6c-20,3cad3c10-451a-4b7f-9b1f-1c11a800db6c,20,PROD003,440,Each
4b25a6eb-5ccc-4e94-8984-a5f2313da031-10,4b25a6eb-5ccc-4e94-8984-a5f2313da031,10,f9fbd214-e38a-4c74-9572-ceb0ed454b62-10,f9fbd214-e38a-4c74-9572-ceb0ed454b62,10,PROD006,500,Each
4b25a6eb-5ccc-4e94-8984-a5f2313da031-20,4b25a6eb-5ccc-4e94-8984-a5f2313da031,20,f9fbd214-e38a-4c74-9572-ceb0ed454b62-20,f9fbd214-e38a-4c74-9572-ceb0ed454b62,20,PROD007,460,Each
586c52bd-fa99-46a0-a7ae-b3ac653d5ea5-10,586c52bd-fa99-46a0-a7ae-b3ac653d5ea5,10,2d9bf28a-8301-416d-a533-d871361bc08a-10,2d9bf28a-8301-416d-a533-d871361bc08a,10,PROD001,310,Each
2c168bc4-7a86-45a7-88f7-3b8fa36f0544-10,2c168bc4-7a86-45a7-88f7-3b8fa36f0544,10,2d9bf28a-8301-416d-a533-d871361bc08a-20,2d9bf28a-8301-416d-a533-d871361bc08a,20,PROD005,240,Each
2c168bc4-7a86-45a7-88f7-3b8fa36f0544-20,2c168bc4-7a86-45a7-88f7-3b8fa36f0544,20,2d9bf28a-8301-416d-a533-d871361bc08a-30,2d9bf28a-8301-416d-a533-d871361bc08a,30,PROD004,400,Each
f69f1a10-f6ce-4ecd-82d0-2806f7bd8b97-10,f69f1a10-f6ce-4ecd-82d0-2806f7bd8b97,10,791c73c6-d2dd-4eee-ac58-19e621b94aad-10,791c73c6-d2dd-4eee-ac58-19e621b94aad,10,PROD008,210,Each
9f3941d9-6b26-49b5-84ea-46e3204f1166-10,9f3941d9-6b26-49b5-84ea-46e3204f1166,10,64a5f6ae-1cd5-4ad0-a8bd-4d0318f85f62-10,64a5f6ae-1cd5-4ad0-a8bd-4d0318f85f62,10,PROD002,200,Each
9f3941d9-6b26-49b5-84ea-46e3204f1166-20,9f3941d9-6b26-49b5-84ea-46e3204f1166,20,64a5f6ae-1cd5-4ad0-a8bd-4d0318f85f62-20,64a5f6ae-1cd5-4ad0-a8bd-4d0318f85f62,20,PROD003,260,Each
9f3941d9-6b26-49b5-84ea-46e3204f1166-30,9f3941d9-6b26-49b5-84ea-46e3204f1166,30,64a5f6ae-1cd5-4ad0-a8bd-4d0318f85f62-30,64a5f6ae-1cd5-4ad0-a8bd-4d0318f85f62,30,PROD008,150,Each
d9be5b90-a89b-4226-a301-ad57372d9cd5-10,d9be5b90-a89b-4226-a301-ad57372d9cd5,10,3b4f1ac2-7911-4dd0-b25a-81b20225c80b-10,3b4f1ac2-7911-4dd0-b25a-81b20225c80b,10,PROD001,346,Each
9dea0ed0-a5cf-4ff8-930b-72663f57d1a3-10,9dea0ed0-a5cf-4ff8-930b-72663f57d1a3,10,3b4f1ac2-7911-4dd0-b25a-81b20225c80b-10,3b4f1ac2-7911-4dd0-b25a-81b20225c80b,10,PROD001,104,Each
d1f7ca40-07db-4c99-9298-a931fc2ec8c5-10,d1f7ca40-07db-4c99-9298-a931fc2ec8c5,10,42215872-4a2f-49a0-996b-893e5032a158-10,42215872-4a2f-49a0-996b-893e5032a158,10,PROD001,50,Each
d1f7ca40-07db-4c99-9298-a931fc2ec8c5-20,d1f7ca40-07db-4c99-9298-a931fc2ec8c5,20,42215872-4a2f-49a0-996b-893e5032a158-20,42215872-4a2f-49a0-996b-893e5032a158,20,PROD003,100,Each
fb9b68a1-9991-42fc-bfcd-b0e9015f13e2-10,fb9b68a1-9991-42fc-bfcd-b0e9015f13e2,10,db0c67f9-420b-459f-b02d-89a75bf17d39-10,db0c67f9-420b-459f-b02d-89a75bf17d39,10,PROD002,430,Each
fb9b68a1-9991-42fc-bfcd-b0e9015f13e2-20,fb9b68a1-9991-42fc-bfcd-b0e9015f13e2,20,db0c67f9-420b-459f-b02d-89a75bf17d39-20,db0c67f9-420b-459f-b02d-89a75bf17d39,20,PROD005,140,Each
fb9b68a1-9991-42fc-bfcd-b0e9015f13e2-30,fb9b68a1-9991-42fc-bfcd-b0e9015f13e2,30,db0c67f9-420b-459f-b02d-89a75bf17d39-30,db0c67f9-420b-459f-b02d-89a75bf17d39,30,PROD003,270,Each
88475419-0bb0-43df-84c4-656e22c5e40e-10,88475419-0bb0-43df-84c4-656e22c5e40e,10,bb5b6612-c1cf-4ff7-bd32-ed82d8749021-20,bb5b6612-c1cf-4ff7-bd32-ed82d8749021,20,PROD008,70,Each
e9deb9ae-2f4c-49c6-b2fc-3c2a73e3b64b-10,e9deb9ae-2f4c-49c6-b2fc-3c2a73e3b64b,10,bb5b6612-c1cf-4ff7-bd32-ed82d8749021-10,bb5b6612-c1cf-4ff7-bd32-ed82d8749021,10,PROD009,50,Each
e9deb9ae-2f4c-49c6-b2fc-3c2a73e3b64b-20,e9deb9ae-2f4c-49c6-b2fc-3c2a73e3b64b,20,bb5b6612-c1cf-4ff7-bd32-ed82d8749021-30,bb5b6612-c1cf-4ff7-bd32-ed82d8749021,30,PROD001,120,Each
67a3b24f-220d-493d-a94a-aa6c2d320689-10,67a3b24f-220d-493d-a94a-aa6c2d320689,10,c35c3a84-d15c-40b4-bb8a-e818e5db1447-10,c35c3a84-d15c-40b4-bb8a-e818e5db1447,10,PROD003,350,Each
67a3b24f-220d-493d-a94a-aa6c2d320689-20,67a3b24f-220d-493d-a94a-aa6c2d320689,20,c35c3a84-d15c-40b4-bb8a-e818e5db1447-20,c35c3a84-d15c-40b4-bb8a-e818e5db1447,20,PROD009,430,Each
f556b75b-6ca5-463c-9c1a-ce7bc03e1271-10,f556b75b-6ca5-463c-9c1a-ce7bc03e1271,10,d28986bc-d956-4637-a853-02bab8c7c5da-10,d28986bc-d956-4637-a853-02bab8c7c5da,10,PROD007,290,Each
ca45d873-8272-436c-a300-6c1f5e4990e1-10,ca45d873-8272-436c-a300-6c1f5e4990e1,10,8fb3aebb-374d-41d5-992d-c0f781154099-10,8fb3aebb-374d-41d5-992d-c0f781154099,10,PROD004,330,Each
1ac4e409-8548-4116-8d83-2e365cfbb7c9-10,1ac4e409-8548-4116-8d83-2e365cfbb7c9,10,8fb3aebb-374d-41d5-992d-c0f781154099-20,8fb3aebb-374d-41d5-992d-c0f781154099,20,PROD003,140,Each
1ac4e409-8548-4116-8d83-2e365cfbb7c9-20,1ac4e409-8548-4116-8d83-2e365cfbb7c9,20,8fb3aebb-374d-41d5-992d-c0f781154099-30,8fb3aebb-374d-41d5-992d-c0f781154099,30,PROD002,300,Each
ec9d8d73-a015-4a50-a46d-972e2b0d45a8-10,ec9d8d73-a015-4a50-a46d-972e2b0d45a8,10,5087b9e7-058f-4801-b354-401e59d0ae31-10,5087b9e7-058f-4801-b354-401e59d0ae31,10,PROD008,200,Each
a7da19b1-c631-4c53-a4c8-31ac06484516-10,a7da19b1-c631-4c53-a4c8-31ac06484516,10,f8165ac5-40c3-4e27-bfdf-b9b50a89d5b4-10,f8165ac5-40c3-4e27-bfdf-b9b50a89d5b4,10,PROD008,230,Each
d6b1eae8-e0a0-49be-b069-9f9ea4f9f7e4-10,d6b1eae8-e0a0-49be-b069-9f9ea4f9f7e4,10,c79fd7b5-3ab1-4e06-b7b7-9a0487772ae8-10,c79fd7b5-3ab1-4e06-b7b7-9a0487772ae8,10,PROD002,33,Each
597dbb38-7a0a-4367-b8e1-14f8959f7ab4-10,597dbb38-7a0a-4367-b8e1-14f8959f7ab4,10,c79fd7b5-3ab1-4e06-b7b7-9a0487772ae8-10,c79fd7b5-3ab1-4e06-b7b7-9a0487772ae8,10,PROD002,37,Each
5e515bfb-cf34-4317-a153-c0a8f378d58d-10,5e515bfb-cf34-4317-a153-c0a8f378d58d,10,4153e54f-2e4b-4e3c-98c5-722132dcb28b-10,4153e54f-2e4b-4e3c-98c5-722132dcb28b,10,PROD006,130,Each
bbf7bb26-42b7-4b45-a0e4-ef77be7bd648-10,bbf7bb26-42b7-4b45-a0e4-ef77be7bd648,10,20ac8283-f540-4f28-b263-1ea7fed9088a-10,20ac8283-f540-4f28-b263-1ea7fed9088a,10,PROD005,360,Each
bbf7bb26-42b7-4b45-a0e4-ef77be7bd648-20,bbf7bb26-42b7-4b45-a0e4-ef77be7bd648,20,20ac8283-f540-4f28-b263-1ea7fed9088a-20,20ac8283-f540-4f28-b263-1ea7fed9088a,20,PROD004,100,Each
bbf7bb26-42b7-4b45-a0e4-ef77be7bd648-30,bbf7bb26-42b7-4b45-a0e4-ef77be7bd648,30,20ac8283-f540-4f28-b263-1ea7fed9088a-30,20ac8283-f540-4f28-b263-1ea7fed9088a,30,PROD003,140,Each
a06d4433-58ae-4875-91a5-b915a60d7ee3-10,a06d4433-58ae-4875-91a5-b915a60d7ee3,10,4f7dc349-d694-4d2f-9f29-847b4a2a761e-30,4f7dc349-d694-4d2f-9f29-847b4a2a761e,30,PROD001,160,Each
e8df1f67-71d0-429c-ac56-e204fa236835-10,e8df1f67-71d0-429c-ac56-e204fa236835,10,4f7dc349-d694-4d2f-9f29-847b4a2a761e-10,4f7dc349-d694-4d2f-9f29-847b4a2a761e,10,PROD009,50,Each
e8df1f67-71d0-429c-ac56-e204fa236835-20,e8df1f67-71d0-429c-ac56-e204fa236835,20,4f7dc349-d694-4d2f-9f29-847b4a2a761e-20,4f7dc349-d694-4d2f-9f29-847b4a2a761e,20,PROD004,90,Each
1c479239-a84c-4764-9891-b59cd44a4445-10,1c479239-a84c-4764-9891-b59cd44a4445,10,7f876721-4ca8-44fe-96c5-22a07e47bbae-10,7f876721-4ca8-44fe-96c5-22a07e47bbae,10,PROD005,270,Each
1c479239-a84c-4764-9891-b59cd44a4445-20,1c479239-a84c-4764-9891-b59cd44a4445,20,7f876721-4ca8-44fe-96c5-22a07e47bbae-20,7f876721-4ca8-44fe-96c5-22a07e47bbae,20,PROD007,340,Each
1c479239-a84c-4764-9891-b59cd44a4445-30,1c479239-a84c-4764-9891-b59cd44a4445,30,7f876721-4ca8-44fe-96c5-22a07e47bbae-30,7f876721-4ca8-44fe-96c5-22a07e47bbae,30,PROD001,380,Each
2fb67019-b938-454b-89a4-837b6bf97ec8-10,2fb67019-b938-454b-89a4-837b6bf97ec8,10,12c75109-6635-44a4-b8fa-3b3bbd0b2ee0-10,12c75109-6635-44a4-b8fa-3b3bbd0b2ee0,10,PROD006,400,Each
2fb67019-b938-454b-89a4-837b6bf97ec8-20,2fb67019-b938-454b-89a4-837b6bf97ec8,20,12c75109-6635-44a4-b8fa-3b3bbd0b2ee0-20,12c75109-6635-44a4-b8fa-3b3bbd0b2ee0,20,PROD007,400,Each
c470b606-e85f-4a78-825e-b6e10a381776-10,c470b606-e85f-4a78-825e-b6e10a381776,10,d6f41815-b956-4e0b-b29b-16915813226d-20,d6f41815-b956-4e0b-b29b-16915813226d,20,PROD004,290,Each
ea175274-411f-4096-a842-15fd28d2ba00-10,ea175274-411f-4096-a842-15fd28d2ba00,10,d6f41815-b956-4e0b-b29b-16915813226d-10,d6f41815-b956-4e0b-b29b-16915813226d,10,PROD005,360,Each
dc1cde30-e334-47ec-9ab4-3cb785f85329-10,dc1cde30-e334-47ec-9ab4-3cb785f85329,10,e6d1162c-07d7-4c89-acc4-19009dfa59c5-10,e6d1162c-07d7-4c89-acc4-19009dfa59c5,10,PROD005,450,Each
dc1cde30-e334-47ec-9ab4-3cb785f85329-20,dc1cde30-e334-47ec-9ab4-3cb785f85329,20,e6d1162c-07d7-4c89-acc4-19009dfa59c5-20,e6d1162c-07d7-4c89-acc4-19009dfa59c5,20,PROD003,90,Each
3d4e8a09-0ed1-4417-bdf7-553d5936b072-10,3d4e8a09-0ed1-4417-bdf7-553d5936b072,10,65143c28-f565-4bb8-9673-d72113cc9b53-10,65143c28-f565-4bb8-9673-d72113cc9b53,10,PROD009,150,Each
3d4e8a09-0ed1-4417-bdf7-553d5936b072-20,3d4e8a09-0ed1-4417-bdf7-553d5936b072,20,65143c28-f565-4bb8-9673-d72113cc9b53-20,65143c28-f565-4bb8-9673-d72113cc9b53,20,PROD007,430,Each
459fe3b9-efdc-4893-9397-6746032e5a55-10,459fe3b9-efdc-4893-9397-6746032e5a55,10,da9bc618-86d2-4098-bac4-ba124e7713d0-10,da9bc618-86d2-4098-bac4-ba124e7713d0,10,PROD009,170,Each
8e1a2d04-55cc-42a2-ae11-8da00eddbe1e-10,8e1a2d04-55cc-42a2-ae11-8da00eddbe1e,10,da9bc618-86d2-4098-bac4-ba124e7713d0-20,da9bc618-86d2-4098-bac4-ba124e7713d0,20,PROD003,250,Each
920a3431-6d8a-42f4-8aa7-fa527505b50b-10,920a3431-6d8a-42f4-8aa7-fa527505b50b,10,da010a29-1470-4039-ab99-90ee49e42dea-10,da010a29-1470-4039-ab99-90ee49e42dea,10,PROD001,260,Each
02d00902-8b28-4979-ac88-2a806efdf4c5-10,02d00902-8b28-4979-ac88-2a806efdf4c5,10,9487013c-ca6c-42c2-8c46-77c446267f77-10,9487013c-ca6c-42c2-8c46-77c446267f77,10,PROD006,80,Each
02d00902-8b28-4979-ac88-2a806efdf4c5-20,02d00902-8b28-4979-ac88-2a806efdf4c5,20,9487013c-ca6c-42c2-8c46-77c446267f77-20,9487013c-ca6c-42c2-8c46-77c446267f77,20,PROD003,120,Each
02d00902-8b28-4979-ac88-2a806efdf4c5-30,02d00902-8b28-4979-ac88-2a806efdf4c5,30,9487013c-ca6c-42c2-8c46-77c446267f77-30,9487013c-ca6c-42c2-8c46-77c446267f77,30,PROD004,350,Each
3909000d-8275-4227-90c9-802f3a9d2270-10,3909000d-8275-4227-90c9-802f3a9d2270,10,7042821b-663d-4e72-90d1-73c0cd1acabc-20,7042821b-663d-4e72-90d1-73c0cd1acabc,20,PROD003,120,Each
ff86edf4-6ca5-4452-a336-230db7d64c58-10,ff86edf4-6ca5-4452-a336-230db7d64c58,10,7042821b-663d-4e72-90d1-73c0cd1acabc-10,7042821b-663d-4e72-90d1-73c0cd1acabc,10,PROD007,70,Each
c5d5d153-0028-46ab-8a8b-21ceb59a2713-10,c5d5d153-0028-46ab-8a8b-21ceb59a2713,10,2cc3b10e-4209-45dc-9f67-148c10885f22-10,2cc3b10e-4209-45dc-9f67-148c10885f22,10,PROD001,320,Each
a8bf5ded-a16e-4cb8-a4bf-cd07f00b68d9-10,a8bf5ded-a16e-4cb8-a4bf-cd07f00b68d9,10,f798eafe-1e9b-41b7-9f1a-1a244e13874a-10,f798eafe-1e9b-41b7-9f1a-1a244e13874a,10,PROD007,290,Each
c52c1adf-da9a-477d-975f-e54daf6e070f-10,c52c1adf-da9a-477d-975f-e54daf6e070f,10,24a18bba-016e-4a78-b137-f643d579455e-20,24a18bba-016e-4a78-b137-f643d579455e,20,PROD002,190,Each
96121f07-b4cc-47e1-bb1c-338495b1ac45-10,96121f07-b4cc-47e1-bb1c-338495b1ac45,10,24a18bba-016e-4a78-b137-f643d579455e-10,24a18bba-016e-4a78-b137-f643d579455e,10,PROD007,460,Each
27c207df-16ca-4e09-bb54-e0f35fd80aa2-10,27c207df-16ca-4e09-bb54-e0f35fd80aa2,10,0259d812-f8a0-43d8-9e93-2442e3a12326-10,0259d812-f8a0-43d8-9e93-2442e3a12326,10,PROD001,430,Each
96a0ef2b-9edb-47fa-89b1-44bd4b42c1b6-10,96a0ef2b-9edb-47fa-89b1-44bd4b42c1b6,10,269a6395-f932-453c-8d42-b81e02cc3a9c-10,269a6395-f932-453c-8d42-b81e02cc3a9c,10,PROD005,370,Each
d94ac4e8-49a5-4ac7-90f0-d6e94ed53120-10,d94ac4e8-49a5-4ac7-90f0-d6e94ed53120,10,d57d51e4-8665-4891-852c-52e4cac556d8-10,d57d51e4-8665-4891-852c-52e4cac556d8,10,PROD002,480,Each
a72d0b76-1235-46a7-ac7c-6707ef16440a-10,a72d0b76-1235-46a7-ac7c-6707ef16440a,10,d57d51e4-8665-4891-852c-52e4cac556d8-20,d57d51e4-8665-4891-852c-52e4cac556d8,20,PROD009,470,Each
a72d0b76-1235-46a7-ac7c-6707ef16440a-20,a72d0b76-1235-46a7-ac7c-6707ef16440a,20,d57d51e4-8665-4891-852c-52e4cac556d8-30,d57d51e4-8665-4891-852c-52e4cac556d8,30,PROD001,370,Each
a7986242-961d-4844-ac01-13686b3ee1a8-10,a7986242-961d-4844-ac01-13686b3ee1a8,10,58335d3a-3005-4805-ae57-92ff47bccd60-10,58335d3a-3005-4805-ae57-92ff47bccd60,10,PROD008,50,Each
a7986242-961d-4844-ac01-13686b3ee1a8-20,a7986242-961d-4844-ac01-13686b3ee1a8,20,58335d3a-3005-4805-ae57-92ff47bccd60-20,58335d3a-3005-4805-ae57-92ff47bccd60,20,PROD002,460,Each
d4d34312-07f2-4c88-909f-36c743b3f473-10,d4d34312-07f2-4c88-909f-36c743b3f473,10,2ed7bd92-0d2a-4e58-8eea-3d2539b290b8-10,2ed7bd92-0d2a-4e58-8eea-3d2539b290b8,10,PROD002,370,Each
d4d34312-07f2-4c88-909f-36c743b3f473-20,d4d34312-07f2-4c88-909f-36c743b3f473,20,2ed7bd92-0d2a-4e58-8eea-3d2539b290b8-20,2ed7bd92-0d2a-4e58-8eea-3d2539b290b8,20,PROD006,480,Each
b24e6b62-a032-4b28-9c18-9adc6acdcd7f-10,b24e6b62-a032-4b28-9c18-9adc6acdcd7f,10,a684191c-c71e-43f1-a5d3-abf7a49e20f8-10,a684191c-c71e-43f1-a5d3-abf7a49e20f8,10,PROD006,230,Each
584209a9-472f-4e41-ba1a-48b50f5c54ef-10,584209a9-472f-4e41-ba1a-48b50f5c54ef,10,a684191c-c71e-43f1-a5d3-abf7a49e20f8-20,a684191c-c71e-43f1-a5d3-abf7a49e20f8,20,PROD007,460,Each
584209a9-472f-4e41-ba1a-48b50f5c54ef-20,584209a9-472f-4e41-ba1a-48b50f5c54ef,20,a684191c-c71e-43f1-a5d3-abf7a49e20f8-30,a684191c-c71e-43f1-a5d3-abf7a49e20f8,30,PROD008,210,Each
007b77b3-a736-4c9c-be09-3f86e57c623d-10,007b77b3-a736-4c9c-be09-3f86e57c623d,10,219baf0d-daaa-48d2-9589-e753c14ca9dc-10,219baf0d-daaa-48d2-9589-e753c14ca9dc,10,PROD008,450,Each
007b77b3-a736-4c9c-be09-3f86e57c623d-20,007b77b3-a736-4c9c-be09-3f86e57c623d,20,219baf0d-daaa-48d2-9589-e753c14ca9dc-20,219baf0d-daaa-48d2-9589-e753c14ca9dc,20,PROD006,90,Each
8d6a4699-d51e-4478-abb9-3e6d6b307ea4-10,8d6a4699-d51e-4478-abb9-3e6d6b307ea4,10,d527aad5-13a3-4400-b18c-608f3e279bc6-10,d527aad5-13a3-4400-b18c-608f3e279bc6,10,PROD004,150,Each
8d6a4699-d51e-4478-abb9-3e6d6b307ea4-20,8d6a4699-d51e-4478-abb9-3e6d6b307ea4,20,d527aad5-13a3-4400-b18c-608f3e279bc6-20,d527aad5-13a3-4400-b18c-608f3e279bc6,20,PROD003,130,Each
646bcc91-3319-4fbf-a51b-6a107cf86a65-10,646bcc91-3319-4fbf-a51b-6a107cf86a65,10,f42c4b5f-a492-4b54-826b-8cb3ff45a7f8-10,f42c4b5f-a492-4b54-826b-8cb3ff45a7f8,10,PROD006,360,Each
f84ac02a-e1cc-47e8-98d5-1d247e9e829c-10,f84ac02a-e1cc-47e8-98d5-1d247e9e829c,10,f42c4b5f-a492-4b54-826b-8cb3ff45a7f8-20,f42c4b5f-a492-4b54-826b-8cb3ff45a7f8,20,PROD003,120,Each
1f12cf5c-f38c-40c6-adac-f2030ef6b83b-10,1f12cf5c-f38c-40c6-adac-f2030ef6b83b,10,04ad6fc9-f72e-434e-b408-3531905eb06b-10,04ad6fc9-f72e-434e-b408-3531905eb06b,10,PROD006,500,Each
1f12cf5c-f38c-40c6-adac-f2030ef6b83b-20,1f12cf5c-f38c-40c6-adac-f2030ef6b83b,20,04ad6fc9-f72e-434e-b408-3531905eb06b-20,04ad6fc9-f72e-434e-b408-3531905eb06b,20,PROD003,380,Each
1f12cf5c-f38c-40c6-adac-f2030ef6b83b-30,1f12cf5c-f38c-40c6-adac-f2030ef6b83b,30,04ad6fc9-f72e-434e-b408-3531905eb06b-30,04ad6fc9-f72e-434e-b408-3531905eb06b,30,PROD009,380,Each
01b8e31f-f23b-49ae-88f9-4d3149010904-10,01b8e31f-f23b-49ae-88f9-4d3149010904,10,bf50a663-b28c-4384-8b81-1c795a11b5ff-10,bf50a663-b28c-4384-8b81-1c795a11b5ff,10,PROD001,380,Each
01b8e31f-f23b-49ae-88f9-4d3149010904-20,01b8e31f-f23b-49ae-88f9-4d3149010904,20,bf50a663-b28c-4384-8b81-1c795a11b5ff-20,bf50a663-b28c-4384-8b81-1c795a11b5ff,20,PROD006,180,Each
a9134be0-d6d4-4f22-8c24-79403003d821-10,a9134be0-d6d4-4f22-8c24-79403003d821,10,687c004c-cc15-47fb-b4c1-8796b4596166-10,687c004c-cc15-47fb-b4c1-8796b4596166,10,PROD003,310,Each
012f46b5-ce49-4b68-aa1b-40caa4723b50-10,012f46b5-ce49-4b68-aa1b-40caa4723b50,10,687c004c-cc15-47fb-b4c1-8796b4596166-20,687c004c-cc15-47fb-b4c1-8796b4596166,20,PROD002,190,Each
012f46b5-ce49-4b68-aa1b-40caa4723b50-20,012f46b5-ce49-4b68-aa1b-40caa4723b50,20,687c004c-cc15-47fb-b4c1-8796b4596166-30,687c004c-cc15-47fb-b4c1-8796b4596166,30,PROD005,400,Each
3a407d16-3717-4e4a-abb8-d89abb50b581-10,3a407d16-3717-4e4a-abb8-d89abb50b581,10,6666fae6-073b-4bd3-8340-5cffaf151046-10,6666fae6-073b-4bd3-8340-5cffaf151046,10,PROD006,230,Each
3a407d16-3717-4e4a-abb8-d89abb50b581-20,3a407d16-3717-4e4a-abb8-d89abb50b581,20,6666fae6-073b-4bd3-8340-5cffaf151046-20,6666fae6-073b-4bd3-8340-5cffaf151046,20,PROD007,240,Each
8f6d649b-5042-48c6-97cb-572fd822e583-10,8f6d649b-5042-48c6-97cb-572fd822e583,10,d7a71724-0d2a-4dc9-886e-198c8a7e327a-10,d7a71724-0d2a-4dc9-886e-198c8a7e327a,10,PROD009,300,Each
8f6d649b-5042-48c6-97cb-572fd822e583-20,8f6d649b-5042-48c6-97cb-572fd822e583,20,d7a71724-0d2a-4dc9-886e-198c8a7e327a-20,d7a71724-0d2a-4dc9-886e-198c8a7e327a,20,PROD005,180,Each
386c1735-17e0-4818-9bdd-58b644059b3a-10,386c1735-17e0-4818-9bdd-58b644059b3a,10,64c9be0f-857f-4173-8bbe-42a861486a13-30,64c9be0f-857f-4173-8bbe-42a861486a13,30,PROD006,70,Each
75c6d653-f2ab-4f2b-b2b0-71f7810f339f-10,75c6d653-f2ab-4f2b-b2b0-71f7810f339f,10,64c9be0f-857f-4173-8bbe-42a861486a13-10,64c9be0f-857f-4173-8bbe-42a861486a13,10,PROD009,480,Each
75c6d653-f2ab-4f2b-b2b0-71f7810f339f-20,75c6d653-f2ab-4f2b-b2b0-71f7810f339f,20,64c9be0f-857f-4173-8bbe-42a861486a13-20,64c9be0f-857f-4173-8bbe-42a861486a13,20,PROD003,190,Each
3a41f962-e045-4075-9c99-70cb6f08fd4a-10,3a41f962-e045-4075-9c99-70cb6f08fd4a,10,0b71b0f8-bab3-4ff5-841b-571042f558cb-10,0b71b0f8-bab3-4ff5-841b-571042f558cb,10,PROD004,100,Each
ddef4378-dfe3-4865-8600-f17e41c722ac-10,ddef4378-dfe3-4865-8600-f17e41c722ac,10,5190fb0a-4f1e-45bc-a153-e4596e81c613-10,5190fb0a-4f1e-45bc-a153-e4596e81c613,10,PROD006,290,Each
ddef4378-dfe3-4865-8600-f17e41c722ac-20,ddef4378-dfe3-4865-8600-f17e41c722ac,20,5190fb0a-4f1e-45bc-a153-e4596e81c613-20,5190fb0a-4f1e-45bc-a153-e4596e81c613,20,PROD007,240,Each
ddef4378-dfe3-4865-8600-f17e41c722ac-30,ddef4378-dfe3-4865-8600-f17e41c722ac,30,5190fb0a-4f1e-45bc-a153-e4596e81c613-30,5190fb0a-4f1e-45bc-a153-e4596e81c613,30,PROD008,120,Each
e6f76315-e7d3-4271-ab64-acefb4ad87b6-10,e6f76315-e7d3-4271-ab64-acefb4ad87b6,10,541c59a7-7a53-49f1-be9b-c56513182fe7-10,541c59a7-7a53-49f1-be9b-c56513182fe7,10,PROD001,300,Each
81e5437c-7628-4259-9b9f-361d8cb9b875-10,81e5437c-7628-4259-9b9f-361d8cb9b875,10,541c59a7-7a53-49f1-be9b-c56513182fe7-20,541c59a7-7a53-49f1-be9b-c56513182fe7,20,PROD003,220,Each
e4125851-70ed-4723-8a86-f710eea1f7f0-10,e4125851-70ed-4723-8a86-f710eea1f7f0,10,536a5ade-c45b-4354-b2c2-9050f79f8ff5-10,536a5ade-c45b-4354-b2c2-9050f79f8ff5,10,PROD003,180,Each
e4125851-70ed-4723-8a86-f710eea1f7f0-20,e4125851-70ed-4723-8a86-f710eea1f7f0,20,536a5ade-c45b-4354-b2c2-9050f79f8ff5-20,536a5ade-c45b-4354-b2c2-9050f79f8ff5,20,PROD008,330,Each
e4125851-70ed-4723-8a86-f710eea1f7f0-30,e4125851-70ed-4723-8a86-f710eea1f7f0,30,536a5ade-c45b-4354-b2c2-9050f79f8ff5-30,536a5ade-c45b-4354-b2c2-9050f79f8ff5,30,PROD005,150,Each
2b6d38ce-ae25-42db-9f93-3af49630b8e1-10,2b6d38ce-ae25-42db-9f93-3af49630b8e1,10,64550b22-d8f8-4771-9b28-6e3292bfd761-10,64550b22-d8f8-4771-9b28-6e3292bfd761,10,PROD009,170,Each
2b6d38ce-ae25-42db-9f93-3af49630b8e1-20,2b6d38ce-ae25-42db-9f93-3af49630b8e1,20,64550b22-d8f8-4771-9b28-6e3292bfd761-20,64550b22-d8f8-4771-9b28-6e3292bfd761,20,PROD008,410,Each
2b6d38ce-ae25-42db-9f93-3af49630b8e1-30,2b6d38ce-ae25-42db-9f93-3af49630b8e1,30,64550b22-d8f8-4771-9b28-6e3292bfd761-30,64550b22-d8f8-4771-9b28-6e3292bfd761,30,PROD006,430,Each
f0bf7e69-2478-46b9-ae6d-8a6320a74b5a-10,f0bf7e69-2478-46b9-ae6d-8a6320a74b5a,10,77bafe55-c10e-4f46-9f44-be2a34672fee-10,77bafe55-c10e-4f46-9f44-be2a34672fee,10,PROD006,86,Each
99bc0051-ddde-4bc6-a20f-713ce52761aa-10,99bc0051-ddde-4bc6-a20f-713ce52761aa,10,77bafe55-c10e-4f46-9f44-be2a34672fee-10,77bafe55-c10e-4f46-9f44-be2a34672fee,10,PROD006,94,Each
44873cba-72be-4b88-a411-2105a113cdfb-10,44873cba-72be-4b88-a411-2105a113cdfb,10,0fc1fe4e-adfa-4445-bb5e-51a022a0e30b-10,0fc1fe4e-adfa-4445-bb5e-51a022a0e30b,10,PROD003,470,Each
44873cba-72be-4b88-a411-2105a113cdfb-20,44873cba-72be-4b88-a411-2105a113cdfb,20,0fc1fe4e-adfa-4445-bb5e-51a022a0e30b-20,0fc1fe4e-adfa-4445-bb5e-51a022a0e30b,20,PROD002,260,Each
44873cba-72be-4b88-a411-2105a113cdfb-30,44873cba-72be-4b88-a411-2105a113cdfb,30,0fc1fe4e-adfa-4445-bb5e-51a022a0e30b-30,0fc1fe4e-adfa-4445-bb5e-51a022a0e30b,30,PROD008,440,Each
e8f49aa9-ddaf-464c-aab8-a6ef1f3093d2-10,e8f49aa9-ddaf-464c-aab8-a6ef1f3093d2,10,a3342d7e-aba6-4cc2-8f64-e92cbd886aca-10,a3342d7e-aba6-4cc2-8f64-e92cbd886aca,10,PROD007,140,Each
293aa7ff-46cd-42e6-b9ae-efa5faba8eb2-10,293aa7ff-46cd-42e6-b9ae-efa5faba8eb2,10,3450b16f-8770-4f63-a48f-097530b5ee3c-10,3450b16f-8770-4f63-a48f-097530b5ee3c,10,PROD004,288,Each
1026022d-961e-4cb5-91dc-47591b9dbad0-10,1026022d-961e-4cb5-91dc-47591b9dbad0,10,3450b16f-8770-4f63-a48f-097530b5ee3c-10,3450b16f-8770-4f63-a48f-097530b5ee3c,10,PROD004,112,Each
517634b0-7bfc-4a94-85b5-ecdd1654dce3-10,517634b0-7bfc-4a94-85b5-ecdd1654dce3,10,c94c3fa1-9fa7-4b3f-a37d-1f45986d6819-10,c94c3fa1-9fa7-4b3f-a37d-1f45986d6819,10,PROD004,150,Each
517634b0-7bfc-4a94-85b5-ecdd1654dce3-20,517634b0-7bfc-4a94-85b5-ecdd1654dce3,20,c94c3fa1-9fa7-4b3f-a37d-1f45986d6819-20,c94c3fa1-9fa7-4b3f-a37d-1f45986d6819,20,PROD003,320,Each
517634b0-7bfc-4a94-85b5-ecdd1654dce3-30,517634b0-7bfc-4a94-85b5-ecdd1654dce3,30,c94c3fa1-9fa7-4b3f-a37d-1f45986d6819-30,c94c3fa1-9fa7-4b3f-a37d-1f45986d6819,30,PROD006,400,Each
516c6dc4-c0da-432c-bbed-50a6ea260dae-10,516c6dc4-c0da-432c-bbed-50a6ea260dae,10,28833f5a-c1ed-49f2-ace6-c3485036a42d-10,28833f5a-c1ed-49f2-ace6-c3485036a42d,10,PROD006,250,Each
f3db44d5-3074-4fb9-81d4-97b92a52e28f-10,f3db44d5-3074-4fb9-81d4-97b92a52e28f,10,182f9bef-86b1-4dc5-9105-93954973e221-10,182f9bef-86b1-4dc5-9105-93954973e221,10,PROD001,24,Each
3c76306e-a654-43aa-ba5d-bd41c8936da1-10,3c76306e-a654-43aa-ba5d-bd41c8936da1,10,182f9bef-86b1-4dc5-9105-93954973e221-10,182f9bef-86b1-4dc5-9105-93954973e221,10,PROD001,86,Each
73cbf2cc-8af8-4d7b-8a6f-f0fae6146c39-10,73cbf2cc-8af8-4d7b-8a6f-f0fae6146c39,10,af8f1b4d-9427-4648-82aa-218a313ed2b3-10,af8f1b4d-9427-4648-82aa-218a313ed2b3,10,PROD006,220,Each
73cbf2cc-8af8-4d7b-8a6f-f0fae6146c39-20,73cbf2cc-8af8-4d7b-8a6f-f0fae6146c39,20,af8f1b4d-9427-4648-82aa-218a313ed2b3-20,af8f1b4d-9427-4648-82aa-218a313ed2b3,20,PROD009,200,Each
9c960cea-66aa-4d17-879e-6cd85dada436-10,9c960cea-66aa-4d17-879e-6cd85dada436,10,a5db2d24-6d3b-4d1b-9b3c-c37ace86efd5-10,a5db2d24-6d3b-4d1b-9b3c-c37ace86efd5,10,PROD007,360,Each
9c960cea-66aa-4d17-879e-6cd85dada436-20,9c960cea-66aa-4d17-879e-6cd85dada436,20,a5db2d24-6d3b-4d1b-9b3c-c37ace86efd5-20,a5db2d24-6d3b-4d1b-9b3c-c37ace86efd5,20,PROD006,290,Each
27d83f75-7396-4398-b3b8-3066bc1edfaf-10,27d83f75-7396-4398-b3b8-3066bc1edfaf,10,d0d85f42-fe26-4000-9986-00c50adf14e4-10,d0d85f42-fe26-4000-9986-00c50adf14e4,10,PROD007,107,Each
faf31471-8357-42e0-ac6a-c7a8f44d9952-10,faf31471-8357-42e0-ac6a-c7a8f44d9952,10,d0d85f42-fe26-4000-9986-00c50adf14e4-10,d0d85f42-fe26-4000-9986-00c50adf14e4,10,PROD007,183,Each
44b582f8-0e6f-4d2b-99cd-a50d8bee28b3-10,44b582f8-0e6f-4d2b-99cd-a50d8bee28b3,10,5fa10005-575d-473b-a178-50558b5e3ed4-10,5fa10005-575d-473b-a178-50558b5e3ed4,10,PROD001,440,Each
44b582f8-0e6f-4d2b-99cd-a50d8bee28b3-20,44b582f8-0e6f-4d2b-99cd-a50d8bee28b3,20,5fa10005-575d-473b-a178-50558b5e3ed4-20,5fa10005-575d-473b-a178-50558b5e3ed4,20,PROD009,330,Each
65ade85f-a9ba-42f3-89c4-581e1a2fe5de-10,65ade85f-a9ba-42f3-89c4-581e1a2fe5de,10,cf44d8c5-5c08-4328-818b-dacfdfdfc79f-10,cf44d8c5-5c08-4328-818b-dacfdfdfc79f,10,PROD005,140,Each
65ade85f-a9ba-42f3-89c4-581e1a2fe5de-20,65ade85f-a9ba-42f3-89c4-581e1a2fe5de,20,cf44d8c5-5c08-4328-818b-dacfdfdfc79f-20,cf44d8c5-5c08-4328-818b-dacfdfdfc79f,20,PROD001,210,Each
07e2a250-91c0-4af4-96ea-94e8fa0e6bf6-10,07e2a250-91c0-4af4-96ea-94e8fa0e6bf6,10,23f2985b-8cbd-40aa-be46-4116abc41f33-10,23f2985b-8cbd-40aa-be46-4116abc41f33,10,PROD008,320,Each
e03180c3-3004-462d-85e2-9a15a6beb724-10,e03180c3-3004-462d-85e2-9a15a6beb724,10,23f2985b-8cbd-40aa-be46-4116abc41f33-20,23f2985b-8cbd-40aa-be46-4116abc41f33,20,PROD001,460,Each
e03180c3-3004-462d-85e2-9a15a6beb724-20,e03180c3-3004-462d-85e2-9a15a6beb724,20,23f2985b-8cbd-40aa-be46-4116abc41f33-30,23f2985b-8cbd-40aa-be46-4116abc41f33,30,PROD002,110,Each
412dad8d-f63b-4986-84b4-ce39f9f19858-10,412dad8d-f63b-4986-84b4-ce39f9f19858,10,c11c3e48-ed6c-43f2-bdbd-db267308e1c5-10,c11c3e48-ed6c-43f2-bdbd-db267308e1c5,10,PROD009,260,Each
412dad8d-f63b-4986-84b4-ce39f9f19858-20,412dad8d-f63b-4986-84b4-ce39f9f19858,20,c11c3e48-ed6c-43f2-bdbd-db267308e1c5-20,c11c3e48-ed6c-43f2-bdbd-db267308e1c5,20,PROD001,400,Each
1171de93-11f3-4319-9f30-2ad6b210435e-10,1171de93-11f3-4319-9f30-2ad6b210435e,10,f8a5a14e-46a0-4166-bb37-56c39527c404-10,f8a5a14e-46a0-4166-bb37-56c39527c404,10,PROD005,260,Each
1171de93-11f3-4319-9f30-2ad6b210435e-20,1171de93-11f3-4319-9f30-2ad6b210435e,20,f8a5a14e-46a0-4166-bb37-56c39527c404-20,f8a5a14e-46a0-4166-bb37-56c39527c404,20,PROD008,250,Each
1171de93-11f3-4319-9f30-2ad6b210435e-30,1171de93-11f3-4319-9f30-2ad6b210435e,30,f8a5a14e-46a0-4166-bb37-56c39527c404-30,f8a5a14e-46a0-4166-bb37-56c39527c404,30,PROD001,100,Each
f6769f12-7d9b-4760-9d92-aa089a09b17a-10,f6769f12-7d9b-4760-9d92-aa089a09b17a,10,3953a756-993c-4b01-8d46-73599f67c776-10,3953a756-993c-4b01-8d46-73599f67c776,10,PROD006,390,Each
1644fdb8-a543-4e14-81d4-4f06f3c34c44-10,1644fdb8-a543-4e14-81d4-4f06f3c34c44,10,3953a756-993c-4b01-8d46-73599f67c776-20,3953a756-993c-4b01-8d46-73599f67c776,20,PROD002,70,Each
1644fdb8-a543-4e14-81d4-4f06f3c34c44-20,1644fdb8-a543-4e14-81d4-4f06f3c34c44,20,3953a756-993c-4b01-8d46-73599f67c776-30,3953a756-993c-4b01-8d46-73599f67c776,30,PROD005,360,Each
37416262-8604-4382-95b1-3d90fe744db9-10,37416262-8604-4382-95b1-3d90fe744db9,10,63f3f060-9e86-4c95-9a1e-fde9bb105486-10,63f3f060-9e86-4c95-9a1e-fde9bb105486,10,PROD002,250,Each
09e62ca2-e280-45f8-af3d-50d51a44c1db-10,09e62ca2-e280-45f8-af3d-50d51a44c1db,10,a33d0e89-fc43-4302-a855-548cc33b4aa9-10,a33d0e89-fc43-4302-a855-548cc33b4aa9,10,PROD005,240,Each
09e62ca2-e280-45f8-af3d-50d51a44c1db-20,09e62ca2-e280-45f8-af3d-50d51a44c1db,20,a33d0e89-fc43-4302-a855-548cc33b4aa9-20,a33d0e89-fc43-4302-a855-548cc33b4aa9,20,PROD002,420,Each
09e62ca2-e280-45f8-af3d-50d51a44c1db-30,09e62ca2-e280-45f8-af3d-50d51a44c1db,30,a33d0e89-fc43-4302-a855-548cc33b4aa9-30,a33d0e89-fc43-4302-a855-548cc33b4aa9,30,PROD007,360,Each
2e89510a-cdd4-4bab-bacd-5f18803cc960-10,2e89510a-cdd4-4bab-bacd-5f18803cc960,10,22e7793b-b749-4a33-881d-6ba2a7e108a2-10,22e7793b-b749-4a33-881d-6ba2a7e108a2,10,PROD009,156,Each
1d6fa342-9cc2-444f-b581-c37a55d5b3a4-10,1d6fa342-9cc2-444f-b581-c37a55d5b3a4,10,22e7793b-b749-4a33-881d-6ba2a7e108a2-10,22e7793b-b749-4a33-881d-6ba2a7e108a2,10,PROD009,304,Each
5c1b3eeb-4281-4947-8bef-160e7e62dcaa-10,5c1b3eeb-4281-4947-8bef-160e7e62dcaa,10,458e250f-b074-4ed8-87b3-32fc473ec3da-10,458e250f-b074-4ed8-87b3-32fc473ec3da,10,PROD003,360,Each
5c1b3eeb-4281-4947-8bef-160e7e62dcaa-20,5c1b3eeb-4281-4947-8bef-160e7e62dcaa,20,458e250f-b074-4ed8-87b3-32fc473ec3da-20,458e250f-b074-4ed8-87b3-32fc473ec3da,20,PROD004,360,Each
b4406a92-9763-473f-8a5f-1d4b968cba21-10,b4406a92-9763-473f-8a5f-1d4b968cba21,10,463a0a61-915b-4aba-b3b7-2ce7a0f96701-10,463a0a61-915b-4aba-b3b7-2ce7a0f96701,10,PROD007,50,Each
3d638aa6-68c2-423f-8446-d7564a362d70-10,3d638aa6-68c2-423f-8446-d7564a362d70,10,6db2b5c1-869e-4792-a04c-b90d51bccd22-10,6db2b5c1-869e-4792-a04c-b90d51bccd22,10,PROD007,279,Each
97fbe6fa-3b3a-4235-a09c-8da313ec3515-10,97fbe6fa-3b3a-4235-a09c-8da313ec3515,10,6db2b5c1-869e-4792-a04c-b90d51bccd22-10,6db2b5c1-869e-4792-a04c-b90d51bccd22,10,PROD007,171,Each
eac4e625-40b5-40c0-af86-2d6c69ba6ba2-10,eac4e625-40b5-40c0-af86-2d6c69ba6ba2,10,247e376a-c963-4ab6-b08c-45dc95bef304-10,247e376a-c963-4ab6-b08c-45dc95bef304,10,PROD002,160,Each
eac4e625-40b5-40c0-af86-2d6c69ba6ba2-20,eac4e625-40b5-40c0-af86-2d6c69ba6ba2,20,247e376a-c963-4ab6-b08c-45dc95bef304-20,247e376a-c963-4ab6-b08c-45dc95bef304,20,PROD008,230,Each
f244ea8f-aed2-453e-a732-3f775d4b6e01-10,f244ea8f-aed2-453e-a732-3f775d4b6e01,10,170e8af3-1489-430f-b637-2cdc7feed703-10,170e8af3-1489-430f-b637-2cdc7feed703,10,PROD001,140,Each
f244ea8f-aed2-453e-a732-3f775d4b6e01-20,f244ea8f-aed2-453e-a732-3f775d4b6e01,20,170e8af3-1489-430f-b637-2cdc7feed703-20,170e8af3-1489-430f-b637-2cdc7feed703,20,PROD007,440,Each
f244ea8f-aed2-453e-a732-3f775d4b6e01-30,f244ea8f-aed2-453e-a732-3f775d4b6e01,30,170e8af3-1489-430f-b637-2cdc7feed703-30,170e8af3-1489-430f-b637-2cdc7feed703,30,PROD005,410,Each
e3525964-47d8-480e-9154-243a01358a93-10,e3525964-47d8-480e-9154-243a01358a93,10,66ad47c9-aeec-47ca-a157-c428634fe37e-10,66ad47c9-aeec-47ca-a157-c428634fe37e,10,PROD006,38,Each
f792dedf-bb26-45d8-8b62-8dd9e46674d2-10,f792dedf-bb26-45d8-8b62-8dd9e46674d2,10,66ad47c9-aeec-47ca-a157-c428634fe37e-10,66ad47c9-aeec-47ca-a157-c428634fe37e,10,PROD006,42,Each
a676ee11-0264-4bfb-83e9-3bf5ec7b83c9-10,a676ee11-0264-4bfb-83e9-3bf5ec7b83c9,10,546583b9-f9da-47c5-8106-4adcc2cea38f-10,546583b9-f9da-47c5-8106-4adcc2cea38f,10,PROD007,180,Each
a676ee11-0264-4bfb-83e9-3bf5ec7b83c9-20,a676ee11-0264-4bfb-83e9-3bf5ec7b83c9,20,546583b9-f9da-47c5-8106-4adcc2cea38f-20,546583b9-f9da-47c5-8106-4adcc2cea38f,20,PROD004,180,Each
1a714aea-a383-4b85-be4b-55673a1d507f-10,1a714aea-a383-4b85-be4b-55673a1d507f,10,be8a0a36-a323-48f0-8178-1f002302abf0-10,be8a0a36-a323-48f0-8178-1f002302abf0,10,PROD005,390,Each
1a714aea-a383-4b85-be4b-55673a1d507f-20,1a714aea-a383-4b85-be4b-55673a1d507f,20,be8a0a36-a323-48f0-8178-1f002302abf0-20,be8a0a36-a323-48f0-8178-1f002302abf0,20,PROD003,270,Each
1a714aea-a383-4b85-be4b-55673a1d507f-30,1a714aea-a383-4b85-be4b-55673a1d507f,30,be8a0a36-a323-48f0-8178-1f002302abf0-30,be8a0a36-a323-48f0-8178-1f002302abf0,30,PROD004,470,Each
839768ed-572a-456b-91b7-b497310898d1-10,839768ed-572a-456b-91b7-b497310898d1,10,e032bc9c-7ed2-498e-babc-1b7fa2e729c2-10,e032bc9c-7ed2-498e-babc-1b7fa2e729c2,10,PROD001,38,Each
7140ac4b-2a7a-43f7-9392-f328fdcc947f-10,7140ac4b-2a7a-43f7-9392-f328fdcc947f,10,e032bc9c-7ed2-498e-babc-1b7fa2e729c2-10,e032bc9c-7ed2-498e-babc-1b7fa2e729c2,10,PROD001,22,Each
30f1ed01-a93c-45d1-83c0-096d4f744c79-10,30f1ed01-a93c-45d1-83c0-096d4f744c79,10,562a73a5-fd5f-4a9b-85b6-6744bcfe7364-10,562a73a5-fd5f-4a9b-85b6-6744bcfe7364,10,PROD006,250,Each
30f1ed01-a93c-45d1-83c0-096d4f744c79-20,30f1ed01-a93c-45d1-83c0-096d4f744c79,20,562a73a5-fd5f-4a9b-85b6-6744bcfe7364-20,562a73a5-fd5f-4a9b-85b6-6744bcfe7364,20,PROD009,270,Each
6351c65f-050a-4b1d-928c-50f6c4926b9d-10,6351c65f-050a-4b1d-928c-50f6c4926b9d,10,23d5c157-2a49-4d50-ac12-15b7d4305838-10,23d5c157-2a49-4d50-ac12-15b7d4305838,10,PROD005,290,Each
6351c65f-050a-4b1d-928c-50f6c4926b9d-20,6351c65f-050a-4b1d-928c-50f6c4926b9d,20,23d5c157-2a49-4d50-ac12-15b7d4305838-20,23d5c157-2a49-4d50-ac12-15b7d4305838,20,PROD002,300,Each
346a5d87-64b8-4c2c-b245-76170177c5d7-10,346a5d87-64b8-4c2c-b245-76170177c5d7,10,2bac6b0d-4c41-4eaf-8cc0-a3cf5b5b0ee1-30,2bac6b0d-4c41-4eaf-8cc0-a3cf5b5b0ee1,30,PROD009,160,Each
37d087b1-e00b-455f-b4ee-ea0be0831bf2-10,37d087b1-e00b-455f-b4ee-ea0be0831bf2,10,2bac6b0d-4c41-4eaf-8cc0-a3cf5b5b0ee1-10,2bac6b0d-4c41-4eaf-8cc0-a3cf5b5b0ee1,10,PROD005,360,Each
37d087b1-e00b-455f-b4ee-ea0be0831bf2-20,37d087b1-e00b-455f-b4ee-ea0be0831bf2,20,2bac6b0d-4c41-4eaf-8cc0-a3cf5b5b0ee1-20,2bac6b0d-4c41-4eaf-8cc0-a3cf5b5b0ee1,20,PROD006,230,Each
1f0d3d59-9692-450e-9c63-c64a5ef5dac3-10,1f0d3d59-9692-450e-9c63-c64a5ef5dac3,10,f21cab8b-f7e5-4b4d-b4ea-2d2a93e00aca-10,f21cab8b-f7e5-4b4d-b4ea-2d2a93e00aca,10,PROD001,350,Each
bbc8619b-6112-431b-954e-e51ca9198235-10,bbc8619b-6112-431b-954e-e51ca9198235,10,5132991b-a481-4de7-9f16-c64b804df4d7-10,5132991b-a481-4de7-9f16-c64b804df4d7,10,PROD002,440,Each
bbc8619b-6112-431b-954e-e51ca9198235-20,bbc8619b-6112-431b-954e-e51ca9198235,20,5132991b-a481-4de7-9f16-c64b804df4d7-20,5132991b-a481-4de7-9f16-c64b804df4d7,20,PROD003,340,Each
377d9e57-02d2-4b13-b78c-907028393022-10,377d9e57-02d2-4b13-b78c-907028393022,10,76768dbc-3c25-4918-97f8-bf0e3ee216b7-30,76768dbc-3c25-4918-97f8-bf0e3ee216b7,30,PROD005,170,Each
dd1779ef-fdb4-47a0-a9e1-7c14fe9f0947-10,dd1779ef-fdb4-47a0-a9e1-7c14fe9f0947,10,76768dbc-3c25-4918-97f8-bf0e3ee216b7-10,76768dbc-3c25-4918-97f8-bf0e3ee216b7,10,PROD009,300,Each
dd1779ef-fdb4-47a0-a9e1-7c14fe9f0947-20,dd1779ef-fdb4-47a0-a9e1-7c14fe9f0947,20,76768dbc-3c25-4918-97f8-bf0e3ee216b7-20,76768dbc-3c25-4918-97f8-bf0e3ee216b7,20,PROD006,100,Each
26b1f095-b361-41f8-8103-956c36fed738-10,26b1f095-b361-41f8-8103-956c36fed738,10,49455b06-d2f4-4cb4-938b-cefeed9e71e1-10,49455b06-d2f4-4cb4-938b-cefeed9e71e1,10,PROD006,410,Each
cfabb63f-30f1-4ad8-969b-1c831a35cd19-10,cfabb63f-30f1-4ad8-969b-1c831a35cd19,10,f43e3496-5db9-40a3-9740-e7426a7887a0-10,f43e3496-5db9-40a3-9740-e7426a7887a0,10,PROD002,140,Each
cfabb63f-30f1-4ad8-969b-1c831a35cd19-20,cfabb63f-30f1-4ad8-969b-1c831a35cd19,20,f43e3496-5db9-40a3-9740-e7426a7887a0-20,f43e3496-5db9-40a3-9740-e7426a7887a0,20,PROD005,260,Each
3902b21e-0a41-406e-a275-cb0bbf242a50-10,3902b21e-0a41-406e-a275-cb0bbf242a50,10,55a177aa-78f2-4f35-bb94-867f72907096-10,55a177aa-78f2-4f35-bb94-867f72907096,10,PROD002,77,Each
9f006ddf-608c-4485-9154-d88f7f1712c2-10,9f006ddf-608c-4485-9154-d88f7f1712c2,10,55a177aa-78f2-4f35-bb94-867f72907096-10,55a177aa-78f2-4f35-bb94-867f72907096,10,PROD002,143,Each
a34308f8-ac72-4b3d-8f7b-a2f631904c46-10,a34308f8-ac72-4b3d-8f7b-a2f631904c46,10,b0cee2e0-2e83-45ee-a090-f8ec52162e9a-10,b0cee2e0-2e83-45ee-a090-f8ec52162e9a,10,PROD001,210,Each
a34308f8-ac72-4b3d-8f7b-a2f631904c46-20,a34308f8-ac72-4b3d-8f7b-a2f631904c46,20,b0cee2e0-2e83-45ee-a090-f8ec52162e9a-20,b0cee2e0-2e83-45ee-a090-f8ec52162e9a,20,PROD008,220,Each
dedfb020-0024-4ca7-b084-0985d4d50539-10,dedfb020-0024-4ca7-b084-0985d4d50539,10,7b5bb7f5-bc72-4856-88cb-d3d5902a2d4c-10,7b5bb7f5-bc72-4856-88cb-d3d5902a2d4c,10,PROD003,390,Each
dedfb020-0024-4ca7-b084-0985d4d50539-20,dedfb020-0024-4ca7-b084-0985d4d50539,20,7b5bb7f5-bc72-4856-88cb-d3d5902a2d4c-20,7b5bb7f5-bc72-4856-88cb-d3d5902a2d4c,20,PROD007,60,Each
e2d75566-8cdd-4ee9-a01c-704af054417c-10,e2d75566-8cdd-4ee9-a01c-704af054417c,10,fc07791d-53e3-4a68-bf39-cdf8a6a887aa-10,fc07791d-53e3-4a68-bf39-cdf8a6a887aa,10,PROD002,241,Each
7e7ae3a9-3081-4767-bd9c-b147354706d9-10,7e7ae3a9-3081-4767-bd9c-b147354706d9,10,fc07791d-53e3-4a68-bf39-cdf8a6a887aa-10,fc07791d-53e3-4a68-bf39-cdf8a6a887aa,10,PROD002,119,Each
08979e6c-a1ee-4c9f-935f-2f9c338f9ab8-10,08979e6c-a1ee-4c9f-935f-2f9c338f9ab8,10,6ecdcc96-622d-472d-89a9-45d9b6d6f75a-10,6ecdcc96-622d-472d-89a9-45d9b6d6f75a,10,PROD006,190,Each
865720fa-d33a-4ad4-aa61-1eb859fec14b-10,865720fa-d33a-4ad4-aa61-1eb859fec14b,10,50a6b27f-973e-4ee7-8ece-0dfc9d566d34-10,50a6b27f-973e-4ee7-8ece-0dfc9d566d34,10,PROD008,70,Each
865720fa-d33a-4ad4-aa61-1eb859fec14b-20,865720fa-d33a-4ad4-aa61-1eb859fec14b,20,50a6b27f-973e-4ee7-8ece-0dfc9d566d34-20,50a6b27f-973e-4ee7-8ece-0dfc9d566d34,20,PROD002,130,Each
837c98e6-09aa-45d7-86d3-c050546b1a2c-10,837c98e6-09aa-45d7-86d3-c050546b1a2c,10,ecc7fccf-1cc2-4916-a0c6-6e4749f98287-10,ecc7fccf-1cc2-4916-a0c6-6e4749f98287,10,PROD002,112,Each
edc9632e-9f4a-4cda-8b19-1cead1f31e97-10,edc9632e-9f4a-4cda-8b19-1cead1f31e97,10,ecc7fccf-1cc2-4916-a0c6-6e4749f98287-10,ecc7fccf-1cc2-4916-a0c6-6e4749f98287,10,PROD002,78,Each
748a98cd-856d-4654-83d2-043f8bc81860-10,748a98cd-856d-4654-83d2-043f8bc81860,10,bc2a11b4-ed0a-4dbe-b9a1-d1a7ef7328a2-10,bc2a11b4-ed0a-4dbe-b9a1-d1a7ef7328a2,10,PROD007,370,Each
32c33f7b-b31f-49f1-a203-97c1ce633df3-10,32c33f7b-b31f-49f1-a203-97c1ce633df3,10,28cefe00-0026-48ab-a53e-be8e000b768c-10,28cefe00-0026-48ab-a53e-be8e000b768c,10,PROD007,460,Each
32c33f7b-b31f-49f1-a203-97c1ce633df3-20,32c33f7b-b31f-49f1-a203-97c1ce633df3,20,28cefe00-0026-48ab-a53e-be8e000b768c-20,28cefe00-0026-48ab-a53e-be8e000b768c,20,PROD005,160,Each
32c33f7b-b31f-49f1-a203-97c1ce633df3-30,32c33f7b-b31f-49f1-a203-97c1ce633df3,30,28cefe00-0026-48ab-a53e-be8e000b768c-30,28cefe00-0026-48ab-a53e-be8e000b768c,30,PROD002,190,Each
59302ab0-d75e-4f82-ae1b-a18391a190fe-10,59302ab0-d75e-4f82-ae1b-a18391a190fe,10,c6cdef90-3ff3-4212-8f4c-3f1d43ed3cc6-10,c6cdef90-3ff3-4212-8f4c-3f1d43ed3cc6,10,PROD004,490,Each
a6b79b19-78e1-4d34-a16a-c31d887241a9-10,a6b79b19-78e1-4d34-a16a-c31d887241a9,10,c6cdef90-3ff3-4212-8f4c-3f1d43ed3cc6-20,c6cdef90-3ff3-4212-8f4c-3f1d43ed3cc6,20,PROD009,120,Each
3fbb1160-c80d-43be-92ba-f4626dc688af-10,3fbb1160-c80d-43be-92ba-f4626dc688af,10,1df6e65f-ae0d-450c-9f2d-8d94b3577c16-10,1df6e65f-ae0d-450c-9f2d-8d94b3577c16,10,PROD007,190,Each
3fbb1160-c80d-43be-92ba-f4626dc688af-20,3fbb1160-c80d-43be-92ba-f4626dc688af,20,1df6e65f-ae0d-450c-9f2d-8d94b3577c16-20,1df6e65f-ae0d-450c-9f2d-8d94b3577c16,20,PROD008,330,Each
99c35294-d463-4ff1-bf70-1bcb070a4e55-10,99c35294-d463-4ff1-bf70-1bcb070a4e55,10,2e72704f-850c-4236-8552-36739210a1a9-10,2e72704f-850c-4236-8552-36739210a1a9,10,PROD007,90,Each
d527652e-ed5b-4ee2-ae91-3e3b3c5792e6-10,d527652e-ed5b-4ee2-ae91-3e3b3c5792e6,10,97310144-6b37-42ef-aa94-3c881b0cedf8-10,97310144-6b37-42ef-aa94-3c881b0cedf8,10,PROD001,100,Each
0cabc366-6eca-4209-b8b4-9625f3d9063c-10,0cabc366-6eca-4209-b8b4-9625f3d9063c,10,97310144-6b37-42ef-aa94-3c881b0cedf8-20,97310144-6b37-42ef-aa94-3c881b0cedf8,20,PROD002,370,Each
53d07db7-e790-4b06-b9cf-3aba341c5e85-10,53d07db7-e790-4b06-b9cf-3aba341c5e85,10,70ca9ee5-6ba7-46d4-a833-b570ed549e04-10,70ca9ee5-6ba7-46d4-a833-b570ed549e04,10,PROD006,150,Each
53d07db7-e790-4b06-b9cf-3aba341c5e85-20,53d07db7-e790-4b06-b9cf-3aba341c5e85,20,70ca9ee5-6ba7-46d4-a833-b570ed549e04-20,70ca9ee5-6ba7-46d4-a833-b570ed549e04,20,PROD003,440,Each
53d07db7-e790-4b06-b9cf-3aba341c5e85-30,53d07db7-e790-4b06-b9cf-3aba341c5e85,30,70ca9ee5-6ba7-46d4-a833-b570ed549e04-30,70ca9ee5-6ba7-46d4-a833-b570ed549e04,30,PROD002,210,Each
70bd053c-25ae-48d5-baf3-a8b1d577ce26-10,70bd053c-25ae-48d5-baf3-a8b1d577ce26,10,05e77095-ba3c-417d-affc-e694f7c71d92-10,05e77095-ba3c-417d-affc-e694f7c71d92,10,PROD006,110,Each
70bd053c-25ae-48d5-baf3-a8b1d577ce26-20,70bd053c-25ae-48d5-baf3-a8b1d577ce26,20,05e77095-ba3c-417d-affc-e694f7c71d92-20,05e77095-ba3c-417d-affc-e694f7c71d92,20,PROD008,310,Each
70bd053c-25ae-48d5-baf3-a8b1d577ce26-30,70bd053c-25ae-48d5-baf3-a8b1d577ce26,30,05e77095-ba3c-417d-affc-e694f7c71d92-30,05e77095-ba3c-417d-affc-e694f7c71d92,30,PROD002,410,Each
2cdebca9-e427-40b7-8933-98df78a3ebea-10,2cdebca9-e427-40b7-8933-98df78a3ebea,10,2dfb24b9-9902-4e47-89a7-850991fe7ba8-20,2dfb24b9-9902-4e47-89a7-850991fe7ba8,20,PROD002,310,Each
50938b60-ae1c-4adc-be92-9260355c53d8-10,50938b60-ae1c-4adc-be92-9260355c53d8,10,2dfb24b9-9902-4e47-89a7-850991fe7ba8-10,2dfb24b9-9902-4e47-89a7-850991fe7ba8,10,PROD003,260,Each
73ec22c7-95bf-435d-b9e2-4fe1850f38d0-10,73ec22c7-95bf-435d-b9e2-4fe1850f38d0,10,58818a70-3a80-4605-b720-a01b36f15a7d-10,58818a70-3a80-4605-b720-a01b36f15a7d,10,PROD007,120,Each
73ec22c7-95bf-435d-b9e2-4fe1850f38d0-20,73ec22c7-95bf-435d-b9e2-4fe1850f38d0,20,58818a70-3a80-4605-b720-a01b36f15a7d-20,58818a70-3a80-4605-b720-a01b36f15a7d,20,PROD001,250,Each
dd1cda84-6a4c-4558-a0f1-5cc62cd7531c-10,dd1cda84-6a4c-4558-a0f1-5cc62cd7531c,10,c00acbe4-2261-43a9-b72d-60c3fd88246f-10,c00acbe4-2261-43a9-b72d-60c3fd88246f,10,PROD008,490,Each
dd1cda84-6a4c-4558-a0f1-5cc62cd7531c-20,dd1cda84-6a4c-4558-a0f1-5cc62cd7531c,20,c00acbe4-2261-43a9-b72d-60c3fd88246f-20,c00acbe4-2261-43a9-b72d-60c3fd88246f,20,PROD002,410,Each
641c8401-25a3-451f-a3c5-4efe0e83301c-10,641c8401-25a3-451f-a3c5-4efe0e83301c,10,748b018b-9547-403a-9a85-1ff72c86935c-10,748b018b-9547-403a-9a85-1ff72c86935c,10,PROD006,118,Each
f451148d-c79c-4304-957d-88ed394507ad-10,f451148d-c79c-4304-957d-88ed394507ad,10,748b018b-9547-403a-9a85-1ff72c86935c-10,748b018b-9547-403a-9a85-1ff72c86935c,10,PROD006,352,Each
927d6089-b096-4e3d-a82c-f0f0e415c6e5-10,927d6089-b096-4e3d-a82c-f0f0e415c6e5,10,929f4110-1970-49c6-b6d5-d111d0aaa568-10,929f4110-1970-49c6-b6d5-d111d0aaa568,10,PROD004,140,Each
f19ec1be-6ca3-4698-a37c-b3701ae30b75-10,f19ec1be-6ca3-4698-a37c-b3701ae30b75,10,1f9d8223-c939-4b84-ac50-85fd7bee6e2c-10,1f9d8223-c939-4b84-ac50-85fd7bee6e2c,10,PROD005,250,Each
f19ec1be-6ca3-4698-a37c-b3701ae30b75-20,f19ec1be-6ca3-4698-a37c-b3701ae30b75,20,1f9d8223-c939-4b84-ac50-85fd7bee6e2c-20,1f9d8223-c939-4b84-ac50-85fd7bee6e2c,20,PROD009,310,Each
f19ec1be-6ca3-4698-a37c-b3701ae30b75-30,f19ec1be-6ca3-4698-a37c-b3701ae30b75,30,1f9d8223-c939-4b84-ac50-85fd7bee6e2c-30,1f9d8223-c939-4b84-ac50-85fd7bee6e2c,30,PROD001,100,Each
87f019a5-696a-432d-a474-276f7d7e77de-10,87f019a5-696a-432d-a474-276f7d7e77de,10,72e46715-c023-4ba4-956c-d3877dd76ddd-10,72e46715-c023-4ba4-956c-d3877dd76ddd,10,PROD005,126,Each
671fafea-d6f6-4209-9362-514d852ecb84-10,671fafea-d6f6-4209-9362-514d852ecb84,10,72e46715-c023-4ba4-956c-d3877dd76ddd-10,72e46715-c023-4ba4-956c-d3877dd76ddd,10,PROD005,74,Each
50204896-b739-407e-92db-e45e0ffdf532-10,50204896-b739-407e-92db-e45e0ffdf532,10,e32adbc9-42a9-452e-8b2a-da3e6c68a5b8-10,e32adbc9-42a9-452e-8b2a-da3e6c68a5b8,10,PROD006,120,Each
50204896-b739-407e-92db-e45e0ffdf532-20,50204896-b739-407e-92db-e45e0ffdf532,20,e32adbc9-42a9-452e-8b2a-da3e6c68a5b8-20,e32adbc9-42a9-452e-8b2a-da3e6c68a5b8,20,PROD008,320,Each
50204896-b739-407e-92db-e45e0ffdf532-30,50204896-b739-407e-92db-e45e0ffdf532,30,e32adbc9-42a9-452e-8b2a-da3e6c68a5b8-30,e32adbc9-42a9-452e-8b2a-da3e6c68a5b8,30,PROD007,490,Each
5bcee315-fba3-45a8-a2ed-b43ea3047020-10,5bcee315-fba3-45a8-a2ed-b43ea3047020,10,d37d8a80-202f-4458-81f1-218417f2bb3c-10,d37d8a80-202f-4458-81f1-218417f2bb3c,10,PROD009,420,Each
5bcee315-fba3-45a8-a2ed-b43ea3047020-20,5bcee315-fba3-45a8-a2ed-b43ea3047020,20,d37d8a80-202f-4458-81f1-218417f2bb3c-20,d37d8a80-202f-4458-81f1-218417f2bb3c,20,PROD003,100,Each
5bcee315-fba3-45a8-a2ed-b43ea3047020-30,5bcee315-fba3-45a8-a2ed-b43ea3047020,30,d37d8a80-202f-4458-81f1-218417f2bb3c-30,d37d8a80-202f-4458-81f1-218417f2bb3c,30,PROD006,480,Each
21208199-a320-4e0a-9c9d-d732863c7204-10,21208199-a320-4e0a-9c9d-d732863c7204,10,fbc94df7-874c-495e-a581-7a6051ee48cb-10,fbc94df7-874c-495e-a581-7a6051ee48cb,10,PROD003,60,Each
be08af12-fa47-4772-b87d-74ad39a31fab-10,be08af12-fa47-4772-b87d-74ad39a31fab,10,fbc94df7-874c-495e-a581-7a6051ee48cb-20,fbc94df7-874c-495e-a581-7a6051ee48cb,20,PROD009,460,Each
be4f90b3-2d45-4776-8cb1-348dea81e386-10,be4f90b3-2d45-4776-8cb1-348dea81e386,10,37a5d75c-d52f-49ce-a1df-570446ee6ffb-10,37a5d75c-d52f-49ce-a1df-570446ee6ffb,10,PROD009,280,Each
be4f90b3-2d45-4776-8cb1-348dea81e386-20,be4f90b3-2d45-4776-8cb1-348dea81e386,20,37a5d75c-d52f-49ce-a1df-570446ee6ffb-20,37a5d75c-d52f-49ce-a1df-570446ee6ffb,20,PROD001,260,Each
be4f90b3-2d45-4776-8cb1-348dea81e386-30,be4f90b3-2d45-4776-8cb1-348dea81e386,30,37a5d75c-d52f-49ce-a1df-570446ee6ffb-30,37a5d75c-d52f-49ce-a1df-570446ee6ffb,30,PROD005,300,Each
9ce83548-930d-4324-a393-3183cf9c4ea6-10,9ce83548-930d-4324-a393-3183cf9c4ea6,10,d59b9fc9-cad8-4475-92a0-46ae13ef6540-10,d59b9fc9-cad8-4475-92a0-46ae13ef6540,10,PROD003,50,Each
33e000c8-524f-4078-ab23-df3642f11615-10,33e000c8-524f-4078-ab23-df3642f11615,10,80c46cd8-1dde-4b8c-ac07-3f21f64a0644-10,80c46cd8-1dde-4b8c-ac07-3f21f64a0644,10,PROD005,88,Each
1e14e58c-c7bf-473e-b8c8-c70d9f9b9f29-10,1e14e58c-c7bf-473e-b8c8-c70d9f9b9f29,10,80c46cd8-1dde-4b8c-ac07-3f21f64a0644-10,80c46cd8-1dde-4b8c-ac07-3f21f64a0644,10,PROD005,82,Each
fde4cf4f-f3ae-4323-ac8f-00057daecaf7-10,fde4cf4f-f3ae-4323-ac8f-00057daecaf7,10,9e330894-323a-4def-911f-0f6a93434981-10,9e330894-323a-4def-911f-0f6a93434981,10,PROD006,140,Each
fde4cf4f-f3ae-4323-ac8f-00057daecaf7-20,fde4cf4f-f3ae-4323-ac8f-00057daecaf7,20,9e330894-323a-4def-911f-0f6a93434981-20,9e330894-323a-4def-911f-0f6a93434981,20,PROD007,330,Each
ec9049b4-7967-42aa-912e-fb80f450f93b-10,ec9049b4-7967-42aa-912e-fb80f450f93b,10,124d6a36-fdc7-4351-a9b4-e16cb55d4a95-10,124d6a36-fdc7-4351-a9b4-e16cb55d4a95,10,PROD005,480,Each
ec9049b4-7967-42aa-912e-fb80f450f93b-20,ec9049b4-7967-42aa-912e-fb80f450f93b,20,124d6a36-fdc7-4351-a9b4-e16cb55d4a95-20,124d6a36-fdc7-4351-a9b4-e16cb55d4a95,20,PROD003,130,Each
ec9049b4-7967-42aa-912e-fb80f450f93b-30,ec9049b4-7967-42aa-912e-fb80f450f93b,30,124d6a36-fdc7-4351-a9b4-e16cb55d4a95-30,124d6a36-fdc7-4351-a9b4-e16cb55d4a95,30,PROD004,320,Each
40f88855-6e1b-4e2e-a7d8-97e50530fcae-10,40f88855-6e1b-4e2e-a7d8-97e50530fcae,10,b5cd43bb-7120-4be1-988b-d624cf39785e-20,b5cd43bb-7120-4be1-988b-d624cf39785e,20,PROD003,50,Each
be9942d8-54cd-4793-91eb-8bef680fe66b-10,be9942d8-54cd-4793-91eb-8bef680fe66b,10,b5cd43bb-7120-4be1-988b-d624cf39785e-10,b5cd43bb-7120-4be1-988b-d624cf39785e,10,PROD005,380,Each
b1730d88-71c5-44ca-84ae-02ed8d51ca86-10,b1730d88-71c5-44ca-84ae-02ed8d51ca86,10,7aae4b43-9be7-44eb-a0e8-76184e2b0f3a-10,7aae4b43-9be7-44eb-a0e8-76184e2b0f3a,10,PROD004,340,Each
71aa7c69-f961-487a-892f-66e06cd9c73a-10,71aa7c69-f961-487a-892f-66e06cd9c73a,10,71749819-071d-4a11-9ecc-e48e2c53d157-10,71749819-071d-4a11-9ecc-e48e2c53d157,10,PROD003,440,Each
71aa7c69-f961-487a-892f-66e06cd9c73a-20,71aa7c69-f961-487a-892f-66e06cd9c73a,20,71749819-071d-4a11-9ecc-e48e2c53d157-20,71749819-071d-4a11-9ecc-e48e2c53d157,20,PROD009,470,Each
15bb6ed7-8d3a-4855-bdf8-9b0bb144f96d-10,15bb6ed7-8d3a-4855-bdf8-9b0bb144f96d,10,de45c5c6-dfed-4657-97ef-aefb981a6344-30,de45c5c6-dfed-4657-97ef-aefb981a6344,30,PROD005,350,Each
078934a9-f37d-4653-aef4-0dbcb7ce4293-10,078934a9-f37d-4653-aef4-0dbcb7ce4293,10,de45c5c6-dfed-4657-97ef-aefb981a6344-10,de45c5c6-dfed-4657-97ef-aefb981a6344,10,PROD006,80,Each
078934a9-f37d-4653-aef4-0dbcb7ce4293-20,078934a9-f37d-4653-aef4-0dbcb7ce4293,20,de45c5c6-dfed-4657-97ef-aefb981a6344-20,de45c5c6-dfed-4657-97ef-aefb981a6344,20,PROD004,110,Each
a5ac7d16-cd07-4d71-a1dc-be71aad90009-10,a5ac7d16-cd07-4d71-a1dc-be71aad90009,10,c42ea15e-11eb-475b-9be2-da7ed192eb66-10,c42ea15e-11eb-475b-9be2-da7ed192eb66,10,PROD004,420,Each
a5ac7d16-cd07-4d71-a1dc-be71aad90009-20,a5ac7d16-cd07-4d71-a1dc-be71aad90009,20,c42ea15e-11eb-475b-9be2-da7ed192eb66-20,c42ea15e-11eb-475b-9be2-da7ed192eb66,20,PROD006,190,Each
374e8afd-d820-4714-b3bc-ca1b22c0ac95-10,374e8afd-d820-4714-b3bc-ca1b22c0ac95,10,3ceab7d0-1f1a-427d-94dd-69b06d60383e-10,3ceab7d0-1f1a-427d-94dd-69b06d60383e,10,PROD007,440,Each
f10a86cd-7eda-4a80-a249-b2f54d37bfef-10,f10a86cd-7eda-4a80-a249-b2f54d37bfef,10,dfcf0971-9611-4056-9d37-cf6e2778739d-20,dfcf0971-9611-4056-9d37-cf6e2778739d,20,PROD001,500,Each
2f3750f9-a794-46de-8426-89c249f5973c-10,2f3750f9-a794-46de-8426-89c249f5973c,10,dfcf0971-9611-4056-9d37-cf6e2778739d-10,dfcf0971-9611-4056-9d37-cf6e2778739d,10,PROD006,300,Each
25869c4a-5387-48aa-a25f-b5a73dec18a4-10,25869c4a-5387-48aa-a25f-b5a73dec18a4,10,ef324530-6597-48ef-af90-de84c2bfc774-10,ef324530-6597-48ef-af90-de84c2bfc774,10,PROD007,200,Each
25869c4a-5387-48aa-a25f-b5a73dec18a4-20,25869c4a-5387-48aa-a25f-b5a73dec18a4,20,ef324530-6597-48ef-af90-de84c2bfc774-20,ef324530-6597-48ef-af90-de84c2bfc774,20,PROD004,460,Each
25869c4a-5387-48aa-a25f-b5a73dec18a4-30,25869c4a-5387-48aa-a25f-b5a73dec18a4,30,ef324530-6597-48ef-af90-de84c2bfc774-30,ef324530-6597-48ef-af90-de84c2bfc774,30,PROD003,150,Each
e0e52274-cdfb-460c-b51a-9511948cf92b-10,e0e52274-cdfb-460c-b51a-9511948cf92b,10,09fa2827-cf2f-4e5c-8be1-8de044a1df2a-10,09fa2827-cf2f-4e5c-8be1-8de044a1df2a,10,PROD008,450,Each
dbf4e098-7c6c-4fbd-bb6b-b05e4323077a-10,dbf4e098-7c6c-4fbd-bb6b-b05e4323077a,10,773d19d6-2f5e-4346-8558-d2637b174ae7-10,773d19d6-2f5e-4346-8558-d2637b174ae7,10,PROD002,330,Each
63337a89-1717-46b6-bb62-77a205898abf-10,63337a89-1717-46b6-bb62-77a205898abf,10,773d19d6-2f5e-4346-8558-d2637b174ae7-20,773d19d6-2f5e-4346-8558-d2637b174ae7,20,PROD008,420,Each
63337a89-1717-46b6-bb62-77a205898abf-20,63337a89-1717-46b6-bb62-77a205898abf,20,773d19d6-2f5e-4346-8558-d2637b174ae7-30,773d19d6-2f5e-4346-8558-d2637b174ae7,30,PROD009,120,Each
b09aa622-e2fb-4c32-9dfb-f8bb8d36b44e-10,b09aa622-e2fb-4c32-9dfb-f8bb8d36b44e,10,01f90ba4-f50d-4318-8eb5-cd08a88ee457-10,01f90ba4-f50d-4318-8eb5-cd08a88ee457,10,PROD001,210,Each
b09aa622-e2fb-4c32-9dfb-f8bb8d36b44e-20,b09aa622-e2fb-4c32-9dfb-f8bb8d36b44e,20,01f90ba4-f50d-4318-8eb5-cd08a88ee457-20,01f90ba4-f50d-4318-8eb5-cd08a88ee457,20,PROD006,360,Each
b09aa622-e2fb-4c32-9dfb-f8bb8d36b44e-30,b09aa622-e2fb-4c32-9dfb-f8bb8d36b44e,30,01f90ba4-f50d-4318-8eb5-cd08a88ee457-30,01f90ba4-f50d-4318-8eb5-cd08a88ee457,30,PROD005,120,Each
83e30c30-feef-43a3-a52c-633f9a288d34-10,83e30c30-feef-43a3-a52c-633f9a288d34,10,9571fbcb-a877-47f7-ab17-5d4b29fe5bc1-10,9571fbcb-a877-47f7-ab17-5d4b29fe5bc1,10,PROD002,170,Each
83e30c30-feef-43a3-a52c-633f9a288d34-20,83e30c30-feef-43a3-a52c-633f9a288d34,20,9571fbcb-a877-47f7-ab17-5d4b29fe5bc1-20,9571fbcb-a877-47f7-ab17-5d4b29fe5bc1,20,PROD008,370,Each
1a9b1f28-6773-42e7-afba-578309eef3b5-10,1a9b1f28-6773-42e7-afba-578309eef3b5,10,69cc1529-cb36-44c6-9bf2-15dadf7c9f07-10,69cc1529-cb36-44c6-9bf2-15dadf7c9f07,10,PROD002,64,Each
1863be8f-74db-4eb8-81d8-01acd2c04a27-10,1863be8f-74db-4eb8-81d8-01acd2c04a27,10,69cc1529-cb36-44c6-9bf2-15dadf7c9f07-10,69cc1529-cb36-44c6-9bf2-15dadf7c9f07,10,PROD002,16,Each
38685c09-5153-49e3-987c-f01b0deadf65-10,38685c09-5153-49e3-987c-f01b0deadf65,10,12b9d93a-1a84-4fe5-a2ed-b974a359a789-10,12b9d93a-1a84-4fe5-a2ed-b974a359a789,10,PROD002,230,Each
29037a2d-d8cc-4699-93b0-0d4ed226587c-10,29037a2d-d8cc-4699-93b0-0d4ed226587c,10,465d0fc3-4fd4-4725-896d-c5d4712ba255-10,465d0fc3-4fd4-4725-896d-c5d4712ba255,10,PROD007,200,Each
4b107284-6fc7-4df0-8299-e833320593c3-10,4b107284-6fc7-4df0-8299-e833320593c3,10,14d8840b-8807-4d49-b5ad-55840a7dce56-30,14d8840b-8807-4d49-b5ad-55840a7dce56,30,PROD005,370,Each
190c475e-1a8b-4757-bb96-165c85d258b7-10,190c475e-1a8b-4757-bb96-165c85d258b7,10,14d8840b-8807-4d49-b5ad-55840a7dce56-10,14d8840b-8807-4d49-b5ad-55840a7dce56,10,PROD006,60,Each
190c475e-1a8b-4757-bb96-165c85d258b7-20,190c475e-1a8b-4757-bb96-165c85d258b7,20,14d8840b-8807-4d49-b5ad-55840a7dce56-20,14d8840b-8807-4d49-b5ad-55840a7dce56,20,PROD009,80,Each
57f28ac2-46f5-4d1e-90d3-eb7f8361e745-10,57f28ac2-46f5-4d1e-90d3-eb7f8361e745,10,a66dc7c9-5205-4ca0-b8f8-a499ce470386-10,a66dc7c9-5205-4ca0-b8f8-a499ce470386,10,PROD001,280,Each
57f28ac2-46f5-4d1e-90d3-eb7f8361e745-20,57f28ac2-46f5-4d1e-90d3-eb7f8361e745,20,a66dc7c9-5205-4ca0-b8f8-a499ce470386-20,a66dc7c9-5205-4ca0-b8f8-a499ce470386,20,PROD006,440,Each
8ec6e068-083c-44ef-ada3-8581e6e24d3b-10,8ec6e068-083c-44ef-ada3-8581e6e24d3b,10,f25d6374-35ad-48f2-af5f-6ecd2a4536b2-10,f25d6374-35ad-48f2-af5f-6ecd2a4536b2,10,PROD001,430,Each
8ec6e068-083c-44ef-ada3-8581e6e24d3b-20,8ec6e068-083c-44ef-ada3-8581e6e24d3b,20,f25d6374-35ad-48f2-af5f-6ecd2a4536b2-20,f25d6374-35ad-48f2-af5f-6ecd2a4536b2,20,PROD007,300,Each
8ec6e068-083c-44ef-ada3-8581e6e24d3b-30,8ec6e068-083c-44ef-ada3-8581e6e24d3b,30,f25d6374-35ad-48f2-af5f-6ecd2a4536b2-30,f25d6374-35ad-48f2-af5f-6ecd2a4536b2,30,PROD009,250,Each
2b00e717-cb7f-49f5-bbd2-9812094313f1-10,2b00e717-cb7f-49f5-bbd2-9812094313f1,10,a0c12f0e-a2cc-47e8-9d01-d5a5443252a0-30,a0c12f0e-a2cc-47e8-9d01-d5a5443252a0,30,PROD004,440,Each
fc1fd32f-e4e4-481b-a991-37ab2d49dd6c-10,fc1fd32f-e4e4-481b-a991-37ab2d49dd6c,10,a0c12f0e-a2cc-47e8-9d01-d5a5443252a0-10,a0c12f0e-a2cc-47e8-9d01-d5a5443252a0,10,PROD009,270,Each
fc1fd32f-e4e4-481b-a991-37ab2d49dd6c-20,fc1fd32f-e4e4-481b-a991-37ab2d49dd6c,20,a0c12f0e-a2cc-47e8-9d01-d5a5443252a0-20,a0c12f0e-a2cc-47e8-9d01-d5a5443252a0,20,PROD001,470,Each
9af60954-bbeb-440a-9f75-55a76ab63102-10,9af60954-bbeb-440a-9f75-55a76ab63102,10,601fcdf9-afe2-444a-b29d-1b835bcfea13-10,601fcdf9-afe2-444a-b29d-1b835bcfea13,10,PROD007,130,Each
9af60954-bbeb-440a-9f75-55a76ab63102-20,9af60954-bbeb-440a-9f75-55a76ab63102,20,601fcdf9-afe2-444a-b29d-1b835bcfea13-20,601fcdf9-afe2-444a-b29d-1b835bcfea13,20,PROD003,280,Each
9af60954-bbeb-440a-9f75-55a76ab63102-30,9af60954-bbeb-440a-9f75-55a76ab63102,30,601fcdf9-afe2-444a-b29d-1b835bcfea13-30,601fcdf9-afe2-444a-b29d-1b835bcfea13,30,PROD001,310,Each
fda560d7-5b06-4c47-814b-51b2220a4cd3-10,fda560d7-5b06-4c47-814b-51b2220a4cd3,10,ca9ae3c3-1bd3-4d14-8091-d0e5d1d32f18-10,ca9ae3c3-1bd3-4d14-8091-d0e5d1d32f18,10,PROD007,90,Each
fda560d7-5b06-4c47-814b-51b2220a4cd3-20,fda560d7-5b06-4c47-814b-51b2220a4cd3,20,ca9ae3c3-1bd3-4d14-8091-d0e5d1d32f18-20,ca9ae3c3-1bd3-4d14-8091-d0e5d1d32f18,20,PROD001,130,Each
452c58f8-4cc8-4ecd-9d62-616c7701c15a-10,452c58f8-4cc8-4ecd-9d62-616c7701c15a,10,b1bc1c76-8b87-488d-801d-635158913f42-30,b1bc1c76-8b87-488d-801d-635158913f42,30,PROD004,360,Each
804524a4-1b6c-41d4-b7a2-8e736d3aba28-10,804524a4-1b6c-41d4-b7a2-8e736d3aba28,10,b1bc1c76-8b87-488d-801d-635158913f42-10,b1bc1c76-8b87-488d-801d-635158913f42,10,PROD005,470,Each
804524a4-1b6c-41d4-b7a2-8e736d3aba28-20,804524a4-1b6c-41d4-b7a2-8e736d3aba28,20,b1bc1c76-8b87-488d-801d-635158913f42-20,b1bc1c76-8b87-488d-801d-635158913f42,20,PROD008,70,Each
896afe66-420f-4bd7-a700-a21ae98a6a26-10,896afe66-420f-4bd7-a700-a21ae98a6a26,10,892570c7-dde8-462e-90f4-28f0bdf7f9a3-10,892570c7-dde8-462e-90f4-28f0bdf7f9a3,10,PROD007,400,Each
896afe66-420f-4bd7-a700-a21ae98a6a26-20,896afe66-420f-4bd7-a700-a21ae98a6a26,20,892570c7-dde8-462e-90f4-28f0bdf7f9a3-20,892570c7-dde8-462e-90f4-28f0bdf7f9a3,20,PROD008,110,Each
945f3fd8-c5ac-40e5-b9a5-df9c53c60245-10,945f3fd8-c5ac-40e5-b9a5-df9c53c60245,10,67f8212d-336e-4642-9578-a9467b89f79a-10,67f8212d-336e-4642-9578-a9467b89f79a,10,PROD005,380,Each
945f3fd8-c5ac-40e5-b9a5-df9c53c60245-20,945f3fd8-c5ac-40e5-b9a5-df9c53c60245,20,67f8212d-336e-4642-9578-a9467b89f79a-20,67f8212d-336e-4642-9578-a9467b89f79a,20,PROD006,180,Each
cbef0c1b-a0ca-4c5d-b94b-be252d4367e1-10,cbef0c1b-a0ca-4c5d-b94b-be252d4367e1,10,e366639e-12eb-499e-9b12-f3158dd05529-10,e366639e-12eb-499e-9b12-f3158dd05529,10,PROD009,69,Each
4ec117c2-59b3-436d-8d67-c0951a6e2ea9-10,4ec117c2-59b3-436d-8d67-c0951a6e2ea9,10,e366639e-12eb-499e-9b12-f3158dd05529-10,e366639e-12eb-499e-9b12-f3158dd05529,10,PROD009,81,Each
87f0a4dc-d76e-4040-bff9-ab7907314a01-10,87f0a4dc-d76e-4040-bff9-ab7907314a01,10,a6cf7487-852c-4fdd-9b73-7205bef1774d-10,a6cf7487-852c-4fdd-9b73-7205bef1774d,10,PROD008,300,Each
87f0a4dc-d76e-4040-bff9-ab7907314a01-20,87f0a4dc-d76e-4040-bff9-ab7907314a01,20,a6cf7487-852c-4fdd-9b73-7205bef1774d-20,a6cf7487-852c-4fdd-9b73-7205bef1774d,20,PROD003,450,Each
87f0a4dc-d76e-4040-bff9-ab7907314a01-30,87f0a4dc-d76e-4040-bff9-ab7907314a01,30,a6cf7487-852c-4fdd-9b73-7205bef1774d-30,a6cf7487-852c-4fdd-9b73-7205bef1774d,30,PROD005,500,Each
b580e60a-ec93-4503-8191-38e4add7adac-10,b580e60a-ec93-4503-8191-38e4add7adac,10,64466059-35ae-4f6d-b799-7d38e0b2894f-10,64466059-35ae-4f6d-b799-7d38e0b2894f,10,PROD004,220,Each
b580e60a-ec93-4503-8191-38e4add7adac-20,b580e60a-ec93-4503-8191-38e4add7adac,20,64466059-35ae-4f6d-b799-7d38e0b2894f-20,64466059-35ae-4f6d-b799-7d38e0b2894f,20,PROD009,210,Each
b580e60a-ec93-4503-8191-38e4add7adac-30,b580e60a-ec93-4503-8191-38e4add7adac,30,64466059-35ae-4f6d-b799-7d38e0b2894f-30,64466059-35ae-4f6d-b799-7d38e0b2894f,30,PROD007,390,Each
37f4d152-13ea-4874-8f92-dccf7558fe6c-10,37f4d152-13ea-4874-8f92-dccf7558fe6c,10,c59077de-3d1c-444e-bca3-65c6ec4a02b4-10,c59077de-3d1c-444e-bca3-65c6ec4a02b4,10,PROD007,224,Each
b1cdb772-6acf-4249-bbeb-7057d0f6d53b-10,b1cdb772-6acf-4249-bbeb-7057d0f6d53b,10,c59077de-3d1c-444e-bca3-65c6ec4a02b4-10,c59077de-3d1c-444e-bca3-65c6ec4a02b4,10,PROD007,96,Each
62a1a02b-e805-422e-b06c-8efd19166734-10,62a1a02b-e805-422e-b06c-8efd19166734,10,e21de3b9-cfea-4cdd-93e3-7d4193362e1f-10,e21de3b9-cfea-4cdd-93e3-7d4193362e1f,10,PROD005,500,Each
62a1a02b-e805-422e-b06c-8efd19166734-20,62a1a02b-e805-422e-b06c-8efd19166734,20,e21de3b9-cfea-4cdd-93e3-7d4193362e1f-20,e21de3b9-cfea-4cdd-93e3-7d4193362e1f,20,PROD009,340,Each
62a1a02b-e805-422e-b06c-8efd19166734-30,62a1a02b-e805-422e-b06c-8efd19166734,30,e21de3b9-cfea-4cdd-93e3-7d4193362e1f-30,e21de3b9-cfea-4cdd-93e3-7d4193362e1f,30,PROD001,240,Each
62b8780b-3821-4b30-99a0-a543f0f31722-10,62b8780b-3821-4b30-99a0-a543f0f31722,10,58d5d441-df66-4509-9c6b-86ddc287bb07-10,58d5d441-df66-4509-9c6b-86ddc287bb07,10,PROD006,410,Each
62b8780b-3821-4b30-99a0-a543f0f31722-20,62b8780b-3821-4b30-99a0-a543f0f31722,20,58d5d441-df66-4509-9c6b-86ddc287bb07-20,58d5d441-df66-4509-9c6b-86ddc287bb07,20,PROD008,150,Each
7d13289d-6165-40fb-bbcc-bd9c9b21252e-10,7d13289d-6165-40fb-bbcc-bd9c9b21252e,10,2b08606f-a2e8-41db-b4df-e075a1ac68be-20,2b08606f-a2e8-41db-b4df-e075a1ac68be,20,PROD002,320,Each
6f16c415-8b44-4d2c-a935-84d294b46ee5-10,6f16c415-8b44-4d2c-a935-84d294b46ee5,10,2b08606f-a2e8-41db-b4df-e075a1ac68be-10,2b08606f-a2e8-41db-b4df-e075a1ac68be,10,PROD004,150,Each
6f16c415-8b44-4d2c-a935-84d294b46ee5-20,6f16c415-8b44-4d2c-a935-84d294b46ee5,20,2b08606f-a2e8-41db-b4df-e075a1ac68be-30,2b08606f-a2e8-41db-b4df-e075a1ac68be,30,PROD008,390,Each
a51396ce-5e49-4deb-a1ea-9645c8c2466e-10,a51396ce-5e49-4deb-a1ea-9645c8c2466e,10,8789eaa8-7301-4240-8472-fee27b5fa615-10,8789eaa8-7301-4240-8472-fee27b5fa615,10,PROD004,390,Each
a51396ce-5e49-4deb-a1ea-9645c8c2466e-20,a51396ce-5e49-4deb-a1ea-9645c8c2466e,20,8789eaa8-7301-4240-8472-fee27b5fa615-20,8789eaa8-7301-4240-8472-fee27b5fa615,20,PROD006,150,Each
e6ba607d-1b4a-4487-81cf-1b5e8b29e12e-10,e6ba607d-1b4a-4487-81cf-1b5e8b29e12e,10,51ea49e5-1327-4fbf-9546-434ca7b181ce-10,51ea49e5-1327-4fbf-9546-434ca7b181ce,10,PROD001,170,Each
042fc757-a3a4-4ebf-8627-be36bc0d598b-10,042fc757-a3a4-4ebf-8627-be36bc0d598b,10,d80c7ba3-91b2-4f20-9ef0-9924a7da9c54-10,d80c7ba3-91b2-4f20-9ef0-9924a7da9c54,10,PROD008,195,Each
09b7eb7d-a4c1-4058-986c-80819f5dc96a-10,09b7eb7d-a4c1-4058-986c-80819f5dc96a,10,d80c7ba3-91b2-4f20-9ef0-9924a7da9c54-10,d80c7ba3-91b2-4f20-9ef0-9924a7da9c54,10,PROD008,65,Each
7438552f-5e1f-42bd-8acc-07cc34b3457b-10,7438552f-5e1f-42bd-8acc-07cc34b3457b,10,b7a78dd2-cff1-4648-ad4e-de96dd87a7ee-10,b7a78dd2-cff1-4648-ad4e-de96dd87a7ee,10,PROD003,280,Each
7438552f-5e1f-42bd-8acc-07cc34b3457b-20,7438552f-5e1f-42bd-8acc-07cc34b3457b,20,b7a78dd2-cff1-4648-ad4e-de96dd87a7ee-20,b7a78dd2-cff1-4648-ad4e-de96dd87a7ee,20,PROD007,210,Each
906af5db-dce1-4dad-94e0-cd4567c627cd-10,906af5db-dce1-4dad-94e0-cd4567c627cd,10,f8a65344-a08f-4241-b2e3-d086d2af1c33-10,f8a65344-a08f-4241-b2e3-d086d2af1c33,10,PROD006,200,Each
82eb49ee-a3e7-4354-9b08-c24bc41d281c-10,82eb49ee-a3e7-4354-9b08-c24bc41d281c,10,f5d4134b-71a4-4c3a-a96d-40a4ae24d56d-10,f5d4134b-71a4-4c3a-a96d-40a4ae24d56d,10,PROD008,139,Each
d71aed08-4d6b-4efc-b3ff-ff14443c5b97-10,d71aed08-4d6b-4efc-b3ff-ff14443c5b97,10,f5d4134b-71a4-4c3a-a96d-40a4ae24d56d-10,f5d4134b-71a4-4c3a-a96d-40a4ae24d56d,10,PROD008,341,Each
445698e6-9864-4d0f-b36e-fbd2b254f866-10,445698e6-9864-4d0f-b36e-fbd2b254f866,10,4efccecb-840b-43d9-a1c3-7c4f6267cb25-10,4efccecb-840b-43d9-a1c3-7c4f6267cb25,10,PROD007,350,Each
445698e6-9864-4d0f-b36e-fbd2b254f866-20,445698e6-9864-4d0f-b36e-fbd2b254f866,20,4efccecb-840b-43d9-a1c3-7c4f6267cb25-20,4efccecb-840b-43d9-a1c3-7c4f6267cb25,20,PROD004,60,Each
445698e6-9864-4d0f-b36e-fbd2b254f866-30,445698e6-9864-4d0f-b36e-fbd2b254f866,30,4efccecb-840b-43d9-a1c3-7c4f6267cb25-30,4efccecb-840b-43d9-a1c3-7c4f6267cb25,30,PROD009,270,Each
64b22ea6-2c01-4836-a629-30d5745806e1-10,64b22ea6-2c01-4836-a629-30d5745806e1,10,91c5fff6-77d3-470e-8206-5311a20cdb3f-10,91c5fff6-77d3-470e-8206-5311a20cdb3f,10,PROD004,240,Each
ea7d4b85-2580-47f5-a41e-f6739fe23506-10,ea7d4b85-2580-47f5-a41e-f6739fe23506,10,5c42cf54-5dcd-4a4a-bdb1-5782c179e668-10,5c42cf54-5dcd-4a4a-bdb1-5782c179e668,10,PROD003,220,Each
ff03417c-5d43-457b-a1a6-ee6300cee772-10,ff03417c-5d43-457b-a1a6-ee6300cee772,10,5c42cf54-5dcd-4a4a-bdb1-5782c179e668-20,5c42cf54-5dcd-4a4a-bdb1-5782c179e668,20,PROD008,430,Each
ff03417c-5d43-457b-a1a6-ee6300cee772-20,ff03417c-5d43-457b-a1a6-ee6300cee772,20,5c42cf54-5dcd-4a4a-bdb1-5782c179e668-30,5c42cf54-5dcd-4a4a-bdb1-5782c179e668,30,PROD001,400,Each
30bdcdb3-c98b-4638-80e6-c10ce57c167f-10,30bdcdb3-c98b-4638-80e6-c10ce57c167f,10,688e89d6-4d14-40f2-898f-833b91964f6c-10,688e89d6-4d14-40f2-898f-833b91964f6c,10,PROD003,190,Each
30bdcdb3-c98b-4638-80e6-c10ce57c167f-20,30bdcdb3-c98b-4638-80e6-c10ce57c167f,20,688e89d6-4d14-40f2-898f-833b91964f6c-20,688e89d6-4d14-40f2-898f-833b91964f6c,20,PROD005,260,Each
ead121af-c9c5-4828-8653-c320f9a68923-10,ead121af-c9c5-4828-8653-c320f9a68923,10,c69cce16-776f-4a31-9279-d462b93cf397-10,c69cce16-776f-4a31-9279-d462b93cf397,10,PROD004,370,Each
7b4e16a4-ede0-4bc9-bedd-d5a4a985270f-10,7b4e16a4-ede0-4bc9-bedd-d5a4a985270f,10,2901bc11-9600-43da-a6a5-c4f9664afa44-20,2901bc11-9600-43da-a6a5-c4f9664afa44,20,PROD003,200,Each
3e33ae6e-70a3-43c6-9333-a2e55928bcb7-10,3e33ae6e-70a3-43c6-9333-a2e55928bcb7,10,2901bc11-9600-43da-a6a5-c4f9664afa44-10,2901bc11-9600-43da-a6a5-c4f9664afa44,10,PROD006,410,Each
7df3ce5a-6b75-4447-aa8d-eb3a822f8c78-10,7df3ce5a-6b75-4447-aa8d-eb3a822f8c78,10,71620b98-9df1-4ec7-aa9c-1203af0482f4-10,71620b98-9df1-4ec7-aa9c-1203af0482f4,10,PROD008,270,Each
7df3ce5a-6b75-4447-aa8d-eb3a822f8c78-20,7df3ce5a-6b75-4447-aa8d-eb3a822f8c78,20,71620b98-9df1-4ec7-aa9c-1203af0482f4-20,71620b98-9df1-4ec7-aa9c-1203af0482f4,20,PROD003,420,Each
7df3ce5a-6b75-4447-aa8d-eb3a822f8c78-30,7df3ce5a-6b75-4447-aa8d-eb3a822f8c78,30,71620b98-9df1-4ec7-aa9c-1203af0482f4-30,71620b98-9df1-4ec7-aa9c-1203af0482f4,30,PROD004,80,Each
21f07213-0702-49df-895d-143403bc2bbd-10,21f07213-0702-49df-895d-143403bc2bbd,10,123affd1-016c-4f7b-a31f-167c3bf0f591-10,123affd1-016c-4f7b-a31f-167c3bf0f591,10,PROD003,370,Each
6860ef0b-50a7-4d8a-b5da-f5cf1d76347c-10,6860ef0b-50a7-4d8a-b5da-f5cf1d76347c,10,e9c9e313-1fba-4343-a07f-28ee5a652d0f-10,e9c9e313-1fba-4343-a07f-28ee5a652d0f,10,PROD002,100,Each
c3cd21e3-7dea-4212-80b7-c0f0ca5f6ef1-10,c3cd21e3-7dea-4212-80b7-c0f0ca5f6ef1,10,e9c9e313-1fba-4343-a07f-28ee5a652d0f-10,e9c9e313-1fba-4343-a07f-28ee5a652d0f,10,PROD002,50,Each
f1654c71-1234-4d72-98bb-dc94c8d73084-10,f1654c71-1234-4d72-98bb-dc94c8d73084,10,61f058f0-c0a3-447d-ad17-3d1380818164-10,61f058f0-c0a3-447d-ad17-3d1380818164,10,PROD004,450,Each
f1654c71-1234-4d72-98bb-dc94c8d73084-20,f1654c71-1234-4d72-98bb-dc94c8d73084,20,61f058f0-c0a3-447d-ad17-3d1380818164-20,61f058f0-c0a3-447d-ad17-3d1380818164,20,PROD003,140,Each
f1654c71-1234-4d72-98bb-dc94c8d73084-30,f1654c71-1234-4d72-98bb-dc94c8d73084,30,61f058f0-c0a3-447d-ad17-3d1380818164-30,61f058f0-c0a3-447d-ad17-3d1380818164,30,PROD008,80,Each
adf7d2b9-362c-4e9c-be2f-5f1bfc5d1cde-10,adf7d2b9-362c-4e9c-be2f-5f1bfc5d1cde,10,78460a6d-a89b-41e4-b078-36909e154f95-10,78460a6d-a89b-41e4-b078-36909e154f95,10,PROD009,380,Each
87a13ba3-0f5f-4460-b7d2-851050c23ac6-10,87a13ba3-0f5f-4460-b7d2-851050c23ac6,10,2d7fe7ed-00fc-46bf-953f-eeddb45bc568-20,2d7fe7ed-00fc-46bf-953f-eeddb45bc568,20,PROD004,490,Each
e1d91b10-fb1d-48dd-91c8-c769155b887a-10,e1d91b10-fb1d-48dd-91c8-c769155b887a,10,2d7fe7ed-00fc-46bf-953f-eeddb45bc568-10,2d7fe7ed-00fc-46bf-953f-eeddb45bc568,10,PROD006,360,Each
504c5721-4dba-41fd-a5f4-4c6685ec0969-10,504c5721-4dba-41fd-a5f4-4c6685ec0969,10,5742cb00-d45a-44a5-a8d7-77592310bd7d-10,5742cb00-d45a-44a5-a8d7-77592310bd7d,10,PROD002,50,Each
504c5721-4dba-41fd-a5f4-4c6685ec0969-20,504c5721-4dba-41fd-a5f4-4c6685ec0969,20,5742cb00-d45a-44a5-a8d7-77592310bd7d-20,5742cb00-d45a-44a5-a8d7-77592310bd7d,20,PROD003,390,Each
504c5721-4dba-41fd-a5f4-4c6685ec0969-30,504c5721-4dba-41fd-a5f4-4c6685ec0969,30,5742cb00-d45a-44a5-a8d7-77592310bd7d-30,5742cb00-d45a-44a5-a8d7-77592310bd7d,30,PROD005,120,Each
ddf59fae-da6f-472a-9c16-2278fedb6541-10,ddf59fae-da6f-472a-9c16-2278fedb6541,10,b04d8ec2-f837-41bd-ab40-e93d88e2d9d4-10,b04d8ec2-f837-41bd-ab40-e93d88e2d9d4,10,PROD003,110,Each
9dc304fa-faa6-47c7-a293-12a3eab8deb1-10,9dc304fa-faa6-47c7-a293-12a3eab8deb1,10,8cb33f32-65bd-4070-89fc-2455caaa8a80-20,8cb33f32-65bd-4070-89fc-2455caaa8a80,20,PROD002,50,Each
3b5dc0f2-af0d-4558-81d1-e14738adc585-10,3b5dc0f2-af0d-4558-81d1-e14738adc585,10,8cb33f32-65bd-4070-89fc-2455caaa8a80-10,8cb33f32-65bd-4070-89fc-2455caaa8a80,10,PROD009,310,Each
c446a3a1-a747-4217-a9cd-ad0e39795c17-10,c446a3a1-a747-4217-a9cd-ad0e39795c17,10,fbb94099-fbdd-4882-89db-fe539c29014a-10,fbb94099-fbdd-4882-89db-fe539c29014a,10,PROD001,230,Each
69d094a7-fce0-464d-b437-a61ecb791f0c-10,69d094a7-fce0-464d-b437-a61ecb791f0c,10,d9c3f83c-dbcc-42b0-b80b-409bbee49e43-10,d9c3f83c-dbcc-42b0-b80b-409bbee49e43,10,PROD006,230,Each
69d094a7-fce0-464d-b437-a61ecb791f0c-20,69d094a7-fce0-464d-b437-a61ecb791f0c,20,d9c3f83c-dbcc-42b0-b80b-409bbee49e43-20,d9c3f83c-dbcc-42b0-b80b-409bbee49e43,20,PROD001,140,Each
7b7c8866-cc39-4476-a07a-bba56ca6fbad-10,7b7c8866-cc39-4476-a07a-bba56ca6fbad,10,f5cc1743-ec83-4fb3-a12e-eb563d9156c3-20,f5cc1743-ec83-4fb3-a12e-eb563d9156c3,20,PROD001,290,Each
f564b0b1-e1a8-4776-b71b-e8fa58f90a16-10,f564b0b1-e1a8-4776-b71b-e8fa58f90a16,10,f5cc1743-ec83-4fb3-a12e-eb563d9156c3-10,f5cc1743-ec83-4fb3-a12e-eb563d9156c3,10,PROD006,380,Each
d81f383b-4573-4a41-8d28-a51e55386fb7-10,d81f383b-4573-4a41-8d28-a51e55386fb7,10,e3b60d1d-ae02-418a-afb2-d55f94fac50f-10,e3b60d1d-ae02-418a-afb2-d55f94fac50f,10,PROD009,450,Each
d81f383b-4573-4a41-8d28-a51e55386fb7-20,d81f383b-4573-4a41-8d28-a51e55386fb7,20,e3b60d1d-ae02-418a-afb2-d55f94fac50f-20,e3b60d1d-ae02-418a-afb2-d55f94fac50f,20,PROD001,250,Each
d81f383b-4573-4a41-8d28-a51e55386fb7-30,d81f383b-4573-4a41-8d28-a51e55386fb7,30,e3b60d1d-ae02-418a-afb2-d55f94fac50f-30,e3b60d1d-ae02-418a-afb2-d55f94fac50f,30,PROD003,150,Each
56087af6-e3f6-49fd-96b1-0a2af3bf64b6-10,56087af6-e3f6-49fd-96b1-0a2af3bf64b6,10,fd1f0b50-443f-4c17-ac5d-11ac47b6f3f7-10,fd1f0b50-443f-4c17-ac5d-11ac47b6f3f7,10,PROD002,490,Each
56087af6-e3f6-49fd-96b1-0a2af3bf64b6-20,56087af6-e3f6-49fd-96b1-0a2af3bf64b6,20,fd1f0b50-443f-4c17-ac5d-11ac47b6f3f7-20,fd1f0b50-443f-4c17-ac5d-11ac47b6f3f7,20,PROD005,60,Each
9335ecfa-0f1c-4cf1-ace1-8882f39f7d84-10,9335ecfa-0f1c-4cf1-ace1-8882f39f7d84,10,31161350-212b-49ea-a04c-dd7171a1962e-10,31161350-212b-49ea-a04c-dd7171a1962e,10,PROD005,370,Each
2effebb5-8303-4812-848d-ddc69873f0cf-10,2effebb5-8303-4812-848d-ddc69873f0cf,10,31161350-212b-49ea-a04c-dd7171a1962e-20,31161350-212b-49ea-a04c-dd7171a1962e,20,PROD006,150,Each
8a599773-8cbc-4822-9903-5b74ee7f2707-10,8a599773-8cbc-4822-9903-5b74ee7f2707,10,aa9d562e-6eac-4cc2-ae5c-4567b7a5722d-10,aa9d562e-6eac-4cc2-ae5c-4567b7a5722d,10,PROD007,410,Each
78e61c91-4763-443a-862f-9c098e3efb31-10,78e61c91-4763-443a-862f-9c098e3efb31,10,ea819857-92cf-4fa2-8efe-29d85ebaeb4f-10,ea819857-92cf-4fa2-8efe-29d85ebaeb4f,10,PROD003,410,Each
78e61c91-4763-443a-862f-9c098e3efb31-20,78e61c91-4763-443a-862f-9c098e3efb31,20,ea819857-92cf-4fa2-8efe-29d85ebaeb4f-20,ea819857-92cf-4fa2-8efe-29d85ebaeb4f,20,PROD007,480,Each
78e61c91-4763-443a-862f-9c098e3efb31-30,78e61c91-4763-443a-862f-9c098e3efb31,30,ea819857-92cf-4fa2-8efe-29d85ebaeb4f-30,ea819857-92cf-4fa2-8efe-29d85ebaeb4f,30,PROD008,160,Each
5e7d2b77-bb3c-4d0d-b35c-8ca5104f516c-10,5e7d2b77-bb3c-4d0d-b35c-8ca5104f516c,10,84616591-38b8-4eb3-af66-3f04f8ccd85c-10,84616591-38b8-4eb3-af66-3f04f8ccd85c,10,PROD006,244,Each
498ebd4a-e0bf-4234-b422-3c499d9407bf-10,498ebd4a-e0bf-4234-b422-3c499d9407bf,10,84616591-38b8-4eb3-af66-3f04f8ccd85c-10,84616591-38b8-4eb3-af66-3f04f8ccd85c,10,PROD006,216,Each
3f28cd71-5bd6-46f9-aa09-5b5ab37a7991-10,3f28cd71-5bd6-46f9-aa09-5b5ab37a7991,10,c35e7de6-7464-439b-bc55-d023789cf7dd-10,c35e7de6-7464-439b-bc55-d023789cf7dd,10,PROD001,240,Each
3f28cd71-5bd6-46f9-aa09-5b5ab37a7991-20,3f28cd71-5bd6-46f9-aa09-5b5ab37a7991,20,c35e7de6-7464-439b-bc55-d023789cf7dd-20,c35e7de6-7464-439b-bc55-d023789cf7dd,20,PROD005,340,Each
5696051f-e07f-4ae1-969f-d8e9124bb945-10,5696051f-e07f-4ae1-969f-d8e9124bb945,10,c67e7bef-f63b-4579-98df-75d8368ad8f4-10,c67e7bef-f63b-4579-98df-75d8368ad8f4,10,PROD009,340,Each
5696051f-e07f-4ae1-969f-d8e9124bb945-20,5696051f-e07f-4ae1-969f-d8e9124bb945,20,c67e7bef-f63b-4579-98df-75d8368ad8f4-20,c67e7bef-f63b-4579-98df-75d8368ad8f4,20,PROD008,120,Each
5696051f-e07f-4ae1-969f-d8e9124bb945-30,5696051f-e07f-4ae1-969f-d8e9124bb945,30,c67e7bef-f63b-4579-98df-75d8368ad8f4-30,c67e7bef-f63b-4579-98df-75d8368ad8f4,30,PROD005,310,Each
bb87a634-6274-48ee-9149-2e6597617b21-10,bb87a634-6274-48ee-9149-2e6597617b21,10,c9193bdf-316f-44a6-8146-ff500251f799-30,c9193bdf-316f-44a6-8146-ff500251f799,30,PROD001,480,Each
da3dd98e-a42b-42bb-b1a0-a32ff80a2d03-10,da3dd98e-a42b-42bb-b1a0-a32ff80a2d03,10,c9193bdf-316f-44a6-8146-ff500251f799-10,c9193bdf-316f-44a6-8146-ff500251f799,10,PROD003,70,Each
da3dd98e-a42b-42bb-b1a0-a32ff80a2d03-20,da3dd98e-a42b-42bb-b1a0-a32ff80a2d03,20,c9193bdf-316f-44a6-8146-ff500251f799-20,c9193bdf-316f-44a6-8146-ff500251f799,20,PROD006,500,Each
6bf4d596-a5e3-46dd-928b-002f9e0972e6-10,6bf4d596-a5e3-46dd-928b-002f9e0972e6,10,bb4bea1e-300a-42e3-bcf0-be8844d4cd68-10,bb4bea1e-300a-42e3-bcf0-be8844d4cd68,10,PROD004,350,Each
6bf4d596-a5e3-46dd-928b-002f9e0972e6-20,6bf4d596-a5e3-46dd-928b-002f9e0972e6,20,bb4bea1e-300a-42e3-bcf0-be8844d4cd68-20,bb4bea1e-300a-42e3-bcf0-be8844d4cd68,20,PROD002,150,Each
8cf7afe6-691a-4fda-94a3-2b1e7c3d807f-10,8cf7afe6-691a-4fda-94a3-2b1e7c3d807f,10,92a87ca4-4e52-427c-9a4d-1dbf128d25bb-10,92a87ca4-4e52-427c-9a4d-1dbf128d25bb,10,PROD008,240,Each
8cf7afe6-691a-4fda-94a3-2b1e7c3d807f-20,8cf7afe6-691a-4fda-94a3-2b1e7c3d807f,20,92a87ca4-4e52-427c-9a4d-1dbf128d25bb-20,92a87ca4-4e52-427c-9a4d-1dbf128d25bb,20,PROD006,500,Each
4483bced-b63f-4c3a-b8d7-78302da57c1d-10,4483bced-b63f-4c3a-b8d7-78302da57c1d,10,4fd3514f-42bf-4d82-8bf3-0d71ba153217-30,4fd3514f-42bf-4d82-8bf3-0d71ba153217,30,PROD005,410,Each
e42755e9-8405-4dd1-8568-b2b63c181dc9-10,e42755e9-8405-4dd1-8568-b2b63c181dc9,10,4fd3514f-42bf-4d82-8bf3-0d71ba153217-10,4fd3514f-42bf-4d82-8bf3-0d71ba153217,10,PROD003,370,Each
e42755e9-8405-4dd1-8568-b2b63c181dc9-20,e42755e9-8405-4dd1-8568-b2b63c181dc9,20,4fd3514f-42bf-4d82-8bf3-0d71ba153217-20,4fd3514f-42bf-4d82-8bf3-0d71ba153217,20,PROD001,70,Each
56a90b38-a47d-4224-9336-f2f61ce90c8c-10,56a90b38-a47d-4224-9336-f2f61ce90c8c,10,61e7755c-af2b-4fbd-92b0-1a8d99fecd88-10,61e7755c-af2b-4fbd-92b0-1a8d99fecd88,10,PROD002,60,Each
56a90b38-a47d-4224-9336-f2f61ce90c8c-20,56a90b38-a47d-4224-9336-f2f61ce90c8c,20,61e7755c-af2b-4fbd-92b0-1a8d99fecd88-20,61e7755c-af2b-4fbd-92b0-1a8d99fecd88,20,PROD006,270,Each
61507f0c-30f5-4407-b8c6-16633f1748e3-10,61507f0c-30f5-4407-b8c6-16633f1748e3,10,21e3027c-8273-47c5-9c91-f090b20589e6-10,21e3027c-8273-47c5-9c91-f090b20589e6,10,PROD007,90,Each
61507f0c-30f5-4407-b8c6-16633f1748e3-20,61507f0c-30f5-4407-b8c6-16633f1748e3,20,21e3027c-8273-47c5-9c91-f090b20589e6-20,21e3027c-8273-47c5-9c91-f090b20589e6,20,PROD001,140,Each
61507f0c-30f5-4407-b8c6-16633f1748e3-30,61507f0c-30f5-4407-b8c6-16633f1748e3,30,21e3027c-8273-47c5-9c91-f090b20589e6-30,21e3027c-8273-47c5-9c91-f090b20589e6,30,PROD008,450,Each
9b618e7b-ecd6-4144-9dbe-41efbe3ca4d2-10,9b618e7b-ecd6-4144-9dbe-41efbe3ca4d2,10,1f3364c0-34b2-4061-b0ef-cf121856371d-10,1f3364c0-34b2-4061-b0ef-cf121856371d,10,PROD003,345,Each
4fe45360-b79d-4944-b60f-7948f4259d0c-10,4fe45360-b79d-4944-b60f-7948f4259d0c,10,1f3364c0-34b2-4061-b0ef-cf121856371d-10,1f3364c0-34b2-4061-b0ef-cf121856371d,10,PROD003,115,Each
b3dd8ce6-5dec-40ec-a945-60fa0ed04522-10,b3dd8ce6-5dec-40ec-a945-60fa0ed04522,10,2603202b-de1d-4ae0-a8fd-b0f82bef591f-10,2603202b-de1d-4ae0-a8fd-b0f82bef591f,10,PROD004,260,Each
94849c42-cbfa-4e5e-a93e-98f996d09236-10,94849c42-cbfa-4e5e-a93e-98f996d09236,10,66a2796b-378c-480e-9c37-7c73609b59c8-10,66a2796b-378c-480e-9c37-7c73609b59c8,10,PROD001,450,Each
94849c42-cbfa-4e5e-a93e-98f996d09236-20,94849c42-cbfa-4e5e-a93e-98f996d09236,20,66a2796b-378c-480e-9c37-7c73609b59c8-20,66a2796b-378c-480e-9c37-7c73609b59c8,20,PROD003,430,Each
94849c42-cbfa-4e5e-a93e-98f996d09236-30,94849c42-cbfa-4e5e-a93e-98f996d09236,30,66a2796b-378c-480e-9c37-7c73609b59c8-30,66a2796b-378c-480e-9c37-7c73609b59c8,30,PROD004,200,Each
021cff94-01aa-489e-8749-afb2223160a5-10,021cff94-01aa-489e-8749-afb2223160a5,10,430fb18c-0610-44bb-9804-71ee8666620f-20,430fb18c-0610-44bb-9804-71ee8666620f,20,PROD003,310,Each
d26ae148-663b-491c-8837-2a23f9f7068f-10,d26ae148-663b-491c-8837-2a23f9f7068f,10,430fb18c-0610-44bb-9804-71ee8666620f-10,430fb18c-0610-44bb-9804-71ee8666620f,10,PROD002,170,Each
45b902f4-7971-46cc-87f1-c13a9e0b357a-10,45b902f4-7971-46cc-87f1-c13a9e0b357a,10,b8b1a4b5-62bc-4589-9c0d-35420de94d6a-10,b8b1a4b5-62bc-4589-9c0d-35420de94d6a,10,PROD007,490,Each
252685a6-8e14-4f3f-80a5-5f14da03dec6-10,252685a6-8e14-4f3f-80a5-5f14da03dec6,10,dd2105fd-1562-4e17-994d-4b9d5069da01-10,dd2105fd-1562-4e17-994d-4b9d5069da01,10,PROD005,150,Each
252685a6-8e14-4f3f-80a5-5f14da03dec6-20,252685a6-8e14-4f3f-80a5-5f14da03dec6,20,dd2105fd-1562-4e17-994d-4b9d5069da01-20,dd2105fd-1562-4e17-994d-4b9d5069da01,20,PROD004,260,Each
252685a6-8e14-4f3f-80a5-5f14da03dec6-30,252685a6-8e14-4f3f-80a5-5f14da03dec6,30,dd2105fd-1562-4e17-994d-4b9d5069da01-30,dd2105fd-1562-4e17-994d-4b9d5069da01,30,PROD003,450,Each
5f64f40c-5dfe-46a0-a139-e9016046eb12-10,5f64f40c-5dfe-46a0-a139-e9016046eb12,10,639e9747-9ff9-4fb4-9a45-5c063bc4d407-20,639e9747-9ff9-4fb4-9a45-5c063bc4d407,20,PROD004,90,Each
71bc21f6-ce76-489e-92e7-b58b35447a7d-10,71bc21f6-ce76-489e-92e7-b58b35447a7d,10,639e9747-9ff9-4fb4-9a45-5c063bc4d407-10,639e9747-9ff9-4fb4-9a45-5c063bc4d407,10,PROD008,420,Each
f3aa51e7-101f-45c5-9bef-639cdfcb87b0-10,f3aa51e7-101f-45c5-9bef-639cdfcb87b0,10,f7319aa0-a30b-4266-9777-2e814d0a1359-10,f7319aa0-a30b-4266-9777-2e814d0a1359,10,PROD007,440,Each
0a23b144-7ae3-40da-bbf4-b00e718be15f-10,0a23b144-7ae3-40da-bbf4-b00e718be15f,10,b93755c2-cf6d-4e62-9f51-05f6c13e854f-10,b93755c2-cf6d-4e62-9f51-05f6c13e854f,10,PROD008,290,Each
0a23b144-7ae3-40da-bbf4-b00e718be15f-20,0a23b144-7ae3-40da-bbf4-b00e718be15f,20,b93755c2-cf6d-4e62-9f51-05f6c13e854f-20,b93755c2-cf6d-4e62-9f51-05f6c13e854f,20,PROD001,160,Each
0a23b144-7ae3-40da-bbf4-b00e718be15f-30,0a23b144-7ae3-40da-bbf4-b00e718be15f,30,b93755c2-cf6d-4e62-9f51-05f6c13e854f-30,b93755c2-cf6d-4e62-9f51-05f6c13e854f,30,PROD002,340,Each
f200ce87-f232-474a-8f6c-489c6d5fb001-10,f200ce87-f232-474a-8f6c-489c6d5fb001,10,45941edf-3868-48d0-80df-23eadc57ef01-10,45941edf-3868-48d0-80df-23eadc57ef01,10,PROD002,150,Each
e07753ad-4ed2-46fa-a679-ca484b69a050-10,e07753ad-4ed2-46fa-a679-ca484b69a050,10,45941edf-3868-48d0-80df-23eadc57ef01-10,45941edf-3868-48d0-80df-23eadc57ef01,10,PROD002,40,Each
0bb141f5-9ed8-44c9-8e75-5348fd411a27-10,0bb141f5-9ed8-44c9-8e75-5348fd411a27,10,48bbb1ac-5990-4ffd-bff1-57527dcc5131-10,48bbb1ac-5990-4ffd-bff1-57527dcc5131,10,PROD008,170,Each
0bb141f5-9ed8-44c9-8e75-5348fd411a27-20,0bb141f5-9ed8-44c9-8e75-5348fd411a27,20,48bbb1ac-5990-4ffd-bff1-57527dcc5131-20,48bbb1ac-5990-4ffd-bff1-57527dcc5131,20,PROD005,320,Each
f2403094-0ee0-4e5c-bd0d-2cc167a6a096-10,f2403094-0ee0-4e5c-bd0d-2cc167a6a096,10,2b8c1838-f639-4339-8689-968797c57c16-10,2b8c1838-f639-4339-8689-968797c57c16,10,PROD009,120,Each
c3d1b8fc-8715-41b4-a2f7-a0569599cdea-10,c3d1b8fc-8715-41b4-a2f7-a0569599cdea,10,30c19e20-e005-4ce7-bae9-ce3b705026d7-20,30c19e20-e005-4ce7-bae9-ce3b705026d7,20,PROD003,230,Each
07f5234d-1936-41cd-9bd9-56c1be219ad4-10,07f5234d-1936-41cd-9bd9-56c1be219ad4,10,30c19e20-e005-4ce7-bae9-ce3b705026d7-10,30c19e20-e005-4ce7-bae9-ce3b705026d7,10,PROD005,340,Each
a1df33d1-e921-493c-b41e-45a83cb3deec-10,a1df33d1-e921-493c-b41e-45a83cb3deec,10,446edf92-2abb-443b-b448-715e1a15e523-10,446edf92-2abb-443b-b448-715e1a15e523,10,PROD005,350,Each
a1df33d1-e921-493c-b41e-45a83cb3deec-20,a1df33d1-e921-493c-b41e-45a83cb3deec,20,446edf92-2abb-443b-b448-715e1a15e523-20,446edf92-2abb-443b-b448-715e1a15e523,20,PROD008,450,Each
e1b22b2e-13be-4ae2-ad92-cf577ce0678a-10,e1b22b2e-13be-4ae2-ad92-cf577ce0678a,10,40e29649-9f16-4a3c-b554-2f05bfc9a640-10,40e29649-9f16-4a3c-b554-2f05bfc9a640,10,PROD003,320,Each
e1b22b2e-13be-4ae2-ad92-cf577ce0678a-20,e1b22b2e-13be-4ae2-ad92-cf577ce0678a,20,40e29649-9f16-4a3c-b554-2f05bfc9a640-20,40e29649-9f16-4a3c-b554-2f05bfc9a640,20,PROD008,250,Each
e1b22b2e-13be-4ae2-ad92-cf577ce0678a-30,e1b22b2e-13be-4ae2-ad92-cf577ce0678a,30,40e29649-9f16-4a3c-b554-2f05bfc9a640-30,40e29649-9f16-4a3c-b554-2f05bfc9a640,30,PROD006,60,Each
c2e0a7e7-f228-4287-b223-415789dd2b40-10,c2e0a7e7-f228-4287-b223-415789dd2b40,10,b46021fc-ecb3-4edf-9e31-8045ef0c0713-10,b46021fc-ecb3-4edf-9e31-8045ef0c0713,10,PROD009,82,Each
130a2986-bd33-465d-a4a2-cd6bf5c3f58a-10,130a2986-bd33-465d-a4a2-cd6bf5c3f58a,10,b46021fc-ecb3-4edf-9e31-8045ef0c0713-10,b46021fc-ecb3-4edf-9e31-8045ef0c0713,10,PROD009,258,Each
7edb784e-ba04-4c8c-ab16-9e05711f4dcd-10,7edb784e-ba04-4c8c-ab16-9e05711f4dcd,10,31e46799-57b3-44b9-b91f-c313efebca42-10,31e46799-57b3-44b9-b91f-c313efebca42,10,PROD002,90,Each
7edb784e-ba04-4c8c-ab16-9e05711f4dcd-20,7edb784e-ba04-4c8c-ab16-9e05711f4dcd,20,31e46799-57b3-44b9-b91f-c313efebca42-20,31e46799-57b3-44b9-b91f-c313efebca42,20,PROD004,190,Each
7edb784e-ba04-4c8c-ab16-9e05711f4dcd-30,7edb784e-ba04-4c8c-ab16-9e05711f4dcd,30,31e46799-57b3-44b9-b91f-c313efebca42-30,31e46799-57b3-44b9-b91f-c313efebca42,30,PROD001,500,Each
68fd44ce-6592-4a9a-b9aa-0288c46a05d5-10,68fd44ce-6592-4a9a-b9aa-0288c46a05d5,10,b653e72a-0095-42b1-b551-d0751da2b17f-10,b653e72a-0095-42b1-b551-d0751da2b17f,10,PROD004,210,Each
68fd44ce-6592-4a9a-b9aa-0288c46a05d5-20,68fd44ce-6592-4a9a-b9aa-0288c46a05d5,20,b653e72a-0095-42b1-b551-d0751da2b17f-20,b653e72a-0095-42b1-b551-d0751da2b17f,20,PROD003,500,Each
68fd44ce-6592-4a9a-b9aa-0288c46a05d5-30,68fd44ce-6592-4a9a-b9aa-0288c46a05d5,30,b653e72a-0095-42b1-b551-d0751da2b17f-30,b653e72a-0095-42b1-b551-d0751da2b17f,30,PROD007,250,Each
caa9eb0b-44c4-4841-a0b1-5c93521a9c74-10,caa9eb0b-44c4-4841-a0b1-5c93521a9c74,10,1febd3f7-60a0-405b-9491-c88837a2cfa6-20,1febd3f7-60a0-405b-9491-c88837a2cfa6,20,PROD008,290,Each
72a1addf-3123-419f-a266-94c8b67408ad-10,72a1addf-3123-419f-a266-94c8b67408ad,10,1febd3f7-60a0-405b-9491-c88837a2cfa6-10,1febd3f7-60a0-405b-9491-c88837a2cfa6,10,PROD007,230,Each
fb333ec2-b07c-4bb8-91a6-fa2636085d7e-10,fb333ec2-b07c-4bb8-91a6-fa2636085d7e,10,0309fdde-febe-4766-9c38-c88f6a189d58-10,0309fdde-febe-4766-9c38-c88f6a189d58,10,PROD008,210,Each
fb333ec2-b07c-4bb8-91a6-fa2636085d7e-20,fb333ec2-b07c-4bb8-91a6-fa2636085d7e,20,0309fdde-febe-4766-9c38-c88f6a189d58-20,0309fdde-febe-4766-9c38-c88f6a189d58,20,PROD004,480,Each
fb333ec2-b07c-4bb8-91a6-fa2636085d7e-30,fb333ec2-b07c-4bb8-91a6-fa2636085d7e,30,0309fdde-febe-4766-9c38-c88f6a189d58-30,0309fdde-febe-4766-9c38-c88f6a189d58,30,PROD003,490,Each
aacb317a-5514-4c4b-9723-e65cba384a70-10,aacb317a-5514-4c4b-9723-e65cba384a70,10,8b19587b-1f38-4f6b-addb-f1b07488210d-10,8b19587b-1f38-4f6b-addb-f1b07488210d,10,PROD006,500,Each
aacb317a-5514-4c4b-9723-e65cba384a70-20,aacb317a-5514-4c4b-9723-e65cba384a70,20,8b19587b-1f38-4f6b-addb-f1b07488210d-20,8b19587b-1f38-4f6b-addb-f1b07488210d,20,PROD009,490,Each
40200de1-7ebc-4a20-87d3-23f10fa6727a-10,40200de1-7ebc-4a20-87d3-23f10fa6727a,10,1f1af1e7-2f73-46a0-ac87-d5e2d11dd5f4-10,1f1af1e7-2f73-46a0-ac87-d5e2d11dd5f4,10,PROD007,112,Each
38ff808a-4d76-4181-9ebc-f5ec2ed37c47-10,38ff808a-4d76-4181-9ebc-f5ec2ed37c47,10,1f1af1e7-2f73-46a0-ac87-d5e2d11dd5f4-10,1f1af1e7-2f73-46a0-ac87-d5e2d11dd5f4,10,PROD007,78,Each
c9bca07a-8b13-4a65-9635-bea197026ae0-10,c9bca07a-8b13-4a65-9635-bea197026ae0,10,13aefcd7-cde2-4ad1-a382-70363efde1d6-10,13aefcd7-cde2-4ad1-a382-70363efde1d6,10,PROD005,180,Each
a64fa69d-037f-458e-bf42-8076301f225e-10,a64fa69d-037f-458e-bf42-8076301f225e,10,67e6fe61-a534-49c2-9d0d-0f1a3b8bd6e2-10,67e6fe61-a534-49c2-9d0d-0f1a3b8bd6e2,10,PROD002,290,Each
a64fa69d-037f-458e-bf42-8076301f225e-20,a64fa69d-037f-458e-bf42-8076301f225e,20,67e6fe61-a534-49c2-9d0d-0f1a3b8bd6e2-20,67e6fe61-a534-49c2-9d0d-0f1a3b8bd6e2,20,PROD009,320,Each
a64fa69d-037f-458e-bf42-8076301f225e-30,a64fa69d-037f-458e-bf42-8076301f225e,30,67e6fe61-a534-49c2-9d0d-0f1a3b8bd6e2-30,67e6fe61-a534-49c2-9d0d-0f1a3b8bd6e2,30,PROD001,380,Each
66630e97-5f63-4482-b25a-3344fa2dda0b-10,66630e97-5f63-4482-b25a-3344fa2dda0b,10,2fd3343c-36e5-48be-a8ff-d1fb1437995d-20,2fd3343c-36e5-48be-a8ff-d1fb1437995d,20,PROD001,390,Each
1202fa8e-db01-4c29-b038-dcd85d8b41fc-10,1202fa8e-db01-4c29-b038-dcd85d8b41fc,10,2fd3343c-36e5-48be-a8ff-d1fb1437995d-10,2fd3343c-36e5-48be-a8ff-d1fb1437995d,10,PROD006,280,Each
62da50bf-a176-47fe-8805-6c39dc249b6f-10,62da50bf-a176-47fe-8805-6c39dc249b6f,10,e261ba1b-eef5-48b3-b0d2-2353d081554b-10,e261ba1b-eef5-48b3-b0d2-2353d081554b,10,PROD006,150,Each
62da50bf-a176-47fe-8805-6c39dc249b6f-20,62da50bf-a176-47fe-8805-6c39dc249b6f,20,e261ba1b-eef5-48b3-b0d2-2353d081554b-20,e261ba1b-eef5-48b3-b0d2-2353d081554b,20,PROD005,90,Each
62da50bf-a176-47fe-8805-6c39dc249b6f-30,62da50bf-a176-47fe-8805-6c39dc249b6f,30,e261ba1b-eef5-48b3-b0d2-2353d081554b-30,e261ba1b-eef5-48b3-b0d2-2353d081554b,30,PROD003,270,Each
79112530-4086-4dbf-a690-05338c02d502-10,79112530-4086-4dbf-a690-05338c02d502,10,a21cb5a8-f142-4fdd-82c8-df01129f15b0-10,a21cb5a8-f142-4fdd-82c8-df01129f15b0,10,PROD001,280,Each
36bf8930-0203-4f4a-a7b3-8938466be079-10,36bf8930-0203-4f4a-a7b3-8938466be079,10,491bf7aa-c75c-4f32-aad5-9a52786f1196-20,491bf7aa-c75c-4f32-aad5-9a52786f1196,20,PROD002,260,Each
15e92dc6-f1a4-4b3d-8882-6a381fb5755a-10,15e92dc6-f1a4-4b3d-8882-6a381fb5755a,10,491bf7aa-c75c-4f32-aad5-9a52786f1196-10,491bf7aa-c75c-4f32-aad5-9a52786f1196,10,PROD008,440,Each
bdc87a18-18f2-4388-ac51-7372a4f31fe3-10,bdc87a18-18f2-4388-ac51-7372a4f31fe3,10,7356e276-4b33-44ee-afd4-28f9b2404f54-10,7356e276-4b33-44ee-afd4-28f9b2404f54,10,PROD006,220,Each
bdc87a18-18f2-4388-ac51-7372a4f31fe3-20,bdc87a18-18f2-4388-ac51-7372a4f31fe3,20,7356e276-4b33-44ee-afd4-28f9b2404f54-20,7356e276-4b33-44ee-afd4-28f9b2404f54,20,PROD003,460,Each
88acf239-fda0-46b5-a375-33288a5631a9-10,88acf239-fda0-46b5-a375-33288a5631a9,10,57f135d2-d4e7-41a0-a463-7ce3124a0c3d-10,57f135d2-d4e7-41a0-a463-7ce3124a0c3d,10,PROD003,410,Each
88acf239-fda0-46b5-a375-33288a5631a9-20,88acf239-fda0-46b5-a375-33288a5631a9,20,57f135d2-d4e7-41a0-a463-7ce3124a0c3d-20,57f135d2-d4e7-41a0-a463-7ce3124a0c3d,20,PROD002,50,Each
5404998b-0f83-4956-b460-8887cdd9e8a0-10,5404998b-0f83-4956-b460-8887cdd9e8a0,10,a369aa4d-00c6-4c17-b94b-7ae0c759aff4-10,a369aa4d-00c6-4c17-b94b-7ae0c759aff4,10,PROD003,32,Each
b49b8c0f-557d-4e48-b40c-baa63f3ed666-10,b49b8c0f-557d-4e48-b40c-baa63f3ed666,10,a369aa4d-00c6-4c17-b94b-7ae0c759aff4-10,a369aa4d-00c6-4c17-b94b-7ae0c759aff4,10,PROD003,18,Each
56b26988-b15a-4f6c-bc29-2724e6976e44-10,56b26988-b15a-4f6c-bc29-2724e6976e44,10,dae871e0-e69e-406d-a035-3dd4bd093451-10,dae871e0-e69e-406d-a035-3dd4bd093451,10,PROD002,430,Each
56b26988-b15a-4f6c-bc29-2724e6976e44-20,56b26988-b15a-4f6c-bc29-2724e6976e44,20,dae871e0-e69e-406d-a035-3dd4bd093451-20,dae871e0-e69e-406d-a035-3dd4bd093451,20,PROD009,170,Each
8602b44c-7544-45db-8c7b-a8f3dbc469e3-10,8602b44c-7544-45db-8c7b-a8f3dbc469e3,10,60f0dccc-c9f0-4fa0-93e3-4cb82e96b7d4-10,60f0dccc-c9f0-4fa0-93e3-4cb82e96b7d4,10,PROD007,120,Each
8602b44c-7544-45db-8c7b-a8f3dbc469e3-20,8602b44c-7544-45db-8c7b-a8f3dbc469e3,20,60f0dccc-c9f0-4fa0-93e3-4cb82e96b7d4-20,60f0dccc-c9f0-4fa0-93e3-4cb82e96b7d4,20,PROD003,80,Each
ad3fcc00-ac37-4652-9808-e96a2c64500d-10,ad3fcc00-ac37-4652-9808-e96a2c64500d,10,07d43af2-1f58-402c-a2db-63671b149616-10,07d43af2-1f58-402c-a2db-63671b149616,10,PROD006,95,Each
7263bc88-0cfb-40c8-a087-2595c07dd7fc-10,7263bc88-0cfb-40c8-a087-2595c07dd7fc,10,07d43af2-1f58-402c-a2db-63671b149616-10,07d43af2-1f58-402c-a2db-63671b149616,10,PROD006,95,Each
e7595025-a18f-4636-908a-a8421029a0a4-10,e7595025-a18f-4636-908a-a8421029a0a4,10,adfa1f39-7cb3-48c8-93c8-3a345a096df3-10,adfa1f39-7cb3-48c8-93c8-3a345a096df3,10,PROD002,70,Each
0803fbca-850d-441a-afd9-24eed8c8bfdf-10,0803fbca-850d-441a-afd9-24eed8c8bfdf,10,af12c2e9-8596-4494-996f-08fe8f2c14cc-10,af12c2e9-8596-4494-996f-08fe8f2c14cc,10,PROD006,490,Each
0803fbca-850d-441a-afd9-24eed8c8bfdf-20,0803fbca-850d-441a-afd9-24eed8c8bfdf,20,af12c2e9-8596-4494-996f-08fe8f2c14cc-20,af12c2e9-8596-4494-996f-08fe8f2c14cc,20,PROD001,120,Each
0803fbca-850d-441a-afd9-24eed8c8bfdf-30,0803fbca-850d-441a-afd9-24eed8c8bfdf,30,af12c2e9-8596-4494-996f-08fe8f2c14cc-30,af12c2e9-8596-4494-996f-08fe8f2c14cc,30,PROD004,140,Each
669201cb-25f4-4792-b2ad-0c3d12126d75-10,669201cb-25f4-4792-b2ad-0c3d12126d75,10,48814c29-08ea-446d-9801-32bd9fc6d9e5-10,48814c29-08ea-446d-9801-32bd9fc6d9e5,10,PROD001,112,Each
ff35d340-907f-4068-8d75-53e89eae13d2-10,ff35d340-907f-4068-8d75-53e89eae13d2,10,48814c29-08ea-446d-9801-32bd9fc6d9e5-10,48814c29-08ea-446d-9801-32bd9fc6d9e5,10,PROD001,208,Each
4f5d5003-6db4-4ad2-9e25-154265bb963f-10,4f5d5003-6db4-4ad2-9e25-154265bb963f,10,491036ec-7c82-4491-a14d-1afe7b74d169-10,491036ec-7c82-4491-a14d-1afe7b74d169,10,PROD005,100,Each
4f5d5003-6db4-4ad2-9e25-154265bb963f-20,4f5d5003-6db4-4ad2-9e25-154265bb963f,20,491036ec-7c82-4491-a14d-1afe7b74d169-20,491036ec-7c82-4491-a14d-1afe7b74d169,20,PROD004,140,Each
fab12d60-3e34-4631-9a79-213e1332e815-10,fab12d60-3e34-4631-9a79-213e1332e815,10,a0d57c95-593a-492d-964c-ae0c01d9f500-10,a0d57c95-593a-492d-964c-ae0c01d9f500,10,PROD004,410,Each
aedb712e-96c3-40c8-88f9-66e94f9ac51f-10,aedb712e-96c3-40c8-88f9-66e94f9ac51f,10,91584b1c-1306-466e-808f-814e0ec00a11-10,91584b1c-1306-466e-808f-814e0ec00a11,10,PROD002,500,Each
08ded778-db9d-4952-bc59-cc7548c609a4-10,08ded778-db9d-4952-bc59-cc7548c609a4,10,91584b1c-1306-466e-808f-814e0ec00a11-20,91584b1c-1306-466e-808f-814e0ec00a11,20,PROD001,60,Each
392b2c81-9958-4d3b-aa2b-80636bf14ba2-10,392b2c81-9958-4d3b-aa2b-80636bf14ba2,10,3bd8b01d-2a9f-4c82-bf4b-6fbb559406f6-10,3bd8b01d-2a9f-4c82-bf4b-6fbb559406f6,10,PROD003,180,Each
392b2c81-9958-4d3b-aa2b-80636bf14ba2-20,392b2c81-9958-4d3b-aa2b-80636bf14ba2,20,3bd8b01d-2a9f-4c82-bf4b-6fbb559406f6-20,3bd8b01d-2a9f-4c82-bf4b-6fbb559406f6,20,PROD005,130,Each
392b2c81-9958-4d3b-aa2b-80636bf14ba2-30,392b2c81-9958-4d3b-aa2b-80636bf14ba2,30,3bd8b01d-2a9f-4c82-bf4b-6fbb559406f6-30,3bd8b01d-2a9f-4c82-bf4b-6fbb559406f6,30,PROD008,150,Each
0bb74767-41be-4eea-80cd-51d5dbff5887-10,0bb74767-41be-4eea-80cd-51d5dbff5887,10,3875f52e-42ac-4a0e-a264-747df5a1c05d-10,3875f52e-42ac-4a0e-a264-747df5a1c05d,10,PROD002,60,Each
0bb74767-41be-4eea-80cd-51d5dbff5887-20,0bb74767-41be-4eea-80cd-51d5dbff5887,20,3875f52e-42ac-4a0e-a264-747df5a1c05d-20,3875f52e-42ac-4a0e-a264-747df5a1c05d,20,PROD008,280,Each
8c650ec1-1f60-4ead-9f49-961faccf39e8-10,8c650ec1-1f60-4ead-9f49-961faccf39e8,10,fc8d21fb-2784-4738-aecd-822f7b8289e2-10,fc8d21fb-2784-4738-aecd-822f7b8289e2,10,PROD001,150,Each
0c0d8753-ac26-4e7f-b866-5e593da05d18-10,0c0d8753-ac26-4e7f-b866-5e593da05d18,10,fc8d21fb-2784-4738-aecd-822f7b8289e2-20,fc8d21fb-2784-4738-aecd-822f7b8289e2,20,PROD005,330,Each
0c0d8753-ac26-4e7f-b866-5e593da05d18-20,0c0d8753-ac26-4e7f-b866-5e593da05d18,20,fc8d21fb-2784-4738-aecd-822f7b8289e2-30,fc8d21fb-2784-4738-aecd-822f7b8289e2,30,PROD002,450,Each
d0505a04-7e6a-48d1-90e4-ba8fa84b04e4-10,d0505a04-7e6a-48d1-90e4-ba8fa84b04e4,10,5b36f003-d793-4434-a887-bc39f51aa7c7-10,5b36f003-d793-4434-a887-bc39f51aa7c7,10,PROD009,340,Each
d0505a04-7e6a-48d1-90e4-ba8fa84b04e4-20,d0505a04-7e6a-48d1-90e4-ba8fa84b04e4,20,5b36f003-d793-4434-a887-bc39f51aa7c7-20,5b36f003-d793-4434-a887-bc39f51aa7c7,20,PROD007,250,Each
a914fa31-0dc3-4e11-8f44-39b638a8e2dd-10,a914fa31-0dc3-4e11-8f44-39b638a8e2dd,10,ed2fd174-c7cf-4a48-b48c-70c28a5e5464-10,ed2fd174-c7cf-4a48-b48c-70c28a5e5464,10,PROD001,170,Each
a914fa31-0dc3-4e11-8f44-39b638a8e2dd-20,a914fa31-0dc3-4e11-8f44-39b638a8e2dd,20,ed2fd174-c7cf-4a48-b48c-70c28a5e5464-20,ed2fd174-c7cf-4a48-b48c-70c28a5e5464,20,PROD003,280,Each
88c400fc-d0d4-4fd2-b737-dfd7a9fdc281-10,88c400fc-d0d4-4fd2-b737-dfd7a9fdc281,10,9d0e833d-32c4-41d8-b57c-c83876de8a65-10,9d0e833d-32c4-41d8-b57c-c83876de8a65,10,PROD004,390,Each
5ec192e8-3c65-4a45-82e5-fe55ae7ae962-10,5ec192e8-3c65-4a45-82e5-fe55ae7ae962,10,9d0e833d-32c4-41d8-b57c-c83876de8a65-20,9d0e833d-32c4-41d8-b57c-c83876de8a65,20,PROD001,500,Each
5ec192e8-3c65-4a45-82e5-fe55ae7ae962-20,5ec192e8-3c65-4a45-82e5-fe55ae7ae962,20,9d0e833d-32c4-41d8-b57c-c83876de8a65-30,9d0e833d-32c4-41d8-b57c-c83876de8a65,30,PROD003,340,Each
a3c310f8-967c-410d-a310-a1f06677c9fe-10,a3c310f8-967c-410d-a310-a1f06677c9fe,10,863a7683-5470-4fdf-9f42-ad6e28cf3fbf-10,863a7683-5470-4fdf-9f42-ad6e28cf3fbf,10,PROD008,400,Each
2d41c0a4-fbfd-46b7-abdc-2478b5ff1eba-10,2d41c0a4-fbfd-46b7-abdc-2478b5ff1eba,10,033471d5-d5c3-4052-896d-a73d071a5bb1-10,033471d5-d5c3-4052-896d-a73d071a5bb1,10,PROD009,350,Each
0cc20203-50d0-485a-a271-b0d4e2f727c4-10,0cc20203-50d0-485a-a271-b0d4e2f727c4,10,cfa23281-ecbd-4a03-af3d-c29c8365e8cc-10,cfa23281-ecbd-4a03-af3d-c29c8365e8cc,10,PROD009,171,Each
a78227a3-f6da-4f2b-a143-02579b31fd22-10,a78227a3-f6da-4f2b-a143-02579b31fd22,10,cfa23281-ecbd-4a03-af3d-c29c8365e8cc-10,cfa23281-ecbd-4a03-af3d-c29c8365e8cc,10,PROD009,209,Each
8f51a945-327e-42bf-9a25-b316daed3a96-10,8f51a945-327e-42bf-9a25-b316daed3a96,10,e5aab8a0-3855-4d29-a481-9106c085ec5c-10,e5aab8a0-3855-4d29-a481-9106c085ec5c,10,PROD009,450,Each
8f51a945-327e-42bf-9a25-b316daed3a96-20,8f51a945-327e-42bf-9a25-b316daed3a96,20,e5aab8a0-3855-4d29-a481-9106c085ec5c-20,e5aab8a0-3855-4d29-a481-9106c085ec5c,20,PROD001,170,Each
122eb0d4-7b6b-43ec-8d38-5967a817e3b9-10,122eb0d4-7b6b-43ec-8d38-5967a817e3b9,10,febb8738-f356-4071-88b8-384047b4619a-10,febb8738-f356-4071-88b8-384047b4619a,10,PROD007,490,Each
122eb0d4-7b6b-43ec-8d38-5967a817e3b9-20,122eb0d4-7b6b-43ec-8d38-5967a817e3b9,20,febb8738-f356-4071-88b8-384047b4619a-20,febb8738-f356-4071-88b8-384047b4619a,20,PROD006,430,Each
122eb0d4-7b6b-43ec-8d38-5967a817e3b9-30,122eb0d4-7b6b-43ec-8d38-5967a817e3b9,30,febb8738-f356-4071-88b8-384047b4619a-30,febb8738-f356-4071-88b8-384047b4619a,30,PROD008,80,Each
5729a968-2ade-4707-b20b-379f0b77486d-10,5729a968-2ade-4707-b20b-379f0b77486d,10,78f2767e-8c86-4fc9-b0cc-641dc05874c0-10,78f2767e-8c86-4fc9-b0cc-641dc05874c0,10,PROD009,115,Each
6313b3a9-8c66-452c-87d5-5d7a0cc6e554-10,6313b3a9-8c66-452c-87d5-5d7a0cc6e554,10,78f2767e-8c86-4fc9-b0cc-641dc05874c0-10,78f2767e-8c86-4fc9-b0cc-641dc05874c0,10,PROD009,115,Each
13d88eba-3404-468f-9793-53ad7e4a5772-10,13d88eba-3404-468f-9793-53ad7e4a5772,10,59b6bcdc-1e44-409f-9275-9b510594c6c1-10,59b6bcdc-1e44-409f-9275-9b510594c6c1,10,PROD003,470,Each
13d88eba-3404-468f-9793-53ad7e4a5772-20,13d88eba-3404-468f-9793-53ad7e4a5772,20,59b6bcdc-1e44-409f-9275-9b510594c6c1-20,59b6bcdc-1e44-409f-9275-9b510594c6c1,20,PROD004,50,Each
13d88eba-3404-468f-9793-53ad7e4a5772-30,13d88eba-3404-468f-9793-53ad7e4a5772,30,59b6bcdc-1e44-409f-9275-9b510594c6c1-30,59b6bcdc-1e44-409f-9275-9b510594c6c1,30,PROD006,240,Each
db4f525c-af70-4237-bbfd-df2bcb328304-10,db4f525c-af70-4237-bbfd-df2bcb328304,10,4ad0a085-50f3-4340-b2f3-229dc9a89518-10,4ad0a085-50f3-4340-b2f3-229dc9a89518,10,PROD002,120,Each
db4f525c-af70-4237-bbfd-df2bcb328304-20,db4f525c-af70-4237-bbfd-df2bcb328304,20,4ad0a085-50f3-4340-b2f3-229dc9a89518-20,4ad0a085-50f3-4340-b2f3-229dc9a89518,20,PROD009,200,Each
3093d45f-5035-403d-b4ec-0020f9ec1252-10,3093d45f-5035-403d-b4ec-0020f9ec1252,10,636a89b5-e375-40ea-9c05-2bdff8690bf9-30,636a89b5-e375-40ea-9c05-2bdff8690bf9,30,PROD008,390,Each
58d3b731-c600-4a09-b17c-11347f4a584a-10,58d3b731-c600-4a09-b17c-11347f4a584a,10,636a89b5-e375-40ea-9c05-2bdff8690bf9-10,636a89b5-e375-40ea-9c05-2bdff8690bf9,10,PROD009,260,Each
58d3b731-c600-4a09-b17c-11347f4a584a-20,58d3b731-c600-4a09-b17c-11347f4a584a,20,636a89b5-e375-40ea-9c05-2bdff8690bf9-20,636a89b5-e375-40ea-9c05-2bdff8690bf9,20,PROD002,230,Each
3eb80173-d32b-421f-8979-3ee64bffb96e-10,3eb80173-d32b-421f-8979-3ee64bffb96e,10,024941f3-a47b-4d9a-8fa7-eedebcea8a4d-10,024941f3-a47b-4d9a-8fa7-eedebcea8a4d,10,PROD004,310,Each
8e9f1b26-f37e-400d-98fa-4560ea2002a0-10,8e9f1b26-f37e-400d-98fa-4560ea2002a0,10,25ea24b6-ff02-4780-8843-d06b676fa7bf-10,25ea24b6-ff02-4780-8843-d06b676fa7bf,10,PROD004,430,Each
8e9f1b26-f37e-400d-98fa-4560ea2002a0-20,8e9f1b26-f37e-400d-98fa-4560ea2002a0,20,25ea24b6-ff02-4780-8843-d06b676fa7bf-20,25ea24b6-ff02-4780-8843-d06b676fa7bf,20,PROD002,120,Each
8e9f1b26-f37e-400d-98fa-4560ea2002a0-30,8e9f1b26-f37e-400d-98fa-4560ea2002a0,30,25ea24b6-ff02-4780-8843-d06b676fa7bf-30,25ea24b6-ff02-4780-8843-d06b676fa7bf,30,PROD008,140,Each
65e95352-49b8-489b-b653-96e6102cbf06-10,65e95352-49b8-489b-b653-96e6102cbf06,10,826dd2b0-3055-455d-8ff4-97a64fb0f76e-20,826dd2b0-3055-455d-8ff4-97a64fb0f76e,20,PROD002,480,Each
b3f2e974-44bb-4b4c-a1f2-dc1db770ef5b-10,b3f2e974-44bb-4b4c-a1f2-dc1db770ef5b,10,826dd2b0-3055-455d-8ff4-97a64fb0f76e-10,826dd2b0-3055-455d-8ff4-97a64fb0f76e,10,PROD003,200,Each
b3f2e974-44bb-4b4c-a1f2-dc1db770ef5b-20,b3f2e974-44bb-4b4c-a1f2-dc1db770ef5b,20,826dd2b0-3055-455d-8ff4-97a64fb0f76e-30,826dd2b0-3055-455d-8ff4-97a64fb0f76e,30,PROD001,80,Each
e0141c51-4366-4fa6-9a87-5e8fe5f3942a-10,e0141c51-4366-4fa6-9a87-5e8fe5f3942a,10,6f09b520-f0bb-4157-aa28-fce280201762-10,6f09b520-f0bb-4157-aa28-fce280201762,10,PROD001,330,Each
ba204af1-275b-4305-ae55-6689c6708bbb-10,ba204af1-275b-4305-ae55-6689c6708bbb,10,c603d757-1f19-4d5c-b3e7-ecc94ddbc83b-10,c603d757-1f19-4d5c-b3e7-ecc94ddbc83b,10,PROD001,140,Each
ba204af1-275b-4305-ae55-6689c6708bbb-20,ba204af1-275b-4305-ae55-6689c6708bbb,20,c603d757-1f19-4d5c-b3e7-ecc94ddbc83b-20,c603d757-1f19-4d5c-b3e7-ecc94ddbc83b,20,PROD003,460,Each
ba204af1-275b-4305-ae55-6689c6708bbb-30,ba204af1-275b-4305-ae55-6689c6708bbb,30,c603d757-1f19-4d5c-b3e7-ecc94ddbc83b-30,c603d757-1f19-4d5c-b3e7-ecc94ddbc83b,30,PROD005,210,Each
d208d70e-5ada-48cc-b016-e1322e263afe-10,d208d70e-5ada-48cc-b016-e1322e263afe,10,3672e6d2-f5a2-4337-9cf7-bff24671f093-10,3672e6d2-f5a2-4337-9cf7-bff24671f093,10,PROD001,60,Each
853d9d9e-dd82-4b14-a057-dc5d6aa41573-10,853d9d9e-dd82-4b14-a057-dc5d6aa41573,10,3672e6d2-f5a2-4337-9cf7-bff24671f093-10,3672e6d2-f5a2-4337-9cf7-bff24671f093,10,PROD001,200,Each
6d65121d-fd04-407e-b27a-6c7af413f158-10,6d65121d-fd04-407e-b27a-6c7af413f158,10,8a39d74d-8d23-45a9-88bb-f20fc79bc35b-10,8a39d74d-8d23-45a9-88bb-f20fc79bc35b,10,PROD002,410,Each
6d65121d-fd04-407e-b27a-6c7af413f158-20,6d65121d-fd04-407e-b27a-6c7af413f158,20,8a39d74d-8d23-45a9-88bb-f20fc79bc35b-20,8a39d74d-8d23-45a9-88bb-f20fc79bc35b,20,PROD001,130,Each
afa55ffe-3309-47b9-be0b-6578c28cfb44-10,afa55ffe-3309-47b9-be0b-6578c28cfb44,10,906834d5-aff6-4afa-9003-245ff6580d35-10,906834d5-aff6-4afa-9003-245ff6580d35,10,PROD003,130,Each
afa55ffe-3309-47b9-be0b-6578c28cfb44-20,afa55ffe-3309-47b9-be0b-6578c28cfb44,20,906834d5-aff6-4afa-9003-245ff6580d35-20,906834d5-aff6-4afa-9003-245ff6580d35,20,PROD002,470,Each
69e80f33-58b1-43ff-bd20-85442e97327f-10,69e80f33-58b1-43ff-bd20-85442e97327f,10,3b0dc36b-27e0-401f-9130-0e4474747aaa-10,3b0dc36b-27e0-401f-9130-0e4474747aaa,10,PROD003,120,Each
13cb7e3e-401c-4a15-b9eb-0052b14b7401-10,13cb7e3e-401c-4a15-b9eb-0052b14b7401,10,3b0dc36b-27e0-401f-9130-0e4474747aaa-20,3b0dc36b-27e0-401f-9130-0e4474747aaa,20,PROD001,230,Each
fe11dc39-05cf-41c9-810e-6a2ef043e5fb-10,fe11dc39-05cf-41c9-810e-6a2ef043e5fb,10,083952f4-c877-4c23-97bf-0a985e0a92f3-10,083952f4-c877-4c23-97bf-0a985e0a92f3,10,PROD002,480,Each
fe11dc39-05cf-41c9-810e-6a2ef043e5fb-20,fe11dc39-05cf-41c9-810e-6a2ef043e5fb,20,083952f4-c877-4c23-97bf-0a985e0a92f3-20,083952f4-c877-4c23-97bf-0a985e0a92f3,20,PROD006,160,Each
fe11dc39-05cf-41c9-810e-6a2ef043e5fb-30,fe11dc39-05cf-41c9-810e-6a2ef043e5fb,30,083952f4-c877-4c23-97bf-0a985e0a92f3-30,083952f4-c877-4c23-97bf-0a985e0a92f3,30,PROD005,430,Each
7ad67c8b-7a7c-4b95-8872-c2fa0a217443-10,7ad67c8b-7a7c-4b95-8872-c2fa0a217443,10,688f4ea2-5e37-4df4-9552-9b8c4614e9f7-10,688f4ea2-5e37-4df4-9552-9b8c4614e9f7,10,PROD003,310,Each
7ad67c8b-7a7c-4b95-8872-c2fa0a217443-20,7ad67c8b-7a7c-4b95-8872-c2fa0a217443,20,688f4ea2-5e37-4df4-9552-9b8c4614e9f7-20,688f4ea2-5e37-4df4-9552-9b8c4614e9f7,20,PROD008,350,Each
a469b13a-8e6a-4620-9d2e-f295e588cce4-10,a469b13a-8e6a-4620-9d2e-f295e588cce4,10,35b295d4-dae0-4da5-912c-163ada514f66-10,35b295d4-dae0-4da5-912c-163ada514f66,10,PROD008,27,Each
1159d342-be5a-4a7e-8e2d-73a87d4b41a2-10,1159d342-be5a-4a7e-8e2d-73a87d4b41a2,10,35b295d4-dae0-4da5-912c-163ada514f66-10,35b295d4-dae0-4da5-912c-163ada514f66,10,PROD008,73,Each
88222d3f-6272-43e3-8a2e-e687d7b6c4c6-10,88222d3f-6272-43e3-8a2e-e687d7b6c4c6,10,1b6c07fb-adc5-4f4b-8a33-69ea7e1ca763-10,1b6c07fb-adc5-4f4b-8a33-69ea7e1ca763,10,PROD001,270,Each
281a3587-a70a-4726-8ffc-51261efd16b2-10,281a3587-a70a-4726-8ffc-51261efd16b2,10,4b67c72b-5cde-4e00-987a-7868c09ff7b2-10,4b67c72b-5cde-4e00-987a-7868c09ff7b2,10,PROD009,440,Each
281a3587-a70a-4726-8ffc-51261efd16b2-20,281a3587-a70a-4726-8ffc-51261efd16b2,20,4b67c72b-5cde-4e00-987a-7868c09ff7b2-20,4b67c72b-5cde-4e00-987a-7868c09ff7b2,20,PROD007,420,Each
7e736ec7-6ccf-4df3-8549-2da0913f62a0-10,7e736ec7-6ccf-4df3-8549-2da0913f62a0,10,ec06cddb-3a9e-4b5b-aa80-cc97681d7b25-30,ec06cddb-3a9e-4b5b-aa80-cc97681d7b25,30,PROD002,440,Each
152aba63-8e86-4ff0-b3d3-0dcec6e0524d-10,152aba63-8e86-4ff0-b3d3-0dcec6e0524d,10,ec06cddb-3a9e-4b5b-aa80-cc97681d7b25-10,ec06cddb-3a9e-4b5b-aa80-cc97681d7b25,10,PROD001,350,Each
152aba63-8e86-4ff0-b3d3-0dcec6e0524d-20,152aba63-8e86-4ff0-b3d3-0dcec6e0524d,20,ec06cddb-3a9e-4b5b-aa80-cc97681d7b25-20,ec06cddb-3a9e-4b5b-aa80-cc97681d7b25,20,PROD008,250,Each
7b4bbb6e-258e-43c4-8525-afe66ecb52fd-10,7b4bbb6e-258e-43c4-8525-afe66ecb52fd,10,b8e88f6c-4313-4774-840f-04484a684228-10,b8e88f6c-4313-4774-840f-04484a684228,10,PROD006,50,Each
7b4bbb6e-258e-43c4-8525-afe66ecb52fd-20,7b4bbb6e-258e-43c4-8525-afe66ecb52fd,20,b8e88f6c-4313-4774-840f-04484a684228-20,b8e88f6c-4313-4774-840f-04484a684228,20,PROD007,170,Each
0d20eb19-c7bf-44b5-8af4-b225573d593c-10,0d20eb19-c7bf-44b5-8af4-b225573d593c,10,b92c77f0-715f-4d7d-ba31-1727e4bcd238-10,b92c77f0-715f-4d7d-ba31-1727e4bcd238,10,PROD004,410,Each
f851b7df-6ad3-40d5-bbb1-993844bb9e69-10,f851b7df-6ad3-40d5-bbb1-993844bb9e69,10,9dbb7b63-2ae3-4c77-a609-73b4f0d8bef4-10,9dbb7b63-2ae3-4c77-a609-73b4f0d8bef4,10,PROD009,390,Each
68acec6d-681c-4a39-ba4f-c72774506d9c-10,68acec6d-681c-4a39-ba4f-c72774506d9c,10,9dbb7b63-2ae3-4c77-a609-73b4f0d8bef4-20,9dbb7b63-2ae3-4c77-a609-73b4f0d8bef4,20,PROD001,390,Each
68acec6d-681c-4a39-ba4f-c72774506d9c-20,68acec6d-681c-4a39-ba4f-c72774506d9c,20,9dbb7b63-2ae3-4c77-a609-73b4f0d8bef4-30,9dbb7b63-2ae3-4c77-a609-73b4f0d8bef4,30,PROD008,160,Each
016d399c-6b61-4ef2-8332-0e0a1824ccde-10,016d399c-6b61-4ef2-8332-0e0a1824ccde,10,6b5eef0d-620f-4dcd-90c0-f1dd2a6cc1e8-10,6b5eef0d-620f-4dcd-90c0-f1dd2a6cc1e8,10,PROD004,190,Each
016d399c-6b61-4ef2-8332-0e0a1824ccde-20,016d399c-6b61-4ef2-8332-0e0a1824ccde,20,6b5eef0d-620f-4dcd-90c0-f1dd2a6cc1e8-20,6b5eef0d-620f-4dcd-90c0-f1dd2a6cc1e8,20,PROD006,240,Each
016d399c-6b61-4ef2-8332-0e0a1824ccde-30,016d399c-6b61-4ef2-8332-0e0a1824ccde,30,6b5eef0d-620f-4dcd-90c0-f1dd2a6cc1e8-30,6b5eef0d-620f-4dcd-90c0-f1dd2a6cc1e8,30,PROD008,170,Each
b34504d2-3d07-42bb-9312-7f391f7440d8-10,b34504d2-3d07-42bb-9312-7f391f7440d8,10,6faeaa50-b384-4a47-bf35-6ba57bb5ea26-10,6faeaa50-b384-4a47-bf35-6ba57bb5ea26,10,PROD001,130,Each
da3ccf5e-1a8e-432e-b631-3c0d213ea148-10,da3ccf5e-1a8e-432e-b631-3c0d213ea148,10,df26f34b-e468-4b88-818d-13b7c8090a9d-10,df26f34b-e468-4b88-818d-13b7c8090a9d,10,PROD003,145,Each
1415a640-41fc-4ede-ac5e-a7e51c573806-10,1415a640-41fc-4ede-ac5e-a7e51c573806,10,df26f34b-e468-4b88-818d-13b7c8090a9d-10,df26f34b-e468-4b88-818d-13b7c8090a9d,10,PROD003,185,Each
21fe4163-cfb8-44af-b984-6e1c035d2865-10,21fe4163-cfb8-44af-b984-6e1c035d2865,10,efab1130-14ac-4112-9feb-8a7a3ffe7cd7-10,efab1130-14ac-4112-9feb-8a7a3ffe7cd7,10,PROD006,420,Each
21fe4163-cfb8-44af-b984-6e1c035d2865-20,21fe4163-cfb8-44af-b984-6e1c035d2865,20,efab1130-14ac-4112-9feb-8a7a3ffe7cd7-20,efab1130-14ac-4112-9feb-8a7a3ffe7cd7,20,PROD001,220,Each
7a1c2a64-6f97-4060-a487-d0e53920ce28-10,7a1c2a64-6f97-4060-a487-d0e53920ce28,10,8bd846ec-6fb1-4b20-8f9f-cd58505ff8fb-10,8bd846ec-6fb1-4b20-8f9f-cd58505ff8fb,10,PROD001,190,Each
7a1c2a64-6f97-4060-a487-d0e53920ce28-20,7a1c2a64-6f97-4060-a487-d0e53920ce28,20,8bd846ec-6fb1-4b20-8f9f-cd58505ff8fb-20,8bd846ec-6fb1-4b20-8f9f-cd58505ff8fb,20,PROD004,330,Each
7931b427-2ae5-411e-a306-cb6fb608cc5c-10,7931b427-2ae5-411e-a306-cb6fb608cc5c,10,4c6a94a7-f6f7-4431-8127-b9043f8c790b-10,4c6a94a7-f6f7-4431-8127-b9043f8c790b,10,PROD008,470,Each
67f961b6-5ab8-4bd9-9b39-5cd77376a52e-10,67f961b6-5ab8-4bd9-9b39-5cd77376a52e,10,4c6a94a7-f6f7-4431-8127-b9043f8c790b-20,4c6a94a7-f6f7-4431-8127-b9043f8c790b,20,PROD006,240,Each
67f961b6-5ab8-4bd9-9b39-5cd77376a52e-20,67f961b6-5ab8-4bd9-9b39-5cd77376a52e,20,4c6a94a7-f6f7-4431-8127-b9043f8c790b-30,4c6a94a7-f6f7-4431-8127-b9043f8c790b,30,PROD005,170,Each
1d714aa5-7424-4c51-846b-b8df80a7ac6c-10,1d714aa5-7424-4c51-846b-b8df80a7ac6c,10,764b5fe1-affa-4b6a-a1ff-85730da42fc9-10,764b5fe1-affa-4b6a-a1ff-85730da42fc9,10,PROD007,90,Each
1d714aa5-7424-4c51-846b-b8df80a7ac6c-20,1d714aa5-7424-4c51-846b-b8df80a7ac6c,20,764b5fe1-affa-4b6a-a1ff-85730da42fc9-20,764b5fe1-affa-4b6a-a1ff-85730da42fc9,20,PROD006,60,Each
efaed3aa-bee8-49a4-9c68-b23829ea6361-10,efaed3aa-bee8-49a4-9c68-b23829ea6361,10,08087b6a-3ee1-46f5-bdec-03e8eacb121e-10,08087b6a-3ee1-46f5-bdec-03e8eacb121e,10,PROD001,120,Each
8364baa6-50a6-4dc2-836c-91a90d71afdf-10,8364baa6-50a6-4dc2-836c-91a90d71afdf,10,2dda608a-32b7-4872-b8fe-4ec32a8b8b17-10,2dda608a-32b7-4872-b8fe-4ec32a8b8b17,10,PROD001,180,Each
48714d24-4ffd-49c2-9aab-cc6cc5cf83ea-10,48714d24-4ffd-49c2-9aab-cc6cc5cf83ea,10,2dda608a-32b7-4872-b8fe-4ec32a8b8b17-10,2dda608a-32b7-4872-b8fe-4ec32a8b8b17,10,PROD001,160,Each
fd8b622d-5244-4bdd-ae48-8fb8c12395d1-10,fd8b622d-5244-4bdd-ae48-8fb8c12395d1,10,c09a8218-6b06-4df4-a338-60239f9a1021-10,c09a8218-6b06-4df4-a338-60239f9a1021,10,PROD004,160,Each
fd8b622d-5244-4bdd-ae48-8fb8c12395d1-20,fd8b622d-5244-4bdd-ae48-8fb8c12395d1,20,c09a8218-6b06-4df4-a338-60239f9a1021-20,c09a8218-6b06-4df4-a338-60239f9a1021,20,PROD006,240,Each
fd8b622d-5244-4bdd-ae48-8fb8c12395d1-30,fd8b622d-5244-4bdd-ae48-8fb8c12395d1,30,c09a8218-6b06-4df4-a338-60239f9a1021-30,c09a8218-6b06-4df4-a338-60239f9a1021,30,PROD008,210,Each
e4e8dd02-fd0e-4261-96fe-4dd8ed5fb30b-10,e4e8dd02-fd0e-4261-96fe-4dd8ed5fb30b,10,fba021bb-e55b-4af3-afb3-da38df181850-10,fba021bb-e55b-4af3-afb3-da38df181850,10,PROD005,360,Each
d7db2181-ded2-417a-8981-aabb1db759c5-10,d7db2181-ded2-417a-8981-aabb1db759c5,10,7bf0909c-c66c-4168-be7a-849a23429b49-10,7bf0909c-c66c-4168-be7a-849a23429b49,10,PROD002,190,Each
d8702dab-6dab-47e6-b9e7-9374937b2521-10,d8702dab-6dab-47e6-b9e7-9374937b2521,10,7bf0909c-c66c-4168-be7a-849a23429b49-20,7bf0909c-c66c-4168-be7a-849a23429b49,20,PROD003,240,Each
52a874c6-fc23-49d6-830b-910d4b958064-10,52a874c6-fc23-49d6-830b-910d4b958064,10,ce636b4d-a9c8-41c0-b66a-a4b0b2e774f3-10,ce636b4d-a9c8-41c0-b66a-a4b0b2e774f3,10,PROD005,290,Each
6abe68d8-b235-43de-b5ed-56d056bf5526-10,6abe68d8-b235-43de-b5ed-56d056bf5526,10,044a9059-9a37-4c03-a026-004623adbe03-10,044a9059-9a37-4c03-a026-004623adbe03,10,PROD002,110,Each
6abe68d8-b235-43de-b5ed-56d056bf5526-20,6abe68d8-b235-43de-b5ed-56d056bf5526,20,044a9059-9a37-4c03-a026-004623adbe03-20,044a9059-9a37-4c03-a026-004623adbe03,20,PROD001,230,Each
51d8b4e2-fc12-4927-b26c-3a42dddb3cbe-10,51d8b4e2-fc12-4927-b26c-3a42dddb3cbe,10,fbc6ee31-6a5a-4fb2-a4e8-9ad3c4f2fed2-30,fbc6ee31-6a5a-4fb2-a4e8-9ad3c4f2fed2,30,PROD001,460,Each
4786f24f-4e4c-4a03-b340-3d9481999f54-10,4786f24f-4e4c-4a03-b340-3d9481999f54,10,fbc6ee31-6a5a-4fb2-a4e8-9ad3c4f2fed2-10,fbc6ee31-6a5a-4fb2-a4e8-9ad3c4f2fed2,10,PROD007,400,Each
4786f24f-4e4c-4a03-b340-3d9481999f54-20,4786f24f-4e4c-4a03-b340-3d9481999f54,20,fbc6ee31-6a5a-4fb2-a4e8-9ad3c4f2fed2-20,fbc6ee31-6a5a-4fb2-a4e8-9ad3c4f2fed2,20,PROD009,300,Each
400ce61e-9cb8-455c-aba9-d3b47097c633-10,400ce61e-9cb8-455c-aba9-d3b47097c633,10,3b7f9816-751f-4157-bac3-b8536935777d-10,3b7f9816-751f-4157-bac3-b8536935777d,10,PROD007,400,Each
400ce61e-9cb8-455c-aba9-d3b47097c633-20,400ce61e-9cb8-455c-aba9-d3b47097c633,20,3b7f9816-751f-4157-bac3-b8536935777d-20,3b7f9816-751f-4157-bac3-b8536935777d,20,PROD001,160,Each
68ca5b42-d9bb-4ac8-8451-829b04787917-10,68ca5b42-d9bb-4ac8-8451-829b04787917,10,0c6e3053-315c-4803-91e3-f14ba440be7f-10,0c6e3053-315c-4803-91e3-f14ba440be7f,10,PROD002,160,Each
68ca5b42-d9bb-4ac8-8451-829b04787917-20,68ca5b42-d9bb-4ac8-8451-829b04787917,20,0c6e3053-315c-4803-91e3-f14ba440be7f-20,0c6e3053-315c-4803-91e3-f14ba440be7f,20,PROD001,250,Each
7d7f4d0f-3cd9-4b06-95c8-2d3d8fdf0a7c-10,7d7f4d0f-3cd9-4b06-95c8-2d3d8fdf0a7c,10,760b2ac6-463f-42fc-a0c1-dc0c1e2fa061-10,760b2ac6-463f-42fc-a0c1-dc0c1e2fa061,10,PROD009,105,Each
9eed69e5-8ed7-4095-bfe7-9414562d4c97-10,9eed69e5-8ed7-4095-bfe7-9414562d4c97,10,760b2ac6-463f-42fc-a0c1-dc0c1e2fa061-10,760b2ac6-463f-42fc-a0c1-dc0c1e2fa061,10,PROD009,285,Each
8cc97207-518b-440e-9c71-a145ac8b16fe-10,8cc97207-518b-440e-9c71-a145ac8b16fe,10,99ee9d95-cb2e-43dd-aedd-2de0d074f751-10,99ee9d95-cb2e-43dd-aedd-2de0d074f751,10,PROD006,430,Each
8cc97207-518b-440e-9c71-a145ac8b16fe-20,8cc97207-518b-440e-9c71-a145ac8b16fe,20,99ee9d95-cb2e-43dd-aedd-2de0d074f751-20,99ee9d95-cb2e-43dd-aedd-2de0d074f751,20,PROD009,260,Each
8cc97207-518b-440e-9c71-a145ac8b16fe-30,8cc97207-518b-440e-9c71-a145ac8b16fe,30,99ee9d95-cb2e-43dd-aedd-2de0d074f751-30,99ee9d95-cb2e-43dd-aedd-2de0d074f751,30,PROD008,390,Each
13299ab0-1566-42fe-9cd3-162e6bc60963-10,13299ab0-1566-42fe-9cd3-162e6bc60963,10,1db9872a-a4d9-4d9e-814e-2b9e851adce8-10,1db9872a-a4d9-4d9e-814e-2b9e851adce8,10,PROD003,260,Each
13299ab0-1566-42fe-9cd3-162e6bc60963-20,13299ab0-1566-42fe-9cd3-162e6bc60963,20,1db9872a-a4d9-4d9e-814e-2b9e851adce8-20,1db9872a-a4d9-4d9e-814e-2b9e851adce8,20,PROD001,400,Each
15f4a6c2-cea4-412f-b69c-145406a699ea-10,15f4a6c2-cea4-412f-b69c-145406a699ea,10,89922b64-c0f4-45e4-b7d5-eedb01fe26b3-10,89922b64-c0f4-45e4-b7d5-eedb01fe26b3,10,PROD002,118,Each
56eb7a39-e424-45a5-9d21-1bb9a88d524b-10,56eb7a39-e424-45a5-9d21-1bb9a88d524b,10,89922b64-c0f4-45e4-b7d5-eedb01fe26b3-10,89922b64-c0f4-45e4-b7d5-eedb01fe26b3,10,PROD002,32,Each
08a1084a-2b74-4936-8e26-f25f6e658d11-10,08a1084a-2b74-4936-8e26-f25f6e658d11,10,49bfda88-9d2e-476d-a413-7e85539dd6db-10,49bfda88-9d2e-476d-a413-7e85539dd6db,10,PROD005,330,Each
08a1084a-2b74-4936-8e26-f25f6e658d11-20,08a1084a-2b74-4936-8e26-f25f6e658d11,20,49bfda88-9d2e-476d-a413-7e85539dd6db-20,49bfda88-9d2e-476d-a413-7e85539dd6db,20,PROD001,410,Each
2f9c68bd-cb8c-4bc4-a3c4-f454abd305fa-10,2f9c68bd-cb8c-4bc4-a3c4-f454abd305fa,10,e2faafdd-a3fd-4824-86d1-dd96da952a55-10,e2faafdd-a3fd-4824-86d1-dd96da952a55,10,PROD001,60,Each
de1685ea-a01f-413d-89d0-2712f3cbedb3-10,de1685ea-a01f-413d-89d0-2712f3cbedb3,10,fb812388-00b1-4994-9809-2ce84b7e9faa-10,fb812388-00b1-4994-9809-2ce84b7e9faa,10,PROD001,197,Each
f4f161c8-8327-4dee-8788-c25bd93dfdcd-10,f4f161c8-8327-4dee-8788-c25bd93dfdcd,10,fb812388-00b1-4994-9809-2ce84b7e9faa-10,fb812388-00b1-4994-9809-2ce84b7e9faa,10,PROD001,273,Each
8ee40590-9b04-4b9d-9a25-5ea025dca457-10,8ee40590-9b04-4b9d-9a25-5ea025dca457,10,8a68182b-6d7d-4df0-9cf2-77fa88e179f2-10,8a68182b-6d7d-4df0-9cf2-77fa88e179f2,10,PROD008,390,Each
8ee40590-9b04-4b9d-9a25-5ea025dca457-20,8ee40590-9b04-4b9d-9a25-5ea025dca457,20,8a68182b-6d7d-4df0-9cf2-77fa88e179f2-20,8a68182b-6d7d-4df0-9cf2-77fa88e179f2,20,PROD003,400,Each
d87b37a2-933e-4e6a-8682-1238feff792a-10,d87b37a2-933e-4e6a-8682-1238feff792a,10,2f376f49-818c-4096-874f-393435f37e18-10,2f376f49-818c-4096-874f-393435f37e18,10,PROD006,130,Each
d87b37a2-933e-4e6a-8682-1238feff792a-20,d87b37a2-933e-4e6a-8682-1238feff792a,20,2f376f49-818c-4096-874f-393435f37e18-20,2f376f49-818c-4096-874f-393435f37e18,20,PROD008,120,Each
11835a0b-9542-4b75-885c-7b1721f43b21-10,11835a0b-9542-4b75-885c-7b1721f43b21,10,7b2f9c47-6c01-47a5-9eca-992abd872545-10,7b2f9c47-6c01-47a5-9eca-992abd872545,10,PROD007,185,Each
dc196080-c2a7-4c76-8d51-8fea5ecbd5dc-10,dc196080-c2a7-4c76-8d51-8fea5ecbd5dc,10,7b2f9c47-6c01-47a5-9eca-992abd872545-10,7b2f9c47-6c01-47a5-9eca-992abd872545,10,PROD007,55,Each
c72b9ad8-6e03-4eaf-aa0d-54dd3d3dd188-10,c72b9ad8-6e03-4eaf-aa0d-54dd3d3dd188,10,619843b5-7b27-4766-9757-3bf7425d105d-10,619843b5-7b27-4766-9757-3bf7425d105d,10,PROD005,190,Each
c72b9ad8-6e03-4eaf-aa0d-54dd3d3dd188-20,c72b9ad8-6e03-4eaf-aa0d-54dd3d3dd188,20,619843b5-7b27-4766-9757-3bf7425d105d-20,619843b5-7b27-4766-9757-3bf7425d105d,20,PROD002,230,Each
c72b9ad8-6e03-4eaf-aa0d-54dd3d3dd188-30,c72b9ad8-6e03-4eaf-aa0d-54dd3d3dd188,30,619843b5-7b27-4766-9757-3bf7425d105d-30,619843b5-7b27-4766-9757-3bf7425d105d,30,PROD003,450,Each
fe648a21-359d-47cb-9f00-b6360e6e5e2e-10,fe648a21-359d-47cb-9f00-b6360e6e5e2e,10,5696b01a-c598-4b80-a19d-2962f563944d-10,5696b01a-c598-4b80-a19d-2962f563944d,10,PROD004,150,Each
1243706f-f885-4114-baf5-11e1c0474033-10,1243706f-f885-4114-baf5-11e1c0474033,10,f66c9b55-f892-45e3-987f-1ac89c58a88b-10,f66c9b55-f892-45e3-987f-1ac89c58a88b,10,PROD009,440,Each
940f24c0-695a-4b64-9bb9-10a64a46e44c-10,940f24c0-695a-4b64-9bb9-10a64a46e44c,10,f66c9b55-f892-45e3-987f-1ac89c58a88b-20,f66c9b55-f892-45e3-987f-1ac89c58a88b,20,PROD003,130,Each
940f24c0-695a-4b64-9bb9-10a64a46e44c-20,940f24c0-695a-4b64-9bb9-10a64a46e44c,20,f66c9b55-f892-45e3-987f-1ac89c58a88b-30,f66c9b55-f892-45e3-987f-1ac89c58a88b,30,PROD007,410,Each
1f0d2397-6f28-41b6-bdf9-cd4709edfaeb-10,1f0d2397-6f28-41b6-bdf9-cd4709edfaeb,10,e6b6808f-3273-42e1-844d-e1eb3debf605-10,e6b6808f-3273-42e1-844d-e1eb3debf605,10,PROD007,470,Each
1f0d2397-6f28-41b6-bdf9-cd4709edfaeb-20,1f0d2397-6f28-41b6-bdf9-cd4709edfaeb,20,e6b6808f-3273-42e1-844d-e1eb3debf605-20,e6b6808f-3273-42e1-844d-e1eb3debf605,20,PROD005,70,Each
1f0d2397-6f28-41b6-bdf9-cd4709edfaeb-30,1f0d2397-6f28-41b6-bdf9-cd4709edfaeb,30,e6b6808f-3273-42e1-844d-e1eb3debf605-30,e6b6808f-3273-42e1-844d-e1eb3debf605,30,PROD006,160,Each
abd6499a-bcaa-418c-9236-72d5d7bca328-10,abd6499a-bcaa-418c-9236-72d5d7bca328,10,c23a44e5-4b1a-45d0-8eb9-3d2c1802be4f-10,c23a44e5-4b1a-45d0-8eb9-3d2c1802be4f,10,PROD001,450,Each
89bfc585-9222-494b-b2ca-69fc8353546d-10,89bfc585-9222-494b-b2ca-69fc8353546d,10,cf0fc3b7-7bc4-4358-91e0-ead87d025221-10,cf0fc3b7-7bc4-4358-91e0-ead87d025221,10,PROD006,83,Each
1234bffc-e3dc-43dc-98b8-7c4deed4e68f-10,1234bffc-e3dc-43dc-98b8-7c4deed4e68f,10,cf0fc3b7-7bc4-4358-91e0-ead87d025221-10,cf0fc3b7-7bc4-4358-91e0-ead87d025221,10,PROD006,237,Each
c02210d9-d088-44ba-b311-376d7576612a-10,c02210d9-d088-44ba-b311-376d7576612a,10,91568cee-222b-4949-81ef-d75fde2c77d4-10,91568cee-222b-4949-81ef-d75fde2c77d4,10,PROD003,280,Each
c02210d9-d088-44ba-b311-376d7576612a-20,c02210d9-d088-44ba-b311-376d7576612a,20,91568cee-222b-4949-81ef-d75fde2c77d4-20,91568cee-222b-4949-81ef-d75fde2c77d4,20,PROD008,160,Each
06fe6062-5026-4adf-ab7c-7b94735ac803-10,06fe6062-5026-4adf-ab7c-7b94735ac803,10,2e5250e9-ce6b-47c9-b0ad-5f429e79ee5d-10,2e5250e9-ce6b-47c9-b0ad-5f429e79ee5d,10,PROD007,450,Each
1648949d-e77e-4631-a141-c8eae460f4eb-10,1648949d-e77e-4631-a141-c8eae460f4eb,10,ecb19651-9a1d-48f2-a2a6-ff1dd00d0835-20,ecb19651-9a1d-48f2-a2a6-ff1dd00d0835,20,PROD004,440,Each
89ebe09b-09c1-4050-9faf-ebc237ebcf9b-10,89ebe09b-09c1-4050-9faf-ebc237ebcf9b,10,ecb19651-9a1d-48f2-a2a6-ff1dd00d0835-10,ecb19651-9a1d-48f2-a2a6-ff1dd00d0835,10,PROD005,250,Each
61fbd311-b80c-436b-b2c9-a8c2ac5b6549-10,61fbd311-b80c-436b-b2c9-a8c2ac5b6549,10,602809f9-430a-4b55-a867-87948f79fa8b-10,602809f9-430a-4b55-a867-87948f79fa8b,10,PROD007,290,Each
62023004-bfb2-425f-b23a-d30da8835f7a-10,62023004-bfb2-425f-b23a-d30da8835f7a,10,ab17fc5c-6db0-4dbd-ae94-75ea19c28827-10,ab17fc5c-6db0-4dbd-ae94-75ea19c28827,10,PROD005,390,Each
77b1df46-b85c-4fb7-9d7c-8d1e528c2d4b-10,77b1df46-b85c-4fb7-9d7c-8d1e528c2d4b,10,d179a687-ba60-4bcc-8124-93a9a14dbfc9-10,d179a687-ba60-4bcc-8124-93a9a14dbfc9,10,PROD003,180,Each
9be78820-4fad-49e0-9e5d-ded62875b8b2-10,9be78820-4fad-49e0-9e5d-ded62875b8b2,10,d179a687-ba60-4bcc-8124-93a9a14dbfc9-20,d179a687-ba60-4bcc-8124-93a9a14dbfc9,20,PROD008,320,Each
9be78820-4fad-49e0-9e5d-ded62875b8b2-20,9be78820-4fad-49e0-9e5d-ded62875b8b2,20,d179a687-ba60-4bcc-8124-93a9a14dbfc9-30,d179a687-ba60-4bcc-8124-93a9a14dbfc9,30,PROD001,150,Each
76c49bb0-671d-4378-9974-71a5327b80d4-10,76c49bb0-671d-4378-9974-71a5327b80d4,10,31e37419-b539-402b-9bb1-1b9c5841fee5-10,31e37419-b539-402b-9bb1-1b9c5841fee5,10,PROD004,450,Each
76c49bb0-671d-4378-9974-71a5327b80d4-20,76c49bb0-671d-4378-9974-71a5327b80d4,20,31e37419-b539-402b-9bb1-1b9c5841fee5-20,31e37419-b539-402b-9bb1-1b9c5841fee5,20,PROD006,240,Each
76c49bb0-671d-4378-9974-71a5327b80d4-30,76c49bb0-671d-4378-9974-71a5327b80d4,30,31e37419-b539-402b-9bb1-1b9c5841fee5-30,31e37419-b539-402b-9bb1-1b9c5841fee5,30,PROD002,180,Each
173cb2b3-da51-4597-888b-05f21c50ac95-10,173cb2b3-da51-4597-888b-05f21c50ac95,10,080e0d30-96c6-47ae-9b3b-f61402a10bee-10,080e0d30-96c6-47ae-9b3b-f61402a10bee,10,PROD007,250,Each
ae408ef2-e3f7-4f74-bfa3-9d8a4501b2f2-10,ae408ef2-e3f7-4f74-bfa3-9d8a4501b2f2,10,416bd551-a0f6-4fea-b064-a64b35de6576-10,416bd551-a0f6-4fea-b064-a64b35de6576,10,PROD003,94,Each
c7cf357e-7f78-4064-a35f-a78427797fe8-10,c7cf357e-7f78-4064-a35f-a78427797fe8,10,416bd551-a0f6-4fea-b064-a64b35de6576-10,416bd551-a0f6-4fea-b064-a64b35de6576,10,PROD003,26,Each
f17fb9af-da70-4068-a9a9-003462c64705-10,f17fb9af-da70-4068-a9a9-003462c64705,10,01e67d82-7a32-4965-b059-c65334850915-10,01e67d82-7a32-4965-b059-c65334850915,10,PROD009,270,Each
f17fb9af-da70-4068-a9a9-003462c64705-20,f17fb9af-da70-4068-a9a9-003462c64705,20,01e67d82-7a32-4965-b059-c65334850915-20,01e67d82-7a32-4965-b059-c65334850915,20,PROD002,390,Each
eb400e70-b823-461a-b29e-4657a2ff0c2a-10,eb400e70-b823-461a-b29e-4657a2ff0c2a,10,ab2fe788-3ab4-44d0-8d1d-cbc6866c894b-10,ab2fe788-3ab4-44d0-8d1d-cbc6866c894b,10,PROD008,490,Each
cf22a021-4af6-4db2-bf06-e6e9351cfef2-10,cf22a021-4af6-4db2-bf06-e6e9351cfef2,10,92dee37b-5222-42b0-bb7f-c05222477fa5-10,92dee37b-5222-42b0-bb7f-c05222477fa5,10,PROD003,234,Each
08a83c78-e546-49be-87fa-215c24f58eac-10,08a83c78-e546-49be-87fa-215c24f58eac,10,92dee37b-5222-42b0-bb7f-c05222477fa5-10,92dee37b-5222-42b0-bb7f-c05222477fa5,10,PROD003,126,Each
8a9b3787-b720-44e0-914d-e611608e8011-10,8a9b3787-b720-44e0-914d-e611608e8011,10,35372b9f-d465-476d-9bd9-36f9352ee038-10,35372b9f-d465-476d-9bd9-36f9352ee038,10,PROD008,60,Each
8a9b3787-b720-44e0-914d-e611608e8011-20,8a9b3787-b720-44e0-914d-e611608e8011,20,35372b9f-d465-476d-9bd9-36f9352ee038-20,35372b9f-d465-476d-9bd9-36f9352ee038,20,PROD007,80,Each
d47e5320-a071-4f79-9704-240c0229d733-10,d47e5320-a071-4f79-9704-240c0229d733,10,2b2db077-e8c6-4235-9ce2-02b0a185bb1d-10,2b2db077-e8c6-4235-9ce2-02b0a185bb1d,10,PROD004,90,Each
d47e5320-a071-4f79-9704-240c0229d733-20,d47e5320-a071-4f79-9704-240c0229d733,20,2b2db077-e8c6-4235-9ce2-02b0a185bb1d-20,2b2db077-e8c6-4235-9ce2-02b0a185bb1d,20,PROD005,140,Each
c8914228-6960-4220-9fa7-f137946a39e0-10,c8914228-6960-4220-9fa7-f137946a39e0,10,181cb8ff-2646-4df0-b42c-5d3e77962b53-10,181cb8ff-2646-4df0-b42c-5d3e77962b53,10,PROD004,196,Each
7b7941ef-8d47-4b4d-8cef-3680fa4ae89b-10,7b7941ef-8d47-4b4d-8cef-3680fa4ae89b,10,181cb8ff-2646-4df0-b42c-5d3e77962b53-10,181cb8ff-2646-4df0-b42c-5d3e77962b53,10,PROD004,294,Each
b9379b9b-069a-49e4-845f-1b0825f3a194-10,b9379b9b-069a-49e4-845f-1b0825f3a194,10,5c7733c0-4819-49fb-84e2-e466052eb670-10,5c7733c0-4819-49fb-84e2-e466052eb670,10,PROD008,140,Each
b9379b9b-069a-49e4-845f-1b0825f3a194-20,b9379b9b-069a-49e4-845f-1b0825f3a194,20,5c7733c0-4819-49fb-84e2-e466052eb670-20,5c7733c0-4819-49fb-84e2-e466052eb670,20,PROD009,150,Each
6c8cf68a-ca95-47cd-9d77-a6b65493d1f1-10,6c8cf68a-ca95-47cd-9d77-a6b65493d1f1,10,7bf92ed2-de5f-44b6-b6c3-46454d139d13-10,7bf92ed2-de5f-44b6-b6c3-46454d139d13,10,PROD007,430,Each
6c8cf68a-ca95-47cd-9d77-a6b65493d1f1-20,6c8cf68a-ca95-47cd-9d77-a6b65493d1f1,20,7bf92ed2-de5f-44b6-b6c3-46454d139d13-20,7bf92ed2-de5f-44b6-b6c3-46454d139d13,20,PROD009,240,Each
6c8cf68a-ca95-47cd-9d77-a6b65493d1f1-30,6c8cf68a-ca95-47cd-9d77-a6b65493d1f1,30,7bf92ed2-de5f-44b6-b6c3-46454d139d13-30,7bf92ed2-de5f-44b6-b6c3-46454d139d13,30,PROD008,360,Each
2bd2cd00-4d1f-4e85-93f3-942bb57336f2-10,2bd2cd00-4d1f-4e85-93f3-942bb57336f2,10,06271c54-e3da-489f-a66c-4f710b6c99da-10,06271c54-e3da-489f-a66c-4f710b6c99da,10,PROD009,42,Each
5380e917-7843-4c95-9181-f304fffe227f-10,5380e917-7843-4c95-9181-f304fffe227f,10,06271c54-e3da-489f-a66c-4f710b6c99da-10,06271c54-e3da-489f-a66c-4f710b6c99da,10,PROD009,58,Each
33e62bc6-2e6c-4152-9d91-3fba6f236d4c-10,33e62bc6-2e6c-4152-9d91-3fba6f236d4c,10,6fe9d064-5eef-4bc6-831f-de20184bb636-10,6fe9d064-5eef-4bc6-831f-de20184bb636,10,PROD002,500,Each
33e62bc6-2e6c-4152-9d91-3fba6f236d4c-20,33e62bc6-2e6c-4152-9d91-3fba6f236d4c,20,6fe9d064-5eef-4bc6-831f-de20184bb636-20,6fe9d064-5eef-4bc6-831f-de20184bb636,20,PROD009,160,Each
a24fc6ad-12c5-40f1-8bad-dcbb8a7eaada-10,a24fc6ad-12c5-40f1-8bad-dcbb8a7eaada,10,fd5f86f5-d409-4e6a-ab52-3f3955a8f441-10,fd5f86f5-d409-4e6a-ab52-3f3955a8f441,10,PROD001,120,Each
a24fc6ad-12c5-40f1-8bad-dcbb8a7eaada-20,a24fc6ad-12c5-40f1-8bad-dcbb8a7eaada,20,fd5f86f5-d409-4e6a-ab52-3f3955a8f441-20,fd5f86f5-d409-4e6a-ab52-3f3955a8f441,20,PROD009,130,Each
e77b9520-7a5c-43b5-89a8-d826b4d42ae4-10,e77b9520-7a5c-43b5-89a8-d826b4d42ae4,10,87e09246-5bf9-4c6c-bd83-d071dc91097c-30,87e09246-5bf9-4c6c-bd83-d071dc91097c,30,PROD006,230,Each
5b9f0e83-1352-49ec-8d3a-0ac3d617c612-10,5b9f0e83-1352-49ec-8d3a-0ac3d617c612,10,87e09246-5bf9-4c6c-bd83-d071dc91097c-10,87e09246-5bf9-4c6c-bd83-d071dc91097c,10,PROD007,150,Each
5b9f0e83-1352-49ec-8d3a-0ac3d617c612-20,5b9f0e83-1352-49ec-8d3a-0ac3d617c612,20,87e09246-5bf9-4c6c-bd83-d071dc91097c-20,87e09246-5bf9-4c6c-bd83-d071dc91097c,20,PROD008,200,Each
6ebbdec7-35c5-479a-8478-4b05c91a079d-10,6ebbdec7-35c5-479a-8478-4b05c91a079d,10,9ac4b608-779c-474a-9066-0da607b22ff8-10,9ac4b608-779c-474a-9066-0da607b22ff8,10,PROD001,130,Each
6ebbdec7-35c5-479a-8478-4b05c91a079d-20,6ebbdec7-35c5-479a-8478-4b05c91a079d,20,9ac4b608-779c-474a-9066-0da607b22ff8-20,9ac4b608-779c-474a-9066-0da607b22ff8,20,PROD005,400,Each
6ebbdec7-35c5-479a-8478-4b05c91a079d-30,6ebbdec7-35c5-479a-8478-4b05c91a079d,30,9ac4b608-779c-474a-9066-0da607b22ff8-30,9ac4b608-779c-474a-9066-0da607b22ff8,30,PROD009,490,Each
5b61ac6f-5500-4858-990d-881f2f783739-10,5b61ac6f-5500-4858-990d-881f2f783739,10,0564c3f1-4183-4d1e-991a-1be06561e1d2-10,0564c3f1-4183-4d1e-991a-1be06561e1d2,10,PROD006,60,Each
64cf10a6-e78c-48eb-a734-6116e6b1e7f1-10,64cf10a6-e78c-48eb-a734-6116e6b1e7f1,10,5c4470ba-c2ab-41f9-b0b1-d23e2f55f977-10,5c4470ba-c2ab-41f9-b0b1-d23e2f55f977,10,PROD005,220,Each
bd16cb4f-f5a2-48e8-957c-bf1320b03176-10,bd16cb4f-f5a2-48e8-957c-bf1320b03176,10,5c4470ba-c2ab-41f9-b0b1-d23e2f55f977-20,5c4470ba-c2ab-41f9-b0b1-d23e2f55f977,20,PROD002,340,Each
aba4d841-df30-4806-bf3f-822a133e0c26-10,aba4d841-df30-4806-bf3f-822a133e0c26,10,a98fa609-d8fe-4308-82dd-00821eaed1ac-10,a98fa609-d8fe-4308-82dd-00821eaed1ac,10,PROD002,420,Each
aba4d841-df30-4806-bf3f-822a133e0c26-20,aba4d841-df30-4806-bf3f-822a133e0c26,20,a98fa609-d8fe-4308-82dd-00821eaed1ac-20,a98fa609-d8fe-4308-82dd-00821eaed1ac,20,PROD007,50,Each
aba4d841-df30-4806-bf3f-822a133e0c26-30,aba4d841-df30-4806-bf3f-822a133e0c26,30,a98fa609-d8fe-4308-82dd-00821eaed1ac-30,a98fa609-d8fe-4308-82dd-00821eaed1ac,30,PROD008,330,Each
4a0e1104-d76d-484f-9631-8f5a7ddd0063-10,4a0e1104-d76d-484f-9631-8f5a7ddd0063,10,8dc357cb-4836-4206-b477-8c36d4ddaae2-10,8dc357cb-4836-4206-b477-8c36d4ddaae2,10,PROD009,100,Each
869fd087-a202-4b7b-b43d-29baa0b0eb81-10,869fd087-a202-4b7b-b43d-29baa0b0eb81,10,e7d19b24-7421-4f7a-acb9-d257acbbfa31-10,e7d19b24-7421-4f7a-acb9-d257acbbfa31,10,PROD004,90,Each
cbed5697-5c5c-4934-b69e-c935ac347b8f-10,cbed5697-5c5c-4934-b69e-c935ac347b8f,10,e7d19b24-7421-4f7a-acb9-d257acbbfa31-20,e7d19b24-7421-4f7a-acb9-d257acbbfa31,20,PROD005,330,Each
d4a20982-6447-4769-a042-5398dc56c361-10,d4a20982-6447-4769-a042-5398dc56c361,10,41864ebb-c60e-4b0e-b510-49625d045609-10,41864ebb-c60e-4b0e-b510-49625d045609,10,PROD002,50,Each
ecf1f2cc-b732-4334-accc-6b4067f2c72a-10,ecf1f2cc-b732-4334-accc-6b4067f2c72a,10,7163caae-5b5e-46b7-83f8-935cec6c87ee-10,7163caae-5b5e-46b7-83f8-935cec6c87ee,10,PROD003,290,Each
8bfbd923-5370-4058-821b-f7da1f452a36-10,8bfbd923-5370-4058-821b-f7da1f452a36,10,c10307ee-6644-4486-968b-9c8a2409f6fb-10,c10307ee-6644-4486-968b-9c8a2409f6fb,10,PROD007,310,Each
ff2c268c-a4cd-411f-9556-10a1a1c9781f-10,ff2c268c-a4cd-411f-9556-10a1a1c9781f,10,c10307ee-6644-4486-968b-9c8a2409f6fb-20,c10307ee-6644-4486-968b-9c8a2409f6fb,20,PROD004,460,Each
59591eb5-2514-4e0c-8939-be18b9428fee-10,59591eb5-2514-4e0c-8939-be18b9428fee,10,d81ba354-e266-4f11-8362-453992c066db-10,d81ba354-e266-4f11-8362-453992c066db,10,PROD001,350,Each
59591eb5-2514-4e0c-8939-be18b9428fee-20,59591eb5-2514-4e0c-8939-be18b9428fee,20,d81ba354-e266-4f11-8362-453992c066db-20,d81ba354-e266-4f11-8362-453992c066db,20,PROD005,380,Each
59591eb5-2514-4e0c-8939-be18b9428fee-30,59591eb5-2514-4e0c-8939-be18b9428fee,30,d81ba354-e266-4f11-8362-453992c066db-30,d81ba354-e266-4f11-8362-453992c066db,30,PROD003,200,Each
84c155cc-1d58-4212-b94b-fcef07f59219-10,84c155cc-1d58-4212-b94b-fcef07f59219,10,35b1e361-4d35-495d-a6d5-72d1ca214cc7-10,35b1e361-4d35-495d-a6d5-72d1ca214cc7,10,PROD002,160,Each
84c155cc-1d58-4212-b94b-fcef07f59219-20,84c155cc-1d58-4212-b94b-fcef07f59219,20,35b1e361-4d35-495d-a6d5-72d1ca214cc7-20,35b1e361-4d35-495d-a6d5-72d1ca214cc7,20,PROD009,360,Each
33dbcd47-6203-4040-9064-1b9047913f61-10,33dbcd47-6203-4040-9064-1b9047913f61,10,fac0595a-83ce-419d-ab49-fa85b0eefea7-10,fac0595a-83ce-419d-ab49-fa85b0eefea7,10,PROD008,150,Each
676fb664-a86a-45c0-85b3-31ed39bdcff4-10,676fb664-a86a-45c0-85b3-31ed39bdcff4,10,fac0595a-83ce-419d-ab49-fa85b0eefea7-20,fac0595a-83ce-419d-ab49-fa85b0eefea7,20,PROD005,140,Each
676fb664-a86a-45c0-85b3-31ed39bdcff4-20,676fb664-a86a-45c0-85b3-31ed39bdcff4,20,fac0595a-83ce-419d-ab49-fa85b0eefea7-30,fac0595a-83ce-419d-ab49-fa85b0eefea7,30,PROD001,140,Each
0dd8c131-60b7-49e0-b70c-9deefa164fb1-10,0dd8c131-60b7-49e0-b70c-9deefa164fb1,10,fc3c5856-fae7-4b2e-b2e1-c03dbed32538-10,fc3c5856-fae7-4b2e-b2e1-c03dbed32538,10,PROD002,160,Each
0dd8c131-60b7-49e0-b70c-9deefa164fb1-20,0dd8c131-60b7-49e0-b70c-9deefa164fb1,20,fc3c5856-fae7-4b2e-b2e1-c03dbed32538-20,fc3c5856-fae7-4b2e-b2e1-c03dbed32538,20,PROD001,140,Each
02045238-9876-4bf7-9b15-1ec626dbfc60-10,02045238-9876-4bf7-9b15-1ec626dbfc60,10,915aacff-6f98-44bb-8fbf-4b2feb320603-10,915aacff-6f98-44bb-8fbf-4b2feb320603,10,PROD007,290,Each
d9384b7f-d89f-4384-a2d8-586dc60ce709-10,d9384b7f-d89f-4384-a2d8-586dc60ce709,10,d451de9b-2424-45e2-bb9a-9c70cb1d97e4-30,d451de9b-2424-45e2-bb9a-9c70cb1d97e4,30,PROD006,360,Each
27dce0bb-3c29-49e6-84b9-9e133068d780-10,27dce0bb-3c29-49e6-84b9-9e133068d780,10,d451de9b-2424-45e2-bb9a-9c70cb1d97e4-10,d451de9b-2424-45e2-bb9a-9c70cb1d97e4,10,PROD001,400,Each
27dce0bb-3c29-49e6-84b9-9e133068d780-20,27dce0bb-3c29-49e6-84b9-9e133068d780,20,d451de9b-2424-45e2-bb9a-9c70cb1d97e4-20,d451de9b-2424-45e2-bb9a-9c70cb1d97e4,20,PROD007,370,Each
f57f0534-3646-49b0-aac8-f5d04956498e-10,f57f0534-3646-49b0-aac8-f5d04956498e,10,4fe2e78d-53f2-41ee-8b70-98399f91150f-10,4fe2e78d-53f2-41ee-8b70-98399f91150f,10,PROD007,240,Each
f57f0534-3646-49b0-aac8-f5d04956498e-20,f57f0534-3646-49b0-aac8-f5d04956498e,20,4fe2e78d-53f2-41ee-8b70-98399f91150f-20,4fe2e78d-53f2-41ee-8b70-98399f91150f,20,PROD001,200,Each
041dc34f-879a-4441-ab8a-cba6e4368c62-10,041dc34f-879a-4441-ab8a-cba6e4368c62,10,41143d55-21b4-4ab3-85c6-f4a423659e27-10,41143d55-21b4-4ab3-85c6-f4a423659e27,10,PROD001,240,Each
39638e03-ac56-4c85-804b-aacfd85ca11b-10,39638e03-ac56-4c85-804b-aacfd85ca11b,10,0d809649-84ac-44e5-a7f5-f44670ae884b-10,0d809649-84ac-44e5-a7f5-f44670ae884b,10,PROD002,220,Each
88c56351-9540-48e4-aaf1-46b05bd23b41-10,88c56351-9540-48e4-aaf1-46b05bd23b41,10,0d809649-84ac-44e5-a7f5-f44670ae884b-20,0d809649-84ac-44e5-a7f5-f44670ae884b,20,PROD006,220,Each
8b60ba33-6f67-4365-9f43-8e725722058a-10,8b60ba33-6f67-4365-9f43-8e725722058a,10,aa94b848-6e6f-4d43-a8cb-e9d970827e74-10,aa94b848-6e6f-4d43-a8cb-e9d970827e74,10,PROD005,340,Each
8b60ba33-6f67-4365-9f43-8e725722058a-20,8b60ba33-6f67-4365-9f43-8e725722058a,20,aa94b848-6e6f-4d43-a8cb-e9d970827e74-20,aa94b848-6e6f-4d43-a8cb-e9d970827e74,20,PROD003,490,Each
be730c3f-14c3-4f1b-8b4f-0ba477a970d7-10,be730c3f-14c3-4f1b-8b4f-0ba477a970d7,10,a6fe31c2-4453-4362-9346-2bbce17200e8-10,a6fe31c2-4453-4362-9346-2bbce17200e8,10,PROD008,430,Each
be730c3f-14c3-4f1b-8b4f-0ba477a970d7-20,be730c3f-14c3-4f1b-8b4f-0ba477a970d7,20,a6fe31c2-4453-4362-9346-2bbce17200e8-20,a6fe31c2-4453-4362-9346-2bbce17200e8,20,PROD003,480,Each
327978ed-d801-45af-8f0e-24c4727d95c7-10,327978ed-d801-45af-8f0e-24c4727d95c7,10,6a6dcb20-7a96-480e-88ca-8601e94b2e72-10,6a6dcb20-7a96-480e-88ca-8601e94b2e72,10,PROD007,350,Each
142e9331-09ba-4925-b6c4-c81d7272d72d-10,142e9331-09ba-4925-b6c4-c81d7272d72d,10,6a6dcb20-7a96-480e-88ca-8601e94b2e72-20,6a6dcb20-7a96-480e-88ca-8601e94b2e72,20,PROD002,330,Each
bed3f47b-878f-41ff-bfd6-ecf6e7a96b82-10,bed3f47b-878f-41ff-bfd6-ecf6e7a96b82,10,9de1d1ed-0a16-46bb-aac5-833a2584444a-10,9de1d1ed-0a16-46bb-aac5-833a2584444a,10,PROD009,370,Each
bed3f47b-878f-41ff-bfd6-ecf6e7a96b82-20,bed3f47b-878f-41ff-bfd6-ecf6e7a96b82,20,9de1d1ed-0a16-46bb-aac5-833a2584444a-20,9de1d1ed-0a16-46bb-aac5-833a2584444a,20,PROD005,250,Each
bed3f47b-878f-41ff-bfd6-ecf6e7a96b82-30,bed3f47b-878f-41ff-bfd6-ecf6e7a96b82,30,9de1d1ed-0a16-46bb-aac5-833a2584444a-30,9de1d1ed-0a16-46bb-aac5-833a2584444a,30,PROD006,230,Each
3c5c9c07-ae08-4673-93c3-3baee2de51c2-10,3c5c9c07-ae08-4673-93c3-3baee2de51c2,10,4cbdf935-6d15-4957-a902-8ab26d3494d3-10,4cbdf935-6d15-4957-a902-8ab26d3494d3,10,PROD008,390,Each
3c5c9c07-ae08-4673-93c3-3baee2de51c2-20,3c5c9c07-ae08-4673-93c3-3baee2de51c2,20,4cbdf935-6d15-4957-a902-8ab26d3494d3-20,4cbdf935-6d15-4957-a902-8ab26d3494d3,20,PROD005,70,Each
b372b2b9-09ae-4883-8d97-305e97e5c9cb-10,b372b2b9-09ae-4883-8d97-305e97e5c9cb,10,5d3ad673-2731-4cd8-af20-b9696943c94b-20,5d3ad673-2731-4cd8-af20-b9696943c94b,20,PROD001,140,Each
d5bb1dae-db1c-42d8-989f-152120434702-10,d5bb1dae-db1c-42d8-989f-152120434702,10,5d3ad673-2731-4cd8-af20-b9696943c94b-10,5d3ad673-2731-4cd8-af20-b9696943c94b,10,PROD007,470,Each
ed453d9d-f64c-4170-9648-4daa3365f089-10,ed453d9d-f64c-4170-9648-4daa3365f089,10,367c7270-15db-486a-9a1b-9e8d4d32fcb1-10,367c7270-15db-486a-9a1b-9e8d4d32fcb1,10,PROD006,280,Each
ed453d9d-f64c-4170-9648-4daa3365f089-20,ed453d9d-f64c-4170-9648-4daa3365f089,20,367c7270-15db-486a-9a1b-9e8d4d32fcb1-20,367c7270-15db-486a-9a1b-9e8d4d32fcb1,20,PROD002,150,Each
3880778d-736d-4603-9c0d-9ee222b2488a-10,3880778d-736d-4603-9c0d-9ee222b2488a,10,7eac498c-cff8-4bbc-a9d2-289bff1e27ba-10,7eac498c-cff8-4bbc-a9d2-289bff1e27ba,10,PROD005,440,Each
0c84470c-b0ea-43a1-bf28-0132373c312f-10,0c84470c-b0ea-43a1-bf28-0132373c312f,10,c77e3296-667a-4013-aabb-59a923582a77-10,c77e3296-667a-4013-aabb-59a923582a77,10,PROD004,148,Each
169256b8-7b59-4667-ae4c-83d7106683a4-10,169256b8-7b59-4667-ae4c-83d7106683a4,10,c77e3296-667a-4013-aabb-59a923582a77-10,c77e3296-667a-4013-aabb-59a923582a77,10,PROD004,242,Each
01de9373-176b-4def-bc5b-66a7cbc90162-10,01de9373-176b-4def-bc5b-66a7cbc90162,10,a609eb53-6ea7-4edd-9e30-294d097e0eb2-10,a609eb53-6ea7-4edd-9e30-294d097e0eb2,10,PROD003,80,Each
01de9373-176b-4def-bc5b-66a7cbc90162-20,01de9373-176b-4def-bc5b-66a7cbc90162,20,a609eb53-6ea7-4edd-9e30-294d097e0eb2-20,a609eb53-6ea7-4edd-9e30-294d097e0eb2,20,PROD001,390,Each
d89672de-9b7a-4c8f-b5a9-d2ca1af99135-10,d89672de-9b7a-4c8f-b5a9-d2ca1af99135,10,99f7dd01-34f7-402c-bcb5-384d8de9d738-10,99f7dd01-34f7-402c-bcb5-384d8de9d738,10,PROD003,370,Each
a92b0923-bbb2-4729-ad7a-2978e0efdc80-10,a92b0923-bbb2-4729-ad7a-2978e0efdc80,10,0c885944-1ef3-434e-9b92-9b986ef7f530-10,0c885944-1ef3-434e-9b92-9b986ef7f530,10,PROD001,102,Each
0f6eeded-ff65-4c8d-bded-ea845b7f4583-10,0f6eeded-ff65-4c8d-bded-ea845b7f4583,10,0c885944-1ef3-434e-9b92-9b986ef7f530-10,0c885944-1ef3-434e-9b92-9b986ef7f530,10,PROD001,198,Each
de39d440-38c9-4cf1-85f5-f0dd0d94e7c9-10,de39d440-38c9-4cf1-85f5-f0dd0d94e7c9,10,a3b2b7ce-599a-4838-a783-5e75a9ac670e-10,a3b2b7ce-599a-4838-a783-5e75a9ac670e,10,PROD006,110,Each
de39d440-38c9-4cf1-85f5-f0dd0d94e7c9-20,de39d440-38c9-4cf1-85f5-f0dd0d94e7c9,20,a3b2b7ce-599a-4838-a783-5e75a9ac670e-20,a3b2b7ce-599a-4838-a783-5e75a9ac670e,20,PROD007,120,Each
de39d440-38c9-4cf1-85f5-f0dd0d94e7c9-30,de39d440-38c9-4cf1-85f5-f0dd0d94e7c9,30,a3b2b7ce-599a-4838-a783-5e75a9ac670e-30,a3b2b7ce-599a-4838-a783-5e75a9ac670e,30,PROD008,80,Each
a1ea102b-02ed-4b73-ae7f-48b8e7da4b46-10,a1ea102b-02ed-4b73-ae7f-48b8e7da4b46,10,f48e981c-7506-4966-b1ba-ed81015bf3c8-10,f48e981c-7506-4966-b1ba-ed81015bf3c8,10,PROD009,180,Each
9de7f9b5-53f9-4d7a-ab3e-ad533e4347f5-10,9de7f9b5-53f9-4d7a-ab3e-ad533e4347f5,10,6f9b8d60-eba0-4327-8f5c-09868bd04ab8-20,6f9b8d60-eba0-4327-8f5c-09868bd04ab8,20,PROD009,220,Each
dc7f53e9-c307-41e5-84f0-dd4b5864f733-10,dc7f53e9-c307-41e5-84f0-dd4b5864f733,10,6f9b8d60-eba0-4327-8f5c-09868bd04ab8-10,6f9b8d60-eba0-4327-8f5c-09868bd04ab8,10,PROD008,220,Each
9513cfb8-fd71-4287-9ece-0837bdd17070-10,9513cfb8-fd71-4287-9ece-0837bdd17070,10,e54d4444-2eca-4de2-8556-ce5c2512ba63-10,e54d4444-2eca-4de2-8556-ce5c2512ba63,10,PROD008,450,Each
9513cfb8-fd71-4287-9ece-0837bdd17070-20,9513cfb8-fd71-4287-9ece-0837bdd17070,20,e54d4444-2eca-4de2-8556-ce5c2512ba63-20,e54d4444-2eca-4de2-8556-ce5c2512ba63,20,PROD004,110,Each
37c0dccc-d6ab-4142-881f-3434c55280b2-10,37c0dccc-d6ab-4142-881f-3434c55280b2,10,5973d006-3738-442a-b27c-08a6ef6be12b-10,5973d006-3738-442a-b27c-08a6ef6be12b,10,PROD002,420,Each
37c0dccc-d6ab-4142-881f-3434c55280b2-20,37c0dccc-d6ab-4142-881f-3434c55280b2,20,5973d006-3738-442a-b27c-08a6ef6be12b-20,5973d006-3738-442a-b27c-08a6ef6be12b,20,PROD004,60,Each
37c0dccc-d6ab-4142-881f-3434c55280b2-30,37c0dccc-d6ab-4142-881f-3434c55280b2,30,5973d006-3738-442a-b27c-08a6ef6be12b-30,5973d006-3738-442a-b27c-08a6ef6be12b,30,PROD007,220,Each
5d44c568-2f70-4b46-959b-efdbc72defb5-10,5d44c568-2f70-4b46-959b-efdbc72defb5,10,6e477f11-5f68-462f-a997-13b5c370dc18-10,6e477f11-5f68-462f-a997-13b5c370dc18,10,PROD005,146,Each
14bb515f-e1d1-41df-a499-232151d383b7-10,14bb515f-e1d1-41df-a499-232151d383b7,10,6e477f11-5f68-462f-a997-13b5c370dc18-10,6e477f11-5f68-462f-a997-13b5c370dc18,10,PROD005,324,Each
7a5f9f59-79f4-4297-a281-bbc9300a96e0-10,7a5f9f59-79f4-4297-a281-bbc9300a96e0,10,d10e5a31-1578-4fde-9347-2b2091fdb2cc-10,d10e5a31-1578-4fde-9347-2b2091fdb2cc,10,PROD001,280,Each
ea8fefe6-d834-471b-bbe1-0e42173ca9dc-10,ea8fefe6-d834-471b-bbe1-0e42173ca9dc,10,06cdc445-86e4-48df-aa95-c81ef6104d1c-10,06cdc445-86e4-48df-aa95-c81ef6104d1c,10,PROD003,60,Each
ea8fefe6-d834-471b-bbe1-0e42173ca9dc-20,ea8fefe6-d834-471b-bbe1-0e42173ca9dc,20,06cdc445-86e4-48df-aa95-c81ef6104d1c-20,06cdc445-86e4-48df-aa95-c81ef6104d1c,20,PROD007,80,Each
ea8fefe6-d834-471b-bbe1-0e42173ca9dc-30,ea8fefe6-d834-471b-bbe1-0e42173ca9dc,30,06cdc445-86e4-48df-aa95-c81ef6104d1c-30,06cdc445-86e4-48df-aa95-c81ef6104d1c,30,PROD006,300,Each
5ffb265e-314e-4637-9099-b3e04c928955-10,5ffb265e-314e-4637-9099-b3e04c928955,10,d5652c3a-c698-47b1-97e8-274ee2b82d3a-10,d5652c3a-c698-47b1-97e8-274ee2b82d3a,10,PROD007,155,Each
71c20178-7211-4a13-9a22-a69d72225128-10,71c20178-7211-4a13-9a22-a69d72225128,10,d5652c3a-c698-47b1-97e8-274ee2b82d3a-10,d5652c3a-c698-47b1-97e8-274ee2b82d3a,10,PROD007,205,Each
a3c6abe1-8db3-4b79-bcb2-b2133386ab8c-10,a3c6abe1-8db3-4b79-bcb2-b2133386ab8c,10,6eba92df-ddb5-4a62-a1e7-ad26f1548a05-10,6eba92df-ddb5-4a62-a1e7-ad26f1548a05,10,PROD005,270,Each
a3c6abe1-8db3-4b79-bcb2-b2133386ab8c-20,a3c6abe1-8db3-4b79-bcb2-b2133386ab8c,20,6eba92df-ddb5-4a62-a1e7-ad26f1548a05-20,6eba92df-ddb5-4a62-a1e7-ad26f1548a05,20,PROD007,370,Each
a3c6abe1-8db3-4b79-bcb2-b2133386ab8c-30,a3c6abe1-8db3-4b79-bcb2-b2133386ab8c,30,6eba92df-ddb5-4a62-a1e7-ad26f1548a05-30,6eba92df-ddb5-4a62-a1e7-ad26f1548a05,30,PROD009,350,Each
057e1a8b-abf4-4c03-9429-c5f8c194def5-10,057e1a8b-abf4-4c03-9429-c5f8c194def5,10,d30bd208-e368-49cb-b417-1a8123920f78-10,d30bd208-e368-49cb-b417-1a8123920f78,10,PROD007,170,Each
057e1a8b-abf4-4c03-9429-c5f8c194def5-20,057e1a8b-abf4-4c03-9429-c5f8c194def5,20,d30bd208-e368-49cb-b417-1a8123920f78-20,d30bd208-e368-49cb-b417-1a8123920f78,20,PROD008,70,Each
388a2455-5c48-472b-ad45-a451d323e549-10,388a2455-5c48-472b-ad45-a451d323e549,10,081ffe5d-2c85-4f9b-bed3-c85a1595afd6-20,081ffe5d-2c85-4f9b-bed3-c85a1595afd6,20,PROD004,470,Each
51b818c5-9e30-4e42-9fd9-61d8f8667fd9-10,51b818c5-9e30-4e42-9fd9-61d8f8667fd9,10,081ffe5d-2c85-4f9b-bed3-c85a1595afd6-10,081ffe5d-2c85-4f9b-bed3-c85a1595afd6,10,PROD008,100,Each
0541286a-ef6c-4003-af10-2133a59cb2b9-10,0541286a-ef6c-4003-af10-2133a59cb2b9,10,f675b8f7-4cf6-413e-ad88-54d30bfdf4bb-10,f675b8f7-4cf6-413e-ad88-54d30bfdf4bb,10,PROD006,320,Each
0541286a-ef6c-4003-af10-2133a59cb2b9-20,0541286a-ef6c-4003-af10-2133a59cb2b9,20,f675b8f7-4cf6-413e-ad88-54d30bfdf4bb-20,f675b8f7-4cf6-413e-ad88-54d30bfdf4bb,20,PROD007,370,Each
0541286a-ef6c-4003-af10-2133a59cb2b9-30,0541286a-ef6c-4003-af10-2133a59cb2b9,30,f675b8f7-4cf6-413e-ad88-54d30bfdf4bb-30,f675b8f7-4cf6-413e-ad88-54d30bfdf4bb,30,PROD009,50,Each
8a629719-b0e2-4c45-8c42-1e6351bf4203-10,8a629719-b0e2-4c45-8c42-1e6351bf4203,10,78d70c11-d581-432a-b4d6-12f20697908f-10,78d70c11-d581-432a-b4d6-12f20697908f,10,PROD009,350,Each
65804db7-843f-4f11-a2c6-20ab2370a5fd-10,65804db7-843f-4f11-a2c6-20ab2370a5fd,10,37d586db-a82c-427f-9128-b7840c920f77-10,37d586db-a82c-427f-9128-b7840c920f77,10,PROD003,395,Each
84a025b7-6ce9-40bf-b32c-d2621274be39-10,84a025b7-6ce9-40bf-b32c-d2621274be39,10,37d586db-a82c-427f-9128-b7840c920f77-10,37d586db-a82c-427f-9128-b7840c920f77,10,PROD003,105,Each
5cfb8d6d-ed58-44e6-86fd-b543ac044067-10,5cfb8d6d-ed58-44e6-86fd-b543ac044067,10,218113d9-e709-441b-b2c4-63921a5fb7bf-10,218113d9-e709-441b-b2c4-63921a5fb7bf,10,PROD005,330,Each
5cfb8d6d-ed58-44e6-86fd-b543ac044067-20,5cfb8d6d-ed58-44e6-86fd-b543ac044067,20,218113d9-e709-441b-b2c4-63921a5fb7bf-20,218113d9-e709-441b-b2c4-63921a5fb7bf,20,PROD002,130,Each
5cfb8d6d-ed58-44e6-86fd-b543ac044067-30,5cfb8d6d-ed58-44e6-86fd-b543ac044067,30,218113d9-e709-441b-b2c4-63921a5fb7bf-30,218113d9-e709-441b-b2c4-63921a5fb7bf,30,PROD003,450,Each
2572de9a-b823-412a-90d4-00d0ca201e7a-10,2572de9a-b823-412a-90d4-00d0ca201e7a,10,5d267640-95cd-43db-b233-f13cc4b77d2c-10,5d267640-95cd-43db-b233-f13cc4b77d2c,10,PROD002,190,Each
2572de9a-b823-412a-90d4-00d0ca201e7a-20,2572de9a-b823-412a-90d4-00d0ca201e7a,20,5d267640-95cd-43db-b233-f13cc4b77d2c-20,5d267640-95cd-43db-b233-f13cc4b77d2c,20,PROD003,280,Each
2572de9a-b823-412a-90d4-00d0ca201e7a-30,2572de9a-b823-412a-90d4-00d0ca201e7a,30,5d267640-95cd-43db-b233-f13cc4b77d2c-30,5d267640-95cd-43db-b233-f13cc4b77d2c,30,PROD006,200,Each
1ca705a0-2578-44cb-be9d-6d717e2560c6-10,1ca705a0-2578-44cb-be9d-6d717e2560c6,10,a9943efb-5ffb-4ce9-91d2-6e6c5b218aa3-10,a9943efb-5ffb-4ce9-91d2-6e6c5b218aa3,10,PROD006,440,Each
b46c8ef6-d825-4850-9695-0dd7fde189a5-10,b46c8ef6-d825-4850-9695-0dd7fde189a5,10,a9943efb-5ffb-4ce9-91d2-6e6c5b218aa3-20,a9943efb-5ffb-4ce9-91d2-6e6c5b218aa3,20,PROD004,70,Each
b46c8ef6-d825-4850-9695-0dd7fde189a5-20,b46c8ef6-d825-4850-9695-0dd7fde189a5,20,a9943efb-5ffb-4ce9-91d2-6e6c5b218aa3-30,a9943efb-5ffb-4ce9-91d2-6e6c5b218aa3,30,PROD005,200,Each
4bb2e447-6c76-48c8-aa5e-6e056597e4f0-10,4bb2e447-6c76-48c8-aa5e-6e056597e4f0,10,01709e58-e737-4205-a44f-201bcc38fe7f-10,01709e58-e737-4205-a44f-201bcc38fe7f,10,PROD006,260,Each
7b52d567-5c9a-4a6a-9543-d5bd7a8636d5-10,7b52d567-5c9a-4a6a-9543-d5bd7a8636d5,10,0cf22b41-5535-429f-aa90-be82256c0831-10,0cf22b41-5535-429f-aa90-be82256c0831,10,PROD007,280,Each
7b52d567-5c9a-4a6a-9543-d5bd7a8636d5-20,7b52d567-5c9a-4a6a-9543-d5bd7a8636d5,20,0cf22b41-5535-429f-aa90-be82256c0831-20,0cf22b41-5535-429f-aa90-be82256c0831,20,PROD009,410,Each
7b52d567-5c9a-4a6a-9543-d5bd7a8636d5-30,7b52d567-5c9a-4a6a-9543-d5bd7a8636d5,30,0cf22b41-5535-429f-aa90-be82256c0831-30,0cf22b41-5535-429f-aa90-be82256c0831,30,PROD006,440,Each
e651b799-1ed7-4101-8ee6-d28092bd1fa8-10,e651b799-1ed7-4101-8ee6-d28092bd1fa8,10,bcd71f4b-dd38-4ab5-9af0-6eeb12505f9b-20,bcd71f4b-dd38-4ab5-9af0-6eeb12505f9b,20,PROD007,490,Each
fd48b231-cd3d-43c6-9e44-40d5a3388fed-10,fd48b231-cd3d-43c6-9e44-40d5a3388fed,10,bcd71f4b-dd38-4ab5-9af0-6eeb12505f9b-10,bcd71f4b-dd38-4ab5-9af0-6eeb12505f9b,10,PROD009,400,Each
808e5084-d832-4359-b47a-9a7cc9b83e24-10,808e5084-d832-4359-b47a-9a7cc9b83e24,10,72467dc6-3eb0-4dcd-9666-631a6f79a3d7-10,72467dc6-3eb0-4dcd-9666-631a6f79a3d7,10,PROD007,240,Each
808e5084-d832-4359-b47a-9a7cc9b83e24-20,808e5084-d832-4359-b47a-9a7cc9b83e24,20,72467dc6-3eb0-4dcd-9666-631a6f79a3d7-20,72467dc6-3eb0-4dcd-9666-631a6f79a3d7,20,PROD006,140,Each
aa122f99-08ea-430a-a13d-b7ad368069a2-10,aa122f99-08ea-430a-a13d-b7ad368069a2,10,1bd3d91c-6ccb-4fad-81c5-25596b6d98f7-10,1bd3d91c-6ccb-4fad-81c5-25596b6d98f7,10,PROD001,170,Each
aa122f99-08ea-430a-a13d-b7ad368069a2-20,aa122f99-08ea-430a-a13d-b7ad368069a2,20,1bd3d91c-6ccb-4fad-81c5-25596b6d98f7-20,1bd3d91c-6ccb-4fad-81c5-25596b6d98f7,20,PROD004,400,Each
aa122f99-08ea-430a-a13d-b7ad368069a2-30,aa122f99-08ea-430a-a13d-b7ad368069a2,30,1bd3d91c-6ccb-4fad-81c5-25596b6d98f7-30,1bd3d91c-6ccb-4fad-81c5-25596b6d98f7,30,PROD003,490,Each
1a2b8173-ece8-4e72-907d-ea7ce066e90c-10,1a2b8173-ece8-4e72-907d-ea7ce066e90c,10,da165bff-1ec9-4f4b-a05d-3ea64e370804-10,da165bff-1ec9-4f4b-a05d-3ea64e370804,10,PROD009,160,Each
f629937b-d858-4975-8aa5-6838fbe499a8-10,f629937b-d858-4975-8aa5-6838fbe499a8,10,da165bff-1ec9-4f4b-a05d-3ea64e370804-20,da165bff-1ec9-4f4b-a05d-3ea64e370804,20,PROD002,270,Each
f629937b-d858-4975-8aa5-6838fbe499a8-20,f629937b-d858-4975-8aa5-6838fbe499a8,20,da165bff-1ec9-4f4b-a05d-3ea64e370804-30,da165bff-1ec9-4f4b-a05d-3ea64e370804,30,PROD006,480,Each
e78740a7-31f2-462d-b67c-b3969849ce18-10,e78740a7-31f2-462d-b67c-b3969849ce18,10,33931d36-cc9e-43cb-bfde-11b8d33c622f-10,33931d36-cc9e-43cb-bfde-11b8d33c622f,10,PROD006,230,Each
e78740a7-31f2-462d-b67c-b3969849ce18-20,e78740a7-31f2-462d-b67c-b3969849ce18,20,33931d36-cc9e-43cb-bfde-11b8d33c622f-20,33931d36-cc9e-43cb-bfde-11b8d33c622f,20,PROD007,480,Each
c19b6ac7-efb6-4307-aa70-fcafaf2b04b6-10,c19b6ac7-efb6-4307-aa70-fcafaf2b04b6,10,4b255653-ebb5-4f16-9833-fcea768375f0-10,4b255653-ebb5-4f16-9833-fcea768375f0,10,PROD008,290,Each
c19b6ac7-efb6-4307-aa70-fcafaf2b04b6-20,c19b6ac7-efb6-4307-aa70-fcafaf2b04b6,20,4b255653-ebb5-4f16-9833-fcea768375f0-20,4b255653-ebb5-4f16-9833-fcea768375f0,20,PROD007,400,Each
94151b8d-c324-42f9-9766-7428313081bc-10,94151b8d-c324-42f9-9766-7428313081bc,10,c2e6d92d-c033-47bf-83ca-96b766ab2fa6-20,c2e6d92d-c033-47bf-83ca-96b766ab2fa6,20,PROD003,80,Each
6a803ed2-4453-41db-9f9c-0ae93ec16e38-10,6a803ed2-4453-41db-9f9c-0ae93ec16e38,10,c2e6d92d-c033-47bf-83ca-96b766ab2fa6-10,c2e6d92d-c033-47bf-83ca-96b766ab2fa6,10,PROD001,280,Each
6a803ed2-4453-41db-9f9c-0ae93ec16e38-20,6a803ed2-4453-41db-9f9c-0ae93ec16e38,20,c2e6d92d-c033-47bf-83ca-96b766ab2fa6-30,c2e6d92d-c033-47bf-83ca-96b766ab2fa6,30,PROD008,260,Each
313eb5b9-1802-4a62-aa2b-a818e8c15c47-10,313eb5b9-1802-4a62-aa2b-a818e8c15c47,10,c23f6266-90a3-4e90-b7d5-5e87700d3b04-10,c23f6266-90a3-4e90-b7d5-5e87700d3b04,10,PROD008,360,Each
313eb5b9-1802-4a62-aa2b-a818e8c15c47-20,313eb5b9-1802-4a62-aa2b-a818e8c15c47,20,c23f6266-90a3-4e90-b7d5-5e87700d3b04-20,c23f6266-90a3-4e90-b7d5-5e87700d3b04,20,PROD006,450,Each
313eb5b9-1802-4a62-aa2b-a818e8c15c47-30,313eb5b9-1802-4a62-aa2b-a818e8c15c47,30,c23f6266-90a3-4e90-b7d5-5e87700d3b04-30,c23f6266-90a3-4e90-b7d5-5e87700d3b04,30,PROD007,350,Each
f36b4267-529f-42cc-9792-dfe1fbf402d1-10,f36b4267-529f-42cc-9792-dfe1fbf402d1,10,1c26b217-06c8-4884-b0a7-01eb4b754933-10,1c26b217-06c8-4884-b0a7-01eb4b754933,10,PROD004,430,Each
f36b4267-529f-42cc-9792-dfe1fbf402d1-20,f36b4267-529f-42cc-9792-dfe1fbf402d1,20,1c26b217-06c8-4884-b0a7-01eb4b754933-20,1c26b217-06c8-4884-b0a7-01eb4b754933,20,PROD009,440,Each
f36b4267-529f-42cc-9792-dfe1fbf402d1-30,f36b4267-529f-42cc-9792-dfe1fbf402d1,30,1c26b217-06c8-4884-b0a7-01eb4b754933-30,1c26b217-06c8-4884-b0a7-01eb4b754933,30,PROD008,410,Each
709efac0-f663-45d7-aff6-63e944d850bc-10,709efac0-f663-45d7-aff6-63e944d850bc,10,8fee26ea-a809-41b0-8dcd-d1060a499703-30,8fee26ea-a809-41b0-8dcd-d1060a499703,30,PROD002,110,Each
ba1003cb-4b20-46eb-9c69-fd3de9276206-10,ba1003cb-4b20-46eb-9c69-fd3de9276206,10,8fee26ea-a809-41b0-8dcd-d1060a499703-10,8fee26ea-a809-41b0-8dcd-d1060a499703,10,PROD004,340,Each
ba1003cb-4b20-46eb-9c69-fd3de9276206-20,ba1003cb-4b20-46eb-9c69-fd3de9276206,20,8fee26ea-a809-41b0-8dcd-d1060a499703-20,8fee26ea-a809-41b0-8dcd-d1060a499703,20,PROD001,80,Each
2ea76964-bf68-4183-a52b-f538efcaa301-10,2ea76964-bf68-4183-a52b-f538efcaa301,10,dd30e999-3407-4859-8812-4810d8234f29-10,dd30e999-3407-4859-8812-4810d8234f29,10,PROD008,210,Each
56839b20-8d6c-40ce-9bcd-63ea458ce83a-10,56839b20-8d6c-40ce-9bcd-63ea458ce83a,10,568479c2-bb9a-4772-94cc-3d9a83ab80a8-10,568479c2-bb9a-4772-94cc-3d9a83ab80a8,10,PROD009,110,Each
17ed08eb-6fd3-48d6-bbbf-f14d7f4eba83-10,17ed08eb-6fd3-48d6-bbbf-f14d7f4eba83,10,e0fabaf8-7661-480a-a96f-904c4213514f-10,e0fabaf8-7661-480a-a96f-904c4213514f,10,PROD003,115,Each
245c9569-5e44-4983-b00e-ede076b8bdfc-10,245c9569-5e44-4983-b00e-ede076b8bdfc,10,e0fabaf8-7661-480a-a96f-904c4213514f-10,e0fabaf8-7661-480a-a96f-904c4213514f,10,PROD003,135,Each
91f2735a-b483-4ad4-944a-00a56ebc67d0-10,91f2735a-b483-4ad4-944a-00a56ebc67d0,10,fd11c97b-8e72-480d-bcc9-880477d91779-10,fd11c97b-8e72-480d-bcc9-880477d91779,10,PROD008,50,Each
d837d9ce-41f7-4d60-86fa-c702e2736c9d-10,d837d9ce-41f7-4d60-86fa-c702e2736c9d,10,dc9dcf3b-3b2a-459e-a79c-48bdb3c8f517-10,dc9dcf3b-3b2a-459e-a79c-48bdb3c8f517,10,PROD004,280,Each
d837d9ce-41f7-4d60-86fa-c702e2736c9d-20,d837d9ce-41f7-4d60-86fa-c702e2736c9d,20,dc9dcf3b-3b2a-459e-a79c-48bdb3c8f517-20,dc9dcf3b-3b2a-459e-a79c-48bdb3c8f517,20,PROD002,360,Each
753e5a55-4559-40de-8399-486fa8731a28-10,753e5a55-4559-40de-8399-486fa8731a28,10,5759c51a-d0b5-4635-b8b0-04dc2c445887-10,5759c51a-d0b5-4635-b8b0-04dc2c445887,10,PROD001,143,Each
2bd00dfa-b718-47f5-af7f-4012d5084928-10,2bd00dfa-b718-47f5-af7f-4012d5084928,10,5759c51a-d0b5-4635-b8b0-04dc2c445887-10,5759c51a-d0b5-4635-b8b0-04dc2c445887,10,PROD001,167,Each
7ab585e2-fce6-4b8b-b953-a4e85426befe-10,7ab585e2-fce6-4b8b-b953-a4e85426befe,10,d48378d7-312e-4c23-82de-7bc992016a38-10,d48378d7-312e-4c23-82de-7bc992016a38,10,PROD005,120,Each
7ab585e2-fce6-4b8b-b953-a4e85426befe-20,7ab585e2-fce6-4b8b-b953-a4e85426befe,20,d48378d7-312e-4c23-82de-7bc992016a38-20,d48378d7-312e-4c23-82de-7bc992016a38,20,PROD009,410,Each
7ab585e2-fce6-4b8b-b953-a4e85426befe-30,7ab585e2-fce6-4b8b-b953-a4e85426befe,30,d48378d7-312e-4c23-82de-7bc992016a38-30,d48378d7-312e-4c23-82de-7bc992016a38,30,PROD006,420,Each
6aa12d76-03ec-461a-bd6d-3b91c61e111f-10,6aa12d76-03ec-461a-bd6d-3b91c61e111f,10,99e4b2e0-8249-4ff6-98f1-296c74e0a04a-10,99e4b2e0-8249-4ff6-98f1-296c74e0a04a,10,PROD008,400,Each
6aa12d76-03ec-461a-bd6d-3b91c61e111f-20,6aa12d76-03ec-461a-bd6d-3b91c61e111f,20,99e4b2e0-8249-4ff6-98f1-296c74e0a04a-20,99e4b2e0-8249-4ff6-98f1-296c74e0a04a,20,PROD006,70,Each
6aa12d76-03ec-461a-bd6d-3b91c61e111f-30,6aa12d76-03ec-461a-bd6d-3b91c61e111f,30,99e4b2e0-8249-4ff6-98f1-296c74e0a04a-30,99e4b2e0-8249-4ff6-98f1-296c74e0a04a,30,PROD004,480,Each
7172bb48-0267-4c36-a4e4-ff4d01f46742-10,7172bb48-0267-4c36-a4e4-ff4d01f46742,10,4e950f58-ccd6-45a0-b18d-ad1682872a79-10,4e950f58-ccd6-45a0-b18d-ad1682872a79,10,PROD005,200,Each
07035543-a542-487a-b1bf-315eec764123-10,07035543-a542-487a-b1bf-315eec764123,10,4e950f58-ccd6-45a0-b18d-ad1682872a79-20,4e950f58-ccd6-45a0-b18d-ad1682872a79,20,PROD004,260,Each
07035543-a542-487a-b1bf-315eec764123-20,07035543-a542-487a-b1bf-315eec764123,20,4e950f58-ccd6-45a0-b18d-ad1682872a79-30,4e950f58-ccd6-45a0-b18d-ad1682872a79,30,PROD002,450,Each
505bb238-cc8f-4bb2-8fc4-9881d466275b-10,505bb238-cc8f-4bb2-8fc4-9881d466275b,10,6f70e26c-e879-4270-84e5-de559874470e-10,6f70e26c-e879-4270-84e5-de559874470e,10,PROD002,70,Each
505bb238-cc8f-4bb2-8fc4-9881d466275b-20,505bb238-cc8f-4bb2-8fc4-9881d466275b,20,6f70e26c-e879-4270-84e5-de559874470e-20,6f70e26c-e879-4270-84e5-de559874470e,20,PROD004,210,Each
505bb238-cc8f-4bb2-8fc4-9881d466275b-30,505bb238-cc8f-4bb2-8fc4-9881d466275b,30,6f70e26c-e879-4270-84e5-de559874470e-30,6f70e26c-e879-4270-84e5-de559874470e,30,PROD008,270,Each
a71dfb27-36c4-41e5-bef8-1693cc97b8e0-10,a71dfb27-36c4-41e5-bef8-1693cc97b8e0,10,388484c7-f59c-4b29-95ba-677b7b933593-10,388484c7-f59c-4b29-95ba-677b7b933593,10,PROD003,340,Each
a71dfb27-36c4-41e5-bef8-1693cc97b8e0-20,a71dfb27-36c4-41e5-bef8-1693cc97b8e0,20,388484c7-f59c-4b29-95ba-677b7b933593-20,388484c7-f59c-4b29-95ba-677b7b933593,20,PROD001,380,Each
0f16635b-4372-4910-8b43-c99d77b5cec9-10,0f16635b-4372-4910-8b43-c99d77b5cec9,10,ac69d666-ec48-4111-b8ce-410aa22e362b-10,ac69d666-ec48-4111-b8ce-410aa22e362b,10,PROD009,100,Each
a8cc06ec-e3b1-4fd8-a2d0-280a2824cf54-10,a8cc06ec-e3b1-4fd8-a2d0-280a2824cf54,10,ac69d666-ec48-4111-b8ce-410aa22e362b-20,ac69d666-ec48-4111-b8ce-410aa22e362b,20,PROD007,150,Each
00ef4a28-95c0-4b08-b0ef-76bf0789926e-10,00ef4a28-95c0-4b08-b0ef-76bf0789926e,10,8481da38-0d04-4662-9e4e-644913c0e0ee-10,8481da38-0d04-4662-9e4e-644913c0e0ee,10,PROD008,380,Each
00ef4a28-95c0-4b08-b0ef-76bf0789926e-20,00ef4a28-95c0-4b08-b0ef-76bf0789926e,20,8481da38-0d04-4662-9e4e-644913c0e0ee-20,8481da38-0d04-4662-9e4e-644913c0e0ee,20,PROD005,130,Each
98acae1f-e3ad-4e6f-b3d7-cf5482a9d5f3-10,98acae1f-e3ad-4e6f-b3d7-cf5482a9d5f3,10,ddbdbf09-c91f-4390-b621-641552cfa4c1-10,ddbdbf09-c91f-4390-b621-641552cfa4c1,10,PROD002,330,Each
c399d6fa-05bf-4f0b-8355-9e3b9618cf4f-10,c399d6fa-05bf-4f0b-8355-9e3b9618cf4f,10,d0d53ecd-1761-44b6-88fb-acd1bf109d5a-10,d0d53ecd-1761-44b6-88fb-acd1bf109d5a,10,PROD008,270,Each
82390590-1351-496f-81f6-072b1be9000d-10,82390590-1351-496f-81f6-072b1be9000d,10,d0d53ecd-1761-44b6-88fb-acd1bf109d5a-20,d0d53ecd-1761-44b6-88fb-acd1bf109d5a,20,PROD001,410,Each
82390590-1351-496f-81f6-072b1be9000d-20,82390590-1351-496f-81f6-072b1be9000d,20,d0d53ecd-1761-44b6-88fb-acd1bf109d5a-30,d0d53ecd-1761-44b6-88fb-acd1bf109d5a,30,PROD007,440,Each
7ca13a50-1c8c-412d-af1d-49ed7e2bd74d-10,7ca13a50-1c8c-412d-af1d-49ed7e2bd74d,10,f77f2128-cfcb-4a3f-9c96-407c099c023e-10,f77f2128-cfcb-4a3f-9c96-407c099c023e,10,PROD002,280,Each
7ca13a50-1c8c-412d-af1d-49ed7e2bd74d-20,7ca13a50-1c8c-412d-af1d-49ed7e2bd74d,20,f77f2128-cfcb-4a3f-9c96-407c099c023e-20,f77f2128-cfcb-4a3f-9c96-407c099c023e,20,PROD009,50,Each
860539f5-e93e-471d-9c8b-e92419c08160-10,860539f5-e93e-471d-9c8b-e92419c08160,10,4c76d038-6070-4f7b-8ede-0687519366b6-10,4c76d038-6070-4f7b-8ede-0687519366b6,10,PROD007,430,Each
7e806773-343b-4109-bbcd-05d040330ce5-10,7e806773-343b-4109-bbcd-05d040330ce5,10,39468b65-1412-41c2-a459-4d4f696cb2b3-10,39468b65-1412-41c2-a459-4d4f696cb2b3,10,PROD001,62,Each
a04097f9-13ac-4d6c-a2d3-e72290cdf05d-10,a04097f9-13ac-4d6c-a2d3-e72290cdf05d,10,39468b65-1412-41c2-a459-4d4f696cb2b3-10,39468b65-1412-41c2-a459-4d4f696cb2b3,10,PROD001,248,Each
b2d52bc5-1102-4d71-86f6-8ee250994695-10,b2d52bc5-1102-4d71-86f6-8ee250994695,10,8a85522a-a7ef-4d72-b06c-bbcc9295906c-10,8a85522a-a7ef-4d72-b06c-bbcc9295906c,10,PROD004,240,Each
b2d52bc5-1102-4d71-86f6-8ee250994695-20,b2d52bc5-1102-4d71-86f6-8ee250994695,20,8a85522a-a7ef-4d72-b06c-bbcc9295906c-20,8a85522a-a7ef-4d72-b06c-bbcc9295906c,20,PROD001,480,Each
b2d52bc5-1102-4d71-86f6-8ee250994695-30,b2d52bc5-1102-4d71-86f6-8ee250994695,30,8a85522a-a7ef-4d72-b06c-bbcc9295906c-30,8a85522a-a7ef-4d72-b06c-bbcc9295906c,30,PROD009,220,Each
ada2a60d-cb5e-4700-9c91-a94527676d58-10,ada2a60d-cb5e-4700-9c91-a94527676d58,10,291a0dc0-4e4c-4819-8fdb-e73d09e71133-10,291a0dc0-4e4c-4819-8fdb-e73d09e71133,10,PROD008,50,Each
ada2a60d-cb5e-4700-9c91-a94527676d58-20,ada2a60d-cb5e-4700-9c91-a94527676d58,20,291a0dc0-4e4c-4819-8fdb-e73d09e71133-20,291a0dc0-4e4c-4819-8fdb-e73d09e71133,20,PROD006,310,Each
ada2a60d-cb5e-4700-9c91-a94527676d58-30,ada2a60d-cb5e-4700-9c91-a94527676d58,30,291a0dc0-4e4c-4819-8fdb-e73d09e71133-30,291a0dc0-4e4c-4819-8fdb-e73d09e71133,30,PROD009,400,Each
fb11e1a6-0ebd-4b9e-b30a-6f31bbc81db4-10,fb11e1a6-0ebd-4b9e-b30a-6f31bbc81db4,10,32df1a9f-53ed-4c18-be39-3cb7e0ab3e4d-10,32df1a9f-53ed-4c18-be39-3cb7e0ab3e4d,10,PROD004,490,Each
4ca9dc19-a036-43fa-8174-385da1901a9c-10,4ca9dc19-a036-43fa-8174-385da1901a9c,10,32df1a9f-53ed-4c18-be39-3cb7e0ab3e4d-20,32df1a9f-53ed-4c18-be39-3cb7e0ab3e4d,20,PROD006,350,Each
2c125101-ccc8-440a-a832-17e5e90342b7-10,2c125101-ccc8-440a-a832-17e5e90342b7,10,3aa903e9-2e24-4c45-bcce-ca74a73533c3-10,3aa903e9-2e24-4c45-bcce-ca74a73533c3,10,PROD002,60,Each
2c125101-ccc8-440a-a832-17e5e90342b7-20,2c125101-ccc8-440a-a832-17e5e90342b7,20,3aa903e9-2e24-4c45-bcce-ca74a73533c3-20,3aa903e9-2e24-4c45-bcce-ca74a73533c3,20,PROD009,310,Each
2c125101-ccc8-440a-a832-17e5e90342b7-30,2c125101-ccc8-440a-a832-17e5e90342b7,30,3aa903e9-2e24-4c45-bcce-ca74a73533c3-30,3aa903e9-2e24-4c45-bcce-ca74a73533c3,30,PROD001,80,Each
df6b022e-6797-41c3-a06e-e3778548738f-10,df6b022e-6797-41c3-a06e-e3778548738f,10,bdd1ec11-7b38-4715-bd18-15b54d4c30af-10,bdd1ec11-7b38-4715-bd18-15b54d4c30af,10,PROD003,230,Each
df6b022e-6797-41c3-a06e-e3778548738f-20,df6b022e-6797-41c3-a06e-e3778548738f,20,bdd1ec11-7b38-4715-bd18-15b54d4c30af-20,bdd1ec11-7b38-4715-bd18-15b54d4c30af,20,PROD001,250,Each
e4de72b9-fded-4c1e-802b-cdeae6e63717-10,e4de72b9-fded-4c1e-802b-cdeae6e63717,10,17e94288-07d9-49b7-b465-b2d3d164feb5-20,17e94288-07d9-49b7-b465-b2d3d164feb5,20,PROD003,360,Each
40149189-8512-40d7-bc6c-560306a53cc9-10,40149189-8512-40d7-bc6c-560306a53cc9,10,17e94288-07d9-49b7-b465-b2d3d164feb5-10,17e94288-07d9-49b7-b465-b2d3d164feb5,10,PROD008,160,Each
4db6331f-19db-447e-abc9-45111aeab03c-10,4db6331f-19db-447e-abc9-45111aeab03c,10,00e25f41-1fe4-4e2c-b221-3db5210ad336-10,00e25f41-1fe4-4e2c-b221-3db5210ad336,10,PROD007,390,Each
22f5ee26-7418-424b-bd44-0b5eaaff5517-10,22f5ee26-7418-424b-bd44-0b5eaaff5517,10,34bbb8ce-e60e-4ec2-b8df-433bcfac2e76-10,34bbb8ce-e60e-4ec2-b8df-433bcfac2e76,10,PROD001,190,Each
d0ad4d73-d53b-4700-b6db-24d26dff7631-10,d0ad4d73-d53b-4700-b6db-24d26dff7631,10,73058f94-0073-4c65-88cb-d9fd14532d97-10,73058f94-0073-4c65-88cb-d9fd14532d97,10,PROD007,75,Each
a222e550-4fd0-43fe-8b3d-f1c70045ac6c-10,a222e550-4fd0-43fe-8b3d-f1c70045ac6c,10,73058f94-0073-4c65-88cb-d9fd14532d97-10,73058f94-0073-4c65-88cb-d9fd14532d97,10,PROD007,145,Each
7dff2970-b282-4706-8330-a8b8313a5339-10,7dff2970-b282-4706-8330-a8b8313a5339,10,ef659373-a691-46ff-9e06-052b8e54c73b-10,ef659373-a691-46ff-9e06-052b8e54c73b,10,PROD008,290,Each
687a4fc9-9f00-4e64-9bbc-33cf40fae2de-10,687a4fc9-9f00-4e64-9bbc-33cf40fae2de,10,f8afb544-6ff9-4645-b8c9-1b1180fb29c8-10,f8afb544-6ff9-4645-b8c9-1b1180fb29c8,10,PROD008,490,Each
687a4fc9-9f00-4e64-9bbc-33cf40fae2de-20,687a4fc9-9f00-4e64-9bbc-33cf40fae2de,20,f8afb544-6ff9-4645-b8c9-1b1180fb29c8-20,f8afb544-6ff9-4645-b8c9-1b1180fb29c8,20,PROD005,420,Each
687a4fc9-9f00-4e64-9bbc-33cf40fae2de-30,687a4fc9-9f00-4e64-9bbc-33cf40fae2de,30,f8afb544-6ff9-4645-b8c9-1b1180fb29c8-30,f8afb544-6ff9-4645-b8c9-1b1180fb29c8,30,PROD009,170,Each
0e6f002f-c28a-4bce-ba47-6ed87fc8a874-10,0e6f002f-c28a-4bce-ba47-6ed87fc8a874,10,75e11c60-d645-4c59-8948-004cc851f8fc-30,75e11c60-d645-4c59-8948-004cc851f8fc,30,PROD007,370,Each
6de44a6f-b71b-4ae6-8e76-1e90e97fe60a-10,6de44a6f-b71b-4ae6-8e76-1e90e97fe60a,10,75e11c60-d645-4c59-8948-004cc851f8fc-10,75e11c60-d645-4c59-8948-004cc851f8fc,10,PROD009,470,Each
6de44a6f-b71b-4ae6-8e76-1e90e97fe60a-20,6de44a6f-b71b-4ae6-8e76-1e90e97fe60a,20,75e11c60-d645-4c59-8948-004cc851f8fc-20,75e11c60-d645-4c59-8948-004cc851f8fc,20,PROD001,430,Each
a03b2169-7867-49d7-a33a-f84740d6d93f-10,a03b2169-7867-49d7-a33a-f84740d6d93f,10,877c0d01-a122-4fcb-887d-f5adea2439b8-10,877c0d01-a122-4fcb-887d-f5adea2439b8,10,PROD008,270,Each
a03b2169-7867-49d7-a33a-f84740d6d93f-20,a03b2169-7867-49d7-a33a-f84740d6d93f,20,877c0d01-a122-4fcb-887d-f5adea2439b8-20,877c0d01-a122-4fcb-887d-f5adea2439b8,20,PROD004,110,Each
a03b2169-7867-49d7-a33a-f84740d6d93f-30,a03b2169-7867-49d7-a33a-f84740d6d93f,30,877c0d01-a122-4fcb-887d-f5adea2439b8-30,877c0d01-a122-4fcb-887d-f5adea2439b8,30,PROD003,210,Each
8e6d8cb2-cec9-4ccd-8e73-a6c92611d5eb-10,8e6d8cb2-cec9-4ccd-8e73-a6c92611d5eb,10,5fe2f4ab-975d-4be8-9819-e0308a2ecd06-10,5fe2f4ab-975d-4be8-9819-e0308a2ecd06,10,PROD009,310,Each
8e6d8cb2-cec9-4ccd-8e73-a6c92611d5eb-20,8e6d8cb2-cec9-4ccd-8e73-a6c92611d5eb,20,5fe2f4ab-975d-4be8-9819-e0308a2ecd06-20,5fe2f4ab-975d-4be8-9819-e0308a2ecd06,20,PROD008,340,Each
8e6d8cb2-cec9-4ccd-8e73-a6c92611d5eb-30,8e6d8cb2-cec9-4ccd-8e73-a6c92611d5eb,30,5fe2f4ab-975d-4be8-9819-e0308a2ecd06-30,5fe2f4ab-975d-4be8-9819-e0308a2ecd06,30,PROD004,400,Each
82af27c0-e729-4030-8743-e99544c84d39-10,82af27c0-e729-4030-8743-e99544c84d39,10,3a8d0c8e-1489-4c4c-aaad-99d2617d387d-10,3a8d0c8e-1489-4c4c-aaad-99d2617d387d,10,PROD002,300,Each
7b548dc3-2ea9-4e79-b4c0-027ef4c3a05f-10,7b548dc3-2ea9-4e79-b4c0-027ef4c3a05f,10,3a8d0c8e-1489-4c4c-aaad-99d2617d387d-20,3a8d0c8e-1489-4c4c-aaad-99d2617d387d,20,PROD001,410,Each
bfcf69d9-f3d7-4985-b877-66bf69f6b97a-10,bfcf69d9-f3d7-4985-b877-66bf69f6b97a,10,185fceb4-511d-46a9-9c70-cddced0d5936-10,185fceb4-511d-46a9-9c70-cddced0d5936,10,PROD003,260,Each
bfcf69d9-f3d7-4985-b877-66bf69f6b97a-20,bfcf69d9-f3d7-4985-b877-66bf69f6b97a,20,185fceb4-511d-46a9-9c70-cddced0d5936-20,185fceb4-511d-46a9-9c70-cddced0d5936,20,PROD001,240,Each
8ed42df5-1d77-4a3f-a3af-7ba71c8f7cc2-10,8ed42df5-1d77-4a3f-a3af-7ba71c8f7cc2,10,305f7c63-b0a0-40aa-9813-de1b930d4c16-10,305f7c63-b0a0-40aa-9813-de1b930d4c16,10,PROD007,360,Each
26c3da4d-3b5d-41c0-bd9b-636b67cababe-10,26c3da4d-3b5d-41c0-bd9b-636b67cababe,10,177c7b6f-06d2-4656-b8a1-ca934bdee34f-20,177c7b6f-06d2-4656-b8a1-ca934bdee34f,20,PROD009,240,Each
809881f7-0d22-4e39-832b-e1923a86e474-10,809881f7-0d22-4e39-832b-e1923a86e474,10,177c7b6f-06d2-4656-b8a1-ca934bdee34f-10,177c7b6f-06d2-4656-b8a1-ca934bdee34f,10,PROD005,210,Each
809881f7-0d22-4e39-832b-e1923a86e474-20,809881f7-0d22-4e39-832b-e1923a86e474,20,177c7b6f-06d2-4656-b8a1-ca934bdee34f-30,177c7b6f-06d2-4656-b8a1-ca934bdee34f,30,PROD004,210,Each
92d16de6-7ec0-46ac-b203-f74ec39cb039-10,92d16de6-7ec0-46ac-b203-f74ec39cb039,10,09b5d134-ec63-4d5b-9723-0dc180df9b8b-10,09b5d134-ec63-4d5b-9723-0dc180df9b8b,10,PROD001,470,Each
bf0b4999-5e59-44ac-b7b5-1382d3fea8a8-10,bf0b4999-5e59-44ac-b7b5-1382d3fea8a8,10,5bc46904-85a5-46f3-8469-046efe30c19a-10,5bc46904-85a5-46f3-8469-046efe30c19a,10,PROD006,430,Each
bf0b4999-5e59-44ac-b7b5-1382d3fea8a8-20,bf0b4999-5e59-44ac-b7b5-1382d3fea8a8,20,5bc46904-85a5-46f3-8469-046efe30c19a-20,5bc46904-85a5-46f3-8469-046efe30c19a,20,PROD003,160,Each
bf0b4999-5e59-44ac-b7b5-1382d3fea8a8-30,bf0b4999-5e59-44ac-b7b5-1382d3fea8a8,30,5bc46904-85a5-46f3-8469-046efe30c19a-30,5bc46904-85a5-46f3-8469-046efe30c19a,30,PROD001,210,Each
fe9e1186-b431-42db-88eb-24050554e4ae-10,fe9e1186-b431-42db-88eb-24050554e4ae,10,9b53b3f0-a89f-4cfb-8fb4-6d218edce9be-20,9b53b3f0-a89f-4cfb-8fb4-6d218edce9be,20,PROD006,210,Each
0024ffc9-5b45-4ba6-b714-23aebfab50ce-10,0024ffc9-5b45-4ba6-b714-23aebfab50ce,10,9b53b3f0-a89f-4cfb-8fb4-6d218edce9be-10,9b53b3f0-a89f-4cfb-8fb4-6d218edce9be,10,PROD008,180,Each
0024ffc9-5b45-4ba6-b714-23aebfab50ce-20,0024ffc9-5b45-4ba6-b714-23aebfab50ce,20,9b53b3f0-a89f-4cfb-8fb4-6d218edce9be-30,9b53b3f0-a89f-4cfb-8fb4-6d218edce9be,30,PROD007,350,Each
d84aae4d-900f-4fa8-bdf6-f23228a89554-10,d84aae4d-900f-4fa8-bdf6-f23228a89554,10,a7fc8fe2-b06b-4aa6-b4b2-5fefdcfc0414-10,a7fc8fe2-b06b-4aa6-b4b2-5fefdcfc0414,10,PROD004,180,Each
d84aae4d-900f-4fa8-bdf6-f23228a89554-20,d84aae4d-900f-4fa8-bdf6-f23228a89554,20,a7fc8fe2-b06b-4aa6-b4b2-5fefdcfc0414-20,a7fc8fe2-b06b-4aa6-b4b2-5fefdcfc0414,20,PROD006,350,Each
59573bfc-cad0-4a87-bfe2-b91d6974a65b-10,59573bfc-cad0-4a87-bfe2-b91d6974a65b,10,90dacf28-bda6-4774-a43d-e930f50c0038-10,90dacf28-bda6-4774-a43d-e930f50c0038,10,PROD009,360,Each
6ce6ff8d-58fa-4e0d-9972-8b27c100c196-10,6ce6ff8d-58fa-4e0d-9972-8b27c100c196,10,7683024f-bf98-4975-8948-c2d57211b558-10,7683024f-bf98-4975-8948-c2d57211b558,10,PROD009,41,Each
4a2aab17-55db-49e2-8cfd-a6e05ae5d13e-10,4a2aab17-55db-49e2-8cfd-a6e05ae5d13e,10,7683024f-bf98-4975-8948-c2d57211b558-10,7683024f-bf98-4975-8948-c2d57211b558,10,PROD009,29,Each
b3a37ad1-fcd7-428c-8ba7-a8f557460bb7-10,b3a37ad1-fcd7-428c-8ba7-a8f557460bb7,10,766e7cf0-bddd-4798-8547-db0cbbe120dc-10,766e7cf0-bddd-4798-8547-db0cbbe120dc,10,PROD007,200,Each
6c6d4e4c-b53c-4a43-b549-e3d7cc814a5c-10,6c6d4e4c-b53c-4a43-b549-e3d7cc814a5c,10,1f7b607a-f4d0-4767-8491-2e1a3393b2eb-10,1f7b607a-f4d0-4767-8491-2e1a3393b2eb,10,PROD006,360,Each
6c6d4e4c-b53c-4a43-b549-e3d7cc814a5c-20,6c6d4e4c-b53c-4a43-b549-e3d7cc814a5c,20,1f7b607a-f4d0-4767-8491-2e1a3393b2eb-20,1f7b607a-f4d0-4767-8491-2e1a3393b2eb,20,PROD001,120,Each
7f7b3270-3689-4f50-af42-77bf233b1db6-10,7f7b3270-3689-4f50-af42-77bf233b1db6,10,a523c628-c071-438b-816c-ca38ba661eca-30,a523c628-c071-438b-816c-ca38ba661eca,30,PROD003,270,Each
7f8745a8-9078-4bfa-877c-d2bb15b364f2-10,7f8745a8-9078-4bfa-877c-d2bb15b364f2,10,a523c628-c071-438b-816c-ca38ba661eca-10,a523c628-c071-438b-816c-ca38ba661eca,10,PROD008,240,Each
7f8745a8-9078-4bfa-877c-d2bb15b364f2-20,7f8745a8-9078-4bfa-877c-d2bb15b364f2,20,a523c628-c071-438b-816c-ca38ba661eca-20,a523c628-c071-438b-816c-ca38ba661eca,20,PROD007,420,Each
f985b2e2-b9a9-4a98-b66e-fcbfa38bbcf8-10,f985b2e2-b9a9-4a98-b66e-fcbfa38bbcf8,10,64d090e2-d8ab-4077-9c5b-dda6ed95b151-10,64d090e2-d8ab-4077-9c5b-dda6ed95b151,10,PROD001,250,Each
f985b2e2-b9a9-4a98-b66e-fcbfa38bbcf8-20,f985b2e2-b9a9-4a98-b66e-fcbfa38bbcf8,20,64d090e2-d8ab-4077-9c5b-dda6ed95b151-20,64d090e2-d8ab-4077-9c5b-dda6ed95b151,20,PROD003,370,Each
d9cb15a6-7d77-4b7e-8e19-46997a751703-10,d9cb15a6-7d77-4b7e-8e19-46997a751703,10,46020064-d886-459b-91a5-73d7d1c3af9b-10,46020064-d886-459b-91a5-73d7d1c3af9b,10,PROD003,340,Each
d9cb15a6-7d77-4b7e-8e19-46997a751703-20,d9cb15a6-7d77-4b7e-8e19-46997a751703,20,46020064-d886-459b-91a5-73d7d1c3af9b-20,46020064-d886-459b-91a5-73d7d1c3af9b,20,PROD007,290,Each
01c2ef43-5287-4a33-860b-a1651f0b867a-10,01c2ef43-5287-4a33-860b-a1651f0b867a,10,fd9f6ec2-2788-4598-9b3a-903efeaf7138-10,fd9f6ec2-2788-4598-9b3a-903efeaf7138,10,PROD009,230,Each
27d123fa-427f-4d7c-af03-1a47e139f88a-10,27d123fa-427f-4d7c-af03-1a47e139f88a,10,fd9f6ec2-2788-4598-9b3a-903efeaf7138-10,fd9f6ec2-2788-4598-9b3a-903efeaf7138,10,PROD009,220,Each
df873944-50f9-43e2-9d45-d1232e7c88e4-10,df873944-50f9-43e2-9d45-d1232e7c88e4,10,126b32dc-8dfc-4e36-984b-334eb3fb2ddc-10,126b32dc-8dfc-4e36-984b-334eb3fb2ddc,10,PROD005,350,Each
985e053d-d27d-4592-b873-c3a228d45aea-10,985e053d-d27d-4592-b873-c3a228d45aea,10,620b5c6a-45bb-4f14-b84f-f39ddbe84373-10,620b5c6a-45bb-4f14-b84f-f39ddbe84373,10,PROD009,90,Each
985e053d-d27d-4592-b873-c3a228d45aea-20,985e053d-d27d-4592-b873-c3a228d45aea,20,620b5c6a-45bb-4f14-b84f-f39ddbe84373-20,620b5c6a-45bb-4f14-b84f-f39ddbe84373,20,PROD003,430,Each
985e053d-d27d-4592-b873-c3a228d45aea-30,985e053d-d27d-4592-b873-c3a228d45aea,30,620b5c6a-45bb-4f14-b84f-f39ddbe84373-30,620b5c6a-45bb-4f14-b84f-f39ddbe84373,30,PROD008,390,Each
3a6fc467-7241-4a35-94bc-4e588d7532ac-10,3a6fc467-7241-4a35-94bc-4e588d7532ac,10,f9a7a094-88c4-4a3a-952c-2457f6c58276-10,f9a7a094-88c4-4a3a-952c-2457f6c58276,10,PROD004,150,Each
716f334d-c9b5-460b-bb0d-df1e5976b698-10,716f334d-c9b5-460b-bb0d-df1e5976b698,10,f9a7a094-88c4-4a3a-952c-2457f6c58276-20,f9a7a094-88c4-4a3a-952c-2457f6c58276,20,PROD002,230,Each
716f334d-c9b5-460b-bb0d-df1e5976b698-20,716f334d-c9b5-460b-bb0d-df1e5976b698,20,f9a7a094-88c4-4a3a-952c-2457f6c58276-30,f9a7a094-88c4-4a3a-952c-2457f6c58276,30,PROD005,260,Each
61f7fb41-5d2b-4cf6-a88e-5ce061d99410-10,61f7fb41-5d2b-4cf6-a88e-5ce061d99410,10,e4d1efb1-0119-4c3c-8ec4-3736d401dd41-10,e4d1efb1-0119-4c3c-8ec4-3736d401dd41,10,PROD004,440,Each
39697710-8ab4-4cb0-9d06-54af707b0acc-10,39697710-8ab4-4cb0-9d06-54af707b0acc,10,315710c5-bfdb-441b-8f4c-a517222498b5-10,315710c5-bfdb-441b-8f4c-a517222498b5,10,PROD008,160,Each
f66e0d48-8b1f-4944-91b5-dd193def5da6-10,f66e0d48-8b1f-4944-91b5-dd193def5da6,10,29309e2d-ddde-464d-8d81-0cb73fddc34c-10,29309e2d-ddde-464d-8d81-0cb73fddc34c,10,PROD001,75,Each
741ba71e-6b18-4e80-ae14-5e00ab69874b-10,741ba71e-6b18-4e80-ae14-5e00ab69874b,10,29309e2d-ddde-464d-8d81-0cb73fddc34c-10,29309e2d-ddde-464d-8d81-0cb73fddc34c,10,PROD001,215,Each
a51b227c-755c-48c4-b533-e0b77207791a-10,a51b227c-755c-48c4-b533-e0b77207791a,10,eab1e8d1-54b2-4932-a27f-657462522589-10,eab1e8d1-54b2-4932-a27f-657462522589,10,PROD009,240,Each
260298ab-7c36-4998-b2d4-1e81b9c1781a-10,260298ab-7c36-4998-b2d4-1e81b9c1781a,10,8b2522b7-6948-41ae-a592-c854d64d4139-10,8b2522b7-6948-41ae-a592-c854d64d4139,10,PROD003,260,Each
260298ab-7c36-4998-b2d4-1e81b9c1781a-20,260298ab-7c36-4998-b2d4-1e81b9c1781a,20,8b2522b7-6948-41ae-a592-c854d64d4139-20,8b2522b7-6948-41ae-a592-c854d64d4139,20,PROD004,330,Each
668c6922-f921-4750-b9ff-1bc192384513-10,668c6922-f921-4750-b9ff-1bc192384513,10,d8b03430-8b59-4c5f-a4b8-88413154fe09-20,d8b03430-8b59-4c5f-a4b8-88413154fe09,20,PROD007,100,Each
57f81c1b-1851-4180-938f-6b130b5591a8-10,57f81c1b-1851-4180-938f-6b130b5591a8,10,d8b03430-8b59-4c5f-a4b8-88413154fe09-10,d8b03430-8b59-4c5f-a4b8-88413154fe09,10,PROD005,60,Each
5d5761ac-b2a2-4b59-9237-84da74624fd9-10,5d5761ac-b2a2-4b59-9237-84da74624fd9,10,6b846380-0c0c-4da7-a7ac-55cf57a2be4f-10,6b846380-0c0c-4da7-a7ac-55cf57a2be4f,10,PROD005,280,Each
829fa4f0-6215-4b26-959b-47e72ffe86a7-10,829fa4f0-6215-4b26-959b-47e72ffe86a7,10,ce0e3da6-eb93-4151-9363-6f675a434c17-10,ce0e3da6-eb93-4151-9363-6f675a434c17,10,PROD004,100,Each
829fa4f0-6215-4b26-959b-47e72ffe86a7-20,829fa4f0-6215-4b26-959b-47e72ffe86a7,20,ce0e3da6-eb93-4151-9363-6f675a434c17-20,ce0e3da6-eb93-4151-9363-6f675a434c17,20,PROD001,370,Each
95011305-1fa3-4e1d-b2dd-035d39d9688c-10,95011305-1fa3-4e1d-b2dd-035d39d9688c,10,f2bd609d-f19a-4a56-ad91-2225895bd3d0-10,f2bd609d-f19a-4a56-ad91-2225895bd3d0,10,PROD003,140,Each
f65cbd09-85f6-45b1-8fd3-665c3d8100fd-10,f65cbd09-85f6-45b1-8fd3-665c3d8100fd,10,f2bd609d-f19a-4a56-ad91-2225895bd3d0-10,f2bd609d-f19a-4a56-ad91-2225895bd3d0,10,PROD003,260,Each
7a143e28-e656-4db4-abf7-6522c870c7a4-10,7a143e28-e656-4db4-abf7-6522c870c7a4,10,4b119c9a-0e1b-4ae0-99ad-b2c8a51ccbce-10,4b119c9a-0e1b-4ae0-99ad-b2c8a51ccbce,10,PROD005,220,Each
7a143e28-e656-4db4-abf7-6522c870c7a4-20,7a143e28-e656-4db4-abf7-6522c870c7a4,20,4b119c9a-0e1b-4ae0-99ad-b2c8a51ccbce-20,4b119c9a-0e1b-4ae0-99ad-b2c8a51ccbce,20,PROD008,220,Each
cf840ffb-c9a2-4502-b71c-da5c824abfd5-10,cf840ffb-c9a2-4502-b71c-da5c824abfd5,10,823c7e75-120f-4b9b-ae36-0ce23aac6fa3-10,823c7e75-120f-4b9b-ae36-0ce23aac6fa3,10,PROD006,70,Each
cf840ffb-c9a2-4502-b71c-da5c824abfd5-20,cf840ffb-c9a2-4502-b71c-da5c824abfd5,20,823c7e75-120f-4b9b-ae36-0ce23aac6fa3-20,823c7e75-120f-4b9b-ae36-0ce23aac6fa3,20,PROD009,200,Each
dad85ec1-654f-4a79-a326-bf13a6dc8977-10,dad85ec1-654f-4a79-a326-bf13a6dc8977,10,fae087ba-b712-4a9d-a31c-419ad1f4a301-10,fae087ba-b712-4a9d-a31c-419ad1f4a301,10,PROD001,150,Each
7bc89a19-f39c-42a6-ade3-cd7a31da1213-10,7bc89a19-f39c-42a6-ade3-cd7a31da1213,10,fae087ba-b712-4a9d-a31c-419ad1f4a301-10,fae087ba-b712-4a9d-a31c-419ad1f4a301,10,PROD001,350,Each
451227f4-f066-4012-98bb-8244cd5ad3b0-10,451227f4-f066-4012-98bb-8244cd5ad3b0,10,66dfda84-c0b9-462f-afff-904c06020572-10,66dfda84-c0b9-462f-afff-904c06020572,10,PROD006,300,Each
451227f4-f066-4012-98bb-8244cd5ad3b0-20,451227f4-f066-4012-98bb-8244cd5ad3b0,20,66dfda84-c0b9-462f-afff-904c06020572-20,66dfda84-c0b9-462f-afff-904c06020572,20,PROD008,490,Each
36bbc620-0c7c-48b6-b065-06dcc2214646-10,36bbc620-0c7c-48b6-b065-06dcc2214646,10,8fcab68d-8477-4195-a444-b5d0e3b48044-10,8fcab68d-8477-4195-a444-b5d0e3b48044,10,PROD008,330,Each
36bbc620-0c7c-48b6-b065-06dcc2214646-20,36bbc620-0c7c-48b6-b065-06dcc2214646,20,8fcab68d-8477-4195-a444-b5d0e3b48044-20,8fcab68d-8477-4195-a444-b5d0e3b48044,20,PROD009,150,Each
36bbc620-0c7c-48b6-b065-06dcc2214646-30,36bbc620-0c7c-48b6-b065-06dcc2214646,30,8fcab68d-8477-4195-a444-b5d0e3b48044-30,8fcab68d-8477-4195-a444-b5d0e3b48044,30,PROD003,90,Each
76a80dad-a4fa-4ad9-a5cd-ade89c29b1ee-10,76a80dad-a4fa-4ad9-a5cd-ade89c29b1ee,10,371f62f3-ee20-4f1c-8af4-381dad4e9c20-20,371f62f3-ee20-4f1c-8af4-381dad4e9c20,20,PROD005,450,Each
3ca44a1c-46ba-4079-854e-065c5de8fe26-10,3ca44a1c-46ba-4079-854e-065c5de8fe26,10,371f62f3-ee20-4f1c-8af4-381dad4e9c20-10,371f62f3-ee20-4f1c-8af4-381dad4e9c20,10,PROD004,120,Each
3ca44a1c-46ba-4079-854e-065c5de8fe26-20,3ca44a1c-46ba-4079-854e-065c5de8fe26,20,371f62f3-ee20-4f1c-8af4-381dad4e9c20-30,371f62f3-ee20-4f1c-8af4-381dad4e9c20,30,PROD001,430,Each
2fb9af04-5d29-4daa-99c1-0dda84495521-10,2fb9af04-5d29-4daa-99c1-0dda84495521,10,d9e0c5a8-50b9-48a7-abcc-6706d863355d-10,d9e0c5a8-50b9-48a7-abcc-6706d863355d,10,PROD001,340,Each
2fb9af04-5d29-4daa-99c1-0dda84495521-20,2fb9af04-5d29-4daa-99c1-0dda84495521,20,d9e0c5a8-50b9-48a7-abcc-6706d863355d-20,d9e0c5a8-50b9-48a7-abcc-6706d863355d,20,PROD009,330,Each
2fb9af04-5d29-4daa-99c1-0dda84495521-30,2fb9af04-5d29-4daa-99c1-0dda84495521,30,d9e0c5a8-50b9-48a7-abcc-6706d863355d-30,d9e0c5a8-50b9-48a7-abcc-6706d863355d,30,PROD008,300,Each
78b88f32-b028-4c05-99cf-cece904f04fb-10,78b88f32-b028-4c05-99cf-cece904f04fb,10,798cd941-629e-40f0-8f0d-7baaee5f3e6a-10,798cd941-629e-40f0-8f0d-7baaee5f3e6a,10,PROD008,170,Each
78b88f32-b028-4c05-99cf-cece904f04fb-20,78b88f32-b028-4c05-99cf-cece904f04fb,20,798cd941-629e-40f0-8f0d-7baaee5f3e6a-20,798cd941-629e-40f0-8f0d-7baaee5f3e6a,20,PROD003,360,Each
78b88f32-b028-4c05-99cf-cece904f04fb-30,78b88f32-b028-4c05-99cf-cece904f04fb,30,798cd941-629e-40f0-8f0d-7baaee5f3e6a-30,798cd941-629e-40f0-8f0d-7baaee5f3e6a,30,PROD001,350,Each
c7dcadbe-da3e-4512-82a6-d967e07db7a9-10,c7dcadbe-da3e-4512-82a6-d967e07db7a9,10,29d76fb6-7174-47bf-8416-af430246e5ad-30,29d76fb6-7174-47bf-8416-af430246e5ad,30,PROD007,80,Each
c1685e0d-f43b-4935-ac14-b05e7c6002de-10,c1685e0d-f43b-4935-ac14-b05e7c6002de,10,29d76fb6-7174-47bf-8416-af430246e5ad-10,29d76fb6-7174-47bf-8416-af430246e5ad,10,PROD009,120,Each
c1685e0d-f43b-4935-ac14-b05e7c6002de-20,c1685e0d-f43b-4935-ac14-b05e7c6002de,20,29d76fb6-7174-47bf-8416-af430246e5ad-20,29d76fb6-7174-47bf-8416-af430246e5ad,20,PROD002,180,Each
f74196c2-16cb-4dfc-ac09-c3fcecc3e445-10,f74196c2-16cb-4dfc-ac09-c3fcecc3e445,10,65b30de4-e269-48d8-ac8b-419ca33a0dce-10,65b30de4-e269-48d8-ac8b-419ca33a0dce,10,PROD004,500,Each
f74196c2-16cb-4dfc-ac09-c3fcecc3e445-20,f74196c2-16cb-4dfc-ac09-c3fcecc3e445,20,65b30de4-e269-48d8-ac8b-419ca33a0dce-20,65b30de4-e269-48d8-ac8b-419ca33a0dce,20,PROD008,260,Each
f74196c2-16cb-4dfc-ac09-c3fcecc3e445-30,f74196c2-16cb-4dfc-ac09-c3fcecc3e445,30,65b30de4-e269-48d8-ac8b-419ca33a0dce-30,65b30de4-e269-48d8-ac8b-419ca33a0dce,30,PROD007,480,Each
f8adfec7-fcc9-4970-b80d-ec44eba649b1-10,f8adfec7-fcc9-4970-b80d-ec44eba649b1,10,7c494c2d-77f4-4cf9-9ca5-bb5eeaa5251f-10,7c494c2d-77f4-4cf9-9ca5-bb5eeaa5251f,10,PROD006,450,Each
f8adfec7-fcc9-4970-b80d-ec44eba649b1-20,f8adfec7-fcc9-4970-b80d-ec44eba649b1,20,7c494c2d-77f4-4cf9-9ca5-bb5eeaa5251f-20,7c494c2d-77f4-4cf9-9ca5-bb5eeaa5251f,20,PROD001,500,Each
8cd44255-2984-4d27-9c1c-7d8f184d9ab0-10,8cd44255-2984-4d27-9c1c-7d8f184d9ab0,10,4ebaadfa-61a6-47f2-b455-012098ae21ba-30,4ebaadfa-61a6-47f2-b455-012098ae21ba,30,PROD001,210,Each
af1a2b11-98ac-447d-80c2-9678c7d2767a-10,af1a2b11-98ac-447d-80c2-9678c7d2767a,10,4ebaadfa-61a6-47f2-b455-012098ae21ba-10,4ebaadfa-61a6-47f2-b455-012098ae21ba,10,PROD005,330,Each
af1a2b11-98ac-447d-80c2-9678c7d2767a-20,af1a2b11-98ac-447d-80c2-9678c7d2767a,20,4ebaadfa-61a6-47f2-b455-012098ae21ba-20,4ebaadfa-61a6-47f2-b455-012098ae21ba,20,PROD004,390,Each
2320724f-b179-4046-beae-4a36e82310f0-10,2320724f-b179-4046-beae-4a36e82310f0,10,eb7c3c16-a90c-4048-9a36-ba55230050f4-10,eb7c3c16-a90c-4048-9a36-ba55230050f4,10,PROD002,290,Each
caa2e90a-a1f7-4d9c-8fcd-da0ad578da94-10,caa2e90a-a1f7-4d9c-8fcd-da0ad578da94,10,7f9bf671-9ced-49b2-841f-bd0f72697a3b-10,7f9bf671-9ced-49b2-841f-bd0f72697a3b,10,PROD004,290,Each
caa2e90a-a1f7-4d9c-8fcd-da0ad578da94-20,caa2e90a-a1f7-4d9c-8fcd-da0ad578da94,20,7f9bf671-9ced-49b2-841f-bd0f72697a3b-20,7f9bf671-9ced-49b2-841f-bd0f72697a3b,20,PROD006,80,Each
caa2e90a-a1f7-4d9c-8fcd-da0ad578da94-30,caa2e90a-a1f7-4d9c-8fcd-da0ad578da94,30,7f9bf671-9ced-49b2-841f-bd0f72697a3b-30,7f9bf671-9ced-49b2-841f-bd0f72697a3b,30,PROD007,130,Each
ce1c6344-2c6a-4d67-ad65-e67b89223ddf-10,ce1c6344-2c6a-4d67-ad65-e67b89223ddf,10,3d51e955-ee01-449f-8882-bca524567b84-10,3d51e955-ee01-449f-8882-bca524567b84,10,PROD001,430,Each
b3bcbb53-f30a-46a2-b4f4-1bafd0cbdc76-10,b3bcbb53-f30a-46a2-b4f4-1bafd0cbdc76,10,3d51e955-ee01-449f-8882-bca524567b84-20,3d51e955-ee01-449f-8882-bca524567b84,20,PROD005,170,Each
8e01ab7f-43e8-425e-93d8-d36dd26005ad-10,8e01ab7f-43e8-425e-93d8-d36dd26005ad,10,47cbaa6e-4235-4420-9ed7-a23c20c8eef9-10,47cbaa6e-4235-4420-9ed7-a23c20c8eef9,10,PROD005,50,Each
8e01ab7f-43e8-425e-93d8-d36dd26005ad-20,8e01ab7f-43e8-425e-93d8-d36dd26005ad,20,47cbaa6e-4235-4420-9ed7-a23c20c8eef9-20,47cbaa6e-4235-4420-9ed7-a23c20c8eef9,20,PROD001,420,Each
8e01ab7f-43e8-425e-93d8-d36dd26005ad-30,8e01ab7f-43e8-425e-93d8-d36dd26005ad,30,47cbaa6e-4235-4420-9ed7-a23c20c8eef9-30,47cbaa6e-4235-4420-9ed7-a23c20c8eef9,30,PROD008,170,Each
01fb945c-a65b-4668-8caa-c7987ad16c17-10,01fb945c-a65b-4668-8caa-c7987ad16c17,10,f6cd08dd-592b-44c6-8792-6025f3e732e9-10,f6cd08dd-592b-44c6-8792-6025f3e732e9,10,PROD006,460,Each
01fb945c-a65b-4668-8caa-c7987ad16c17-20,01fb945c-a65b-4668-8caa-c7987ad16c17,20,f6cd08dd-592b-44c6-8792-6025f3e732e9-20,f6cd08dd-592b-44c6-8792-6025f3e732e9,20,PROD001,410,Each
01fb945c-a65b-4668-8caa-c7987ad16c17-30,01fb945c-a65b-4668-8caa-c7987ad16c17,30,f6cd08dd-592b-44c6-8792-6025f3e732e9-30,f6cd08dd-592b-44c6-8792-6025f3e732e9,30,PROD004,350,Each
1563110d-9fb9-4ac5-b4a6-67b65d25e1d0-10,1563110d-9fb9-4ac5-b4a6-67b65d25e1d0,10,b79ff01e-c691-4284-8589-20e0e8ed6adc-10,b79ff01e-c691-4284-8589-20e0e8ed6adc,10,PROD009,75,Each
ec2c7926-70c5-4d84-b515-678bd1cfbdbb-10,ec2c7926-70c5-4d84-b515-678bd1cfbdbb,10,b79ff01e-c691-4284-8589-20e0e8ed6adc-10,b79ff01e-c691-4284-8589-20e0e8ed6adc,10,PROD009,185,Each
7d8f0e7f-6e71-4ee3-8f70-a705a1715b6d-10,7d8f0e7f-6e71-4ee3-8f70-a705a1715b6d,10,fe24785f-c918-41fd-a253-0e27d2ce8b03-10,fe24785f-c918-41fd-a253-0e27d2ce8b03,10,PROD006,290,Each
7d8f0e7f-6e71-4ee3-8f70-a705a1715b6d-20,7d8f0e7f-6e71-4ee3-8f70-a705a1715b6d,20,fe24785f-c918-41fd-a253-0e27d2ce8b03-20,fe24785f-c918-41fd-a253-0e27d2ce8b03,20,PROD005,80,Each
7d8f0e7f-6e71-4ee3-8f70-a705a1715b6d-30,7d8f0e7f-6e71-4ee3-8f70-a705a1715b6d,30,fe24785f-c918-41fd-a253-0e27d2ce8b03-30,fe24785f-c918-41fd-a253-0e27d2ce8b03,30,PROD002,460,Each
f120ab9a-32c4-4444-8644-021fadd549b9-10,f120ab9a-32c4-4444-8644-021fadd549b9,10,fc87a4c0-e802-4f7f-b3ff-fc142699716b-10,fc87a4c0-e802-4f7f-b3ff-fc142699716b,10,PROD002,190,Each
0466d82a-7bf1-4c58-b41d-ac5a2e57bf97-10,0466d82a-7bf1-4c58-b41d-ac5a2e57bf97,10,259c7400-25e0-4281-8149-862b8cb0b96c-20,259c7400-25e0-4281-8149-862b8cb0b96c,20,PROD009,200,Each
6f84af6b-110d-4620-96c1-923f4ffbc869-10,6f84af6b-110d-4620-96c1-923f4ffbc869,10,259c7400-25e0-4281-8149-862b8cb0b96c-10,259c7400-25e0-4281-8149-862b8cb0b96c,10,PROD001,290,Each
6f84af6b-110d-4620-96c1-923f4ffbc869-20,6f84af6b-110d-4620-96c1-923f4ffbc869,20,259c7400-25e0-4281-8149-862b8cb0b96c-30,259c7400-25e0-4281-8149-862b8cb0b96c,30,PROD005,480,Each
71bcb1df-9efe-4357-85ca-7fb7c28a276a-10,71bcb1df-9efe-4357-85ca-7fb7c28a276a,10,0d38006c-f422-4976-97fc-78a4b7f1acca-10,0d38006c-f422-4976-97fc-78a4b7f1acca,10,PROD004,220,Each
71bcb1df-9efe-4357-85ca-7fb7c28a276a-20,71bcb1df-9efe-4357-85ca-7fb7c28a276a,20,0d38006c-f422-4976-97fc-78a4b7f1acca-20,0d38006c-f422-4976-97fc-78a4b7f1acca,20,PROD005,50,Each
57f00d1b-bf8b-4b71-abe3-c74a69c2f55e-10,57f00d1b-bf8b-4b71-abe3-c74a69c2f55e,10,26ee00c7-35f2-49f7-9983-16b5edc9b305-10,26ee00c7-35f2-49f7-9983-16b5edc9b305,10,PROD007,490,Each
84158273-c39a-4704-b0b9-1289fd684476-10,84158273-c39a-4704-b0b9-1289fd684476,10,ce6c4343-cf3c-49eb-aba8-6c7b8d816e60-10,ce6c4343-cf3c-49eb-aba8-6c7b8d816e60,10,PROD002,180,Each
22e7b9d2-bf94-4c94-b633-823ee45eefb0-10,22e7b9d2-bf94-4c94-b633-823ee45eefb0,10,ce6c4343-cf3c-49eb-aba8-6c7b8d816e60-20,ce6c4343-cf3c-49eb-aba8-6c7b8d816e60,20,PROD003,360,Each
794ffaf1-a1ad-4b92-bcda-26584c9152a0-10,794ffaf1-a1ad-4b92-bcda-26584c9152a0,10,e6fcd829-f7ab-44c3-a089-3b241e4e93cc-10,e6fcd829-f7ab-44c3-a089-3b241e4e93cc,10,PROD004,220,Each
9c5fb649-f0f6-453e-8792-5400917fad46-10,9c5fb649-f0f6-453e-8792-5400917fad46,10,fc0a075a-9df6-4071-930f-1c8b4dc1fbbf-10,fc0a075a-9df6-4071-930f-1c8b4dc1fbbf,10,PROD005,120,Each
8caa399a-b4cc-4b23-9638-b813db2c7ad1-10,8caa399a-b4cc-4b23-9638-b813db2c7ad1,10,425c4d6f-872e-43bb-b4ed-4942542bd6a2-30,425c4d6f-872e-43bb-b4ed-4942542bd6a2,30,PROD001,300,Each
58557972-dcf4-4c6f-9665-292dabfd4f37-10,58557972-dcf4-4c6f-9665-292dabfd4f37,10,425c4d6f-872e-43bb-b4ed-4942542bd6a2-10,425c4d6f-872e-43bb-b4ed-4942542bd6a2,10,PROD006,240,Each
58557972-dcf4-4c6f-9665-292dabfd4f37-20,58557972-dcf4-4c6f-9665-292dabfd4f37,20,425c4d6f-872e-43bb-b4ed-4942542bd6a2-20,425c4d6f-872e-43bb-b4ed-4942542bd6a2,20,PROD007,170,Each
536ba354-432e-44e7-acc6-5904a9c49f1b-10,536ba354-432e-44e7-acc6-5904a9c49f1b,10,c2772a13-7e50-4bf9-aceb-a3fa0c702ca6-10,c2772a13-7e50-4bf9-aceb-a3fa0c702ca6,10,PROD006,330,Each
536ba354-432e-44e7-acc6-5904a9c49f1b-20,536ba354-432e-44e7-acc6-5904a9c49f1b,20,c2772a13-7e50-4bf9-aceb-a3fa0c702ca6-20,c2772a13-7e50-4bf9-aceb-a3fa0c702ca6,20,PROD005,110,Each
297278e8-1ed5-4a73-9a4a-046ab78cfe61-10,297278e8-1ed5-4a73-9a4a-046ab78cfe61,10,c809f0a8-f5ef-4101-92af-815928238162-10,c809f0a8-f5ef-4101-92af-815928238162,10,PROD006,50,Each
297278e8-1ed5-4a73-9a4a-046ab78cfe61-20,297278e8-1ed5-4a73-9a4a-046ab78cfe61,20,c809f0a8-f5ef-4101-92af-815928238162-20,c809f0a8-f5ef-4101-92af-815928238162,20,PROD009,110,Each
5b574259-b409-4be7-bb79-0e328849bfb7-10,5b574259-b409-4be7-bb79-0e328849bfb7,10,e80c9b18-4206-4c15-acf6-575eedbd757b-10,e80c9b18-4206-4c15-acf6-575eedbd757b,10,PROD001,150,Each
5c455735-0635-4692-a8ac-0e2338d4f8e6-10,5c455735-0635-4692-a8ac-0e2338d4f8e6,10,e80c9b18-4206-4c15-acf6-575eedbd757b-10,e80c9b18-4206-4c15-acf6-575eedbd757b,10,PROD001,320,Each
3e6389b0-a446-4a38-a5b3-7757d3ff07d1-10,3e6389b0-a446-4a38-a5b3-7757d3ff07d1,10,e7036cf4-d774-4e82-ab00-8faacbc1117c-10,e7036cf4-d774-4e82-ab00-8faacbc1117c,10,PROD005,50,Each
19958631-ee03-4e84-b5c3-d13109790fa9-10,19958631-ee03-4e84-b5c3-d13109790fa9,10,9ca04bfa-e720-437c-b500-a5aea9f31ca3-10,9ca04bfa-e720-437c-b500-a5aea9f31ca3,10,PROD004,270,Each
4d38ff95-b179-4b74-8359-80218896d77d-10,4d38ff95-b179-4b74-8359-80218896d77d,10,0cad9e3d-30d6-405e-af18-ecc8736b98d1-10,0cad9e3d-30d6-405e-af18-ecc8736b98d1,10,PROD004,45,Each
7a2cf283-0044-4a5f-8eed-4046adee1ce1-10,7a2cf283-0044-4a5f-8eed-4046adee1ce1,10,0cad9e3d-30d6-405e-af18-ecc8736b98d1-10,0cad9e3d-30d6-405e-af18-ecc8736b98d1,10,PROD004,65,Each
c070ec37-e0a1-4189-92a7-0d340ecafe3a-10,c070ec37-e0a1-4189-92a7-0d340ecafe3a,10,03072d6c-e4db-4ee1-97c8-cd9c12bda7db-10,03072d6c-e4db-4ee1-97c8-cd9c12bda7db,10,PROD001,210,Each
c070ec37-e0a1-4189-92a7-0d340ecafe3a-20,c070ec37-e0a1-4189-92a7-0d340ecafe3a,20,03072d6c-e4db-4ee1-97c8-cd9c12bda7db-20,03072d6c-e4db-4ee1-97c8-cd9c12bda7db,20,PROD005,470,Each
c070ec37-e0a1-4189-92a7-0d340ecafe3a-30,c070ec37-e0a1-4189-92a7-0d340ecafe3a,30,03072d6c-e4db-4ee1-97c8-cd9c12bda7db-30,03072d6c-e4db-4ee1-97c8-cd9c12bda7db,30,PROD009,170,Each
ffe97de0-fcb9-40b5-b97b-66c2ce38363c-10,ffe97de0-fcb9-40b5-b97b-66c2ce38363c,10,acd1a005-7865-42aa-a1b8-73015ec21012-10,acd1a005-7865-42aa-a1b8-73015ec21012,10,PROD002,180,Each
ffe97de0-fcb9-40b5-b97b-66c2ce38363c-20,ffe97de0-fcb9-40b5-b97b-66c2ce38363c,20,acd1a005-7865-42aa-a1b8-73015ec21012-20,acd1a005-7865-42aa-a1b8-73015ec21012,20,PROD007,100,Each
473e672b-73b2-4bed-adba-0c1a16309402-10,473e672b-73b2-4bed-adba-0c1a16309402,10,718be52a-864f-46f3-a5dd-a317579b8d80-10,718be52a-864f-46f3-a5dd-a317579b8d80,10,PROD009,58,Each
ba70f421-3add-4cb7-b8af-a4f54a25794b-10,ba70f421-3add-4cb7-b8af-a4f54a25794b,10,718be52a-864f-46f3-a5dd-a317579b8d80-10,718be52a-864f-46f3-a5dd-a317579b8d80,10,PROD009,142,Each
70ee3b8b-8f36-45bf-81c1-6e29fea832a0-10,70ee3b8b-8f36-45bf-81c1-6e29fea832a0,10,e51f1d7e-ad68-4349-a75c-e7ff99e71b55-10,e51f1d7e-ad68-4349-a75c-e7ff99e71b55,10,PROD001,160,Each
70ee3b8b-8f36-45bf-81c1-6e29fea832a0-20,70ee3b8b-8f36-45bf-81c1-6e29fea832a0,20,e51f1d7e-ad68-4349-a75c-e7ff99e71b55-20,e51f1d7e-ad68-4349-a75c-e7ff99e71b55,20,PROD005,350,Each
70ee3b8b-8f36-45bf-81c1-6e29fea832a0-30,70ee3b8b-8f36-45bf-81c1-6e29fea832a0,30,e51f1d7e-ad68-4349-a75c-e7ff99e71b55-30,e51f1d7e-ad68-4349-a75c-e7ff99e71b55,30,PROD004,370,Each
e841510c-72a0-437a-85aa-cee8ece581d6-10,e841510c-72a0-437a-85aa-cee8ece581d6,10,419a05a2-db05-43b1-a809-b87a1103a9ea-10,419a05a2-db05-43b1-a809-b87a1103a9ea,10,PROD002,60,Each
cfedbd03-a272-498a-84de-fa995ff83e4e-10,cfedbd03-a272-498a-84de-fa995ff83e4e,10,d4e988d1-99e3-4242-a06d-4d31a7fa68f0-10,d4e988d1-99e3-4242-a06d-4d31a7fa68f0,10,PROD005,210,Each
fe3f994a-7ad1-48a7-b2ca-e205c3f49cdf-10,fe3f994a-7ad1-48a7-b2ca-e205c3f49cdf,10,d4e988d1-99e3-4242-a06d-4d31a7fa68f0-20,d4e988d1-99e3-4242-a06d-4d31a7fa68f0,20,PROD004,390,Each
e072da62-e5ad-4077-9755-3d4d65dcaeee-10,e072da62-e5ad-4077-9755-3d4d65dcaeee,10,9ed20a93-b3f9-42af-b06b-4541a026281c-10,9ed20a93-b3f9-42af-b06b-4541a026281c,10,PROD005,400,Each
e072da62-e5ad-4077-9755-3d4d65dcaeee-20,e072da62-e5ad-4077-9755-3d4d65dcaeee,20,9ed20a93-b3f9-42af-b06b-4541a026281c-20,9ed20a93-b3f9-42af-b06b-4541a026281c,20,PROD009,230,Each
ea420225-3196-4069-b714-5a255814be48-10,ea420225-3196-4069-b714-5a255814be48,10,6f16806b-242f-4faf-b7ef-b4353fb788a7-10,6f16806b-242f-4faf-b7ef-b4353fb788a7,10,PROD007,120,Each
ea420225-3196-4069-b714-5a255814be48-20,ea420225-3196-4069-b714-5a255814be48,20,6f16806b-242f-4faf-b7ef-b4353fb788a7-20,6f16806b-242f-4faf-b7ef-b4353fb788a7,20,PROD002,280,Each
40e84e41-8705-4c5e-aa1a-b6fe81e13d52-10,40e84e41-8705-4c5e-aa1a-b6fe81e13d52,10,65ea0024-9c38-4d6f-869f-034899f9f560-10,65ea0024-9c38-4d6f-869f-034899f9f560,10,PROD003,250,Each
582d3530-4b57-42b6-9220-110d6a268049-10,582d3530-4b57-42b6-9220-110d6a268049,10,65ea0024-9c38-4d6f-869f-034899f9f560-20,65ea0024-9c38-4d6f-869f-034899f9f560,20,PROD002,290,Each
582d3530-4b57-42b6-9220-110d6a268049-20,582d3530-4b57-42b6-9220-110d6a268049,20,65ea0024-9c38-4d6f-869f-034899f9f560-30,65ea0024-9c38-4d6f-869f-034899f9f560,30,PROD005,80,Each
5b37efdb-9704-4873-b79b-cade68921600-10,5b37efdb-9704-4873-b79b-cade68921600,10,d17faabe-7147-4b95-bb9b-9742dadea67f-10,d17faabe-7147-4b95-bb9b-9742dadea67f,10,PROD008,350,Each
13990852-9d54-4256-847f-ed49ab247c70-10,13990852-9d54-4256-847f-ed49ab247c70,10,63dd4823-54e5-4f3d-a217-33c26ab98233-10,63dd4823-54e5-4f3d-a217-33c26ab98233,10,PROD009,310,Each
13990852-9d54-4256-847f-ed49ab247c70-20,13990852-9d54-4256-847f-ed49ab247c70,20,63dd4823-54e5-4f3d-a217-33c26ab98233-20,63dd4823-54e5-4f3d-a217-33c26ab98233,20,PROD003,440,Each
13990852-9d54-4256-847f-ed49ab247c70-30,13990852-9d54-4256-847f-ed49ab247c70,30,63dd4823-54e5-4f3d-a217-33c26ab98233-30,63dd4823-54e5-4f3d-a217-33c26ab98233,30,PROD001,300,Each
e672818f-536b-4acb-b2eb-de46bd6658d9-10,e672818f-536b-4acb-b2eb-de46bd6658d9,10,196673b9-8b54-4c67-ac82-7b73cf853964-10,196673b9-8b54-4c67-ac82-7b73cf853964,10,PROD005,220,Each
5ab06bde-0e94-409d-9c74-ac10411b857e-10,5ab06bde-0e94-409d-9c74-ac10411b857e,10,196673b9-8b54-4c67-ac82-7b73cf853964-20,196673b9-8b54-4c67-ac82-7b73cf853964,20,PROD003,280,Each
5ab06bde-0e94-409d-9c74-ac10411b857e-20,5ab06bde-0e94-409d-9c74-ac10411b857e,20,196673b9-8b54-4c67-ac82-7b73cf853964-30,196673b9-8b54-4c67-ac82-7b73cf853964,30,PROD009,130,Each
791bee20-1f7a-4eef-9eee-ab96695a655a-10,791bee20-1f7a-4eef-9eee-ab96695a655a,10,a1d898b4-c827-43bc-abd2-082ed09a8cc3-10,a1d898b4-c827-43bc-abd2-082ed09a8cc3,10,PROD004,240,Each
f3f91138-9bcc-40a9-a32b-3222d4b8d6f8-10,f3f91138-9bcc-40a9-a32b-3222d4b8d6f8,10,a62758e4-0667-498d-b208-9e4eecc201e2-10,a62758e4-0667-498d-b208-9e4eecc201e2,10,PROD001,240,Each
f4fc8697-8e1c-4da5-a212-dc14445262c6-10,f4fc8697-8e1c-4da5-a212-dc14445262c6,10,4449e047-99a5-4034-a1d3-af637550f561-30,4449e047-99a5-4034-a1d3-af637550f561,30,PROD004,410,Each
bb8c62a2-e647-47be-972c-1cbbac261030-10,bb8c62a2-e647-47be-972c-1cbbac261030,10,4449e047-99a5-4034-a1d3-af637550f561-10,4449e047-99a5-4034-a1d3-af637550f561,10,PROD006,110,Each
bb8c62a2-e647-47be-972c-1cbbac261030-20,bb8c62a2-e647-47be-972c-1cbbac261030,20,4449e047-99a5-4034-a1d3-af637550f561-20,4449e047-99a5-4034-a1d3-af637550f561,20,PROD003,340,Each
5aea6e2f-fc95-4109-be74-7514c58986b8-10,5aea6e2f-fc95-4109-be74-7514c58986b8,10,d0b3154e-554c-4cd6-b3df-403560ad9e26-10,d0b3154e-554c-4cd6-b3df-403560ad9e26,10,PROD002,280,Each
5aea6e2f-fc95-4109-be74-7514c58986b8-20,5aea6e2f-fc95-4109-be74-7514c58986b8,20,d0b3154e-554c-4cd6-b3df-403560ad9e26-20,d0b3154e-554c-4cd6-b3df-403560ad9e26,20,PROD001,390,Each
5aea6e2f-fc95-4109-be74-7514c58986b8-30,5aea6e2f-fc95-4109-be74-7514c58986b8,30,d0b3154e-554c-4cd6-b3df-403560ad9e26-30,d0b3154e-554c-4cd6-b3df-403560ad9e26,30,PROD008,220,Each
bb307f67-4229-4b38-abc4-bfc04ed8cf87-10,bb307f67-4229-4b38-abc4-bfc04ed8cf87,10,1cf9f647-0fc8-48b5-b76d-975437723098-10,1cf9f647-0fc8-48b5-b76d-975437723098,10,PROD005,180,Each
bb307f67-4229-4b38-abc4-bfc04ed8cf87-20,bb307f67-4229-4b38-abc4-bfc04ed8cf87,20,1cf9f647-0fc8-48b5-b76d-975437723098-20,1cf9f647-0fc8-48b5-b76d-975437723098,20,PROD003,180,Each
9c130589-ed15-4b49-92c8-ed8f5eed7dd3-10,9c130589-ed15-4b49-92c8-ed8f5eed7dd3,10,c1788074-071e-4595-8352-b4ed6170ebcb-20,c1788074-071e-4595-8352-b4ed6170ebcb,20,PROD008,220,Each
98ffa043-d0b7-417b-9d67-8a4f95f0f993-10,98ffa043-d0b7-417b-9d67-8a4f95f0f993,10,c1788074-071e-4595-8352-b4ed6170ebcb-10,c1788074-071e-4595-8352-b4ed6170ebcb,10,PROD004,330,Each
ca5d5ccc-427c-4f69-b50f-dfa9dbb61672-10,ca5d5ccc-427c-4f69-b50f-dfa9dbb61672,10,58a5737a-16d7-4767-98c0-afd62fc53d0e-10,58a5737a-16d7-4767-98c0-afd62fc53d0e,10,PROD003,400,Each
ca5d5ccc-427c-4f69-b50f-dfa9dbb61672-20,ca5d5ccc-427c-4f69-b50f-dfa9dbb61672,20,58a5737a-16d7-4767-98c0-afd62fc53d0e-20,58a5737a-16d7-4767-98c0-afd62fc53d0e,20,PROD005,240,Each
ca5d5ccc-427c-4f69-b50f-dfa9dbb61672-30,ca5d5ccc-427c-4f69-b50f-dfa9dbb61672,30,58a5737a-16d7-4767-98c0-afd62fc53d0e-30,58a5737a-16d7-4767-98c0-afd62fc53d0e,30,PROD001,480,Each
8b388e4a-4c9b-4417-bf84-c6b01c353789-10,8b388e4a-4c9b-4417-bf84-c6b01c353789,10,72b8d2d6-45d5-477f-b6e1-f6d9fffd6e72-10,72b8d2d6-45d5-477f-b6e1-f6d9fffd6e72,10,PROD004,150,Each
567ddab6-2f04-4a25-a2a8-03f767c3ae45-10,567ddab6-2f04-4a25-a2a8-03f767c3ae45,10,ca8a1473-7ad3-43c6-9fd7-55e83ff97874-10,ca8a1473-7ad3-43c6-9fd7-55e83ff97874,10,PROD006,120,Each
7f19a6ca-5ddb-47f4-91cf-53c7cfc288f6-10,7f19a6ca-5ddb-47f4-91cf-53c7cfc288f6,10,ca8a1473-7ad3-43c6-9fd7-55e83ff97874-20,ca8a1473-7ad3-43c6-9fd7-55e83ff97874,20,PROD004,250,Each
46fabb7d-51e3-4d43-ac9f-b159bba2b300-10,46fabb7d-51e3-4d43-ac9f-b159bba2b300,10,85c67880-c568-43a9-ab67-8c58c4219000-10,85c67880-c568-43a9-ab67-8c58c4219000,10,PROD006,250,Each
caf3ecb4-2345-43be-ba91-2f3edd71b54f-10,caf3ecb4-2345-43be-ba91-2f3edd71b54f,10,476b1006-ce2a-4e62-a1a8-0ebc1200c21a-10,476b1006-ce2a-4e62-a1a8-0ebc1200c21a,10,PROD008,310,Each
ad73c14f-db60-4230-a0d5-7f137e1eff50-10,ad73c14f-db60-4230-a0d5-7f137e1eff50,10,999b91c4-e98e-4e68-939b-93a254d84b32-20,999b91c4-e98e-4e68-939b-93a254d84b32,20,PROD001,430,Each
df1dd44e-1565-4b53-8102-e13107a05fd9-10,df1dd44e-1565-4b53-8102-e13107a05fd9,10,999b91c4-e98e-4e68-939b-93a254d84b32-10,999b91c4-e98e-4e68-939b-93a254d84b32,10,PROD005,380,Each
df1dd44e-1565-4b53-8102-e13107a05fd9-20,df1dd44e-1565-4b53-8102-e13107a05fd9,20,999b91c4-e98e-4e68-939b-93a254d84b32-30,999b91c4-e98e-4e68-939b-93a254d84b32,30,PROD002,50,Each
905e1ed5-e926-43ec-8ebc-59d8ea017ae5-10,905e1ed5-e926-43ec-8ebc-59d8ea017ae5,10,39320b37-2653-4371-a253-2f7e8eeec3fb-10,39320b37-2653-4371-a253-2f7e8eeec3fb,10,PROD003,260,Each
905e1ed5-e926-43ec-8ebc-59d8ea017ae5-20,905e1ed5-e926-43ec-8ebc-59d8ea017ae5,20,39320b37-2653-4371-a253-2f7e8eeec3fb-20,39320b37-2653-4371-a253-2f7e8eeec3fb,20,PROD009,350,Each
8bd0be79-28e6-4f6f-9a4d-e5ccef9e67ff-10,8bd0be79-28e6-4f6f-9a4d-e5ccef9e67ff,10,b248a3da-5a4e-4f59-bf33-921eec8d6477-10,b248a3da-5a4e-4f59-bf33-921eec8d6477,10,PROD007,170,Each
77b27cae-de66-4f2b-9a24-e961580da641-10,77b27cae-de66-4f2b-9a24-e961580da641,10,e2ee2a25-9bac-4917-95a7-e7e5dede70f8-10,e2ee2a25-9bac-4917-95a7-e7e5dede70f8,10,PROD005,340,Each
fe5aba4e-7e10-4f2c-aa3f-1c1cd93bf055-10,fe5aba4e-7e10-4f2c-aa3f-1c1cd93bf055,10,e2ee2a25-9bac-4917-95a7-e7e5dede70f8-20,e2ee2a25-9bac-4917-95a7-e7e5dede70f8,20,PROD001,240,Each
ce92c19a-c951-4989-9e3d-632b4abf0abe-10,ce92c19a-c951-4989-9e3d-632b4abf0abe,10,8ada1d14-450e-47cd-80a4-6be86067f53f-10,8ada1d14-450e-47cd-80a4-6be86067f53f,10,PROD008,430,Each
ce92c19a-c951-4989-9e3d-632b4abf0abe-20,ce92c19a-c951-4989-9e3d-632b4abf0abe,20,8ada1d14-450e-47cd-80a4-6be86067f53f-20,8ada1d14-450e-47cd-80a4-6be86067f53f,20,PROD005,390,Each
e9a6c9f3-168b-46a0-a206-c25b83fd6693-10,e9a6c9f3-168b-46a0-a206-c25b83fd6693,10,fba55365-84ea-4b6d-8b8c-1b5512de9297-10,fba55365-84ea-4b6d-8b8c-1b5512de9297,10,PROD004,250,Each
e9a6c9f3-168b-46a0-a206-c25b83fd6693-20,e9a6c9f3-168b-46a0-a206-c25b83fd6693,20,fba55365-84ea-4b6d-8b8c-1b5512de9297-20,fba55365-84ea-4b6d-8b8c-1b5512de9297,20,PROD002,180,Each
e9a6c9f3-168b-46a0-a206-c25b83fd6693-30,e9a6c9f3-168b-46a0-a206-c25b83fd6693,30,fba55365-84ea-4b6d-8b8c-1b5512de9297-30,fba55365-84ea-4b6d-8b8c-1b5512de9297,30,PROD006,270,Each
fcd78a11-0c06-421e-a6f3-825ecf766dfc-10,fcd78a11-0c06-421e-a6f3-825ecf766dfc,10,15f0cb31-76be-4ecd-b60b-5f4556cd01ce-10,15f0cb31-76be-4ecd-b60b-5f4556cd01ce,10,PROD006,270,Each
72339c15-ccca-4902-8567-d018558b894f-10,72339c15-ccca-4902-8567-d018558b894f,10,15f0cb31-76be-4ecd-b60b-5f4556cd01ce-20,15f0cb31-76be-4ecd-b60b-5f4556cd01ce,20,PROD004,330,Each
7169871e-552c-4f14-ae8f-ccf477a2dc9e-10,7169871e-552c-4f14-ae8f-ccf477a2dc9e,10,3173360b-54f2-4469-bac4-967fdcc964dc-10,3173360b-54f2-4469-bac4-967fdcc964dc,10,PROD001,100,Each
ff4c6db5-e0de-4398-8d51-f26030d0aafa-10,ff4c6db5-e0de-4398-8d51-f26030d0aafa,10,8109decf-d2cb-4a4c-bb46-982b8bd4f7b7-10,8109decf-d2cb-4a4c-bb46-982b8bd4f7b7,10,PROD007,150,Each
ff4c6db5-e0de-4398-8d51-f26030d0aafa-20,ff4c6db5-e0de-4398-8d51-f26030d0aafa,20,8109decf-d2cb-4a4c-bb46-982b8bd4f7b7-20,8109decf-d2cb-4a4c-bb46-982b8bd4f7b7,20,PROD003,300,Each
ff4c6db5-e0de-4398-8d51-f26030d0aafa-30,ff4c6db5-e0de-4398-8d51-f26030d0aafa,30,8109decf-d2cb-4a4c-bb46-982b8bd4f7b7-30,8109decf-d2cb-4a4c-bb46-982b8bd4f7b7,30,PROD004,290,Each
6181b28e-8c0c-4b16-818e-52133f6a602c-10,6181b28e-8c0c-4b16-818e-52133f6a602c,10,182eefb9-b8b2-44a7-8824-7c3c4de9abb4-10,182eefb9-b8b2-44a7-8824-7c3c4de9abb4,10,PROD008,304,Each
9a0ec3d4-2864-4872-b116-6d6c7b8f0a90-10,9a0ec3d4-2864-4872-b116-6d6c7b8f0a90,10,182eefb9-b8b2-44a7-8824-7c3c4de9abb4-10,182eefb9-b8b2-44a7-8824-7c3c4de9abb4,10,PROD008,156,Each
7accb691-2647-4150-8850-6c1bff45e47e-10,7accb691-2647-4150-8850-6c1bff45e47e,10,60468146-d223-4c53-9208-8813d28ae7d0-10,60468146-d223-4c53-9208-8813d28ae7d0,10,PROD002,440,Each
7accb691-2647-4150-8850-6c1bff45e47e-20,7accb691-2647-4150-8850-6c1bff45e47e,20,60468146-d223-4c53-9208-8813d28ae7d0-20,60468146-d223-4c53-9208-8813d28ae7d0,20,PROD007,450,Each
7accb691-2647-4150-8850-6c1bff45e47e-30,7accb691-2647-4150-8850-6c1bff45e47e,30,60468146-d223-4c53-9208-8813d28ae7d0-30,60468146-d223-4c53-9208-8813d28ae7d0,30,PROD004,90,Each
1fb70ed1-c3f3-4d8e-9930-095c41f14fbd-10,1fb70ed1-c3f3-4d8e-9930-095c41f14fbd,10,710d426d-8651-4225-a765-27ef1cecbb15-10,710d426d-8651-4225-a765-27ef1cecbb15,10,PROD009,250,Each
1fb70ed1-c3f3-4d8e-9930-095c41f14fbd-20,1fb70ed1-c3f3-4d8e-9930-095c41f14fbd,20,710d426d-8651-4225-a765-27ef1cecbb15-20,710d426d-8651-4225-a765-27ef1cecbb15,20,PROD002,100,Each
1fb70ed1-c3f3-4d8e-9930-095c41f14fbd-30,1fb70ed1-c3f3-4d8e-9930-095c41f14fbd,30,710d426d-8651-4225-a765-27ef1cecbb15-30,710d426d-8651-4225-a765-27ef1cecbb15,30,PROD005,60,Each
6d9bb55b-986b-4e69-b632-1748b1347465-10,6d9bb55b-986b-4e69-b632-1748b1347465,10,fc175c4c-5e24-4cad-b961-8600aa7c33fc-20,fc175c4c-5e24-4cad-b961-8600aa7c33fc,20,PROD002,90,Each
d078db57-5148-4bae-808c-0731ac606deb-10,d078db57-5148-4bae-808c-0731ac606deb,10,fc175c4c-5e24-4cad-b961-8600aa7c33fc-10,fc175c4c-5e24-4cad-b961-8600aa7c33fc,10,PROD003,460,Each
81b42caa-7604-4e77-8df5-2389280213a5-10,81b42caa-7604-4e77-8df5-2389280213a5,10,55cc61a9-2179-4e42-9d2c-40df45dfd274-10,55cc61a9-2179-4e42-9d2c-40df45dfd274,10,PROD007,480,Each
5bb6cfe0-ec6d-4e76-b792-3c695f5a2bdb-10,5bb6cfe0-ec6d-4e76-b792-3c695f5a2bdb,10,17d2cd77-2168-44d4-8cff-9e89bebd354a-10,17d2cd77-2168-44d4-8cff-9e89bebd354a,10,PROD006,70,Each
2507a71c-4ec5-4264-82e2-f0775412e019-10,2507a71c-4ec5-4264-82e2-f0775412e019,10,766ea5f4-14b7-4f48-b744-79a3ceb0f593-10,766ea5f4-14b7-4f48-b744-79a3ceb0f593,10,PROD007,242,Each
b2f76989-c09d-49e1-a753-1f295532582c-10,b2f76989-c09d-49e1-a753-1f295532582c,10,766ea5f4-14b7-4f48-b744-79a3ceb0f593-10,766ea5f4-14b7-4f48-b744-79a3ceb0f593,10,PROD007,168,Each
fee1407d-d0c5-478f-9176-1aec9451da3a-10,fee1407d-d0c5-478f-9176-1aec9451da3a,10,034d6803-f01e-4b1e-bf28-5da6ed43a45a-10,034d6803-f01e-4b1e-bf28-5da6ed43a45a,10,PROD005,340,Each
fee1407d-d0c5-478f-9176-1aec9451da3a-20,fee1407d-d0c5-478f-9176-1aec9451da3a,20,034d6803-f01e-4b1e-bf28-5da6ed43a45a-20,034d6803-f01e-4b1e-bf28-5da6ed43a45a,20,PROD002,310,Each
22775cd7-f58d-4373-b398-c12de029283a-10,22775cd7-f58d-4373-b398-c12de029283a,10,4ac6569a-fe99-4247-b19c-2c24b3055bd1-10,4ac6569a-fe99-4247-b19c-2c24b3055bd1,10,PROD004,350,Each
22775cd7-f58d-4373-b398-c12de029283a-20,22775cd7-f58d-4373-b398-c12de029283a,20,4ac6569a-fe99-4247-b19c-2c24b3055bd1-20,4ac6569a-fe99-4247-b19c-2c24b3055bd1,20,PROD007,390,Each
22775cd7-f58d-4373-b398-c12de029283a-30,22775cd7-f58d-4373-b398-c12de029283a,30,4ac6569a-fe99-4247-b19c-2c24b3055bd1-30,4ac6569a-fe99-4247-b19c-2c24b3055bd1,30,PROD003,310,Each
79845737-16f0-477c-9f78-a16aa189ffe1-10,79845737-16f0-477c-9f78-a16aa189ffe1,10,95dfc8bf-ccfb-41b9-9461-a63ced7b55ab-20,95dfc8bf-ccfb-41b9-9461-a63ced7b55ab,20,PROD007,290,Each
a55c27a8-7ef2-4064-bd92-fd0a528f9e9d-10,a55c27a8-7ef2-4064-bd92-fd0a528f9e9d,10,95dfc8bf-ccfb-41b9-9461-a63ced7b55ab-10,95dfc8bf-ccfb-41b9-9461-a63ced7b55ab,10,PROD005,370,Each
f4adac96-ffa7-40a6-8ef0-dce9eb2cd40b-10,f4adac96-ffa7-40a6-8ef0-dce9eb2cd40b,10,9cfa5260-3e93-4cf8-b413-52f61e48f6bb-10,9cfa5260-3e93-4cf8-b413-52f61e48f6bb,10,PROD006,440,Each
f4adac96-ffa7-40a6-8ef0-dce9eb2cd40b-20,f4adac96-ffa7-40a6-8ef0-dce9eb2cd40b,20,9cfa5260-3e93-4cf8-b413-52f61e48f6bb-20,9cfa5260-3e93-4cf8-b413-52f61e48f6bb,20,PROD007,370,Each
f4adac96-ffa7-40a6-8ef0-dce9eb2cd40b-30,f4adac96-ffa7-40a6-8ef0-dce9eb2cd40b,30,9cfa5260-3e93-4cf8-b413-52f61e48f6bb-30,9cfa5260-3e93-4cf8-b413-52f61e48f6bb,30,PROD002,90,Each
3972940b-3e92-4bf5-8a8e-d9bc8a5d0bcd-10,3972940b-3e92-4bf5-8a8e-d9bc8a5d0bcd,10,a48de4f4-9899-45f6-b00b-2fe3fd32daf1-10,a48de4f4-9899-45f6-b00b-2fe3fd32daf1,10,PROD004,320,Each
3972940b-3e92-4bf5-8a8e-d9bc8a5d0bcd-20,3972940b-3e92-4bf5-8a8e-d9bc8a5d0bcd,20,a48de4f4-9899-45f6-b00b-2fe3fd32daf1-20,a48de4f4-9899-45f6-b00b-2fe3fd32daf1,20,PROD002,370,Each
cb446e57-aa95-4137-a4e6-38826972ebc6-10,cb446e57-aa95-4137-a4e6-38826972ebc6,10,3a1c878a-cd8b-47f9-8fca-14b668d54815-20,3a1c878a-cd8b-47f9-8fca-14b668d54815,20,PROD003,250,Each
2a146b02-061f-42bf-878b-23e236d9975e-10,2a146b02-061f-42bf-878b-23e236d9975e,10,3a1c878a-cd8b-47f9-8fca-14b668d54815-10,3a1c878a-cd8b-47f9-8fca-14b668d54815,10,PROD006,330,Each
2a146b02-061f-42bf-878b-23e236d9975e-20,2a146b02-061f-42bf-878b-23e236d9975e,20,3a1c878a-cd8b-47f9-8fca-14b668d54815-30,3a1c878a-cd8b-47f9-8fca-14b668d54815,30,PROD007,460,Each
39f6db1d-4bd7-4694-9b77-89a1701cdf4b-10,39f6db1d-4bd7-4694-9b77-89a1701cdf4b,10,576c9eae-1c44-4a92-a7c3-269798b67e91-10,576c9eae-1c44-4a92-a7c3-269798b67e91,10,PROD004,90,Each
39f6db1d-4bd7-4694-9b77-89a1701cdf4b-20,39f6db1d-4bd7-4694-9b77-89a1701cdf4b,20,576c9eae-1c44-4a92-a7c3-269798b67e91-20,576c9eae-1c44-4a92-a7c3-269798b67e91,20,PROD001,260,Each
1000ac77-5293-400f-9dae-ab04fcc9e2ab-10,1000ac77-5293-400f-9dae-ab04fcc9e2ab,10,35ee0137-2ece-44be-8b36-0a885c999ec6-10,35ee0137-2ece-44be-8b36-0a885c999ec6,10,PROD003,430,Each
1000ac77-5293-400f-9dae-ab04fcc9e2ab-20,1000ac77-5293-400f-9dae-ab04fcc9e2ab,20,35ee0137-2ece-44be-8b36-0a885c999ec6-20,35ee0137-2ece-44be-8b36-0a885c999ec6,20,PROD008,470,Each
ac2ce7a4-91e8-4ad7-9fbd-83d37ef5ca10-10,ac2ce7a4-91e8-4ad7-9fbd-83d37ef5ca10,10,9886c0b9-82be-41c4-a79c-cff10c2750ca-20,9886c0b9-82be-41c4-a79c-cff10c2750ca,20,PROD003,230,Each
a7a7d2bf-cc24-4553-afa1-d18fffd0599b-10,a7a7d2bf-cc24-4553-afa1-d18fffd0599b,10,9886c0b9-82be-41c4-a79c-cff10c2750ca-10,9886c0b9-82be-41c4-a79c-cff10c2750ca,10,PROD007,480,Each
b3c77916-65b9-461f-8a55-cd37b2a0d539-10,b3c77916-65b9-461f-8a55-cd37b2a0d539,10,62937508-8e9d-4288-a59c-060df3e82306-10,62937508-8e9d-4288-a59c-060df3e82306,10,PROD005,170,Each
5f5fa449-d8cb-454a-a27b-6c7b9f9b8bc0-10,5f5fa449-d8cb-454a-a27b-6c7b9f9b8bc0,10,455cafd1-a589-446a-b81b-839b8a33ee83-10,455cafd1-a589-446a-b81b-839b8a33ee83,10,PROD003,240,Each
3484acdb-152d-4375-b338-1e6f026eacf7-10,3484acdb-152d-4375-b338-1e6f026eacf7,10,1ee44ec3-5787-4fc4-9a97-5868ab8dd7a1-10,1ee44ec3-5787-4fc4-9a97-5868ab8dd7a1,10,PROD002,140,Each
10a16faa-83ed-4f38-9b32-d32f1fab9e6c-10,10a16faa-83ed-4f38-9b32-d32f1fab9e6c,10,1ee44ec3-5787-4fc4-9a97-5868ab8dd7a1-20,1ee44ec3-5787-4fc4-9a97-5868ab8dd7a1,20,PROD005,500,Each
ef9b8f63-108a-492b-9774-5401166eb4c5-10,ef9b8f63-108a-492b-9774-5401166eb4c5,10,39c0dac8-4f1e-4911-905b-d022ebd150c8-10,39c0dac8-4f1e-4911-905b-d022ebd150c8,10,PROD009,490,Each
4928ad21-59c6-4c9f-89b7-e480e6f67055-10,4928ad21-59c6-4c9f-89b7-e480e6f67055,10,9793a5e3-4206-451c-9974-9790203c3455-10,9793a5e3-4206-451c-9974-9790203c3455,10,PROD002,480,Each
4928ad21-59c6-4c9f-89b7-e480e6f67055-20,4928ad21-59c6-4c9f-89b7-e480e6f67055,20,9793a5e3-4206-451c-9974-9790203c3455-20,9793a5e3-4206-451c-9974-9790203c3455,20,PROD001,250,Each
4928ad21-59c6-4c9f-89b7-e480e6f67055-30,4928ad21-59c6-4c9f-89b7-e480e6f67055,30,9793a5e3-4206-451c-9974-9790203c3455-30,9793a5e3-4206-451c-9974-9790203c3455,30,PROD007,240,Each
5773fd31-83eb-4c25-9ef4-cfbc7e5c9a9e-10,5773fd31-83eb-4c25-9ef4-cfbc7e5c9a9e,10,85b9cfac-a57d-4050-888c-b1ded98b65e5-10,85b9cfac-a57d-4050-888c-b1ded98b65e5,10,PROD001,490,Each
b5606a1e-fd5e-42a9-8903-b476ef1707a0-10,b5606a1e-fd5e-42a9-8903-b476ef1707a0,10,85b9cfac-a57d-4050-888c-b1ded98b65e5-20,85b9cfac-a57d-4050-888c-b1ded98b65e5,20,PROD005,500,Each
b5606a1e-fd5e-42a9-8903-b476ef1707a0-20,b5606a1e-fd5e-42a9-8903-b476ef1707a0,20,85b9cfac-a57d-4050-888c-b1ded98b65e5-30,85b9cfac-a57d-4050-888c-b1ded98b65e5,30,PROD002,200,Each
cbd036f5-c008-45f6-b162-de3a2a4355d7-10,cbd036f5-c008-45f6-b162-de3a2a4355d7,10,bc1db9bd-92b2-41a2-9f13-89c7c90cf6f5-10,bc1db9bd-92b2-41a2-9f13-89c7c90cf6f5,10,PROD008,420,Each
cbd036f5-c008-45f6-b162-de3a2a4355d7-20,cbd036f5-c008-45f6-b162-de3a2a4355d7,20,bc1db9bd-92b2-41a2-9f13-89c7c90cf6f5-20,bc1db9bd-92b2-41a2-9f13-89c7c90cf6f5,20,PROD004,380,Each
6f7f85e5-fed2-4d07-85ff-94bda3fa36f0-10,6f7f85e5-fed2-4d07-85ff-94bda3fa36f0,10,420f5760-4b2e-4433-8b6c-90fe3ffbf760-10,420f5760-4b2e-4433-8b6c-90fe3ffbf760,10,PROD003,190,Each
6f7f85e5-fed2-4d07-85ff-94bda3fa36f0-20,6f7f85e5-fed2-4d07-85ff-94bda3fa36f0,20,420f5760-4b2e-4433-8b6c-90fe3ffbf760-20,420f5760-4b2e-4433-8b6c-90fe3ffbf760,20,PROD008,190,Each
d4e8d822-0dc6-493b-980a-1034864154fe-10,d4e8d822-0dc6-493b-980a-1034864154fe,10,d0cd2412-6501-46da-8a5f-cea71d43282b-20,d0cd2412-6501-46da-8a5f-cea71d43282b,20,PROD003,160,Each
54ff7724-0c0e-4ec3-802c-95245896d7b7-10,54ff7724-0c0e-4ec3-802c-95245896d7b7,10,d0cd2412-6501-46da-8a5f-cea71d43282b-10,d0cd2412-6501-46da-8a5f-cea71d43282b,10,PROD009,290,Each
54ff7724-0c0e-4ec3-802c-95245896d7b7-20,54ff7724-0c0e-4ec3-802c-95245896d7b7,20,d0cd2412-6501-46da-8a5f-cea71d43282b-30,d0cd2412-6501-46da-8a5f-cea71d43282b,30,PROD008,160,Each
d09db56f-22b4-4c60-82aa-3dc5b2a2ada4-10,d09db56f-22b4-4c60-82aa-3dc5b2a2ada4,10,55473051-8346-4493-9433-662bc6154b10-10,55473051-8346-4493-9433-662bc6154b10,10,PROD006,110,Each
d09db56f-22b4-4c60-82aa-3dc5b2a2ada4-20,d09db56f-22b4-4c60-82aa-3dc5b2a2ada4,20,55473051-8346-4493-9433-662bc6154b10-20,55473051-8346-4493-9433-662bc6154b10,20,PROD001,160,Each
8889e87b-8b31-4999-a458-33f91989ef17-10,8889e87b-8b31-4999-a458-33f91989ef17,10,64f40890-8ba7-4572-af21-2e6466edc987-10,64f40890-8ba7-4572-af21-2e6466edc987,10,PROD003,400,Each
8889e87b-8b31-4999-a458-33f91989ef17-20,8889e87b-8b31-4999-a458-33f91989ef17,20,64f40890-8ba7-4572-af21-2e6466edc987-20,64f40890-8ba7-4572-af21-2e6466edc987,20,PROD001,60,Each
8889e87b-8b31-4999-a458-33f91989ef17-30,8889e87b-8b31-4999-a458-33f91989ef17,30,64f40890-8ba7-4572-af21-2e6466edc987-30,64f40890-8ba7-4572-af21-2e6466edc987,30,PROD002,160,Each
cb5de34d-b10b-4cd8-8a04-5ec836ddde65-10,cb5de34d-b10b-4cd8-8a04-5ec836ddde65,10,55a44052-3607-4a6b-b54a-588f3f234161-10,55a44052-3607-4a6b-b54a-588f3f234161,10,PROD005,110,Each
953ce158-5689-490b-a2e9-07b56832b838-10,953ce158-5689-490b-a2e9-07b56832b838,10,55a44052-3607-4a6b-b54a-588f3f234161-20,55a44052-3607-4a6b-b54a-588f3f234161,20,PROD003,470,Each
190f056a-f80a-4248-95f3-5011f251b0c5-10,190f056a-f80a-4248-95f3-5011f251b0c5,10,a115855e-207a-4238-98d1-5d4e9c56ed38-10,a115855e-207a-4238-98d1-5d4e9c56ed38,10,PROD005,260,Each
190f056a-f80a-4248-95f3-5011f251b0c5-20,190f056a-f80a-4248-95f3-5011f251b0c5,20,a115855e-207a-4238-98d1-5d4e9c56ed38-20,a115855e-207a-4238-98d1-5d4e9c56ed38,20,PROD008,130,Each
b79d1eb9-9a6b-4e70-a0f4-8c357a947859-10,b79d1eb9-9a6b-4e70-a0f4-8c357a947859,10,f37141ca-80ff-4755-a9e2-dde9912ca8db-10,f37141ca-80ff-4755-a9e2-dde9912ca8db,10,PROD007,480,Each
b79d1eb9-9a6b-4e70-a0f4-8c357a947859-20,b79d1eb9-9a6b-4e70-a0f4-8c357a947859,20,f37141ca-80ff-4755-a9e2-dde9912ca8db-20,f37141ca-80ff-4755-a9e2-dde9912ca8db,20,PROD005,220,Each
b79d1eb9-9a6b-4e70-a0f4-8c357a947859-30,b79d1eb9-9a6b-4e70-a0f4-8c357a947859,30,f37141ca-80ff-4755-a9e2-dde9912ca8db-30,f37141ca-80ff-4755-a9e2-dde9912ca8db,30,PROD001,150,Each
19de86eb-9b05-4b14-8428-5f931c844b04-10,19de86eb-9b05-4b14-8428-5f931c844b04,10,7bd39cf8-38ad-47ea-a149-05228dc82576-20,7bd39cf8-38ad-47ea-a149-05228dc82576,20,PROD009,420,Each
33b79faf-4872-4833-9308-082c0639ecd0-10,33b79faf-4872-4833-9308-082c0639ecd0,10,7bd39cf8-38ad-47ea-a149-05228dc82576-10,7bd39cf8-38ad-47ea-a149-05228dc82576,10,PROD005,390,Each
d81abd76-0347-4eb8-9aa8-f84e90085911-10,d81abd76-0347-4eb8-9aa8-f84e90085911,10,be104abb-f73a-422f-ba40-cc678eeb3daa-10,be104abb-f73a-422f-ba40-cc678eeb3daa,10,PROD006,490,Each
d81abd76-0347-4eb8-9aa8-f84e90085911-20,d81abd76-0347-4eb8-9aa8-f84e90085911,20,be104abb-f73a-422f-ba40-cc678eeb3daa-20,be104abb-f73a-422f-ba40-cc678eeb3daa,20,PROD003,130,Each
c9655ca8-b02d-4697-ba84-0e56f15711cc-10,c9655ca8-b02d-4697-ba84-0e56f15711cc,10,04cbcae3-9dfe-47f9-9f9f-047842c77140-10,04cbcae3-9dfe-47f9-9f9f-047842c77140,10,PROD002,460,Each
c9655ca8-b02d-4697-ba84-0e56f15711cc-20,c9655ca8-b02d-4697-ba84-0e56f15711cc,20,04cbcae3-9dfe-47f9-9f9f-047842c77140-20,04cbcae3-9dfe-47f9-9f9f-047842c77140,20,PROD001,400,Each
c9655ca8-b02d-4697-ba84-0e56f15711cc-30,c9655ca8-b02d-4697-ba84-0e56f15711cc,30,04cbcae3-9dfe-47f9-9f9f-047842c77140-30,04cbcae3-9dfe-47f9-9f9f-047842c77140,30,PROD005,340,Each
cd7fbd94-0a47-431d-a504-b25ee3bcad20-10,cd7fbd94-0a47-431d-a504-b25ee3bcad20,10,fc1218d6-761f-44ac-bcb0-6635b7ac5f53-20,fc1218d6-761f-44ac-bcb0-6635b7ac5f53,20,PROD006,290,Each
25917935-0095-49fd-a307-a39d59a92d0b-10,25917935-0095-49fd-a307-a39d59a92d0b,10,fc1218d6-761f-44ac-bcb0-6635b7ac5f53-10,fc1218d6-761f-44ac-bcb0-6635b7ac5f53,10,PROD005,360,Each
25917935-0095-49fd-a307-a39d59a92d0b-20,25917935-0095-49fd-a307-a39d59a92d0b,20,fc1218d6-761f-44ac-bcb0-6635b7ac5f53-30,fc1218d6-761f-44ac-bcb0-6635b7ac5f53,30,PROD001,120,Each
08b23013-74ab-483e-95cf-39ad55376f9d-10,08b23013-74ab-483e-95cf-39ad55376f9d,10,0988bcf1-4bfd-4b97-8ab2-0fb5db9dd323-10,0988bcf1-4bfd-4b97-8ab2-0fb5db9dd323,10,PROD007,300,Each
08b23013-74ab-483e-95cf-39ad55376f9d-20,08b23013-74ab-483e-95cf-39ad55376f9d,20,0988bcf1-4bfd-4b97-8ab2-0fb5db9dd323-20,0988bcf1-4bfd-4b97-8ab2-0fb5db9dd323,20,PROD004,290,Each
c32d1319-b036-423e-92a6-f90c038b0c37-10,c32d1319-b036-423e-92a6-f90c038b0c37,10,4d717da5-8c38-4f76-839c-8dc0906d72b3-10,4d717da5-8c38-4f76-839c-8dc0906d72b3,10,PROD008,400,Each
b12102b6-a600-4af4-b1e4-a577af2befd2-10,b12102b6-a600-4af4-b1e4-a577af2befd2,10,d8cd0098-33ff-41a0-a973-0e4663ec4be9-10,d8cd0098-33ff-41a0-a973-0e4663ec4be9,10,PROD003,84,Each
6d90c4da-6c91-4cfa-b7a5-d051dde0c922-10,6d90c4da-6c91-4cfa-b7a5-d051dde0c922,10,d8cd0098-33ff-41a0-a973-0e4663ec4be9-10,d8cd0098-33ff-41a0-a973-0e4663ec4be9,10,PROD003,196,Each
b1c4c616-468c-4720-9db1-951ec738c390-10,b1c4c616-468c-4720-9db1-951ec738c390,10,7038662a-55f2-49a2-984d-54806c966551-10,7038662a-55f2-49a2-984d-54806c966551,10,PROD007,180,Each
b1c4c616-468c-4720-9db1-951ec738c390-20,b1c4c616-468c-4720-9db1-951ec738c390,20,7038662a-55f2-49a2-984d-54806c966551-20,7038662a-55f2-49a2-984d-54806c966551,20,PROD002,210,Each
b1c4c616-468c-4720-9db1-951ec738c390-30,b1c4c616-468c-4720-9db1-951ec738c390,30,7038662a-55f2-49a2-984d-54806c966551-30,7038662a-55f2-49a2-984d-54806c966551,30,PROD005,210,Each
c3c86c91-7916-4b93-9ea4-d79197ac3ce4-10,c3c86c91-7916-4b93-9ea4-d79197ac3ce4,10,da244195-6de3-4f0a-8056-4379071f8f1c-10,da244195-6de3-4f0a-8056-4379071f8f1c,10,PROD008,320,Each
c3c86c91-7916-4b93-9ea4-d79197ac3ce4-20,c3c86c91-7916-4b93-9ea4-d79197ac3ce4,20,da244195-6de3-4f0a-8056-4379071f8f1c-20,da244195-6de3-4f0a-8056-4379071f8f1c,20,PROD009,50,Each
c3c86c91-7916-4b93-9ea4-d79197ac3ce4-30,c3c86c91-7916-4b93-9ea4-d79197ac3ce4,30,da244195-6de3-4f0a-8056-4379071f8f1c-30,da244195-6de3-4f0a-8056-4379071f8f1c,30,PROD005,210,Each
99d27928-a4a6-4c7d-8581-a73b9df51fcc-10,99d27928-a4a6-4c7d-8581-a73b9df51fcc,10,76fa2852-e158-44b5-901d-bccfd25d78d0-10,76fa2852-e158-44b5-901d-bccfd25d78d0,10,PROD001,190,Each
ca0c3bb7-9187-448d-b350-260db8bff3d6-10,ca0c3bb7-9187-448d-b350-260db8bff3d6,10,76fa2852-e158-44b5-901d-bccfd25d78d0-20,76fa2852-e158-44b5-901d-bccfd25d78d0,20,PROD007,450,Each
fe677345-69d7-4883-9214-844edf79a5f6-10,fe677345-69d7-4883-9214-844edf79a5f6,10,1b4d6936-495a-4937-89d7-57027efc4d35-10,1b4d6936-495a-4937-89d7-57027efc4d35,10,PROD008,210,Each
2e2e1a17-643c-4ea2-af93-90b4a6bd5634-10,2e2e1a17-643c-4ea2-af93-90b4a6bd5634,10,184e8f72-b670-4298-926d-a6bb1318e9b6-10,184e8f72-b670-4298-926d-a6bb1318e9b6,10,PROD009,320,Each
2e2e1a17-643c-4ea2-af93-90b4a6bd5634-20,2e2e1a17-643c-4ea2-af93-90b4a6bd5634,20,184e8f72-b670-4298-926d-a6bb1318e9b6-20,184e8f72-b670-4298-926d-a6bb1318e9b6,20,PROD008,210,Each
f0413293-7d00-4412-b001-99c25033bda9-10,f0413293-7d00-4412-b001-99c25033bda9,10,b0af0c32-9d02-43d4-b9fd-baaf2084c753-10,b0af0c32-9d02-43d4-b9fd-baaf2084c753,10,PROD009,45,Each
be668dfa-c82e-46d3-9706-a24d1fc2aa24-10,be668dfa-c82e-46d3-9706-a24d1fc2aa24,10,b0af0c32-9d02-43d4-b9fd-baaf2084c753-10,b0af0c32-9d02-43d4-b9fd-baaf2084c753,10,PROD009,135,Each
194a3b5f-66de-40ea-b19b-d4df9d96fac1-10,194a3b5f-66de-40ea-b19b-d4df9d96fac1,10,c0511f16-21ea-4f57-82a2-a0ef9205fc6e-10,c0511f16-21ea-4f57-82a2-a0ef9205fc6e,10,PROD006,440,Each
194a3b5f-66de-40ea-b19b-d4df9d96fac1-20,194a3b5f-66de-40ea-b19b-d4df9d96fac1,20,c0511f16-21ea-4f57-82a2-a0ef9205fc6e-20,c0511f16-21ea-4f57-82a2-a0ef9205fc6e,20,PROD008,280,Each
194a3b5f-66de-40ea-b19b-d4df9d96fac1-30,194a3b5f-66de-40ea-b19b-d4df9d96fac1,30,c0511f16-21ea-4f57-82a2-a0ef9205fc6e-30,c0511f16-21ea-4f57-82a2-a0ef9205fc6e,30,PROD007,130,Each
a6d3bc95-1dd3-41cd-ad21-59fe16b78594-10,a6d3bc95-1dd3-41cd-ad21-59fe16b78594,10,5568d456-3a8d-4c26-b793-2ef7091ef676-10,5568d456-3a8d-4c26-b793-2ef7091ef676,10,PROD009,460,Each
a6d3bc95-1dd3-41cd-ad21-59fe16b78594-20,a6d3bc95-1dd3-41cd-ad21-59fe16b78594,20,5568d456-3a8d-4c26-b793-2ef7091ef676-20,5568d456-3a8d-4c26-b793-2ef7091ef676,20,PROD008,230,Each
a6d3bc95-1dd3-41cd-ad21-59fe16b78594-30,a6d3bc95-1dd3-41cd-ad21-59fe16b78594,30,5568d456-3a8d-4c26-b793-2ef7091ef676-30,5568d456-3a8d-4c26-b793-2ef7091ef676,30,PROD006,320,Each
f6220358-b15c-4d4a-92fd-2bc70a648497-10,f6220358-b15c-4d4a-92fd-2bc70a648497,10,89df7e50-ab2c-4528-b184-d5a6d1736bec-10,89df7e50-ab2c-4528-b184-d5a6d1736bec,10,PROD005,29,Each
be9a6ad8-7662-4534-b87f-5012269af812-10,be9a6ad8-7662-4534-b87f-5012269af812,10,89df7e50-ab2c-4528-b184-d5a6d1736bec-10,89df7e50-ab2c-4528-b184-d5a6d1736bec,10,PROD005,41,Each
a2f2fc0a-4ab2-46b8-a279-1bbd9a2ec79b-10,a2f2fc0a-4ab2-46b8-a279-1bbd9a2ec79b,10,bbcd47cb-865e-45bd-b5ed-fa37da2264a4-10,bbcd47cb-865e-45bd-b5ed-fa37da2264a4,10,PROD006,190,Each
f7301f7d-192d-4a6f-842e-0f54aa541d62-10,f7301f7d-192d-4a6f-842e-0f54aa541d62,10,1097cdc7-f374-467a-a262-a3a35369b32a-10,1097cdc7-f374-467a-a262-a3a35369b32a,10,PROD002,130,Each
d13675a9-a19f-4794-ba6f-b53fcf71480a-10,d13675a9-a19f-4794-ba6f-b53fcf71480a,10,64eb8821-b621-45e1-811b-7818ceaa20d4-20,64eb8821-b621-45e1-811b-7818ceaa20d4,20,PROD005,120,Each
6cb84faa-819b-418e-bc3f-99d4e6423a1a-10,6cb84faa-819b-418e-bc3f-99d4e6423a1a,10,64eb8821-b621-45e1-811b-7818ceaa20d4-10,64eb8821-b621-45e1-811b-7818ceaa20d4,10,PROD004,500,Each
6cb84faa-819b-418e-bc3f-99d4e6423a1a-20,6cb84faa-819b-418e-bc3f-99d4e6423a1a,20,64eb8821-b621-45e1-811b-7818ceaa20d4-30,64eb8821-b621-45e1-811b-7818ceaa20d4,30,PROD002,90,Each
78a56a4b-581f-43ff-bd5b-0ae1c25df9d9-10,78a56a4b-581f-43ff-bd5b-0ae1c25df9d9,10,63a7082e-a758-4d59-8130-0febe8898db0-10,63a7082e-a758-4d59-8130-0febe8898db0,10,PROD002,70,Each
78a56a4b-581f-43ff-bd5b-0ae1c25df9d9-20,78a56a4b-581f-43ff-bd5b-0ae1c25df9d9,20,63a7082e-a758-4d59-8130-0febe8898db0-20,63a7082e-a758-4d59-8130-0febe8898db0,20,PROD001,340,Each
c2cb9894-66b9-45c2-879b-6b348af8ebbc-10,c2cb9894-66b9-45c2-879b-6b348af8ebbc,10,9459ee43-2f0f-4747-9a12-3368cef1e581-10,9459ee43-2f0f-4747-9a12-3368cef1e581,10,PROD001,440,Each
c2cb9894-66b9-45c2-879b-6b348af8ebbc-20,c2cb9894-66b9-45c2-879b-6b348af8ebbc,20,9459ee43-2f0f-4747-9a12-3368cef1e581-20,9459ee43-2f0f-4747-9a12-3368cef1e581,20,PROD007,200,Each
c2cb9894-66b9-45c2-879b-6b348af8ebbc-30,c2cb9894-66b9-45c2-879b-6b348af8ebbc,30,9459ee43-2f0f-4747-9a12-3368cef1e581-30,9459ee43-2f0f-4747-9a12-3368cef1e581,30,PROD005,360,Each
b9acc445-7729-44fb-8346-52260793267e-10,b9acc445-7729-44fb-8346-52260793267e,10,99bf1df7-4619-4c21-9975-2bfd9c8fb521-10,99bf1df7-4619-4c21-9975-2bfd9c8fb521,10,PROD009,500,Each
8f76ff2e-66ef-4215-b561-a3eeae92b358-10,8f76ff2e-66ef-4215-b561-a3eeae92b358,10,99bf1df7-4619-4c21-9975-2bfd9c8fb521-20,99bf1df7-4619-4c21-9975-2bfd9c8fb521,20,PROD005,170,Each
051074df-ca23-4d87-870b-4b5df98f69c9-10,051074df-ca23-4d87-870b-4b5df98f69c9,10,c13edf89-7461-4a8d-9e38-b3490818e3d4-10,c13edf89-7461-4a8d-9e38-b3490818e3d4,10,PROD008,90,Each
06f22969-5bf2-45bb-bed8-bcbca9152179-10,06f22969-5bf2-45bb-bed8-bcbca9152179,10,7b5c0933-5914-488e-a14b-16d6edc9d3b0-10,7b5c0933-5914-488e-a14b-16d6edc9d3b0,10,PROD008,180,Each
06f22969-5bf2-45bb-bed8-bcbca9152179-20,06f22969-5bf2-45bb-bed8-bcbca9152179,20,7b5c0933-5914-488e-a14b-16d6edc9d3b0-20,7b5c0933-5914-488e-a14b-16d6edc9d3b0,20,PROD005,100,Each
a7f48ff4-4e30-458b-9aee-26da573505bf-10,a7f48ff4-4e30-458b-9aee-26da573505bf,10,fbe05309-6e99-408c-9169-b59343823ab6-10,fbe05309-6e99-408c-9169-b59343823ab6,10,PROD008,160,Each
3b67d63a-860b-4a58-b9de-e1f5830fd203-10,3b67d63a-860b-4a58-b9de-e1f5830fd203,10,fbe05309-6e99-408c-9169-b59343823ab6-20,fbe05309-6e99-408c-9169-b59343823ab6,20,PROD002,420,Each
3b67d63a-860b-4a58-b9de-e1f5830fd203-20,3b67d63a-860b-4a58-b9de-e1f5830fd203,20,fbe05309-6e99-408c-9169-b59343823ab6-30,fbe05309-6e99-408c-9169-b59343823ab6,30,PROD007,130,Each
71e8918e-b8bc-4b58-8658-aba36fbabe50-10,71e8918e-b8bc-4b58-8658-aba36fbabe50,10,af58ba8e-20f7-4bbd-8a51-417ae7b9b403-10,af58ba8e-20f7-4bbd-8a51-417ae7b9b403,10,PROD007,280,Each
71e8918e-b8bc-4b58-8658-aba36fbabe50-20,71e8918e-b8bc-4b58-8658-aba36fbabe50,20,af58ba8e-20f7-4bbd-8a51-417ae7b9b403-20,af58ba8e-20f7-4bbd-8a51-417ae7b9b403,20,PROD005,500,Each
71e8918e-b8bc-4b58-8658-aba36fbabe50-30,71e8918e-b8bc-4b58-8658-aba36fbabe50,30,af58ba8e-20f7-4bbd-8a51-417ae7b9b403-30,af58ba8e-20f7-4bbd-8a51-417ae7b9b403,30,PROD001,240,Each
e7ad21f5-950f-4bed-8126-8e7a7824f822-10,e7ad21f5-950f-4bed-8126-8e7a7824f822,10,cd8d932b-5411-430b-ad62-1f8e870dbc6d-10,cd8d932b-5411-430b-ad62-1f8e870dbc6d,10,PROD003,300,Each
e7ad21f5-950f-4bed-8126-8e7a7824f822-20,e7ad21f5-950f-4bed-8126-8e7a7824f822,20,cd8d932b-5411-430b-ad62-1f8e870dbc6d-20,cd8d932b-5411-430b-ad62-1f8e870dbc6d,20,PROD002,410,Each
2a9ca083-2f1c-4a3e-9adb-7d87d949d3e6-10,2a9ca083-2f1c-4a3e-9adb-7d87d949d3e6,10,d9413b39-d706-41b2-a1f0-90cd5cfb5635-20,d9413b39-d706-41b2-a1f0-90cd5cfb5635,20,PROD001,130,Each
a44bc9a0-22d5-47d9-8238-528ceba60be6-10,a44bc9a0-22d5-47d9-8238-528ceba60be6,10,d9413b39-d706-41b2-a1f0-90cd5cfb5635-10,d9413b39-d706-41b2-a1f0-90cd5cfb5635,10,PROD007,170,Each
9468f710-264a-417a-8094-1243846c962c-10,9468f710-264a-417a-8094-1243846c962c,10,faa1f8d9-167d-4727-9fa6-e992b60f1e73-10,faa1f8d9-167d-4727-9fa6-e992b60f1e73,10,PROD003,220,Each
9468f710-264a-417a-8094-1243846c962c-20,9468f710-264a-417a-8094-1243846c962c,20,faa1f8d9-167d-4727-9fa6-e992b60f1e73-20,faa1f8d9-167d-4727-9fa6-e992b60f1e73,20,PROD009,100,Each
bd13b89e-aa8b-405f-9a69-ff6e9c5950a9-10,bd13b89e-aa8b-405f-9a69-ff6e9c5950a9,10,8e9acf01-5828-4de4-b43a-d21519fa0a40-10,8e9acf01-5828-4de4-b43a-d21519fa0a40,10,PROD008,240,Each
fa94591c-4539-43e4-8aed-75ce24eb50bd-10,fa94591c-4539-43e4-8aed-75ce24eb50bd,10,bf0ddf72-0290-4509-a9a6-cdd34bf0fc49-20,bf0ddf72-0290-4509-a9a6-cdd34bf0fc49,20,PROD007,210,Each
775a0922-1524-48a4-b8fa-3c9b270f4eff-10,775a0922-1524-48a4-b8fa-3c9b270f4eff,10,bf0ddf72-0290-4509-a9a6-cdd34bf0fc49-10,bf0ddf72-0290-4509-a9a6-cdd34bf0fc49,10,PROD003,300,Each
872b93b5-cd92-4a9b-a7c1-082cad8df326-10,872b93b5-cd92-4a9b-a7c1-082cad8df326,10,dfda2804-07c2-401d-bf8a-617b0358ea7d-10,dfda2804-07c2-401d-bf8a-617b0358ea7d,10,PROD009,390,Each
872b93b5-cd92-4a9b-a7c1-082cad8df326-20,872b93b5-cd92-4a9b-a7c1-082cad8df326,20,dfda2804-07c2-401d-bf8a-617b0358ea7d-20,dfda2804-07c2-401d-bf8a-617b0358ea7d,20,PROD005,230,Each
872b93b5-cd92-4a9b-a7c1-082cad8df326-30,872b93b5-cd92-4a9b-a7c1-082cad8df326,30,dfda2804-07c2-401d-bf8a-617b0358ea7d-30,dfda2804-07c2-401d-bf8a-617b0358ea7d,30,PROD006,390,Each
4cf63ba9-abcf-4e3f-aa97-080187988caa-10,4cf63ba9-abcf-4e3f-aa97-080187988caa,10,c142f06e-a519-4077-893d-740c9e73b0db-10,c142f06e-a519-4077-893d-740c9e73b0db,10,PROD002,50,Each
4cf63ba9-abcf-4e3f-aa97-080187988caa-20,4cf63ba9-abcf-4e3f-aa97-080187988caa,20,c142f06e-a519-4077-893d-740c9e73b0db-20,c142f06e-a519-4077-893d-740c9e73b0db,20,PROD007,90,Each
af2d7f26-5352-4242-ba59-cc5bcae5a3c3-10,af2d7f26-5352-4242-ba59-cc5bcae5a3c3,10,eac89dd6-6dc8-49ea-8ef9-c0860777d2ee-10,eac89dd6-6dc8-49ea-8ef9-c0860777d2ee,10,PROD007,92,Each
cf76133f-dcbe-4890-a1f9-fbd37a9221b4-10,cf76133f-dcbe-4890-a1f9-fbd37a9221b4,10,eac89dd6-6dc8-49ea-8ef9-c0860777d2ee-10,eac89dd6-6dc8-49ea-8ef9-c0860777d2ee,10,PROD007,278,Each
f38e4730-dabe-4148-9354-e26d25f161c8-10,f38e4730-dabe-4148-9354-e26d25f161c8,10,ab5c7a17-e223-409e-9eb2-486cc6d0f4d1-10,ab5c7a17-e223-409e-9eb2-486cc6d0f4d1,10,PROD009,60,Each
0a496d93-572a-45ba-a894-2fc121907b20-10,0a496d93-572a-45ba-a894-2fc121907b20,10,29ab5e0a-d018-40b6-938d-f531d64bef69-10,29ab5e0a-d018-40b6-938d-f531d64bef69,10,PROD009,80,Each
0a496d93-572a-45ba-a894-2fc121907b20-20,0a496d93-572a-45ba-a894-2fc121907b20,20,29ab5e0a-d018-40b6-938d-f531d64bef69-20,29ab5e0a-d018-40b6-938d-f531d64bef69,20,PROD005,310,Each
0a496d93-572a-45ba-a894-2fc121907b20-30,0a496d93-572a-45ba-a894-2fc121907b20,30,29ab5e0a-d018-40b6-938d-f531d64bef69-30,29ab5e0a-d018-40b6-938d-f531d64bef69,30,PROD006,80,Each
16d13e8a-233d-48d3-afec-3b49f0cf3146-10,16d13e8a-233d-48d3-afec-3b49f0cf3146,10,72f1c845-77b4-49cb-a05b-68527d6f3fb0-10,72f1c845-77b4-49cb-a05b-68527d6f3fb0,10,PROD007,170,Each
675e3ac1-a5d0-46e8-9b7d-b987c4ffe564-10,675e3ac1-a5d0-46e8-9b7d-b987c4ffe564,10,72f1c845-77b4-49cb-a05b-68527d6f3fb0-20,72f1c845-77b4-49cb-a05b-68527d6f3fb0,20,PROD003,150,Each
5bae2b9d-218e-457f-b211-a1419f66c79c-10,5bae2b9d-218e-457f-b211-a1419f66c79c,10,837273ad-cfd4-4a3a-9d3f-c5a922fc7b87-10,837273ad-cfd4-4a3a-9d3f-c5a922fc7b87,10,PROD008,220,Each
be667b3d-be37-4c56-91c6-3cb2f6be3c77-10,be667b3d-be37-4c56-91c6-3cb2f6be3c77,10,0ba611e9-7907-4369-af3a-4a7b2a58a354-10,0ba611e9-7907-4369-af3a-4a7b2a58a354,10,PROD007,320,Each
dae05431-d807-4f8f-a68d-6e88fc5f37b7-10,dae05431-d807-4f8f-a68d-6e88fc5f37b7,10,f7d0ab86-2b01-4cd3-b4fd-11c87a0a9810-20,f7d0ab86-2b01-4cd3-b4fd-11c87a0a9810,20,PROD004,390,Each
a4637b11-f25b-42eb-b255-61521e461930-10,a4637b11-f25b-42eb-b255-61521e461930,10,f7d0ab86-2b01-4cd3-b4fd-11c87a0a9810-10,f7d0ab86-2b01-4cd3-b4fd-11c87a0a9810,10,PROD002,100,Each
a4637b11-f25b-42eb-b255-61521e461930-20,a4637b11-f25b-42eb-b255-61521e461930,20,f7d0ab86-2b01-4cd3-b4fd-11c87a0a9810-30,f7d0ab86-2b01-4cd3-b4fd-11c87a0a9810,30,PROD007,50,Each
bd479982-e6c9-429c-91c1-fdec682e65b3-10,bd479982-e6c9-429c-91c1-fdec682e65b3,10,2b933079-e295-40a5-a170-c7f26493b06a-10,2b933079-e295-40a5-a170-c7f26493b06a,10,PROD003,90,Each
bd479982-e6c9-429c-91c1-fdec682e65b3-20,bd479982-e6c9-429c-91c1-fdec682e65b3,20,2b933079-e295-40a5-a170-c7f26493b06a-20,2b933079-e295-40a5-a170-c7f26493b06a,20,PROD007,300,Each
bd479982-e6c9-429c-91c1-fdec682e65b3-30,bd479982-e6c9-429c-91c1-fdec682e65b3,30,2b933079-e295-40a5-a170-c7f26493b06a-30,2b933079-e295-40a5-a170-c7f26493b06a,30,PROD004,450,Each
d218d074-8b01-4f4b-9dbc-4a5b93353f15-10,d218d074-8b01-4f4b-9dbc-4a5b93353f15,10,e392e0c1-8c15-4ab6-85d9-c17bd800ebb1-10,e392e0c1-8c15-4ab6-85d9-c17bd800ebb1,10,PROD001,470,Each
7b820aed-3280-456c-875c-43cb4424e09f-10,7b820aed-3280-456c-875c-43cb4424e09f,10,9a9190b2-d370-4b34-9544-5d86954a7277-10,9a9190b2-d370-4b34-9544-5d86954a7277,10,PROD004,150,Each
68f8c93d-3b2d-42c7-ba93-96266034f135-10,68f8c93d-3b2d-42c7-ba93-96266034f135,10,9a9190b2-d370-4b34-9544-5d86954a7277-20,9a9190b2-d370-4b34-9544-5d86954a7277,20,PROD003,190,Each
1335d2a2-776e-4f35-bd98-df7a7d168a2d-10,1335d2a2-776e-4f35-bd98-df7a7d168a2d,10,c032d9a3-d184-46fc-bf82-ed40590208cb-10,c032d9a3-d184-46fc-bf82-ed40590208cb,10,PROD007,110,Each
1335d2a2-776e-4f35-bd98-df7a7d168a2d-20,1335d2a2-776e-4f35-bd98-df7a7d168a2d,20,c032d9a3-d184-46fc-bf82-ed40590208cb-20,c032d9a3-d184-46fc-bf82-ed40590208cb,20,PROD008,110,Each
07d304ca-9db9-4513-8775-60a2f1c021e9-10,07d304ca-9db9-4513-8775-60a2f1c021e9,10,d07598ff-1ff6-4ecb-9454-2d03e5b8f128-10,d07598ff-1ff6-4ecb-9454-2d03e5b8f128,10,PROD008,470,Each
62776b19-eb12-46f1-a954-98a7db9215bb-10,62776b19-eb12-46f1-a954-98a7db9215bb,10,f3f0aa0f-f378-4a99-8bf3-7ac6bb37890a-20,f3f0aa0f-f378-4a99-8bf3-7ac6bb37890a,20,PROD007,110,Each
d574357a-c3cb-446c-b185-77122cf6f85b-10,d574357a-c3cb-446c-b185-77122cf6f85b,10,f3f0aa0f-f378-4a99-8bf3-7ac6bb37890a-10,f3f0aa0f-f378-4a99-8bf3-7ac6bb37890a,10,PROD001,190,Each
d574357a-c3cb-446c-b185-77122cf6f85b-20,d574357a-c3cb-446c-b185-77122cf6f85b,20,f3f0aa0f-f378-4a99-8bf3-7ac6bb37890a-30,f3f0aa0f-f378-4a99-8bf3-7ac6bb37890a,30,PROD002,200,Each
bc9e7baf-0c27-4e8a-8a7d-da1ecb8c402e-10,bc9e7baf-0c27-4e8a-8a7d-da1ecb8c402e,10,912679c0-13cf-4d7c-903c-4de27dd62bc6-10,912679c0-13cf-4d7c-903c-4de27dd62bc6,10,PROD005,360,Each
d0d46864-b687-4b6d-bd67-b997e0005abd-10,d0d46864-b687-4b6d-bd67-b997e0005abd,10,6ed1a89d-4f92-44ab-a018-04b9bc71e4b3-10,6ed1a89d-4f92-44ab-a018-04b9bc71e4b3,10,PROD004,270,Each
d0d46864-b687-4b6d-bd67-b997e0005abd-20,d0d46864-b687-4b6d-bd67-b997e0005abd,20,6ed1a89d-4f92-44ab-a018-04b9bc71e4b3-20,6ed1a89d-4f92-44ab-a018-04b9bc71e4b3,20,PROD006,350,Each
d0d46864-b687-4b6d-bd67-b997e0005abd-30,d0d46864-b687-4b6d-bd67-b997e0005abd,30,6ed1a89d-4f92-44ab-a018-04b9bc71e4b3-30,6ed1a89d-4f92-44ab-a018-04b9bc71e4b3,30,PROD008,260,Each
9204b60e-9d65-4bb6-aa3c-1c0d089fa472-10,9204b60e-9d65-4bb6-aa3c-1c0d089fa472,10,90818f6b-7ea3-4be9-970f-7c72caa70d2c-10,90818f6b-7ea3-4be9-970f-7c72caa70d2c,10,PROD004,107,Each
dc147a7d-e824-46c4-a7c5-6506f58d6515-10,dc147a7d-e824-46c4-a7c5-6506f58d6515,10,90818f6b-7ea3-4be9-970f-7c72caa70d2c-10,90818f6b-7ea3-4be9-970f-7c72caa70d2c,10,PROD004,183,Each
09acb4fd-afe0-49a2-a14f-5680d7595faf-10,09acb4fd-afe0-49a2-a14f-5680d7595faf,10,8e7bc051-3eea-4bcf-a3a1-bff92a688bb6-10,8e7bc051-3eea-4bcf-a3a1-bff92a688bb6,10,PROD005,70,Each
09acb4fd-afe0-49a2-a14f-5680d7595faf-20,09acb4fd-afe0-49a2-a14f-5680d7595faf,20,8e7bc051-3eea-4bcf-a3a1-bff92a688bb6-20,8e7bc051-3eea-4bcf-a3a1-bff92a688bb6,20,PROD001,370,Each
3c7118eb-176e-4016-8b45-66e09c191eaa-10,3c7118eb-176e-4016-8b45-66e09c191eaa,10,d2b8ca21-f16d-423d-b0b7-1a5ba25c3eda-10,d2b8ca21-f16d-423d-b0b7-1a5ba25c3eda,10,PROD006,420,Each
3c7118eb-176e-4016-8b45-66e09c191eaa-20,3c7118eb-176e-4016-8b45-66e09c191eaa,20,d2b8ca21-f16d-423d-b0b7-1a5ba25c3eda-20,d2b8ca21-f16d-423d-b0b7-1a5ba25c3eda,20,PROD009,460,Each
3c7118eb-176e-4016-8b45-66e09c191eaa-30,3c7118eb-176e-4016-8b45-66e09c191eaa,30,d2b8ca21-f16d-423d-b0b7-1a5ba25c3eda-30,d2b8ca21-f16d-423d-b0b7-1a5ba25c3eda,30,PROD004,430,Each
d4df9e85-de60-4ea9-b675-20f4769ced5e-10,d4df9e85-de60-4ea9-b675-20f4769ced5e,10,18790db6-d2c5-4dcd-87e4-78d2c80a23f1-10,18790db6-d2c5-4dcd-87e4-78d2c80a23f1,10,PROD002,120,Each
c3c1d8f3-6439-4cc4-a78d-4bb14ffa6d07-10,c3c1d8f3-6439-4cc4-a78d-4bb14ffa6d07,10,18790db6-d2c5-4dcd-87e4-78d2c80a23f1-20,18790db6-d2c5-4dcd-87e4-78d2c80a23f1,20,PROD004,190,Each
c3c1d8f3-6439-4cc4-a78d-4bb14ffa6d07-20,c3c1d8f3-6439-4cc4-a78d-4bb14ffa6d07,20,18790db6-d2c5-4dcd-87e4-78d2c80a23f1-30,18790db6-d2c5-4dcd-87e4-78d2c80a23f1,30,PROD006,50,Each
89c5eadf-b8e2-459a-a93c-d96019e5611a-10,89c5eadf-b8e2-459a-a93c-d96019e5611a,10,7c29da20-c732-4917-8055-839385efa835-10,7c29da20-c732-4917-8055-839385efa835,10,PROD002,90,Each
72e2d330-becb-4e0b-8c76-718ab23011f6-10,72e2d330-becb-4e0b-8c76-718ab23011f6,10,c0b76e60-d3cc-4e87-b74c-b6d7d2d616c4-10,c0b76e60-d3cc-4e87-b74c-b6d7d2d616c4,10,PROD003,120,Each
72e2d330-becb-4e0b-8c76-718ab23011f6-20,72e2d330-becb-4e0b-8c76-718ab23011f6,20,c0b76e60-d3cc-4e87-b74c-b6d7d2d616c4-20,c0b76e60-d3cc-4e87-b74c-b6d7d2d616c4,20,PROD002,500,Each
72e2d330-becb-4e0b-8c76-718ab23011f6-30,72e2d330-becb-4e0b-8c76-718ab23011f6,30,c0b76e60-d3cc-4e87-b74c-b6d7d2d616c4-30,c0b76e60-d3cc-4e87-b74c-b6d7d2d616c4,30,PROD007,270,Each
cb3c438c-83c4-49c6-9081-6fe2fbd71794-10,cb3c438c-83c4-49c6-9081-6fe2fbd71794,10,e5847766-b69b-439d-8bd9-3caaf6081c75-10,e5847766-b69b-439d-8bd9-3caaf6081c75,10,PROD006,168,Each
09b51586-4814-4f92-a382-cece19402270-10,09b51586-4814-4f92-a382-cece19402270,10,e5847766-b69b-439d-8bd9-3caaf6081c75-10,e5847766-b69b-439d-8bd9-3caaf6081c75,10,PROD006,112,Each
f2c3de59-1ff4-413b-b802-cfb1fd67ca3e-10,f2c3de59-1ff4-413b-b802-cfb1fd67ca3e,10,32ccf3d4-a193-4bf1-8f43-5bf1f6ae30fa-10,32ccf3d4-a193-4bf1-8f43-5bf1f6ae30fa,10,PROD007,430,Each
f2c3de59-1ff4-413b-b802-cfb1fd67ca3e-20,f2c3de59-1ff4-413b-b802-cfb1fd67ca3e,20,32ccf3d4-a193-4bf1-8f43-5bf1f6ae30fa-20,32ccf3d4-a193-4bf1-8f43-5bf1f6ae30fa,20,PROD009,500,Each
c79ab553-1336-4d29-9858-82608313ba37-10,c79ab553-1336-4d29-9858-82608313ba37,10,22977ae2-b5f5-40dc-8f60-11c4a22883c6-10,22977ae2-b5f5-40dc-8f60-11c4a22883c6,10,PROD003,240,Each
c79ab553-1336-4d29-9858-82608313ba37-20,c79ab553-1336-4d29-9858-82608313ba37,20,22977ae2-b5f5-40dc-8f60-11c4a22883c6-20,22977ae2-b5f5-40dc-8f60-11c4a22883c6,20,PROD005,410,Each
297dabc7-0e5b-4c39-b363-044b50797f7d-10,297dabc7-0e5b-4c39-b363-044b50797f7d,10,f9e69619-0e64-4868-9a93-d3d51d455260-10,f9e69619-0e64-4868-9a93-d3d51d455260,10,PROD005,115,Each
dbdfeb9d-f457-4467-8a08-4cd741b5ea8c-10,dbdfeb9d-f457-4467-8a08-4cd741b5ea8c,10,f9e69619-0e64-4868-9a93-d3d51d455260-10,f9e69619-0e64-4868-9a93-d3d51d455260,10,PROD005,45,Each
98532cf6-3cf1-446d-8b7f-24059c26044c-10,98532cf6-3cf1-446d-8b7f-24059c26044c,10,2a7778e4-f820-41e2-a578-0a10f73ce2df-10,2a7778e4-f820-41e2-a578-0a10f73ce2df,10,PROD004,290,Each
98532cf6-3cf1-446d-8b7f-24059c26044c-20,98532cf6-3cf1-446d-8b7f-24059c26044c,20,2a7778e4-f820-41e2-a578-0a10f73ce2df-20,2a7778e4-f820-41e2-a578-0a10f73ce2df,20,PROD006,470,Each
aef6914d-312d-4a45-8037-bf7e84609a76-10,aef6914d-312d-4a45-8037-bf7e84609a76,10,f96731fa-5fac-4b9a-9ddd-fde68adde90e-10,f96731fa-5fac-4b9a-9ddd-fde68adde90e,10,PROD005,160,Each
aef6914d-312d-4a45-8037-bf7e84609a76-20,aef6914d-312d-4a45-8037-bf7e84609a76,20,f96731fa-5fac-4b9a-9ddd-fde68adde90e-20,f96731fa-5fac-4b9a-9ddd-fde68adde90e,20,PROD001,240,Each
0ef4059c-cab1-4c06-b84c-fcc68acb8df1-10,0ef4059c-cab1-4c06-b84c-fcc68acb8df1,10,cfe6dbf9-f173-4828-8024-5c562715ed90-10,cfe6dbf9-f173-4828-8024-5c562715ed90,10,PROD007,161,Each
f11a531e-5ce7-4f38-a50f-7ced18f7621e-10,f11a531e-5ce7-4f38-a50f-7ced18f7621e,10,cfe6dbf9-f173-4828-8024-5c562715ed90-10,cfe6dbf9-f173-4828-8024-5c562715ed90,10,PROD007,79,Each
472b0112-8ae7-4330-aa6a-86fffbf9504c-10,472b0112-8ae7-4330-aa6a-86fffbf9504c,10,71704319-9ed5-4b79-9731-112edc13cef3-10,71704319-9ed5-4b79-9731-112edc13cef3,10,PROD009,120,Each
472b0112-8ae7-4330-aa6a-86fffbf9504c-20,472b0112-8ae7-4330-aa6a-86fffbf9504c,20,71704319-9ed5-4b79-9731-112edc13cef3-20,71704319-9ed5-4b79-9731-112edc13cef3,20,PROD004,450,Each
472b0112-8ae7-4330-aa6a-86fffbf9504c-30,472b0112-8ae7-4330-aa6a-86fffbf9504c,30,71704319-9ed5-4b79-9731-112edc13cef3-30,71704319-9ed5-4b79-9731-112edc13cef3,30,PROD002,170,Each
4a0a9bab-132a-47db-b38b-30c1531bcc33-10,4a0a9bab-132a-47db-b38b-30c1531bcc33,10,0cfc2fbb-4271-4850-aa48-2eddc91479ca-10,0cfc2fbb-4271-4850-aa48-2eddc91479ca,10,PROD005,340,Each
4a0a9bab-132a-47db-b38b-30c1531bcc33-20,4a0a9bab-132a-47db-b38b-30c1531bcc33,20,0cfc2fbb-4271-4850-aa48-2eddc91479ca-20,0cfc2fbb-4271-4850-aa48-2eddc91479ca,20,PROD008,490,Each
4cc4951e-2bdf-437e-856f-d546873d250e-10,4cc4951e-2bdf-437e-856f-d546873d250e,10,536f236b-07ca-4000-a6ec-4932fe102202-20,536f236b-07ca-4000-a6ec-4932fe102202,20,PROD008,270,Each
ad39e15e-9338-4802-9475-bc6d11821ae2-10,ad39e15e-9338-4802-9475-bc6d11821ae2,10,536f236b-07ca-4000-a6ec-4932fe102202-10,536f236b-07ca-4000-a6ec-4932fe102202,10,PROD005,110,Each
2801a949-3c54-4694-b0af-f9da0f6ef05e-10,2801a949-3c54-4694-b0af-f9da0f6ef05e,10,5807a7f7-0090-4278-b2de-97695c376e40-10,5807a7f7-0090-4278-b2de-97695c376e40,10,PROD009,340,Each
c07ab99f-a7d9-453f-93bb-a3951dd1ec36-10,c07ab99f-a7d9-453f-93bb-a3951dd1ec36,10,733216d4-86de-47b2-8381-d1c8d932d93d-10,733216d4-86de-47b2-8381-d1c8d932d93d,10,PROD001,440,Each
4f2bcde0-14fd-4416-85d9-f746c29b74d9-10,4f2bcde0-14fd-4416-85d9-f746c29b74d9,10,d8f50157-07de-4c07-9d0b-56da2e3db425-10,d8f50157-07de-4c07-9d0b-56da2e3db425,10,PROD003,80,Each
96769886-bf09-4fd2-9f9b-10d450f1e2b9-10,96769886-bf09-4fd2-9f9b-10d450f1e2b9,10,d8f50157-07de-4c07-9d0b-56da2e3db425-20,d8f50157-07de-4c07-9d0b-56da2e3db425,20,PROD005,390,Each
bfba17ac-fa77-4263-9342-51d4ad5ccb43-10,bfba17ac-fa77-4263-9342-51d4ad5ccb43,10,5e4b3b96-89b5-4eed-930e-c283f7b8cbe0-10,5e4b3b96-89b5-4eed-930e-c283f7b8cbe0,10,PROD001,220,Each
bfba17ac-fa77-4263-9342-51d4ad5ccb43-20,bfba17ac-fa77-4263-9342-51d4ad5ccb43,20,5e4b3b96-89b5-4eed-930e-c283f7b8cbe0-20,5e4b3b96-89b5-4eed-930e-c283f7b8cbe0,20,PROD007,140,Each
bfba17ac-fa77-4263-9342-51d4ad5ccb43-30,bfba17ac-fa77-4263-9342-51d4ad5ccb43,30,5e4b3b96-89b5-4eed-930e-c283f7b8cbe0-30,5e4b3b96-89b5-4eed-930e-c283f7b8cbe0,30,PROD005,450,Each
2a266ed8-cee7-4ce7-8fbe-9421e13ba195-10,2a266ed8-cee7-4ce7-8fbe-9421e13ba195,10,7f58aff7-65ab-427d-8738-2ffc2514f144-10,7f58aff7-65ab-427d-8738-2ffc2514f144,10,PROD009,180,Each
2a266ed8-cee7-4ce7-8fbe-9421e13ba195-20,2a266ed8-cee7-4ce7-8fbe-9421e13ba195,20,7f58aff7-65ab-427d-8738-2ffc2514f144-20,7f58aff7-65ab-427d-8738-2ffc2514f144,20,PROD003,100,Each
24d76845-f5c7-4d5e-a981-0bd67c04e163-10,24d76845-f5c7-4d5e-a981-0bd67c04e163,10,565503a6-0133-49ec-9324-5f29c89f4593-30,565503a6-0133-49ec-9324-5f29c89f4593,30,PROD008,110,Each
875c0594-98f7-4a38-8d54-d5e8a68fa80f-10,875c0594-98f7-4a38-8d54-d5e8a68fa80f,10,565503a6-0133-49ec-9324-5f29c89f4593-10,565503a6-0133-49ec-9324-5f29c89f4593,10,PROD004,390,Each
875c0594-98f7-4a38-8d54-d5e8a68fa80f-20,875c0594-98f7-4a38-8d54-d5e8a68fa80f,20,565503a6-0133-49ec-9324-5f29c89f4593-20,565503a6-0133-49ec-9324-5f29c89f4593,20,PROD001,500,Each
32d29d9b-8796-47e8-a42c-859e26a28b9c-10,32d29d9b-8796-47e8-a42c-859e26a28b9c,10,84fe4694-2243-4e15-a44c-f0489f440022-10,84fe4694-2243-4e15-a44c-f0489f440022,10,PROD006,380,Each
148baa7c-d6a9-4cbd-84cd-3f882744044e-10,148baa7c-d6a9-4cbd-84cd-3f882744044e,10,a292cc09-26bc-4951-8659-3e8a0254f1e4-10,a292cc09-26bc-4951-8659-3e8a0254f1e4,10,PROD006,330,Each
148baa7c-d6a9-4cbd-84cd-3f882744044e-20,148baa7c-d6a9-4cbd-84cd-3f882744044e,20,a292cc09-26bc-4951-8659-3e8a0254f1e4-20,a292cc09-26bc-4951-8659-3e8a0254f1e4,20,PROD008,180,Each
148baa7c-d6a9-4cbd-84cd-3f882744044e-30,148baa7c-d6a9-4cbd-84cd-3f882744044e,30,a292cc09-26bc-4951-8659-3e8a0254f1e4-30,a292cc09-26bc-4951-8659-3e8a0254f1e4,30,PROD002,140,Each
7708731f-62ac-4286-9ba1-4d740c0f99eb-10,7708731f-62ac-4286-9ba1-4d740c0f99eb,10,d3d43ffe-9b6e-4a2f-973a-2471115c5b8f-10,d3d43ffe-9b6e-4a2f-973a-2471115c5b8f,10,PROD003,85,Each
eb7a2d8f-e912-4ba5-b9e3-8ee6661a2d59-10,eb7a2d8f-e912-4ba5-b9e3-8ee6661a2d59,10,d3d43ffe-9b6e-4a2f-973a-2471115c5b8f-10,d3d43ffe-9b6e-4a2f-973a-2471115c5b8f,10,PROD003,75,Each
4b09699f-d563-4492-84ec-013e556e9cc1-10,4b09699f-d563-4492-84ec-013e556e9cc1,10,e96e370b-8d0a-4230-8060-79332797e469-10,e96e370b-8d0a-4230-8060-79332797e469,10,PROD007,140,Each
77343e23-f946-4f2f-859d-f2a91ba963d6-10,77343e23-f946-4f2f-859d-f2a91ba963d6,10,4dc7cfd4-e470-4345-9d21-f66db9d56692-10,4dc7cfd4-e470-4345-9d21-f66db9d56692,10,PROD006,170,Each
77343e23-f946-4f2f-859d-f2a91ba963d6-20,77343e23-f946-4f2f-859d-f2a91ba963d6,20,4dc7cfd4-e470-4345-9d21-f66db9d56692-20,4dc7cfd4-e470-4345-9d21-f66db9d56692,20,PROD001,190,Each
a3ff33ca-ac45-4bd5-bd11-c1091f43aba0-10,a3ff33ca-ac45-4bd5-bd11-c1091f43aba0,10,67353d96-21df-403c-b190-c4cc9bd973ea-10,67353d96-21df-403c-b190-c4cc9bd973ea,10,PROD009,221,Each
68671759-3fb2-452b-a4f7-eb129f557da3-10,68671759-3fb2-452b-a4f7-eb129f557da3,10,67353d96-21df-403c-b190-c4cc9bd973ea-10,67353d96-21df-403c-b190-c4cc9bd973ea,10,PROD009,59,Each
14cb11ad-2cab-4c30-9cde-7ba0c0525ed5-10,14cb11ad-2cab-4c30-9cde-7ba0c0525ed5,10,f1828ce0-ecae-4753-9bb2-60684c5a4721-10,f1828ce0-ecae-4753-9bb2-60684c5a4721,10,PROD007,110,Each
14cb11ad-2cab-4c30-9cde-7ba0c0525ed5-20,14cb11ad-2cab-4c30-9cde-7ba0c0525ed5,20,f1828ce0-ecae-4753-9bb2-60684c5a4721-20,f1828ce0-ecae-4753-9bb2-60684c5a4721,20,PROD009,500,Each
bdb3e507-232a-48a2-a4f1-4d081ae410e9-10,bdb3e507-232a-48a2-a4f1-4d081ae410e9,10,5b04b867-6af3-41f9-a3b8-9821afb5171a-10,5b04b867-6af3-41f9-a3b8-9821afb5171a,10,PROD006,160,Each
7dda1c0d-e8d4-4099-938d-44672e558d5a-10,7dda1c0d-e8d4-4099-938d-44672e558d5a,10,c56e16e1-5a47-4d66-8f61-69acc92d9cf1-10,c56e16e1-5a47-4d66-8f61-69acc92d9cf1,10,PROD001,350,Each
4010d8d1-b21d-4e10-aec7-07308031069c-10,4010d8d1-b21d-4e10-aec7-07308031069c,10,c56e16e1-5a47-4d66-8f61-69acc92d9cf1-20,c56e16e1-5a47-4d66-8f61-69acc92d9cf1,20,PROD008,120,Each
4010d8d1-b21d-4e10-aec7-07308031069c-20,4010d8d1-b21d-4e10-aec7-07308031069c,20,c56e16e1-5a47-4d66-8f61-69acc92d9cf1-30,c56e16e1-5a47-4d66-8f61-69acc92d9cf1,30,PROD007,50,Each
8054a963-e941-4a11-9513-9c837d3ab7d2-10,8054a963-e941-4a11-9513-9c837d3ab7d2,10,e774e216-275b-4664-8aea-c25bc8a5206c-10,e774e216-275b-4664-8aea-c25bc8a5206c,10,PROD007,110,Each
2587e97a-79d7-4e2d-b4af-3e18a914c9d1-10,2587e97a-79d7-4e2d-b4af-3e18a914c9d1,10,a9c0b6c1-1afa-4a5e-8664-d47381082378-10,a9c0b6c1-1afa-4a5e-8664-d47381082378,10,PROD006,390,Each
71042488-0374-472d-a133-2bc42f63be41-10,71042488-0374-472d-a133-2bc42f63be41,10,be3c4f95-3c0a-4bae-ae78-7b96f4da446e-20,be3c4f95-3c0a-4bae-ae78-7b96f4da446e,20,PROD009,290,Each
f914e144-69b4-42cf-8718-0639ff71710d-10,f914e144-69b4-42cf-8718-0639ff71710d,10,be3c4f95-3c0a-4bae-ae78-7b96f4da446e-10,be3c4f95-3c0a-4bae-ae78-7b96f4da446e,10,PROD003,450,Each
f914e144-69b4-42cf-8718-0639ff71710d-20,f914e144-69b4-42cf-8718-0639ff71710d,20,be3c4f95-3c0a-4bae-ae78-7b96f4da446e-30,be3c4f95-3c0a-4bae-ae78-7b96f4da446e,30,PROD005,430,Each
bf7aa346-d2f9-42d7-97eb-309b20caa08c-10,bf7aa346-d2f9-42d7-97eb-309b20caa08c,10,2b04d570-e47e-4df0-8c80-5b8214efa668-10,2b04d570-e47e-4df0-8c80-5b8214efa668,10,PROD001,70,Each
8f7a18e6-9ed3-43f8-b919-7dfb91cbacba-10,8f7a18e6-9ed3-43f8-b919-7dfb91cbacba,10,02b1a1f5-e385-47a6-bcc5-bde5a02a8326-10,02b1a1f5-e385-47a6-bcc5-bde5a02a8326,10,PROD005,160,Each
8f7a18e6-9ed3-43f8-b919-7dfb91cbacba-20,8f7a18e6-9ed3-43f8-b919-7dfb91cbacba,20,02b1a1f5-e385-47a6-bcc5-bde5a02a8326-20,02b1a1f5-e385-47a6-bcc5-bde5a02a8326,20,PROD004,210,Each
eca8dc4d-3fa6-4c29-8aa8-b35ba48269a1-10,eca8dc4d-3fa6-4c29-8aa8-b35ba48269a1,10,7ac3b8fb-4d95-46f7-87eb-418aed263289-20,7ac3b8fb-4d95-46f7-87eb-418aed263289,20,PROD004,450,Each
9920ba09-5fde-4ced-bbc7-fb675770051c-10,9920ba09-5fde-4ced-bbc7-fb675770051c,10,7ac3b8fb-4d95-46f7-87eb-418aed263289-10,7ac3b8fb-4d95-46f7-87eb-418aed263289,10,PROD007,390,Each
fae5bb0c-fb30-4627-9fbe-413d8da42e5f-10,fae5bb0c-fb30-4627-9fbe-413d8da42e5f,10,157bfd64-9aad-420c-b5c8-085bf4d31bbc-10,157bfd64-9aad-420c-b5c8-085bf4d31bbc,10,PROD007,500,Each
fae5bb0c-fb30-4627-9fbe-413d8da42e5f-20,fae5bb0c-fb30-4627-9fbe-413d8da42e5f,20,157bfd64-9aad-420c-b5c8-085bf4d31bbc-20,157bfd64-9aad-420c-b5c8-085bf4d31bbc,20,PROD004,160,Each
fae5bb0c-fb30-4627-9fbe-413d8da42e5f-30,fae5bb0c-fb30-4627-9fbe-413d8da42e5f,30,157bfd64-9aad-420c-b5c8-085bf4d31bbc-30,157bfd64-9aad-420c-b5c8-085bf4d31bbc,30,PROD008,310,Each
fc75072c-0046-4b54-9193-6df0c964297b-10,fc75072c-0046-4b54-9193-6df0c964297b,10,aa317f4b-df8c-4c2a-8ef0-96fc9c1fb301-10,aa317f4b-df8c-4c2a-8ef0-96fc9c1fb301,10,PROD004,250,Each
fc75072c-0046-4b54-9193-6df0c964297b-20,fc75072c-0046-4b54-9193-6df0c964297b,20,aa317f4b-df8c-4c2a-8ef0-96fc9c1fb301-20,aa317f4b-df8c-4c2a-8ef0-96fc9c1fb301,20,PROD006,160,Each
aa740487-d544-47b6-a913-b4371ffc0f74-10,aa740487-d544-47b6-a913-b4371ffc0f74,10,104ceb36-6b47-4145-9cd7-176f427dae14-10,104ceb36-6b47-4145-9cd7-176f427dae14,10,PROD005,180,Each
2e228157-945c-45b8-a619-f0c304123d07-10,2e228157-945c-45b8-a619-f0c304123d07,10,104ceb36-6b47-4145-9cd7-176f427dae14-10,104ceb36-6b47-4145-9cd7-176f427dae14,10,PROD005,230,Each
2f604206-6d89-4907-97ad-fdbdfb3b1fd8-10,2f604206-6d89-4907-97ad-fdbdfb3b1fd8,10,0b9b8af3-ba11-4cd7-baa3-6f1a565fbe55-10,0b9b8af3-ba11-4cd7-baa3-6f1a565fbe55,10,PROD004,480,Each
628f5af2-05d6-401d-bd01-f57982dacae8-10,628f5af2-05d6-401d-bd01-f57982dacae8,10,1332ce01-7f9e-4e7e-8dc4-6a4c88356c4a-10,1332ce01-7f9e-4e7e-8dc4-6a4c88356c4a,10,PROD005,190,Each
4eb19aa2-da3b-409f-a83a-3d598007d614-10,4eb19aa2-da3b-409f-a83a-3d598007d614,10,7771fd43-f3d1-4919-8bbf-687865a7c38d-20,7771fd43-f3d1-4919-8bbf-687865a7c38d,20,PROD004,340,Each
36c6accc-d6e9-48fe-b4c3-2a3d39a971bf-10,36c6accc-d6e9-48fe-b4c3-2a3d39a971bf,10,7771fd43-f3d1-4919-8bbf-687865a7c38d-10,7771fd43-f3d1-4919-8bbf-687865a7c38d,10,PROD003,160,Each
36c6accc-d6e9-48fe-b4c3-2a3d39a971bf-20,36c6accc-d6e9-48fe-b4c3-2a3d39a971bf,20,7771fd43-f3d1-4919-8bbf-687865a7c38d-30,7771fd43-f3d1-4919-8bbf-687865a7c38d,30,PROD009,190,Each
852f1788-ad26-446f-95b2-967120ae3f3a-10,852f1788-ad26-446f-95b2-967120ae3f3a,10,62972949-0115-4e55-9386-a16911bb902d-10,62972949-0115-4e55-9386-a16911bb902d,10,PROD004,330,Each
852f1788-ad26-446f-95b2-967120ae3f3a-20,852f1788-ad26-446f-95b2-967120ae3f3a,20,62972949-0115-4e55-9386-a16911bb902d-20,62972949-0115-4e55-9386-a16911bb902d,20,PROD003,50,Each
2ef7082a-bf78-4b87-993d-e91945e26cc0-10,2ef7082a-bf78-4b87-993d-e91945e26cc0,10,da501247-bd3b-4af2-92d7-7392bd240322-10,da501247-bd3b-4af2-92d7-7392bd240322,10,PROD009,380,Each
c4a86692-aa71-438d-87f0-3589ee102ba7-10,c4a86692-aa71-438d-87f0-3589ee102ba7,10,dd965bed-aa14-402a-b2de-f2bdbe452394-10,dd965bed-aa14-402a-b2de-f2bdbe452394,10,PROD001,350,Each
3cc03909-3da2-4d85-9c2a-dc7d9334fdd7-10,3cc03909-3da2-4d85-9c2a-dc7d9334fdd7,10,dd965bed-aa14-402a-b2de-f2bdbe452394-20,dd965bed-aa14-402a-b2de-f2bdbe452394,20,PROD004,450,Each
3cc03909-3da2-4d85-9c2a-dc7d9334fdd7-20,3cc03909-3da2-4d85-9c2a-dc7d9334fdd7,20,dd965bed-aa14-402a-b2de-f2bdbe452394-30,dd965bed-aa14-402a-b2de-f2bdbe452394,30,PROD002,150,Each
3490fdf4-03ed-40fc-97ce-c3591f72cee1-10,3490fdf4-03ed-40fc-97ce-c3591f72cee1,10,5d31dc17-f67f-4e16-8c86-8061fa1702d6-10,5d31dc17-f67f-4e16-8c86-8061fa1702d6,10,PROD001,250,Each
886e0597-b4fe-4423-b016-1620f619cb3d-10,886e0597-b4fe-4423-b016-1620f619cb3d,10,858d6c44-f05a-41fb-b78e-c5f89b13d88f-10,858d6c44-f05a-41fb-b78e-c5f89b13d88f,10,PROD002,250,Each
886e0597-b4fe-4423-b016-1620f619cb3d-20,886e0597-b4fe-4423-b016-1620f619cb3d,20,858d6c44-f05a-41fb-b78e-c5f89b13d88f-20,858d6c44-f05a-41fb-b78e-c5f89b13d88f,20,PROD008,490,Each
6564f4f0-ad7a-4cf0-9364-2cb995a31dd6-10,6564f4f0-ad7a-4cf0-9364-2cb995a31dd6,10,9221c46e-b6e3-4409-9a4f-b813bbb1415f-10,9221c46e-b6e3-4409-9a4f-b813bbb1415f,10,PROD004,420,Each
2cfa07ac-22e5-4888-b6b7-01b3ba0652f2-10,2cfa07ac-22e5-4888-b6b7-01b3ba0652f2,10,9221c46e-b6e3-4409-9a4f-b813bbb1415f-20,9221c46e-b6e3-4409-9a4f-b813bbb1415f,20,PROD003,100,Each
2cfa07ac-22e5-4888-b6b7-01b3ba0652f2-20,2cfa07ac-22e5-4888-b6b7-01b3ba0652f2,20,9221c46e-b6e3-4409-9a4f-b813bbb1415f-30,9221c46e-b6e3-4409-9a4f-b813bbb1415f,30,PROD001,270,Each
65e1914a-81bf-4139-99b0-efc37d460603-10,65e1914a-81bf-4139-99b0-efc37d460603,10,a98c9de3-4963-444e-8043-0a13eb14d714-10,a98c9de3-4963-444e-8043-0a13eb14d714,10,PROD001,190,Each
65e1914a-81bf-4139-99b0-efc37d460603-20,65e1914a-81bf-4139-99b0-efc37d460603,20,a98c9de3-4963-444e-8043-0a13eb14d714-20,a98c9de3-4963-444e-8043-0a13eb14d714,20,PROD005,310,Each
65e1914a-81bf-4139-99b0-efc37d460603-30,65e1914a-81bf-4139-99b0-efc37d460603,30,a98c9de3-4963-444e-8043-0a13eb14d714-30,a98c9de3-4963-444e-8043-0a13eb14d714,30,PROD004,140,Each
185735d7-a53e-423c-a456-d6962830bab7-10,185735d7-a53e-423c-a456-d6962830bab7,10,4657f0de-6efb-4edc-855a-d232f7d0f284-10,4657f0de-6efb-4edc-855a-d232f7d0f284,10,PROD007,370,Each
185735d7-a53e-423c-a456-d6962830bab7-20,185735d7-a53e-423c-a456-d6962830bab7,20,4657f0de-6efb-4edc-855a-d232f7d0f284-20,4657f0de-6efb-4edc-855a-d232f7d0f284,20,PROD006,290,Each
185735d7-a53e-423c-a456-d6962830bab7-30,185735d7-a53e-423c-a456-d6962830bab7,30,4657f0de-6efb-4edc-855a-d232f7d0f284-30,4657f0de-6efb-4edc-855a-d232f7d0f284,30,PROD008,310,Each
de5f15dd-1a6c-4934-94d2-9d066b283b96-10,de5f15dd-1a6c-4934-94d2-9d066b283b96,10,9a19e691-7171-4a17-bd91-5681fd745416-20,9a19e691-7171-4a17-bd91-5681fd745416,20,PROD006,150,Each
b3dda7ba-6b74-4474-b947-b9e9fb8da1f7-10,b3dda7ba-6b74-4474-b947-b9e9fb8da1f7,10,9a19e691-7171-4a17-bd91-5681fd745416-10,9a19e691-7171-4a17-bd91-5681fd745416,10,PROD009,90,Each
b3dda7ba-6b74-4474-b947-b9e9fb8da1f7-20,b3dda7ba-6b74-4474-b947-b9e9fb8da1f7,20,9a19e691-7171-4a17-bd91-5681fd745416-30,9a19e691-7171-4a17-bd91-5681fd745416,30,PROD005,250,Each
73bde19a-5798-4480-822e-72f1f749aeea-10,73bde19a-5798-4480-822e-72f1f749aeea,10,b0ee1d1a-33ab-49b3-ba03-d9df26fbac97-10,b0ee1d1a-33ab-49b3-ba03-d9df26fbac97,10,PROD006,470,Each
73bde19a-5798-4480-822e-72f1f749aeea-20,73bde19a-5798-4480-822e-72f1f749aeea,20,b0ee1d1a-33ab-49b3-ba03-d9df26fbac97-20,b0ee1d1a-33ab-49b3-ba03-d9df26fbac97,20,PROD004,290,Each
852435cc-1a29-45db-9a03-c02439ebec45-10,852435cc-1a29-45db-9a03-c02439ebec45,10,20bcb60e-1a53-4d73-92ff-ffd42e8dc459-10,20bcb60e-1a53-4d73-92ff-ffd42e8dc459,10,PROD002,240,Each
852435cc-1a29-45db-9a03-c02439ebec45-20,852435cc-1a29-45db-9a03-c02439ebec45,20,20bcb60e-1a53-4d73-92ff-ffd42e8dc459-20,20bcb60e-1a53-4d73-92ff-ffd42e8dc459,20,PROD001,250,Each
852435cc-1a29-45db-9a03-c02439ebec45-30,852435cc-1a29-45db-9a03-c02439ebec45,30,20bcb60e-1a53-4d73-92ff-ffd42e8dc459-30,20bcb60e-1a53-4d73-92ff-ffd42e8dc459,30,PROD008,440,Each
2c79b495-b7f4-434c-94d4-5952eef7b4b9-10,2c79b495-b7f4-434c-94d4-5952eef7b4b9,10,2fe9f3f9-0d19-4b96-9384-823f6dd3d601-20,2fe9f3f9-0d19-4b96-9384-823f6dd3d601,20,PROD006,500,Each
cd1a4b9e-9801-43ec-a625-c93778f3eb5b-10,cd1a4b9e-9801-43ec-a625-c93778f3eb5b,10,2fe9f3f9-0d19-4b96-9384-823f6dd3d601-10,2fe9f3f9-0d19-4b96-9384-823f6dd3d601,10,PROD001,90,Each
29428c29-5894-4232-91d1-7b4fad414b52-10,29428c29-5894-4232-91d1-7b4fad414b52,10,88eeb94a-ea49-42e6-aa89-9fbcac81ddf5-10,88eeb94a-ea49-42e6-aa89-9fbcac81ddf5,10,PROD008,230,Each
29428c29-5894-4232-91d1-7b4fad414b52-20,29428c29-5894-4232-91d1-7b4fad414b52,20,88eeb94a-ea49-42e6-aa89-9fbcac81ddf5-20,88eeb94a-ea49-42e6-aa89-9fbcac81ddf5,20,PROD004,470,Each
29428c29-5894-4232-91d1-7b4fad414b52-30,29428c29-5894-4232-91d1-7b4fad414b52,30,88eeb94a-ea49-42e6-aa89-9fbcac81ddf5-30,88eeb94a-ea49-42e6-aa89-9fbcac81ddf5,30,PROD001,100,Each
f1a184fe-6652-4640-9547-0c9e6c4109cf-10,f1a184fe-6652-4640-9547-0c9e6c4109cf,10,f7e0e161-56ca-4fc7-a6f9-630fd37f804b-10,f7e0e161-56ca-4fc7-a6f9-630fd37f804b,10,PROD007,200,Each
f1a184fe-6652-4640-9547-0c9e6c4109cf-20,f1a184fe-6652-4640-9547-0c9e6c4109cf,20,f7e0e161-56ca-4fc7-a6f9-630fd37f804b-20,f7e0e161-56ca-4fc7-a6f9-630fd37f804b,20,PROD003,140,Each
f1a184fe-6652-4640-9547-0c9e6c4109cf-30,f1a184fe-6652-4640-9547-0c9e6c4109cf,30,f7e0e161-56ca-4fc7-a6f9-630fd37f804b-30,f7e0e161-56ca-4fc7-a6f9-630fd37f804b,30,PROD001,60,Each
edbced31-ca65-4152-8f94-7107c8300390-10,edbced31-ca65-4152-8f94-7107c8300390,10,db14e561-acc2-462e-aa48-e910d6f9def1-10,db14e561-acc2-462e-aa48-e910d6f9def1,10,PROD008,174,Each
adb017b7-1b1c-479e-8e92-2eaeda47faeb-10,adb017b7-1b1c-479e-8e92-2eaeda47faeb,10,db14e561-acc2-462e-aa48-e910d6f9def1-10,db14e561-acc2-462e-aa48-e910d6f9def1,10,PROD008,46,Each
8dbe191b-ad81-4064-97d0-e1b3bf0bc68b-10,8dbe191b-ad81-4064-97d0-e1b3bf0bc68b,10,8ba84871-c0be-4b5d-9943-72df427cdb2b-10,8ba84871-c0be-4b5d-9943-72df427cdb2b,10,PROD003,110,Each
8dbe191b-ad81-4064-97d0-e1b3bf0bc68b-20,8dbe191b-ad81-4064-97d0-e1b3bf0bc68b,20,8ba84871-c0be-4b5d-9943-72df427cdb2b-20,8ba84871-c0be-4b5d-9943-72df427cdb2b,20,PROD002,220,Each
7f8e5c1f-8cf9-459a-876e-0aa0a4119f79-10,7f8e5c1f-8cf9-459a-876e-0aa0a4119f79,10,38382283-2de9-48c4-a1a5-f4ded70ee5bc-10,38382283-2de9-48c4-a1a5-f4ded70ee5bc,10,PROD001,370,Each
c60e2193-0f62-4c3a-a6fc-8b471df4ada7-10,c60e2193-0f62-4c3a-a6fc-8b471df4ada7,10,a2c6e23a-6f7d-4a02-ab13-da5a3c63af53-10,a2c6e23a-6f7d-4a02-ab13-da5a3c63af53,10,PROD009,86,Each
071b5b2a-413a-4c37-99e7-1282173795fa-10,071b5b2a-413a-4c37-99e7-1282173795fa,10,a2c6e23a-6f7d-4a02-ab13-da5a3c63af53-10,a2c6e23a-6f7d-4a02-ab13-da5a3c63af53,10,PROD009,274,Each
5e6b2223-905f-4b21-a90b-d3735f5f9203-10,5e6b2223-905f-4b21-a90b-d3735f5f9203,10,11cb2d9f-08bf-4e64-a205-a154a2dbfb07-10,11cb2d9f-08bf-4e64-a205-a154a2dbfb07,10,PROD002,170,Each
5e6b2223-905f-4b21-a90b-d3735f5f9203-20,5e6b2223-905f-4b21-a90b-d3735f5f9203,20,11cb2d9f-08bf-4e64-a205-a154a2dbfb07-20,11cb2d9f-08bf-4e64-a205-a154a2dbfb07,20,PROD005,300,Each
94b95956-7c66-427c-88c7-8866b2130d23-10,94b95956-7c66-427c-88c7-8866b2130d23,10,b9d1c4fe-8539-4e3c-ab2a-89396c7330f1-10,b9d1c4fe-8539-4e3c-ab2a-89396c7330f1,10,PROD003,180,Each
94b95956-7c66-427c-88c7-8866b2130d23-20,94b95956-7c66-427c-88c7-8866b2130d23,20,b9d1c4fe-8539-4e3c-ab2a-89396c7330f1-20,b9d1c4fe-8539-4e3c-ab2a-89396c7330f1,20,PROD001,170,Each
15235fc6-cc15-434b-a545-6f6c92396ea5-10,15235fc6-cc15-434b-a545-6f6c92396ea5,10,0258efb7-3bbb-493c-803a-b5a44bb220f3-30,0258efb7-3bbb-493c-803a-b5a44bb220f3,30,PROD006,430,Each
474b2aaa-97f6-4c63-ae17-2192c061224a-10,474b2aaa-97f6-4c63-ae17-2192c061224a,10,0258efb7-3bbb-493c-803a-b5a44bb220f3-10,0258efb7-3bbb-493c-803a-b5a44bb220f3,10,PROD009,180,Each
474b2aaa-97f6-4c63-ae17-2192c061224a-20,474b2aaa-97f6-4c63-ae17-2192c061224a,20,0258efb7-3bbb-493c-803a-b5a44bb220f3-20,0258efb7-3bbb-493c-803a-b5a44bb220f3,20,PROD003,110,Each
42766264-8016-441d-b53c-5cb0da36d869-10,42766264-8016-441d-b53c-5cb0da36d869,10,727324d5-44eb-494f-8902-b0bf3ddfa583-10,727324d5-44eb-494f-8902-b0bf3ddfa583,10,PROD008,140,Each
42766264-8016-441d-b53c-5cb0da36d869-20,42766264-8016-441d-b53c-5cb0da36d869,20,727324d5-44eb-494f-8902-b0bf3ddfa583-20,727324d5-44eb-494f-8902-b0bf3ddfa583,20,PROD006,300,Each
42766264-8016-441d-b53c-5cb0da36d869-30,42766264-8016-441d-b53c-5cb0da36d869,30,727324d5-44eb-494f-8902-b0bf3ddfa583-30,727324d5-44eb-494f-8902-b0bf3ddfa583,30,PROD004,220,Each
370b2132-a567-4528-bbe4-72f2d33b9474-10,370b2132-a567-4528-bbe4-72f2d33b9474,10,6df99cc9-b209-4a3b-84b0-c9e4ace09227-10,6df99cc9-b209-4a3b-84b0-c9e4ace09227,10,PROD004,220,Each
82f25d9b-1b6b-4694-840b-c6de46f22f79-10,82f25d9b-1b6b-4694-840b-c6de46f22f79,10,4f0354f8-1f99-49fe-920a-21edc7b9100c-10,4f0354f8-1f99-49fe-920a-21edc7b9100c,10,PROD009,37,Each
aa31aea3-9875-4ec6-b064-86dbcfbd05ae-10,aa31aea3-9875-4ec6-b064-86dbcfbd05ae,10,4f0354f8-1f99-49fe-920a-21edc7b9100c-10,4f0354f8-1f99-49fe-920a-21edc7b9100c,10,PROD009,133,Each
99134218-11df-4de4-8e20-249f67f02e56-10,99134218-11df-4de4-8e20-249f67f02e56,10,39fa821b-d2c8-45ca-accd-e28ff644d19c-10,39fa821b-d2c8-45ca-accd-e28ff644d19c,10,PROD002,320,Each
30e227f5-88e4-4610-a26c-b03727998934-10,30e227f5-88e4-4610-a26c-b03727998934,10,8f3efc70-7ccf-41fc-9161-afac86b87a87-10,8f3efc70-7ccf-41fc-9161-afac86b87a87,10,PROD009,320,Each
30e227f5-88e4-4610-a26c-b03727998934-20,30e227f5-88e4-4610-a26c-b03727998934,20,8f3efc70-7ccf-41fc-9161-afac86b87a87-20,8f3efc70-7ccf-41fc-9161-afac86b87a87,20,PROD002,300,Each
30e227f5-88e4-4610-a26c-b03727998934-30,30e227f5-88e4-4610-a26c-b03727998934,30,8f3efc70-7ccf-41fc-9161-afac86b87a87-30,8f3efc70-7ccf-41fc-9161-afac86b87a87,30,PROD001,300,Each
285e65a3-cfc5-4f79-81fc-c140fa0b8774-10,285e65a3-cfc5-4f79-81fc-c140fa0b8774,10,c4e8dd82-a3dd-44f6-97be-d1949e421725-10,c4e8dd82-a3dd-44f6-97be-d1949e421725,10,PROD007,245,Each
db9370f9-4647-43d7-a148-8217ebf32c9f-10,db9370f9-4647-43d7-a148-8217ebf32c9f,10,c4e8dd82-a3dd-44f6-97be-d1949e421725-10,c4e8dd82-a3dd-44f6-97be-d1949e421725,10,PROD007,65,Each
8829c83b-68d0-487b-98b0-d2972fa3c0c0-10,8829c83b-68d0-487b-98b0-d2972fa3c0c0,10,aa03baab-4848-4aad-9c93-aba45ce5efbf-10,aa03baab-4848-4aad-9c93-aba45ce5efbf,10,PROD005,450,Each
8829c83b-68d0-487b-98b0-d2972fa3c0c0-20,8829c83b-68d0-487b-98b0-d2972fa3c0c0,20,aa03baab-4848-4aad-9c93-aba45ce5efbf-20,aa03baab-4848-4aad-9c93-aba45ce5efbf,20,PROD006,250,Each
a8c4110b-23bd-4b5d-b3a1-d2634f708261-10,a8c4110b-23bd-4b5d-b3a1-d2634f708261,10,8872b820-ef8d-49f8-add9-580df2e7f04c-10,8872b820-ef8d-49f8-add9-580df2e7f04c,10,PROD003,130,Each
a8c4110b-23bd-4b5d-b3a1-d2634f708261-20,a8c4110b-23bd-4b5d-b3a1-d2634f708261,20,8872b820-ef8d-49f8-add9-580df2e7f04c-20,8872b820-ef8d-49f8-add9-580df2e7f04c,20,PROD009,360,Each
de0595e0-da9c-491b-8050-92af7f28f39e-10,de0595e0-da9c-491b-8050-92af7f28f39e,10,01674144-6524-4038-a5ad-7c66f122dba3-10,01674144-6524-4038-a5ad-7c66f122dba3,10,PROD009,420,Each
893dc5f8-dc4f-4129-b872-bfcdbde4f23f-10,893dc5f8-dc4f-4129-b872-bfcdbde4f23f,10,01674144-6524-4038-a5ad-7c66f122dba3-20,01674144-6524-4038-a5ad-7c66f122dba3,20,PROD003,80,Each
ebec92b6-22ad-427f-aacc-9785fe67f891-10,ebec92b6-22ad-427f-aacc-9785fe67f891,10,4a1159ca-6c37-4caf-9380-842c22546c83-10,4a1159ca-6c37-4caf-9380-842c22546c83,10,PROD001,350,Each
de4e8347-6886-4371-a651-da0880b5f4e9-10,de4e8347-6886-4371-a651-da0880b5f4e9,10,fc7ba6c4-de6d-4cdc-a7ae-e7053a1f2b5e-10,fc7ba6c4-de6d-4cdc-a7ae-e7053a1f2b5e,10,PROD008,460,Each
3d576ddc-a4d5-426a-b51f-b488a1793e3d-10,3d576ddc-a4d5-426a-b51f-b488a1793e3d,10,15985863-7d7b-4d32-8b6f-4789bb99c56a-10,15985863-7d7b-4d32-8b6f-4789bb99c56a,10,PROD009,97,Each
ae78e017-dd09-443d-abe8-666ca2a50908-10,ae78e017-dd09-443d-abe8-666ca2a50908,10,15985863-7d7b-4d32-8b6f-4789bb99c56a-10,15985863-7d7b-4d32-8b6f-4789bb99c56a,10,PROD009,343,Each
f36cf159-ede6-4567-815a-2b49492cb971-10,f36cf159-ede6-4567-815a-2b49492cb971,10,8188d786-152d-43cb-8fef-750255a5b455-10,8188d786-152d-43cb-8fef-750255a5b455,10,PROD007,180,Each
f36cf159-ede6-4567-815a-2b49492cb971-20,f36cf159-ede6-4567-815a-2b49492cb971,20,8188d786-152d-43cb-8fef-750255a5b455-20,8188d786-152d-43cb-8fef-750255a5b455,20,PROD006,440,Each
f36cf159-ede6-4567-815a-2b49492cb971-30,f36cf159-ede6-4567-815a-2b49492cb971,30,8188d786-152d-43cb-8fef-750255a5b455-30,8188d786-152d-43cb-8fef-750255a5b455,30,PROD005,180,Each
2c2e64ab-c8c6-4647-8f73-f284a65794c9-10,2c2e64ab-c8c6-4647-8f73-f284a65794c9,10,25ad88a0-cd95-47cb-8f76-621a1b524a12-10,25ad88a0-cd95-47cb-8f76-621a1b524a12,10,PROD006,280,Each
2c2e64ab-c8c6-4647-8f73-f284a65794c9-20,2c2e64ab-c8c6-4647-8f73-f284a65794c9,20,25ad88a0-cd95-47cb-8f76-621a1b524a12-20,25ad88a0-cd95-47cb-8f76-621a1b524a12,20,PROD005,260,Each
d67f9e99-0164-4756-908a-9e5d1d5d3983-10,d67f9e99-0164-4756-908a-9e5d1d5d3983,10,70cd3268-0e8d-4dc7-88fe-f80047da3643-10,70cd3268-0e8d-4dc7-88fe-f80047da3643,10,PROD001,450,Each
ad67d490-ba7a-4f25-ab89-52bd2d96bf05-10,ad67d490-ba7a-4f25-ab89-52bd2d96bf05,10,70cd3268-0e8d-4dc7-88fe-f80047da3643-20,70cd3268-0e8d-4dc7-88fe-f80047da3643,20,PROD006,80,Each
ed8b441c-a79b-4600-a7cb-cb81122bf01f-10,ed8b441c-a79b-4600-a7cb-cb81122bf01f,10,72017ae6-ad16-4710-a5a3-96f0a79e35f9-10,72017ae6-ad16-4710-a5a3-96f0a79e35f9,10,PROD001,100,Each
bd34e9a1-3757-4384-9fe3-ed0ba2267950-10,bd34e9a1-3757-4384-9fe3-ed0ba2267950,10,de649ba8-190a-4798-823d-7979ef7cb172-10,de649ba8-190a-4798-823d-7979ef7cb172,10,PROD003,340,Each
bd34e9a1-3757-4384-9fe3-ed0ba2267950-20,bd34e9a1-3757-4384-9fe3-ed0ba2267950,20,de649ba8-190a-4798-823d-7979ef7cb172-20,de649ba8-190a-4798-823d-7979ef7cb172,20,PROD006,180,Each
bd34e9a1-3757-4384-9fe3-ed0ba2267950-30,bd34e9a1-3757-4384-9fe3-ed0ba2267950,30,de649ba8-190a-4798-823d-7979ef7cb172-30,de649ba8-190a-4798-823d-7979ef7cb172,30,PROD001,370,Each
a3a9666d-a4f6-4f82-a1ee-baeaf27120eb-10,a3a9666d-a4f6-4f82-a1ee-baeaf27120eb,10,4ad9a401-d191-4d34-a28f-b2016e6210f7-20,4ad9a401-d191-4d34-a28f-b2016e6210f7,20,PROD004,330,Each
0d2c5585-fc2b-4f88-8384-6725c3944968-10,0d2c5585-fc2b-4f88-8384-6725c3944968,10,4ad9a401-d191-4d34-a28f-b2016e6210f7-10,4ad9a401-d191-4d34-a28f-b2016e6210f7,10,PROD008,330,Each
596ea25f-6421-4692-8488-b9876842bf35-10,596ea25f-6421-4692-8488-b9876842bf35,10,a7dccf78-809f-43b0-be04-dfd9243a5e23-10,a7dccf78-809f-43b0-be04-dfd9243a5e23,10,PROD003,290,Each
89447e07-4f87-490b-952c-b3c0adca63d4-10,89447e07-4f87-490b-952c-b3c0adca63d4,10,953f235f-39f8-4e1e-9588-13610aca1452-10,953f235f-39f8-4e1e-9588-13610aca1452,10,PROD002,280,Each
89447e07-4f87-490b-952c-b3c0adca63d4-20,89447e07-4f87-490b-952c-b3c0adca63d4,20,953f235f-39f8-4e1e-9588-13610aca1452-20,953f235f-39f8-4e1e-9588-13610aca1452,20,PROD004,170,Each
83bf2ea8-afe0-4431-871d-92d8463082ad-10,83bf2ea8-afe0-4431-871d-92d8463082ad,10,34b89685-4a6b-4b0d-a80b-06914aa9c882-10,34b89685-4a6b-4b0d-a80b-06914aa9c882,10,PROD005,80,Each
cdd203a0-5130-4e73-a617-3d6e97913b69-10,cdd203a0-5130-4e73-a617-3d6e97913b69,10,34b89685-4a6b-4b0d-a80b-06914aa9c882-20,34b89685-4a6b-4b0d-a80b-06914aa9c882,20,PROD008,500,Each
c7e56ebf-6497-405a-a848-912df772ac54-10,c7e56ebf-6497-405a-a848-912df772ac54,10,addc1bb5-6e36-42f8-addb-51b524bed745-10,addc1bb5-6e36-42f8-addb-51b524bed745,10,PROD005,220,Each
c7e56ebf-6497-405a-a848-912df772ac54-20,c7e56ebf-6497-405a-a848-912df772ac54,20,addc1bb5-6e36-42f8-addb-51b524bed745-20,addc1bb5-6e36-42f8-addb-51b524bed745,20,PROD009,220,Each
c7e56ebf-6497-405a-a848-912df772ac54-30,c7e56ebf-6497-405a-a848-912df772ac54,30,addc1bb5-6e36-42f8-addb-51b524bed745-30,addc1bb5-6e36-42f8-addb-51b524bed745,30,PROD008,420,Each
e7e3a2be-74bd-4207-9c89-1fdc4ab77447-10,e7e3a2be-74bd-4207-9c89-1fdc4ab77447,10,103dff42-de0a-4cad-b76e-722f83515478-10,103dff42-de0a-4cad-b76e-722f83515478,10,PROD009,320,Each
e7e3a2be-74bd-4207-9c89-1fdc4ab77447-20,e7e3a2be-74bd-4207-9c89-1fdc4ab77447,20,103dff42-de0a-4cad-b76e-722f83515478-20,103dff42-de0a-4cad-b76e-722f83515478,20,PROD003,320,Each
e7e3a2be-74bd-4207-9c89-1fdc4ab77447-30,e7e3a2be-74bd-4207-9c89-1fdc4ab77447,30,103dff42-de0a-4cad-b76e-722f83515478-30,103dff42-de0a-4cad-b76e-722f83515478,30,PROD004,360,Each
9638d188-7628-404f-8a81-b87057b8e49c-10,9638d188-7628-404f-8a81-b87057b8e49c,10,056510ea-6946-4d4e-8da2-1903868267ff-20,056510ea-6946-4d4e-8da2-1903868267ff,20,PROD005,450,Each
5ed36dc7-2431-4e62-a2f1-cbce8d89b9f4-10,5ed36dc7-2431-4e62-a2f1-cbce8d89b9f4,10,056510ea-6946-4d4e-8da2-1903868267ff-10,056510ea-6946-4d4e-8da2-1903868267ff,10,PROD007,330,Each
5ed36dc7-2431-4e62-a2f1-cbce8d89b9f4-20,5ed36dc7-2431-4e62-a2f1-cbce8d89b9f4,20,056510ea-6946-4d4e-8da2-1903868267ff-30,056510ea-6946-4d4e-8da2-1903868267ff,30,PROD003,300,Each
b02d16b9-ec45-4679-a1d3-6c03b1f50274-10,b02d16b9-ec45-4679-a1d3-6c03b1f50274,10,5c8556d7-c249-430f-ad45-8e873c4f8ceb-10,5c8556d7-c249-430f-ad45-8e873c4f8ceb,10,PROD002,130,Each
b02d16b9-ec45-4679-a1d3-6c03b1f50274-20,b02d16b9-ec45-4679-a1d3-6c03b1f50274,20,5c8556d7-c249-430f-ad45-8e873c4f8ceb-20,5c8556d7-c249-430f-ad45-8e873c4f8ceb,20,PROD007,490,Each
4fed91d4-1d7d-4f39-b24a-76ff1f810f16-10,4fed91d4-1d7d-4f39-b24a-76ff1f810f16,10,a532dd65-b4be-4da0-b819-ff1000920161-10,a532dd65-b4be-4da0-b819-ff1000920161,10,PROD009,50,Each
4fed91d4-1d7d-4f39-b24a-76ff1f810f16-20,4fed91d4-1d7d-4f39-b24a-76ff1f810f16,20,a532dd65-b4be-4da0-b819-ff1000920161-20,a532dd65-b4be-4da0-b819-ff1000920161,20,PROD006,50,Each
4fed91d4-1d7d-4f39-b24a-76ff1f810f16-30,4fed91d4-1d7d-4f39-b24a-76ff1f810f16,30,a532dd65-b4be-4da0-b819-ff1000920161-30,a532dd65-b4be-4da0-b819-ff1000920161,30,PROD005,70,Each
27bc0ffd-5ba5-4395-b8e9-c97f6c7024c7-10,27bc0ffd-5ba5-4395-b8e9-c97f6c7024c7,10,cbc35a1c-1e6e-46e0-9c18-1cd2d8b02efa-10,cbc35a1c-1e6e-46e0-9c18-1cd2d8b02efa,10,PROD004,66,Each
2e9d3ba8-c91a-4fb2-9ee6-a1a9d349563a-10,2e9d3ba8-c91a-4fb2-9ee6-a1a9d349563a,10,cbc35a1c-1e6e-46e0-9c18-1cd2d8b02efa-10,cbc35a1c-1e6e-46e0-9c18-1cd2d8b02efa,10,PROD004,264,Each
d6f0fc1a-3737-47e6-8e99-e7a6e05e4067-10,d6f0fc1a-3737-47e6-8e99-e7a6e05e4067,10,d8844b25-e612-4241-9970-15ae5dc4357f-10,d8844b25-e612-4241-9970-15ae5dc4357f,10,PROD008,270,Each
d6f0fc1a-3737-47e6-8e99-e7a6e05e4067-20,d6f0fc1a-3737-47e6-8e99-e7a6e05e4067,20,d8844b25-e612-4241-9970-15ae5dc4357f-20,d8844b25-e612-4241-9970-15ae5dc4357f,20,PROD003,470,Each
a64cfe7c-1a6a-49c3-9bc9-2517efd311af-10,a64cfe7c-1a6a-49c3-9bc9-2517efd311af,10,4c19d00b-0ab5-4fd0-a907-1ba41ea1fc57-10,4c19d00b-0ab5-4fd0-a907-1ba41ea1fc57,10,PROD008,450,Each
a64cfe7c-1a6a-49c3-9bc9-2517efd311af-20,a64cfe7c-1a6a-49c3-9bc9-2517efd311af,20,4c19d00b-0ab5-4fd0-a907-1ba41ea1fc57-20,4c19d00b-0ab5-4fd0-a907-1ba41ea1fc57,20,PROD002,240,Each
2e677434-4683-49d3-bafb-9e22cfad12d0-10,2e677434-4683-49d3-bafb-9e22cfad12d0,10,353a859f-a029-43a1-9f01-62448e015185-10,353a859f-a029-43a1-9f01-62448e015185,10,PROD009,213,Each
84d2f4a7-b57f-4a5c-938e-3378c0884792-10,84d2f4a7-b57f-4a5c-938e-3378c0884792,10,353a859f-a029-43a1-9f01-62448e015185-10,353a859f-a029-43a1-9f01-62448e015185,10,PROD009,57,Each
29486c0a-37b2-47a8-9b6d-30b490183bb4-10,29486c0a-37b2-47a8-9b6d-30b490183bb4,10,0f187ddb-1f56-4185-9e61-197db0e4dee0-10,0f187ddb-1f56-4185-9e61-197db0e4dee0,10,PROD006,420,Each
3b22b870-9780-46c1-aab3-7548f6e380b1-10,3b22b870-9780-46c1-aab3-7548f6e380b1,10,6908dc57-b879-4d8e-85c6-55bff92cae6c-10,6908dc57-b879-4d8e-85c6-55bff92cae6c,10,PROD007,130,Each
3b22b870-9780-46c1-aab3-7548f6e380b1-20,3b22b870-9780-46c1-aab3-7548f6e380b1,20,6908dc57-b879-4d8e-85c6-55bff92cae6c-20,6908dc57-b879-4d8e-85c6-55bff92cae6c,20,PROD004,400,Each
396f195c-4bd6-43c0-8818-d3f397237dfb-10,396f195c-4bd6-43c0-8818-d3f397237dfb,10,7a0ae911-81a4-48cc-9840-51c65c8f136a-10,7a0ae911-81a4-48cc-9840-51c65c8f136a,10,PROD002,160,Each
24981acd-c379-455c-a37a-106cce0223af-10,24981acd-c379-455c-a37a-106cce0223af,10,7a0ae911-81a4-48cc-9840-51c65c8f136a-20,7a0ae911-81a4-48cc-9840-51c65c8f136a,20,PROD005,500,Each
24981acd-c379-455c-a37a-106cce0223af-20,24981acd-c379-455c-a37a-106cce0223af,20,7a0ae911-81a4-48cc-9840-51c65c8f136a-30,7a0ae911-81a4-48cc-9840-51c65c8f136a,30,PROD003,160,Each
b34c91be-e28a-4360-aa5f-8462a510ccc9-10,b34c91be-e28a-4360-aa5f-8462a510ccc9,10,64771643-ea61-4b73-8672-4344d26101ca-10,64771643-ea61-4b73-8672-4344d26101ca,10,PROD006,260,Each
4af8551f-511c-44c8-bf88-426ae4869b81-10,4af8551f-511c-44c8-bf88-426ae4869b81,10,ceeba61c-b673-4b7a-94d5-3846d7e0bd2f-10,ceeba61c-b673-4b7a-94d5-3846d7e0bd2f,10,PROD002,90,Each
08f3fa64-9eb1-491e-8f2a-e29a900a5d82-10,08f3fa64-9eb1-491e-8f2a-e29a900a5d82,10,3add0df2-c687-4bec-a178-4ed2fdea1ad6-10,3add0df2-c687-4bec-a178-4ed2fdea1ad6,10,PROD004,158,Each
de6f4f06-450d-400c-84a5-2d3d1bd62b8e-10,de6f4f06-450d-400c-84a5-2d3d1bd62b8e,10,3add0df2-c687-4bec-a178-4ed2fdea1ad6-10,3add0df2-c687-4bec-a178-4ed2fdea1ad6,10,PROD004,202,Each
8013318a-c74b-4c48-8485-5aa71b28fbae-10,8013318a-c74b-4c48-8485-5aa71b28fbae,10,89151c0c-06a2-401e-b8a3-c2a6fec58b8d-10,89151c0c-06a2-401e-b8a3-c2a6fec58b8d,10,PROD005,380,Each
8013318a-c74b-4c48-8485-5aa71b28fbae-20,8013318a-c74b-4c48-8485-5aa71b28fbae,20,89151c0c-06a2-401e-b8a3-c2a6fec58b8d-20,89151c0c-06a2-401e-b8a3-c2a6fec58b8d,20,PROD008,100,Each
fc6d69c7-6356-4efa-8779-f79ee1b5b615-10,fc6d69c7-6356-4efa-8779-f79ee1b5b615,10,164e3865-6798-48cb-ba09-4a0c69c46a6d-10,164e3865-6798-48cb-ba09-4a0c69c46a6d,10,PROD009,480,Each
fc6d69c7-6356-4efa-8779-f79ee1b5b615-20,fc6d69c7-6356-4efa-8779-f79ee1b5b615,20,164e3865-6798-48cb-ba09-4a0c69c46a6d-20,164e3865-6798-48cb-ba09-4a0c69c46a6d,20,PROD006,340,Each
fc6d69c7-6356-4efa-8779-f79ee1b5b615-30,fc6d69c7-6356-4efa-8779-f79ee1b5b615,30,164e3865-6798-48cb-ba09-4a0c69c46a6d-30,164e3865-6798-48cb-ba09-4a0c69c46a6d,30,PROD003,150,Each
c90b34db-8a26-4685-91c9-1616734bbf6f-10,c90b34db-8a26-4685-91c9-1616734bbf6f,10,68344179-4690-43d7-b6d4-cbf189950819-10,68344179-4690-43d7-b6d4-cbf189950819,10,PROD002,170,Each
ff58f797-52dc-4422-8e7d-dd157655e156-10,ff58f797-52dc-4422-8e7d-dd157655e156,10,68344179-4690-43d7-b6d4-cbf189950819-20,68344179-4690-43d7-b6d4-cbf189950819,20,PROD008,470,Each
585f6613-7b95-4789-8613-382d4fabde28-10,585f6613-7b95-4789-8613-382d4fabde28,10,6b07f1e1-1f73-4417-9850-49c78da9ba9e-10,6b07f1e1-1f73-4417-9850-49c78da9ba9e,10,PROD009,60,Each
585f6613-7b95-4789-8613-382d4fabde28-20,585f6613-7b95-4789-8613-382d4fabde28,20,6b07f1e1-1f73-4417-9850-49c78da9ba9e-20,6b07f1e1-1f73-4417-9850-49c78da9ba9e,20,PROD002,120,Each
585f6613-7b95-4789-8613-382d4fabde28-30,585f6613-7b95-4789-8613-382d4fabde28,30,6b07f1e1-1f73-4417-9850-49c78da9ba9e-30,6b07f1e1-1f73-4417-9850-49c78da9ba9e,30,PROD005,170,Each
6fd717f5-3725-483b-bdad-1f6b97a0c2f2-10,6fd717f5-3725-483b-bdad-1f6b97a0c2f2,10,488a7985-2b89-42d1-a611-589f24594a7a-10,488a7985-2b89-42d1-a611-589f24594a7a,10,PROD003,480,Each
6fd717f5-3725-483b-bdad-1f6b97a0c2f2-20,6fd717f5-3725-483b-bdad-1f6b97a0c2f2,20,488a7985-2b89-42d1-a611-589f24594a7a-20,488a7985-2b89-42d1-a611-589f24594a7a,20,PROD005,60,Each
6fd717f5-3725-483b-bdad-1f6b97a0c2f2-30,6fd717f5-3725-483b-bdad-1f6b97a0c2f2,30,488a7985-2b89-42d1-a611-589f24594a7a-30,488a7985-2b89-42d1-a611-589f24594a7a,30,PROD004,200,Each
4345313b-b799-4227-9f67-83130d939dc1-10,4345313b-b799-4227-9f67-83130d939dc1,10,c295af73-6675-4f8d-ab3f-0c0caa1ffb7a-10,c295af73-6675-4f8d-ab3f-0c0caa1ffb7a,10,PROD007,56,Each
90a8322d-3cd4-4b3c-8010-1feb65508058-10,90a8322d-3cd4-4b3c-8010-1feb65508058,10,c295af73-6675-4f8d-ab3f-0c0caa1ffb7a-10,c295af73-6675-4f8d-ab3f-0c0caa1ffb7a,10,PROD007,64,Each
39eb924a-89de-4620-9ef9-d3c510931734-10,39eb924a-89de-4620-9ef9-d3c510931734,10,489152dc-6ca2-41cd-aff7-fdc1d0557ea4-10,489152dc-6ca2-41cd-aff7-fdc1d0557ea4,10,PROD002,340,Each
39eb924a-89de-4620-9ef9-d3c510931734-20,39eb924a-89de-4620-9ef9-d3c510931734,20,489152dc-6ca2-41cd-aff7-fdc1d0557ea4-20,489152dc-6ca2-41cd-aff7-fdc1d0557ea4,20,PROD009,460,Each
39eb924a-89de-4620-9ef9-d3c510931734-30,39eb924a-89de-4620-9ef9-d3c510931734,30,489152dc-6ca2-41cd-aff7-fdc1d0557ea4-30,489152dc-6ca2-41cd-aff7-fdc1d0557ea4,30,PROD001,210,Each
4264ced4-9ffd-4d2b-91ab-601e05146794-10,4264ced4-9ffd-4d2b-91ab-601e05146794,10,72bfdc2e-ae5d-4183-9395-6fb316589c7d-10,72bfdc2e-ae5d-4183-9395-6fb316589c7d,10,PROD007,290,Each
4264ced4-9ffd-4d2b-91ab-601e05146794-20,4264ced4-9ffd-4d2b-91ab-601e05146794,20,72bfdc2e-ae5d-4183-9395-6fb316589c7d-20,72bfdc2e-ae5d-4183-9395-6fb316589c7d,20,PROD006,140,Each
4264ced4-9ffd-4d2b-91ab-601e05146794-30,4264ced4-9ffd-4d2b-91ab-601e05146794,30,72bfdc2e-ae5d-4183-9395-6fb316589c7d-30,72bfdc2e-ae5d-4183-9395-6fb316589c7d,30,PROD002,60,Each
b2373709-6aeb-4fd8-aa68-2c69f26fadbe-10,b2373709-6aeb-4fd8-aa68-2c69f26fadbe,10,69c489ea-68bd-4c73-af21-af784e28d951-10,69c489ea-68bd-4c73-af21-af784e28d951,10,PROD004,183,Each
e440a6fb-e3ce-4e8f-beef-7001b51cd6cd-10,e440a6fb-e3ce-4e8f-beef-7001b51cd6cd,10,69c489ea-68bd-4c73-af21-af784e28d951-10,69c489ea-68bd-4c73-af21-af784e28d951,10,PROD004,287,Each
8c631656-9252-4b32-93d0-8bb7dcd6736d-10,8c631656-9252-4b32-93d0-8bb7dcd6736d,10,0ab9770e-d23d-4676-9657-c3303a0e8055-10,0ab9770e-d23d-4676-9657-c3303a0e8055,10,PROD006,200,Each
467cdc40-be89-4ea1-8f34-b208b624cb12-10,467cdc40-be89-4ea1-8f34-b208b624cb12,10,0d32ab94-b8e7-422c-81cc-8d29dd612cc1-10,0d32ab94-b8e7-422c-81cc-8d29dd612cc1,10,PROD004,180,Each
467cdc40-be89-4ea1-8f34-b208b624cb12-20,467cdc40-be89-4ea1-8f34-b208b624cb12,20,0d32ab94-b8e7-422c-81cc-8d29dd612cc1-20,0d32ab94-b8e7-422c-81cc-8d29dd612cc1,20,PROD005,120,Each
467cdc40-be89-4ea1-8f34-b208b624cb12-30,467cdc40-be89-4ea1-8f34-b208b624cb12,30,0d32ab94-b8e7-422c-81cc-8d29dd612cc1-30,0d32ab94-b8e7-422c-81cc-8d29dd612cc1,30,PROD008,410,Each
a5ed7d8c-dc27-43d5-8314-36c9ed5b550a-10,a5ed7d8c-dc27-43d5-8314-36c9ed5b550a,10,eecb3fe3-d674-41bf-959b-94a21d95de30-20,eecb3fe3-d674-41bf-959b-94a21d95de30,20,PROD008,430,Each
8ac5dd31-8f62-49d8-aef9-02ddef7e6689-10,8ac5dd31-8f62-49d8-aef9-02ddef7e6689,10,eecb3fe3-d674-41bf-959b-94a21d95de30-10,eecb3fe3-d674-41bf-959b-94a21d95de30,10,PROD005,330,Each
8ac5dd31-8f62-49d8-aef9-02ddef7e6689-20,8ac5dd31-8f62-49d8-aef9-02ddef7e6689,20,eecb3fe3-d674-41bf-959b-94a21d95de30-30,eecb3fe3-d674-41bf-959b-94a21d95de30,30,PROD002,460,Each
2305f999-3b20-4182-848b-cb27ef883fdf-10,2305f999-3b20-4182-848b-cb27ef883fdf,10,39172480-513a-4ef2-80d3-42942de7fe46-10,39172480-513a-4ef2-80d3-42942de7fe46,10,PROD003,470,Each
2305f999-3b20-4182-848b-cb27ef883fdf-20,2305f999-3b20-4182-848b-cb27ef883fdf,20,39172480-513a-4ef2-80d3-42942de7fe46-20,39172480-513a-4ef2-80d3-42942de7fe46,20,PROD004,60,Each
3505d454-8b00-46dc-adfc-c1af7e3be5ed-10,3505d454-8b00-46dc-adfc-c1af7e3be5ed,10,cb7f0b19-fdcd-479a-a4ec-4117f459ca9c-10,cb7f0b19-fdcd-479a-a4ec-4117f459ca9c,10,PROD003,290,Each
2c733e2d-8698-4737-8984-6a30b29f25c7-10,2c733e2d-8698-4737-8984-6a30b29f25c7,10,a4a1a495-77ac-4d96-9448-da94319343e0-30,a4a1a495-77ac-4d96-9448-da94319343e0,30,PROD006,150,Each
f1b46ad7-240f-4211-9ed7-27bf38616a12-10,f1b46ad7-240f-4211-9ed7-27bf38616a12,10,a4a1a495-77ac-4d96-9448-da94319343e0-10,a4a1a495-77ac-4d96-9448-da94319343e0,10,PROD001,350,Each
f1b46ad7-240f-4211-9ed7-27bf38616a12-20,f1b46ad7-240f-4211-9ed7-27bf38616a12,20,a4a1a495-77ac-4d96-9448-da94319343e0-20,a4a1a495-77ac-4d96-9448-da94319343e0,20,PROD008,400,Each
39457127-5dba-4a81-ac11-5e3c507057a7-10,39457127-5dba-4a81-ac11-5e3c507057a7,10,ab110a9c-9856-4b7a-afbd-8825daa6e86c-10,ab110a9c-9856-4b7a-afbd-8825daa6e86c,10,PROD009,350,Each
ca605e20-114c-41c4-afcc-bc3234825c4c-10,ca605e20-114c-41c4-afcc-bc3234825c4c,10,6d3ac3c0-2271-4cad-b943-d2866b79e1f8-10,6d3ac3c0-2271-4cad-b943-d2866b79e1f8,10,PROD001,330,Each
ca605e20-114c-41c4-afcc-bc3234825c4c-20,ca605e20-114c-41c4-afcc-bc3234825c4c,20,6d3ac3c0-2271-4cad-b943-d2866b79e1f8-20,6d3ac3c0-2271-4cad-b943-d2866b79e1f8,20,PROD007,400,Each
ca605e20-114c-41c4-afcc-bc3234825c4c-30,ca605e20-114c-41c4-afcc-bc3234825c4c,30,6d3ac3c0-2271-4cad-b943-d2866b79e1f8-30,6d3ac3c0-2271-4cad-b943-d2866b79e1f8,30,PROD003,420,Each
eff10765-649f-4563-9339-89aa65775e7c-10,eff10765-649f-4563-9339-89aa65775e7c,10,3916a23c-0f4f-4e50-86db-344065f5bd82-10,3916a23c-0f4f-4e50-86db-344065f5bd82,10,PROD002,110,Each
80774218-5649-4e78-9271-e2087eb69678-10,80774218-5649-4e78-9271-e2087eb69678,10,3916a23c-0f4f-4e50-86db-344065f5bd82-20,3916a23c-0f4f-4e50-86db-344065f5bd82,20,PROD008,260,Each
a8746e86-c1c0-45ea-9aa0-1a4e68a9951d-10,a8746e86-c1c0-45ea-9aa0-1a4e68a9951d,10,6a35306e-c53f-457f-83a9-2893d389f160-10,6a35306e-c53f-457f-83a9-2893d389f160,10,PROD002,340,Each
ad44cd6e-81e1-479e-91b8-7684a00c4092-10,ad44cd6e-81e1-479e-91b8-7684a00c4092,10,1de12378-8041-4b10-926f-aad5e8181b6b-10,1de12378-8041-4b10-926f-aad5e8181b6b,10,PROD008,150,Each
ad44cd6e-81e1-479e-91b8-7684a00c4092-20,ad44cd6e-81e1-479e-91b8-7684a00c4092,20,1de12378-8041-4b10-926f-aad5e8181b6b-20,1de12378-8041-4b10-926f-aad5e8181b6b,20,PROD002,390,Each
df78c66c-4edb-44f5-a849-0efea21afa7e-10,df78c66c-4edb-44f5-a849-0efea21afa7e,10,ec7ee6d0-cf62-476a-a815-f8a1e8f5f902-20,ec7ee6d0-cf62-476a-a815-f8a1e8f5f902,20,PROD007,220,Each
14dc1e39-e282-47aa-b513-9bdf4da5b8b5-10,14dc1e39-e282-47aa-b513-9bdf4da5b8b5,10,ec7ee6d0-cf62-476a-a815-f8a1e8f5f902-10,ec7ee6d0-cf62-476a-a815-f8a1e8f5f902,10,PROD009,110,Each
51079852-06c5-4100-a3e9-98634990d52e-10,51079852-06c5-4100-a3e9-98634990d52e,10,e8d68098-bc9c-4e0f-956e-fcc4d8ef026a-10,e8d68098-bc9c-4e0f-956e-fcc4d8ef026a,10,PROD001,450,Each
51079852-06c5-4100-a3e9-98634990d52e-20,51079852-06c5-4100-a3e9-98634990d52e,20,e8d68098-bc9c-4e0f-956e-fcc4d8ef026a-20,e8d68098-bc9c-4e0f-956e-fcc4d8ef026a,20,PROD009,350,Each
51079852-06c5-4100-a3e9-98634990d52e-30,51079852-06c5-4100-a3e9-98634990d52e,30,e8d68098-bc9c-4e0f-956e-fcc4d8ef026a-30,e8d68098-bc9c-4e0f-956e-fcc4d8ef026a,30,PROD005,160,Each
fbf01cbe-d17c-4868-8518-f8f8ea00eaa2-10,fbf01cbe-d17c-4868-8518-f8f8ea00eaa2,10,66f6cf82-f6a2-4ad4-ac9e-6fea9ff4621f-10,66f6cf82-f6a2-4ad4-ac9e-6fea9ff4621f,10,PROD005,110,Each
fbf01cbe-d17c-4868-8518-f8f8ea00eaa2-20,fbf01cbe-d17c-4868-8518-f8f8ea00eaa2,20,66f6cf82-f6a2-4ad4-ac9e-6fea9ff4621f-20,66f6cf82-f6a2-4ad4-ac9e-6fea9ff4621f,20,PROD002,290,Each
fbf01cbe-d17c-4868-8518-f8f8ea00eaa2-30,fbf01cbe-d17c-4868-8518-f8f8ea00eaa2,30,66f6cf82-f6a2-4ad4-ac9e-6fea9ff4621f-30,66f6cf82-f6a2-4ad4-ac9e-6fea9ff4621f,30,PROD003,150,Each
89a4bd56-a0b7-4b34-9236-ff0b638bcbb2-10,89a4bd56-a0b7-4b34-9236-ff0b638bcbb2,10,066a58cd-d392-4cc0-9cf6-8e37b5e91c56-10,066a58cd-d392-4cc0-9cf6-8e37b5e91c56,10,PROD009,440,Each
6603dfe9-0343-45ba-bf6b-751ecffc4276-10,6603dfe9-0343-45ba-bf6b-751ecffc4276,10,066a58cd-d392-4cc0-9cf6-8e37b5e91c56-20,066a58cd-d392-4cc0-9cf6-8e37b5e91c56,20,PROD006,150,Each
0e573a08-d0c9-4fa4-820f-83f92a1a32ab-10,0e573a08-d0c9-4fa4-820f-83f92a1a32ab,10,0dae8e0e-2154-49f2-ac80-a41ab6c82413-10,0dae8e0e-2154-49f2-ac80-a41ab6c82413,10,PROD001,270,Each
0e573a08-d0c9-4fa4-820f-83f92a1a32ab-20,0e573a08-d0c9-4fa4-820f-83f92a1a32ab,20,0dae8e0e-2154-49f2-ac80-a41ab6c82413-20,0dae8e0e-2154-49f2-ac80-a41ab6c82413,20,PROD003,110,Each
0e573a08-d0c9-4fa4-820f-83f92a1a32ab-30,0e573a08-d0c9-4fa4-820f-83f92a1a32ab,30,0dae8e0e-2154-49f2-ac80-a41ab6c82413-30,0dae8e0e-2154-49f2-ac80-a41ab6c82413,30,PROD005,370,Each
fc6c2b9a-c9da-4f2d-aef8-b4f74405fff2-10,fc6c2b9a-c9da-4f2d-aef8-b4f74405fff2,10,3a7b8450-d3f0-42dc-8c8a-77e8d9fa6dbf-10,3a7b8450-d3f0-42dc-8c8a-77e8d9fa6dbf,10,PROD009,360,Each
9ff669ac-a41b-44db-a489-f81f1a5b483f-10,9ff669ac-a41b-44db-a489-f81f1a5b483f,10,63d5a2e1-22ca-4e3c-aaa7-8da29514c7ef-10,63d5a2e1-22ca-4e3c-aaa7-8da29514c7ef,10,PROD003,73,Each
33cf8cc7-71a5-40fa-bbdb-98bf3ccfaf9d-10,33cf8cc7-71a5-40fa-bbdb-98bf3ccfaf9d,10,63d5a2e1-22ca-4e3c-aaa7-8da29514c7ef-10,63d5a2e1-22ca-4e3c-aaa7-8da29514c7ef,10,PROD003,57,Each
7e694b22-4ef9-44fc-93c4-5e60c88ce9ed-10,7e694b22-4ef9-44fc-93c4-5e60c88ce9ed,10,49931300-f9ad-4300-b5ed-caaa13ecded0-10,49931300-f9ad-4300-b5ed-caaa13ecded0,10,PROD009,490,Each
7e694b22-4ef9-44fc-93c4-5e60c88ce9ed-20,7e694b22-4ef9-44fc-93c4-5e60c88ce9ed,20,49931300-f9ad-4300-b5ed-caaa13ecded0-20,49931300-f9ad-4300-b5ed-caaa13ecded0,20,PROD004,420,Each
b2e77624-8857-4c45-b139-646914d76de4-10,b2e77624-8857-4c45-b139-646914d76de4,10,6595704d-96e4-4ec8-9627-46969e22e05a-10,6595704d-96e4-4ec8-9627-46969e22e05a,10,PROD002,60,Each
4ed050b1-9657-4ab2-9a00-a5c46c614502-10,4ed050b1-9657-4ab2-9a00-a5c46c614502,10,11a2f7c1-c583-4348-930d-418e9bde3244-10,11a2f7c1-c583-4348-930d-418e9bde3244,10,PROD003,332,Each
41c41088-fdd5-45b6-acff-ab046290886b-10,41c41088-fdd5-45b6-acff-ab046290886b,10,11a2f7c1-c583-4348-930d-418e9bde3244-10,11a2f7c1-c583-4348-930d-418e9bde3244,10,PROD003,88,Each
dbc7ae52-4fcf-4f2b-b467-1c652ce87162-10,dbc7ae52-4fcf-4f2b-b467-1c652ce87162,10,f7ba5793-2a6e-40df-a8d1-163d875b0aef-10,f7ba5793-2a6e-40df-a8d1-163d875b0aef,10,PROD002,320,Each
79256bcd-9879-4703-90c4-9f50e4a5b0e2-10,79256bcd-9879-4703-90c4-9f50e4a5b0e2,10,53cb6f5b-77dd-49fb-8a37-3c211cf3e8ea-10,53cb6f5b-77dd-49fb-8a37-3c211cf3e8ea,10,PROD008,150,Each
79256bcd-9879-4703-90c4-9f50e4a5b0e2-20,79256bcd-9879-4703-90c4-9f50e4a5b0e2,20,53cb6f5b-77dd-49fb-8a37-3c211cf3e8ea-20,53cb6f5b-77dd-49fb-8a37-3c211cf3e8ea,20,PROD004,490,Each
79256bcd-9879-4703-90c4-9f50e4a5b0e2-30,79256bcd-9879-4703-90c4-9f50e4a5b0e2,30,53cb6f5b-77dd-49fb-8a37-3c211cf3e8ea-30,53cb6f5b-77dd-49fb-8a37-3c211cf3e8ea,30,PROD005,340,Each
8ae49247-04ad-4c93-b88d-6454f7a22bdc-10,8ae49247-04ad-4c93-b88d-6454f7a22bdc,10,7bef7c3b-2214-4e2b-aa01-a75e7003f131-20,7bef7c3b-2214-4e2b-aa01-a75e7003f131,20,PROD003,250,Each
4e1a7d0f-d228-4aeb-ad3c-c0937b13fc32-10,4e1a7d0f-d228-4aeb-ad3c-c0937b13fc32,10,7bef7c3b-2214-4e2b-aa01-a75e7003f131-10,7bef7c3b-2214-4e2b-aa01-a75e7003f131,10,PROD005,260,Each
94925a90-c73a-4658-8a1c-7e9d2293acd8-10,94925a90-c73a-4658-8a1c-7e9d2293acd8,10,08ad51c1-f0fb-411c-80db-a2eadf9915be-10,08ad51c1-f0fb-411c-80db-a2eadf9915be,10,PROD008,300,Each
94925a90-c73a-4658-8a1c-7e9d2293acd8-20,94925a90-c73a-4658-8a1c-7e9d2293acd8,20,08ad51c1-f0fb-411c-80db-a2eadf9915be-20,08ad51c1-f0fb-411c-80db-a2eadf9915be,20,PROD005,380,Each
258d95a5-19b6-4648-ae92-6058dd46c4e1-10,258d95a5-19b6-4648-ae92-6058dd46c4e1,10,5ddfa135-af53-44b2-bdce-0b24319b9402-10,5ddfa135-af53-44b2-bdce-0b24319b9402,10,PROD008,60,Each
968c4add-8326-499c-8b86-32e08fd212cf-10,968c4add-8326-499c-8b86-32e08fd212cf,10,3fe9ef15-4876-4fb7-b2f5-e54302367694-20,3fe9ef15-4876-4fb7-b2f5-e54302367694,20,PROD002,490,Each
c3be385c-49f6-4a9b-868c-db45f06e5e60-10,c3be385c-49f6-4a9b-868c-db45f06e5e60,10,3fe9ef15-4876-4fb7-b2f5-e54302367694-10,3fe9ef15-4876-4fb7-b2f5-e54302367694,10,PROD001,210,Each
c3be385c-49f6-4a9b-868c-db45f06e5e60-20,c3be385c-49f6-4a9b-868c-db45f06e5e60,20,3fe9ef15-4876-4fb7-b2f5-e54302367694-30,3fe9ef15-4876-4fb7-b2f5-e54302367694,30,PROD003,330,Each
46785be5-cdaf-4772-83d8-829c8d95359c-10,46785be5-cdaf-4772-83d8-829c8d95359c,10,4a62b566-e836-4403-a648-de6b882da0c1-10,4a62b566-e836-4403-a648-de6b882da0c1,10,PROD006,240,Each
46785be5-cdaf-4772-83d8-829c8d95359c-20,46785be5-cdaf-4772-83d8-829c8d95359c,20,4a62b566-e836-4403-a648-de6b882da0c1-20,4a62b566-e836-4403-a648-de6b882da0c1,20,PROD008,330,Each
798eac39-322a-45a3-83a3-52bb7b394999-10,798eac39-322a-45a3-83a3-52bb7b394999,10,86cc9303-2098-4638-aa49-96deb84fe512-10,86cc9303-2098-4638-aa49-96deb84fe512,10,PROD003,370,Each
798eac39-322a-45a3-83a3-52bb7b394999-20,798eac39-322a-45a3-83a3-52bb7b394999,20,86cc9303-2098-4638-aa49-96deb84fe512-20,86cc9303-2098-4638-aa49-96deb84fe512,20,PROD007,450,Each
e192ca26-9d76-490e-b945-8f35529de70d-10,e192ca26-9d76-490e-b945-8f35529de70d,10,1fcab500-f9df-4dd9-86f9-6bc8b4787f50-10,1fcab500-f9df-4dd9-86f9-6bc8b4787f50,10,PROD008,420,Each
edb19471-5f36-492e-b1e0-f2dd85911ca6-10,edb19471-5f36-492e-b1e0-f2dd85911ca6,10,1fcab500-f9df-4dd9-86f9-6bc8b4787f50-20,1fcab500-f9df-4dd9-86f9-6bc8b4787f50,20,PROD006,360,Each
edb19471-5f36-492e-b1e0-f2dd85911ca6-20,edb19471-5f36-492e-b1e0-f2dd85911ca6,20,1fcab500-f9df-4dd9-86f9-6bc8b4787f50-30,1fcab500-f9df-4dd9-86f9-6bc8b4787f50,30,PROD005,310,Each
e2c39366-eac6-41c8-974b-2ea7a2a1095c-10,e2c39366-eac6-41c8-974b-2ea7a2a1095c,10,d2a47a34-1a43-4b66-b0bb-6768af1c44ca-10,d2a47a34-1a43-4b66-b0bb-6768af1c44ca,10,PROD005,210,Each
e2c39366-eac6-41c8-974b-2ea7a2a1095c-20,e2c39366-eac6-41c8-974b-2ea7a2a1095c,20,d2a47a34-1a43-4b66-b0bb-6768af1c44ca-20,d2a47a34-1a43-4b66-b0bb-6768af1c44ca,20,PROD001,370,Each
85d13c83-6fe2-443d-b46f-ff7ad33c47ca-10,85d13c83-6fe2-443d-b46f-ff7ad33c47ca,10,628054d7-1039-4bfc-8e9c-5052b5125376-10,628054d7-1039-4bfc-8e9c-5052b5125376,10,PROD001,430,Each
85d13c83-6fe2-443d-b46f-ff7ad33c47ca-20,85d13c83-6fe2-443d-b46f-ff7ad33c47ca,20,628054d7-1039-4bfc-8e9c-5052b5125376-20,628054d7-1039-4bfc-8e9c-5052b5125376,20,PROD008,370,Each
ba1c84b9-8db5-48a2-a800-f1d1e235ede3-10,ba1c84b9-8db5-48a2-a800-f1d1e235ede3,10,32bcdac0-2e60-4278-932d-adfa0ba392f8-20,32bcdac0-2e60-4278-932d-adfa0ba392f8,20,PROD007,350,Each
68655c3f-166e-4d47-a3d4-5a6cadbf4bd8-10,68655c3f-166e-4d47-a3d4-5a6cadbf4bd8,10,32bcdac0-2e60-4278-932d-adfa0ba392f8-10,32bcdac0-2e60-4278-932d-adfa0ba392f8,10,PROD002,390,Each
68655c3f-166e-4d47-a3d4-5a6cadbf4bd8-20,68655c3f-166e-4d47-a3d4-5a6cadbf4bd8,20,32bcdac0-2e60-4278-932d-adfa0ba392f8-30,32bcdac0-2e60-4278-932d-adfa0ba392f8,30,PROD004,160,Each
bbb279ed-a446-4255-b5d7-85439d70bada-10,bbb279ed-a446-4255-b5d7-85439d70bada,10,a3c4f165-33cc-49e4-a44e-59a9eebd7a14-10,a3c4f165-33cc-49e4-a44e-59a9eebd7a14,10,PROD006,500,Each
280edb45-f2bf-448c-8322-66ef14c3d7c7-10,280edb45-f2bf-448c-8322-66ef14c3d7c7,10,9820745b-ad7f-4a50-8aa6-39fd907de511-10,9820745b-ad7f-4a50-8aa6-39fd907de511,10,PROD009,70,Each
6f15905b-218e-44c4-ad2d-b7fe14a0be91-10,6f15905b-218e-44c4-ad2d-b7fe14a0be91,10,521d5fb0-2a0d-49cd-befc-6a17956ed366-10,521d5fb0-2a0d-49cd-befc-6a17956ed366,10,PROD003,460,Each
8e24966d-5c3c-4252-9233-209261e43204-10,8e24966d-5c3c-4252-9233-209261e43204,10,521d5fb0-2a0d-49cd-befc-6a17956ed366-20,521d5fb0-2a0d-49cd-befc-6a17956ed366,20,PROD001,330,Each
8e24966d-5c3c-4252-9233-209261e43204-20,8e24966d-5c3c-4252-9233-209261e43204,20,521d5fb0-2a0d-49cd-befc-6a17956ed366-30,521d5fb0-2a0d-49cd-befc-6a17956ed366,30,PROD005,300,Each
b9bd3438-8f2a-482a-9a00-037aeab6005a-10,b9bd3438-8f2a-482a-9a00-037aeab6005a,10,15ae067e-32b3-4859-93fc-239c704ab4f4-10,15ae067e-32b3-4859-93fc-239c704ab4f4,10,PROD006,230,Each
b9bd3438-8f2a-482a-9a00-037aeab6005a-20,b9bd3438-8f2a-482a-9a00-037aeab6005a,20,15ae067e-32b3-4859-93fc-239c704ab4f4-20,15ae067e-32b3-4859-93fc-239c704ab4f4,20,PROD001,390,Each
f8c586f5-6998-4241-88d2-ce2f1b77e132-10,f8c586f5-6998-4241-88d2-ce2f1b77e132,10,119631b9-e939-4a45-9967-ed646ee7f066-10,119631b9-e939-4a45-9967-ed646ee7f066,10,PROD001,270,Each
850f9603-920c-4ab0-9c6a-7e39fc708303-10,850f9603-920c-4ab0-9c6a-7e39fc708303,10,025bd7ae-0692-4371-94c9-f8b56b28ace0-30,025bd7ae-0692-4371-94c9-f8b56b28ace0,30,PROD009,290,Each
b7f08d41-e966-4bfb-8d01-e7f8bc87ed71-10,b7f08d41-e966-4bfb-8d01-e7f8bc87ed71,10,025bd7ae-0692-4371-94c9-f8b56b28ace0-10,025bd7ae-0692-4371-94c9-f8b56b28ace0,10,PROD008,180,Each
b7f08d41-e966-4bfb-8d01-e7f8bc87ed71-20,b7f08d41-e966-4bfb-8d01-e7f8bc87ed71,20,025bd7ae-0692-4371-94c9-f8b56b28ace0-20,025bd7ae-0692-4371-94c9-f8b56b28ace0,20,PROD005,240,Each
e6458f1d-8924-46b9-9c40-40c1a0e4ae3d-10,e6458f1d-8924-46b9-9c40-40c1a0e4ae3d,10,b8f92231-9ed9-401a-82d2-9676381e77b1-10,b8f92231-9ed9-401a-82d2-9676381e77b1,10,PROD007,110,Each
9e3d82d9-e109-40d7-aa8f-cc6f7336c31b-10,9e3d82d9-e109-40d7-aa8f-cc6f7336c31b,10,e2a827be-aee4-457d-8532-d0972adc8734-10,e2a827be-aee4-457d-8532-d0972adc8734,10,PROD006,210,Each
9e3d82d9-e109-40d7-aa8f-cc6f7336c31b-20,9e3d82d9-e109-40d7-aa8f-cc6f7336c31b,20,e2a827be-aee4-457d-8532-d0972adc8734-20,e2a827be-aee4-457d-8532-d0972adc8734,20,PROD005,400,Each
9e3d82d9-e109-40d7-aa8f-cc6f7336c31b-30,9e3d82d9-e109-40d7-aa8f-cc6f7336c31b,30,e2a827be-aee4-457d-8532-d0972adc8734-30,e2a827be-aee4-457d-8532-d0972adc8734,30,PROD003,430,Each
f0fa6d4e-0f10-4af8-8fc9-65e05a40ea35-10,f0fa6d4e-0f10-4af8-8fc9-65e05a40ea35,10,fff8bff4-a192-4c4f-9c72-42c739bea092-30,fff8bff4-a192-4c4f-9c72-42c739bea092,30,PROD009,250,Each
e1d8b0e6-5843-4b63-b3e5-748d57c80da7-10,e1d8b0e6-5843-4b63-b3e5-748d57c80da7,10,fff8bff4-a192-4c4f-9c72-42c739bea092-10,fff8bff4-a192-4c4f-9c72-42c739bea092,10,PROD003,450,Each
e1d8b0e6-5843-4b63-b3e5-748d57c80da7-20,e1d8b0e6-5843-4b63-b3e5-748d57c80da7,20,fff8bff4-a192-4c4f-9c72-42c739bea092-20,fff8bff4-a192-4c4f-9c72-42c739bea092,20,PROD007,430,Each
4aa8d22f-b2d8-4a60-ab8d-d50ecd875d27-10,4aa8d22f-b2d8-4a60-ab8d-d50ecd875d27,10,944f0930-330f-4332-9a03-81f4a3ed44a8-10,944f0930-330f-4332-9a03-81f4a3ed44a8,10,PROD007,220,Each
cc158b6e-76b9-4e1b-b09d-36f641d7e911-10,cc158b6e-76b9-4e1b-b09d-36f641d7e911,10,0efd6d87-3e2f-47ae-b97d-d83cb0b341d6-10,0efd6d87-3e2f-47ae-b97d-d83cb0b341d6,10,PROD008,370,Each
39240a88-0c79-4439-a890-b05759df4738-10,39240a88-0c79-4439-a890-b05759df4738,10,dad4b132-75cd-4aa1-98cd-70aff316ebd5-30,dad4b132-75cd-4aa1-98cd-70aff316ebd5,30,PROD003,390,Each
b99b31b8-98d2-40b6-b1ff-d85b763ce0d1-10,b99b31b8-98d2-40b6-b1ff-d85b763ce0d1,10,dad4b132-75cd-4aa1-98cd-70aff316ebd5-10,dad4b132-75cd-4aa1-98cd-70aff316ebd5,10,PROD005,230,Each
b99b31b8-98d2-40b6-b1ff-d85b763ce0d1-20,b99b31b8-98d2-40b6-b1ff-d85b763ce0d1,20,dad4b132-75cd-4aa1-98cd-70aff316ebd5-20,dad4b132-75cd-4aa1-98cd-70aff316ebd5,20,PROD008,340,Each
c597367a-e8b1-4b8d-8e99-33ce25694912-10,c597367a-e8b1-4b8d-8e99-33ce25694912,10,ad59ce60-e770-46c3-9c14-708e84846fd0-10,ad59ce60-e770-46c3-9c14-708e84846fd0,10,PROD001,140,Each
29642e71-6a37-47cc-9463-438f456b4b94-10,29642e71-6a37-47cc-9463-438f456b4b94,10,c7ad0f08-ca73-40e1-9e87-c127f83e0c80-10,c7ad0f08-ca73-40e1-9e87-c127f83e0c80,10,PROD001,190,Each
29642e71-6a37-47cc-9463-438f456b4b94-20,29642e71-6a37-47cc-9463-438f456b4b94,20,c7ad0f08-ca73-40e1-9e87-c127f83e0c80-20,c7ad0f08-ca73-40e1-9e87-c127f83e0c80,20,PROD009,390,Each
a4a7c78a-d9b2-4c9f-b3a6-f51922c05a5c-10,a4a7c78a-d9b2-4c9f-b3a6-f51922c05a5c,10,ce720bd9-e76c-4fb2-9183-cc2c28bc63ba-20,ce720bd9-e76c-4fb2-9183-cc2c28bc63ba,20,PROD002,450,Each
1090221a-6963-4d2d-90c2-b160fe7c94db-10,1090221a-6963-4d2d-90c2-b160fe7c94db,10,ce720bd9-e76c-4fb2-9183-cc2c28bc63ba-10,ce720bd9-e76c-4fb2-9183-cc2c28bc63ba,10,PROD003,480,Each
03101e71-b6a0-4fa6-a5b4-9980dd51356f-10,03101e71-b6a0-4fa6-a5b4-9980dd51356f,10,be8a98e6-b429-42d8-abad-76986fdb6768-10,be8a98e6-b429-42d8-abad-76986fdb6768,10,PROD003,330,Each
67e26874-932a-43f7-a2ac-6677390f2737-10,67e26874-932a-43f7-a2ac-6677390f2737,10,3ea06fd7-a0c3-4888-8a34-fe9e2dc0811d-10,3ea06fd7-a0c3-4888-8a34-fe9e2dc0811d,10,PROD001,130,Each
67e26874-932a-43f7-a2ac-6677390f2737-20,67e26874-932a-43f7-a2ac-6677390f2737,20,3ea06fd7-a0c3-4888-8a34-fe9e2dc0811d-20,3ea06fd7-a0c3-4888-8a34-fe9e2dc0811d,20,PROD005,280,Each
8e5d4c70-6a6f-49cc-8bd1-067c94c6c3a6-10,8e5d4c70-6a6f-49cc-8bd1-067c94c6c3a6,10,fb3489e6-8225-483a-981c-49add8a52547-10,fb3489e6-8225-483a-981c-49add8a52547,10,PROD006,205,Each
e49190e0-3487-44e4-a3fc-a1f9d4e9ca41-10,e49190e0-3487-44e4-a3fc-a1f9d4e9ca41,10,fb3489e6-8225-483a-981c-49add8a52547-10,fb3489e6-8225-483a-981c-49add8a52547,10,PROD006,125,Each
e0b5626f-97ed-4910-9d02-8236f76f61fb-10,e0b5626f-97ed-4910-9d02-8236f76f61fb,10,d02bec70-df10-4919-80b4-95136231ef30-10,d02bec70-df10-4919-80b4-95136231ef30,10,PROD001,470,Each
2fb18b7b-cb53-4cb1-92d7-dbf9efec5283-10,2fb18b7b-cb53-4cb1-92d7-dbf9efec5283,10,a276e87b-c774-42b7-8ae7-e8b75341db74-10,a276e87b-c774-42b7-8ae7-e8b75341db74,10,PROD001,430,Each
aef4a01f-ecb9-45c3-99f9-d1c3122a0d94-10,aef4a01f-ecb9-45c3-99f9-d1c3122a0d94,10,a97c790b-6b6e-43fc-9150-ea96f9fd9036-20,a97c790b-6b6e-43fc-9150-ea96f9fd9036,20,PROD004,400,Each
86daaf67-eb07-48ae-bc8c-b9095e719845-10,86daaf67-eb07-48ae-bc8c-b9095e719845,10,a97c790b-6b6e-43fc-9150-ea96f9fd9036-10,a97c790b-6b6e-43fc-9150-ea96f9fd9036,10,PROD003,320,Each
d6b8b49e-315b-433c-8874-3e6c3f7fc0b5-10,d6b8b49e-315b-433c-8874-3e6c3f7fc0b5,10,3dbcb91b-755d-432b-9f23-a14b678bbac1-10,3dbcb91b-755d-432b-9f23-a14b678bbac1,10,PROD008,390,Each
ed047051-255b-4ffa-8f00-dee9da1620e3-10,ed047051-255b-4ffa-8f00-dee9da1620e3,10,ac02226d-4dfc-4199-9b92-dbd4645d075b-10,ac02226d-4dfc-4199-9b92-dbd4645d075b,10,PROD007,90,Each
ed047051-255b-4ffa-8f00-dee9da1620e3-20,ed047051-255b-4ffa-8f00-dee9da1620e3,20,ac02226d-4dfc-4199-9b92-dbd4645d075b-20,ac02226d-4dfc-4199-9b92-dbd4645d075b,20,PROD004,70,Each
ed047051-255b-4ffa-8f00-dee9da1620e3-30,ed047051-255b-4ffa-8f00-dee9da1620e3,30,ac02226d-4dfc-4199-9b92-dbd4645d075b-30,ac02226d-4dfc-4199-9b92-dbd4645d075b,30,PROD009,430,Each
34f29d12-8d2d-4272-9ce8-b4b2d3d2bad8-10,34f29d12-8d2d-4272-9ce8-b4b2d3d2bad8,10,21f27d26-fd54-4119-a65a-009a64ba5fa9-20,21f27d26-fd54-4119-a65a-009a64ba5fa9,20,PROD008,140,Each
d74bdf10-40ff-4785-a73d-6e93802f0868-10,d74bdf10-40ff-4785-a73d-6e93802f0868,10,21f27d26-fd54-4119-a65a-009a64ba5fa9-10,21f27d26-fd54-4119-a65a-009a64ba5fa9,10,PROD006,160,Each
d74bdf10-40ff-4785-a73d-6e93802f0868-20,d74bdf10-40ff-4785-a73d-6e93802f0868,20,21f27d26-fd54-4119-a65a-009a64ba5fa9-30,21f27d26-fd54-4119-a65a-009a64ba5fa9,30,PROD002,230,Each
0518cc27-c7c2-4cb8-925f-6d810370bea1-10,0518cc27-c7c2-4cb8-925f-6d810370bea1,10,3788f340-a650-4c2f-a17e-6f77f2bcb23f-10,3788f340-a650-4c2f-a17e-6f77f2bcb23f,10,PROD007,140,Each
2c7af61f-024b-4a14-8f4b-5c5b2ad150c8-10,2c7af61f-024b-4a14-8f4b-5c5b2ad150c8,10,37d65c24-478b-4bf7-8306-bb968896e552-10,37d65c24-478b-4bf7-8306-bb968896e552,10,PROD002,120,Each
2c7af61f-024b-4a14-8f4b-5c5b2ad150c8-20,2c7af61f-024b-4a14-8f4b-5c5b2ad150c8,20,37d65c24-478b-4bf7-8306-bb968896e552-20,37d65c24-478b-4bf7-8306-bb968896e552,20,PROD004,360,Each
eaa9d52b-f6fa-45f5-b63e-de098a60dd3d-10,eaa9d52b-f6fa-45f5-b63e-de098a60dd3d,10,e01f9950-d215-486f-af57-abd25f05c2f1-10,e01f9950-d215-486f-af57-abd25f05c2f1,10,PROD009,183,Each
49271961-edeb-44fa-869d-d1cfbe19e9d9-10,49271961-edeb-44fa-869d-d1cfbe19e9d9,10,e01f9950-d215-486f-af57-abd25f05c2f1-10,e01f9950-d215-486f-af57-abd25f05c2f1,10,PROD009,107,Each
67d3e083-511c-4bc1-ab25-aa48ed6baffc-10,67d3e083-511c-4bc1-ab25-aa48ed6baffc,10,ebddb8ec-87cf-4e07-bb8f-96287e97aef9-10,ebddb8ec-87cf-4e07-bb8f-96287e97aef9,10,PROD008,480,Each
67d3e083-511c-4bc1-ab25-aa48ed6baffc-20,67d3e083-511c-4bc1-ab25-aa48ed6baffc,20,ebddb8ec-87cf-4e07-bb8f-96287e97aef9-20,ebddb8ec-87cf-4e07-bb8f-96287e97aef9,20,PROD005,160,Each
67d3e083-511c-4bc1-ab25-aa48ed6baffc-30,67d3e083-511c-4bc1-ab25-aa48ed6baffc,30,ebddb8ec-87cf-4e07-bb8f-96287e97aef9-30,ebddb8ec-87cf-4e07-bb8f-96287e97aef9,30,PROD006,410,Each
d8eb1107-d2b9-4256-9af7-0c293d7a4ea7-10,d8eb1107-d2b9-4256-9af7-0c293d7a4ea7,10,b9ea4456-90c5-4e66-a321-25dd19c18f3a-10,b9ea4456-90c5-4e66-a321-25dd19c18f3a,10,PROD005,380,Each
d8eb1107-d2b9-4256-9af7-0c293d7a4ea7-20,d8eb1107-d2b9-4256-9af7-0c293d7a4ea7,20,b9ea4456-90c5-4e66-a321-25dd19c18f3a-20,b9ea4456-90c5-4e66-a321-25dd19c18f3a,20,PROD008,460,Each
0ebdff2d-8e42-4892-92bf-5407862fab3d-10,0ebdff2d-8e42-4892-92bf-5407862fab3d,10,748967ca-cb27-4ed8-a53d-a830a2341aa4-20,748967ca-cb27-4ed8-a53d-a830a2341aa4,20,PROD006,130,Each
3e86dc3c-cefe-4dde-950c-abea0951ac3f-10,3e86dc3c-cefe-4dde-950c-abea0951ac3f,10,748967ca-cb27-4ed8-a53d-a830a2341aa4-10,748967ca-cb27-4ed8-a53d-a830a2341aa4,10,PROD003,490,Each
694249ee-5e6c-4353-a3d2-f0e261956c0d-10,694249ee-5e6c-4353-a3d2-f0e261956c0d,10,a179b384-7c00-4c21-9344-a5483aba4bf1-10,a179b384-7c00-4c21-9344-a5483aba4bf1,10,PROD003,170,Each
694249ee-5e6c-4353-a3d2-f0e261956c0d-20,694249ee-5e6c-4353-a3d2-f0e261956c0d,20,a179b384-7c00-4c21-9344-a5483aba4bf1-20,a179b384-7c00-4c21-9344-a5483aba4bf1,20,PROD004,470,Each
694249ee-5e6c-4353-a3d2-f0e261956c0d-30,694249ee-5e6c-4353-a3d2-f0e261956c0d,30,a179b384-7c00-4c21-9344-a5483aba4bf1-30,a179b384-7c00-4c21-9344-a5483aba4bf1,30,PROD009,260,Each
9948a55b-e8c2-4df5-9e45-cf2bc181c937-10,9948a55b-e8c2-4df5-9e45-cf2bc181c937,10,2c60ffe6-45a0-4a17-b882-4947535cba0f-10,2c60ffe6-45a0-4a17-b882-4947535cba0f,10,PROD002,390,Each
9948a55b-e8c2-4df5-9e45-cf2bc181c937-20,9948a55b-e8c2-4df5-9e45-cf2bc181c937,20,2c60ffe6-45a0-4a17-b882-4947535cba0f-20,2c60ffe6-45a0-4a17-b882-4947535cba0f,20,PROD001,200,Each
5c8c4b53-96f5-4dd3-92f3-f75f8ce5f406-10,5c8c4b53-96f5-4dd3-92f3-f75f8ce5f406,10,265cd040-4358-4917-9a5d-8092d4441b1e-10,265cd040-4358-4917-9a5d-8092d4441b1e,10,PROD001,137,Each
640416cc-d379-4558-81c9-03a09f4e62d4-10,640416cc-d379-4558-81c9-03a09f4e62d4,10,265cd040-4358-4917-9a5d-8092d4441b1e-10,265cd040-4358-4917-9a5d-8092d4441b1e,10,PROD001,143,Each
74acfe6c-543f-4075-a10a-1c3159973d31-10,74acfe6c-543f-4075-a10a-1c3159973d31,10,c76e055e-fb7c-4360-88f1-16cfc0d82ab0-10,c76e055e-fb7c-4360-88f1-16cfc0d82ab0,10,PROD002,100,Each
5722ab6e-fa3f-46ac-b4d3-2accf624a100-10,5722ab6e-fa3f-46ac-b4d3-2accf624a100,10,5088e1ca-7eb3-46ce-9bbc-f02ccf120c42-10,5088e1ca-7eb3-46ce-9bbc-f02ccf120c42,10,PROD004,250,Each
db709674-a648-4e89-bdf9-2822d5b39189-10,db709674-a648-4e89-bdf9-2822d5b39189,10,9a0ffef3-c587-4c30-9fe3-90f8adb9b1d9-10,9a0ffef3-c587-4c30-9fe3-90f8adb9b1d9,10,PROD009,38,Each
634450be-c4e1-42d4-ba49-c709f927fbee-10,634450be-c4e1-42d4-ba49-c709f927fbee,10,9a0ffef3-c587-4c30-9fe3-90f8adb9b1d9-10,9a0ffef3-c587-4c30-9fe3-90f8adb9b1d9,10,PROD009,122,Each
0cc65cf4-2300-4d74-baea-9a06feb0c634-10,0cc65cf4-2300-4d74-baea-9a06feb0c634,10,778d9e24-39a6-4c77-9c2b-abfa710ccf56-10,778d9e24-39a6-4c77-9c2b-abfa710ccf56,10,PROD004,470,Each
0cc65cf4-2300-4d74-baea-9a06feb0c634-20,0cc65cf4-2300-4d74-baea-9a06feb0c634,20,778d9e24-39a6-4c77-9c2b-abfa710ccf56-20,778d9e24-39a6-4c77-9c2b-abfa710ccf56,20,PROD002,330,Each
bd47ad60-be7a-4d1d-8f16-0ea1d3faf03f-10,bd47ad60-be7a-4d1d-8f16-0ea1d3faf03f,10,0245449b-b872-4d67-bb4f-52b0c59e0eec-10,0245449b-b872-4d67-bb4f-52b0c59e0eec,10,PROD005,120,Each
bd47ad60-be7a-4d1d-8f16-0ea1d3faf03f-20,bd47ad60-be7a-4d1d-8f16-0ea1d3faf03f,20,0245449b-b872-4d67-bb4f-52b0c59e0eec-20,0245449b-b872-4d67-bb4f-52b0c59e0eec,20,PROD002,500,Each
bd47ad60-be7a-4d1d-8f16-0ea1d3faf03f-30,bd47ad60-be7a-4d1d-8f16-0ea1d3faf03f,30,0245449b-b872-4d67-bb4f-52b0c59e0eec-30,0245449b-b872-4d67-bb4f-52b0c59e0eec,30,PROD009,410,Each
85caa66d-879d-4889-adc1-ca9af6aed2d2-10,85caa66d-879d-4889-adc1-ca9af6aed2d2,10,cc64da63-92dc-4837-bff5-ea6c37263dba-10,cc64da63-92dc-4837-bff5-ea6c37263dba,10,PROD009,122,Each
216347ee-8f9a-4a33-a163-abae343befc7-10,216347ee-8f9a-4a33-a163-abae343befc7,10,cc64da63-92dc-4837-bff5-ea6c37263dba-10,cc64da63-92dc-4837-bff5-ea6c37263dba,10,PROD009,328,Each
5ad6ee18-adeb-474d-ae4d-9bf1945cd29b-10,5ad6ee18-adeb-474d-ae4d-9bf1945cd29b,10,ca2a5d26-4d7d-40aa-8c7b-c03cde514347-10,ca2a5d26-4d7d-40aa-8c7b-c03cde514347,10,PROD001,190,Each
5ad6ee18-adeb-474d-ae4d-9bf1945cd29b-20,5ad6ee18-adeb-474d-ae4d-9bf1945cd29b,20,ca2a5d26-4d7d-40aa-8c7b-c03cde514347-20,ca2a5d26-4d7d-40aa-8c7b-c03cde514347,20,PROD004,240,Each
5204e36f-b551-46e2-b126-6a1c00c720ba-10,5204e36f-b551-46e2-b126-6a1c00c720ba,10,536e5de9-93d0-4326-a8b5-dc4b86471c11-10,536e5de9-93d0-4326-a8b5-dc4b86471c11,10,PROD002,340,Each
5204e36f-b551-46e2-b126-6a1c00c720ba-20,5204e36f-b551-46e2-b126-6a1c00c720ba,20,536e5de9-93d0-4326-a8b5-dc4b86471c11-20,536e5de9-93d0-4326-a8b5-dc4b86471c11,20,PROD006,500,Each
0dc16bd2-21fa-47d6-8d77-98a10b713a92-10,0dc16bd2-21fa-47d6-8d77-98a10b713a92,10,0f7c466b-25b8-4801-bced-01cde9963ea9-10,0f7c466b-25b8-4801-bced-01cde9963ea9,10,PROD005,46,Each
7908cf84-c1e0-497e-a591-e77b5ec1b0e3-10,7908cf84-c1e0-497e-a591-e77b5ec1b0e3,10,0f7c466b-25b8-4801-bced-01cde9963ea9-10,0f7c466b-25b8-4801-bced-01cde9963ea9,10,PROD005,104,Each
663c155f-87aa-4ee2-888f-e88d9cb5f85d-10,663c155f-87aa-4ee2-888f-e88d9cb5f85d,10,53978b17-ab49-47fb-b58f-a65b4e528164-10,53978b17-ab49-47fb-b58f-a65b4e528164,10,PROD002,300,Each
4c35e3e7-f555-45c2-b25c-ebe60e99480a-10,4c35e3e7-f555-45c2-b25c-ebe60e99480a,10,686f9a69-13a1-4944-a8f0-e0f1303147b3-10,686f9a69-13a1-4944-a8f0-e0f1303147b3,10,PROD007,440,Each
4c35e3e7-f555-45c2-b25c-ebe60e99480a-20,4c35e3e7-f555-45c2-b25c-ebe60e99480a,20,686f9a69-13a1-4944-a8f0-e0f1303147b3-20,686f9a69-13a1-4944-a8f0-e0f1303147b3,20,PROD003,230,Each
9b47a3c6-46f2-4eb8-9b90-17b7ba6ecfa2-10,9b47a3c6-46f2-4eb8-9b90-17b7ba6ecfa2,10,b375ad9c-644e-44b5-aa49-19469ae0c60c-20,b375ad9c-644e-44b5-aa49-19469ae0c60c,20,PROD003,50,Each
c09badfc-637a-4c1d-95f6-dd44adbffc26-10,c09badfc-637a-4c1d-95f6-dd44adbffc26,10,b375ad9c-644e-44b5-aa49-19469ae0c60c-10,b375ad9c-644e-44b5-aa49-19469ae0c60c,10,PROD007,240,Each
c09badfc-637a-4c1d-95f6-dd44adbffc26-20,c09badfc-637a-4c1d-95f6-dd44adbffc26,20,b375ad9c-644e-44b5-aa49-19469ae0c60c-30,b375ad9c-644e-44b5-aa49-19469ae0c60c,30,PROD008,330,Each
61030e49-5392-47fc-b258-6bc20cd1e044-10,61030e49-5392-47fc-b258-6bc20cd1e044,10,2691d9c9-8254-4266-8fcb-018938184c27-10,2691d9c9-8254-4266-8fcb-018938184c27,10,PROD004,200,Each
61030e49-5392-47fc-b258-6bc20cd1e044-20,61030e49-5392-47fc-b258-6bc20cd1e044,20,2691d9c9-8254-4266-8fcb-018938184c27-20,2691d9c9-8254-4266-8fcb-018938184c27,20,PROD003,180,Each
91a333dd-02d1-4a4e-a082-b05750800e17-10,91a333dd-02d1-4a4e-a082-b05750800e17,10,f7ef626c-f575-4940-ae28-4f75aae96c35-10,f7ef626c-f575-4940-ae28-4f75aae96c35,10,PROD006,60,Each
91a333dd-02d1-4a4e-a082-b05750800e17-20,91a333dd-02d1-4a4e-a082-b05750800e17,20,f7ef626c-f575-4940-ae28-4f75aae96c35-20,f7ef626c-f575-4940-ae28-4f75aae96c35,20,PROD001,250,Each
885be2f4-efd4-4457-acaf-9860c5a0a933-10,885be2f4-efd4-4457-acaf-9860c5a0a933,10,adb472c3-e7da-4026-b23f-1812324b6bbb-10,adb472c3-e7da-4026-b23f-1812324b6bbb,10,PROD006,72,Each
5d0d07e5-1349-47fb-b3a6-b6d1104ee939-10,5d0d07e5-1349-47fb-b3a6-b6d1104ee939,10,adb472c3-e7da-4026-b23f-1812324b6bbb-10,adb472c3-e7da-4026-b23f-1812324b6bbb,10,PROD006,48,Each
22c67610-4c43-4a4d-bdd9-9795b53430cb-10,22c67610-4c43-4a4d-bdd9-9795b53430cb,10,92664be9-4e21-4f9c-b672-03db56108b1e-10,92664be9-4e21-4f9c-b672-03db56108b1e,10,PROD008,200,Each
ddfcb667-1c0d-4c01-b62a-5da313ceb410-10,ddfcb667-1c0d-4c01-b62a-5da313ceb410,10,19cbc383-df24-4988-b051-4e6b6b81215f-10,19cbc383-df24-4988-b051-4e6b6b81215f,10,PROD006,280,Each
ddfcb667-1c0d-4c01-b62a-5da313ceb410-20,ddfcb667-1c0d-4c01-b62a-5da313ceb410,20,19cbc383-df24-4988-b051-4e6b6b81215f-20,19cbc383-df24-4988-b051-4e6b6b81215f,20,PROD003,490,Each
ddfcb667-1c0d-4c01-b62a-5da313ceb410-30,ddfcb667-1c0d-4c01-b62a-5da313ceb410,30,19cbc383-df24-4988-b051-4e6b6b81215f-30,19cbc383-df24-4988-b051-4e6b6b81215f,30,PROD007,450,Each
7b89e757-9908-4e8b-bfd6-eef8dd685ce8-10,7b89e757-9908-4e8b-bfd6-eef8dd685ce8,10,73f57b8d-bb1b-4acf-aeaf-f75097507627-30,73f57b8d-bb1b-4acf-aeaf-f75097507627,30,PROD009,90,Each
6bd8bd40-1d82-4b81-abc3-46f8f3fcb86e-10,6bd8bd40-1d82-4b81-abc3-46f8f3fcb86e,10,73f57b8d-bb1b-4acf-aeaf-f75097507627-10,73f57b8d-bb1b-4acf-aeaf-f75097507627,10,PROD003,270,Each
6bd8bd40-1d82-4b81-abc3-46f8f3fcb86e-20,6bd8bd40-1d82-4b81-abc3-46f8f3fcb86e,20,73f57b8d-bb1b-4acf-aeaf-f75097507627-20,73f57b8d-bb1b-4acf-aeaf-f75097507627,20,PROD004,150,Each
ecca2a96-c14e-46d3-ac20-02a5c67787fd-10,ecca2a96-c14e-46d3-ac20-02a5c67787fd,10,5c95d68c-d7cf-491d-b65c-6f19feab1feb-10,5c95d68c-d7cf-491d-b65c-6f19feab1feb,10,PROD009,300,Each
ecca2a96-c14e-46d3-ac20-02a5c67787fd-20,ecca2a96-c14e-46d3-ac20-02a5c67787fd,20,5c95d68c-d7cf-491d-b65c-6f19feab1feb-20,5c95d68c-d7cf-491d-b65c-6f19feab1feb,20,PROD004,360,Each
ecca2a96-c14e-46d3-ac20-02a5c67787fd-30,ecca2a96-c14e-46d3-ac20-02a5c67787fd,30,5c95d68c-d7cf-491d-b65c-6f19feab1feb-30,5c95d68c-d7cf-491d-b65c-6f19feab1feb,30,PROD003,480,Each
b6f8c1f4-5617-40ed-9cad-466cac759dab-10,b6f8c1f4-5617-40ed-9cad-466cac759dab,10,29e91239-ec9d-482a-864f-008e0721f9a8-10,29e91239-ec9d-482a-864f-008e0721f9a8,10,PROD001,350,Each
b6f8c1f4-5617-40ed-9cad-466cac759dab-20,b6f8c1f4-5617-40ed-9cad-466cac759dab,20,29e91239-ec9d-482a-864f-008e0721f9a8-20,29e91239-ec9d-482a-864f-008e0721f9a8,20,PROD005,340,Each
649dad03-2932-4059-9738-478d0dc6d95e-10,649dad03-2932-4059-9738-478d0dc6d95e,10,4820c323-d0df-4040-bf9c-ebdd4ab4b43b-10,4820c323-d0df-4040-bf9c-ebdd4ab4b43b,10,PROD009,57,Each
a8eb28a7-5e37-46f6-96f2-89c977c7d811-10,a8eb28a7-5e37-46f6-96f2-89c977c7d811,10,4820c323-d0df-4040-bf9c-ebdd4ab4b43b-10,4820c323-d0df-4040-bf9c-ebdd4ab4b43b,10,PROD009,203,Each
62c219fb-6e04-4d98-80cc-25269abf7413-10,62c219fb-6e04-4d98-80cc-25269abf7413,10,5f004681-acdf-4c03-abdd-6631c72c2695-10,5f004681-acdf-4c03-abdd-6631c72c2695,10,PROD006,420,Each
62c219fb-6e04-4d98-80cc-25269abf7413-20,62c219fb-6e04-4d98-80cc-25269abf7413,20,5f004681-acdf-4c03-abdd-6631c72c2695-20,5f004681-acdf-4c03-abdd-6631c72c2695,20,PROD009,350,Each
aab4f785-92f9-4a19-831d-154fd9bcec96-10,aab4f785-92f9-4a19-831d-154fd9bcec96,10,b58bba3b-61ad-470c-b039-4e4a26bd448d-10,b58bba3b-61ad-470c-b039-4e4a26bd448d,10,PROD008,240,Each
aab4f785-92f9-4a19-831d-154fd9bcec96-20,aab4f785-92f9-4a19-831d-154fd9bcec96,20,b58bba3b-61ad-470c-b039-4e4a26bd448d-20,b58bba3b-61ad-470c-b039-4e4a26bd448d,20,PROD007,120,Each
aab4f785-92f9-4a19-831d-154fd9bcec96-30,aab4f785-92f9-4a19-831d-154fd9bcec96,30,b58bba3b-61ad-470c-b039-4e4a26bd448d-30,b58bba3b-61ad-470c-b039-4e4a26bd448d,30,PROD006,320,Each
ce97b021-0917-48b8-990d-cb9e1ad11c4b-10,ce97b021-0917-48b8-990d-cb9e1ad11c4b,10,cc3eba73-9180-4bb8-8e67-156fa6b20b92-10,cc3eba73-9180-4bb8-8e67-156fa6b20b92,10,PROD002,155,Each
f4e562a8-5dbc-476b-8021-c7717381c852-10,f4e562a8-5dbc-476b-8021-c7717381c852,10,cc3eba73-9180-4bb8-8e67-156fa6b20b92-10,cc3eba73-9180-4bb8-8e67-156fa6b20b92,10,PROD002,265,Each
9c9ad41d-e706-4e88-ae88-961fe2673e49-10,9c9ad41d-e706-4e88-ae88-961fe2673e49,10,6edc27ba-94e6-4b12-9175-050259534893-10,6edc27ba-94e6-4b12-9175-050259534893,10,PROD004,320,Each
9c9ad41d-e706-4e88-ae88-961fe2673e49-20,9c9ad41d-e706-4e88-ae88-961fe2673e49,20,6edc27ba-94e6-4b12-9175-050259534893-20,6edc27ba-94e6-4b12-9175-050259534893,20,PROD007,400,Each
9c9ad41d-e706-4e88-ae88-961fe2673e49-30,9c9ad41d-e706-4e88-ae88-961fe2673e49,30,6edc27ba-94e6-4b12-9175-050259534893-30,6edc27ba-94e6-4b12-9175-050259534893,30,PROD002,320,Each
08879944-8185-4e8c-ac0a-c1a3c894d2dd-10,08879944-8185-4e8c-ac0a-c1a3c894d2dd,10,0975b789-3ac3-4c4f-90ee-27fa6c0a7738-10,0975b789-3ac3-4c4f-90ee-27fa6c0a7738,10,PROD003,150,Each
08879944-8185-4e8c-ac0a-c1a3c894d2dd-20,08879944-8185-4e8c-ac0a-c1a3c894d2dd,20,0975b789-3ac3-4c4f-90ee-27fa6c0a7738-20,0975b789-3ac3-4c4f-90ee-27fa6c0a7738,20,PROD007,370,Each
56088336-5abf-4c54-bde1-ec041e3504a4-10,56088336-5abf-4c54-bde1-ec041e3504a4,10,a5231fae-8091-43bc-ab89-c79e10ed419e-30,a5231fae-8091-43bc-ab89-c79e10ed419e,30,PROD002,140,Each
02b5fdf5-36aa-4229-8471-52786193851c-10,02b5fdf5-36aa-4229-8471-52786193851c,10,a5231fae-8091-43bc-ab89-c79e10ed419e-10,a5231fae-8091-43bc-ab89-c79e10ed419e,10,PROD008,120,Each
02b5fdf5-36aa-4229-8471-52786193851c-20,02b5fdf5-36aa-4229-8471-52786193851c,20,a5231fae-8091-43bc-ab89-c79e10ed419e-20,a5231fae-8091-43bc-ab89-c79e10ed419e,20,PROD009,330,Each
fbcaa60f-0ced-4bc6-95d6-ece51d408aa1-10,fbcaa60f-0ced-4bc6-95d6-ece51d408aa1,10,f50007ac-b793-4115-967e-f677ac65b9c6-10,f50007ac-b793-4115-967e-f677ac65b9c6,10,PROD002,200,Each
fbcaa60f-0ced-4bc6-95d6-ece51d408aa1-20,fbcaa60f-0ced-4bc6-95d6-ece51d408aa1,20,f50007ac-b793-4115-967e-f677ac65b9c6-20,f50007ac-b793-4115-967e-f677ac65b9c6,20,PROD001,490,Each
fbcaa60f-0ced-4bc6-95d6-ece51d408aa1-30,fbcaa60f-0ced-4bc6-95d6-ece51d408aa1,30,f50007ac-b793-4115-967e-f677ac65b9c6-30,f50007ac-b793-4115-967e-f677ac65b9c6,30,PROD007,480,Each
d509fde3-40f1-405c-81e6-e7e3714d4854-10,d509fde3-40f1-405c-81e6-e7e3714d4854,10,d6b13924-e5e1-4f04-a9ff-b7dd05eb512e-10,d6b13924-e5e1-4f04-a9ff-b7dd05eb512e,10,PROD007,210,Each
d509fde3-40f1-405c-81e6-e7e3714d4854-20,d509fde3-40f1-405c-81e6-e7e3714d4854,20,d6b13924-e5e1-4f04-a9ff-b7dd05eb512e-20,d6b13924-e5e1-4f04-a9ff-b7dd05eb512e,20,PROD005,420,Each
d509fde3-40f1-405c-81e6-e7e3714d4854-30,d509fde3-40f1-405c-81e6-e7e3714d4854,30,d6b13924-e5e1-4f04-a9ff-b7dd05eb512e-30,d6b13924-e5e1-4f04-a9ff-b7dd05eb512e,30,PROD003,420,Each
01dd21df-3624-42ed-8529-9221181ca7f5-10,01dd21df-3624-42ed-8529-9221181ca7f5,10,7261116f-8930-42e7-ab2e-dbb9c1d21693-10,7261116f-8930-42e7-ab2e-dbb9c1d21693,10,PROD004,290,Each
ff5cf527-b6e4-4fec-a538-d4ef935d9b9b-10,ff5cf527-b6e4-4fec-a538-d4ef935d9b9b,10,7261116f-8930-42e7-ab2e-dbb9c1d21693-20,7261116f-8930-42e7-ab2e-dbb9c1d21693,20,PROD002,230,Each
ff5cf527-b6e4-4fec-a538-d4ef935d9b9b-20,ff5cf527-b6e4-4fec-a538-d4ef935d9b9b,20,7261116f-8930-42e7-ab2e-dbb9c1d21693-30,7261116f-8930-42e7-ab2e-dbb9c1d21693,30,PROD009,140,Each
fce4de40-4404-4cff-ad51-b0064c6a3e01-10,fce4de40-4404-4cff-ad51-b0064c6a3e01,10,63d6691d-cc99-4384-a09e-50db45584641-10,63d6691d-cc99-4384-a09e-50db45584641,10,PROD008,110,Each
59f89f26-5ea8-40b9-bcf4-c398e5ae5379-10,59f89f26-5ea8-40b9-bcf4-c398e5ae5379,10,79e3863b-c378-4804-b03c-28d9e30ac430-10,79e3863b-c378-4804-b03c-28d9e30ac430,10,PROD007,130,Each
59f89f26-5ea8-40b9-bcf4-c398e5ae5379-20,59f89f26-5ea8-40b9-bcf4-c398e5ae5379,20,79e3863b-c378-4804-b03c-28d9e30ac430-20,79e3863b-c378-4804-b03c-28d9e30ac430,20,PROD002,250,Each
3289e2f1-ea3b-45b5-8b21-966fe11463ef-10,3289e2f1-ea3b-45b5-8b21-966fe11463ef,10,a5812d73-17f8-408e-a284-9af6b3e76c64-10,a5812d73-17f8-408e-a284-9af6b3e76c64,10,PROD002,80,Each
5b2b50ca-babe-4576-93e3-7e8b1e2fb02b-10,5b2b50ca-babe-4576-93e3-7e8b1e2fb02b,10,a5812d73-17f8-408e-a284-9af6b3e76c64-20,a5812d73-17f8-408e-a284-9af6b3e76c64,20,PROD004,270,Each
37d82c30-73d5-4749-9963-d641b8b548d7-10,37d82c30-73d5-4749-9963-d641b8b548d7,10,7ab7703f-c0d9-40a8-821b-d40d31dd7b67-10,7ab7703f-c0d9-40a8-821b-d40d31dd7b67,10,PROD005,140,Each
5ab98e6d-a1c7-45c9-b236-1758c665414a-10,5ab98e6d-a1c7-45c9-b236-1758c665414a,10,4e5c05e1-4810-4498-9624-8d7a6023a4f0-10,4e5c05e1-4810-4498-9624-8d7a6023a4f0,10,PROD007,140,Each
5ab98e6d-a1c7-45c9-b236-1758c665414a-20,5ab98e6d-a1c7-45c9-b236-1758c665414a,20,4e5c05e1-4810-4498-9624-8d7a6023a4f0-20,4e5c05e1-4810-4498-9624-8d7a6023a4f0,20,PROD005,90,Each
5ab98e6d-a1c7-45c9-b236-1758c665414a-30,5ab98e6d-a1c7-45c9-b236-1758c665414a,30,4e5c05e1-4810-4498-9624-8d7a6023a4f0-30,4e5c05e1-4810-4498-9624-8d7a6023a4f0,30,PROD002,70,Each
4e081699-150f-45d1-85c3-d06b6f460849-10,4e081699-150f-45d1-85c3-d06b6f460849,10,7527f3cb-317f-4413-a043-bfaabcc1837b-10,7527f3cb-317f-4413-a043-bfaabcc1837b,10,PROD004,110,Each
370988ac-b10b-42b5-b108-7121ae2a73be-10,370988ac-b10b-42b5-b108-7121ae2a73be,10,7527f3cb-317f-4413-a043-bfaabcc1837b-10,7527f3cb-317f-4413-a043-bfaabcc1837b,10,PROD004,40,Each
d8be9b17-b73c-4d18-8aa1-4c7789a9b2d9-10,d8be9b17-b73c-4d18-8aa1-4c7789a9b2d9,10,e4fe48b3-75f6-4cee-b419-63ff39d75395-10,e4fe48b3-75f6-4cee-b419-63ff39d75395,10,PROD002,370,Each
d8be9b17-b73c-4d18-8aa1-4c7789a9b2d9-20,d8be9b17-b73c-4d18-8aa1-4c7789a9b2d9,20,e4fe48b3-75f6-4cee-b419-63ff39d75395-20,e4fe48b3-75f6-4cee-b419-63ff39d75395,20,PROD004,250,Each
d8be9b17-b73c-4d18-8aa1-4c7789a9b2d9-30,d8be9b17-b73c-4d18-8aa1-4c7789a9b2d9,30,e4fe48b3-75f6-4cee-b419-63ff39d75395-30,e4fe48b3-75f6-4cee-b419-63ff39d75395,30,PROD003,210,Each
d473676d-77ed-4510-811b-faae1ee72865-10,d473676d-77ed-4510-811b-faae1ee72865,10,74742068-de4f-4bff-bdaf-65861790a5cb-10,74742068-de4f-4bff-bdaf-65861790a5cb,10,PROD009,70,Each
d473676d-77ed-4510-811b-faae1ee72865-20,d473676d-77ed-4510-811b-faae1ee72865,20,74742068-de4f-4bff-bdaf-65861790a5cb-20,74742068-de4f-4bff-bdaf-65861790a5cb,20,PROD004,490,Each
18f88e0c-8440-4f2d-b1f7-e20a262785d4-10,18f88e0c-8440-4f2d-b1f7-e20a262785d4,10,d6ec7c0d-bfc8-41f0-9467-ba76ef1469f2-10,d6ec7c0d-bfc8-41f0-9467-ba76ef1469f2,10,PROD003,318,Each
86c32273-6ff2-47c8-9284-53cd6a7d32cc-10,86c32273-6ff2-47c8-9284-53cd6a7d32cc,10,d6ec7c0d-bfc8-41f0-9467-ba76ef1469f2-10,d6ec7c0d-bfc8-41f0-9467-ba76ef1469f2,10,PROD003,112,Each
b888f080-8de6-4e1c-b34d-1cc4e8b487f2-10,b888f080-8de6-4e1c-b34d-1cc4e8b487f2,10,c98cdaa6-3162-4656-9189-2cf4d6d1ffa0-10,c98cdaa6-3162-4656-9189-2cf4d6d1ffa0,10,PROD004,230,Each
07c6eb47-8420-45d1-a4ae-4bf5e2696f2d-10,07c6eb47-8420-45d1-a4ae-4bf5e2696f2d,10,3acf46fc-5e94-4e41-93bc-aac472c4378c-10,3acf46fc-5e94-4e41-93bc-aac472c4378c,10,PROD005,190,Each
07c6eb47-8420-45d1-a4ae-4bf5e2696f2d-20,07c6eb47-8420-45d1-a4ae-4bf5e2696f2d,20,3acf46fc-5e94-4e41-93bc-aac472c4378c-20,3acf46fc-5e94-4e41-93bc-aac472c4378c,20,PROD006,410,Each
a1cd448b-f354-4555-9bae-231dc136d2f6-10,a1cd448b-f354-4555-9bae-231dc136d2f6,10,3827cc38-58d7-4a2a-b42a-b98bb92c4ff4-10,3827cc38-58d7-4a2a-b42a-b98bb92c4ff4,10,PROD003,254,Each
3c8dbc03-f625-42af-a2c0-a4dc64cbace3-10,3c8dbc03-f625-42af-a2c0-a4dc64cbace3,10,3827cc38-58d7-4a2a-b42a-b98bb92c4ff4-10,3827cc38-58d7-4a2a-b42a-b98bb92c4ff4,10,PROD003,76,Each
13d0ca24-0592-4d4f-97ac-3e082881219d-10,13d0ca24-0592-4d4f-97ac-3e082881219d,10,ba7c4887-e1e3-40eb-b10b-59aacae7dd51-10,ba7c4887-e1e3-40eb-b10b-59aacae7dd51,10,PROD006,50,Each
13d0ca24-0592-4d4f-97ac-3e082881219d-20,13d0ca24-0592-4d4f-97ac-3e082881219d,20,ba7c4887-e1e3-40eb-b10b-59aacae7dd51-20,ba7c4887-e1e3-40eb-b10b-59aacae7dd51,20,PROD007,360,Each
4ce8ef95-58e6-4d8b-959f-0cc3617ca178-10,4ce8ef95-58e6-4d8b-959f-0cc3617ca178,10,4cabb80a-ea16-4eee-9b99-ef4aea68f068-10,4cabb80a-ea16-4eee-9b99-ef4aea68f068,10,PROD001,350,Each
9b0fdf1b-8243-43cb-9dfd-48a23f227893-10,9b0fdf1b-8243-43cb-9dfd-48a23f227893,10,f7d69cca-00bf-461e-9ae2-56ff291c1e8b-10,f7d69cca-00bf-461e-9ae2-56ff291c1e8b,10,PROD005,94,Each
42a9c9b2-8f0b-4293-8931-f461788fc7d7-10,42a9c9b2-8f0b-4293-8931-f461788fc7d7,10,f7d69cca-00bf-461e-9ae2-56ff291c1e8b-10,f7d69cca-00bf-461e-9ae2-56ff291c1e8b,10,PROD005,116,Each
4a861670-e899-482f-b0e9-f8f314097c81-10,4a861670-e899-482f-b0e9-f8f314097c81,10,8360e4a7-6635-4c4e-8408-64e079f31ce6-10,8360e4a7-6635-4c4e-8408-64e079f31ce6,10,PROD006,210,Each
4a861670-e899-482f-b0e9-f8f314097c81-20,4a861670-e899-482f-b0e9-f8f314097c81,20,8360e4a7-6635-4c4e-8408-64e079f31ce6-20,8360e4a7-6635-4c4e-8408-64e079f31ce6,20,PROD007,290,Each
ef1b3ecf-7e5a-4a9b-b01f-0f508876d391-10,ef1b3ecf-7e5a-4a9b-b01f-0f508876d391,10,c5f55b31-2814-4f63-8db8-957aeba70e96-10,c5f55b31-2814-4f63-8db8-957aeba70e96,10,PROD009,450,Each
c6ded678-4a5d-4889-bc36-6a94658016cd-10,c6ded678-4a5d-4889-bc36-6a94658016cd,10,a9ccc57f-3bf6-49e2-b35e-b61be5fd3e8b-30,a9ccc57f-3bf6-49e2-b35e-b61be5fd3e8b,30,PROD004,270,Each
42acd1bb-0e90-4ec5-bba1-4545dcc2d757-10,42acd1bb-0e90-4ec5-bba1-4545dcc2d757,10,a9ccc57f-3bf6-49e2-b35e-b61be5fd3e8b-10,a9ccc57f-3bf6-49e2-b35e-b61be5fd3e8b,10,PROD001,340,Each
42acd1bb-0e90-4ec5-bba1-4545dcc2d757-20,42acd1bb-0e90-4ec5-bba1-4545dcc2d757,20,a9ccc57f-3bf6-49e2-b35e-b61be5fd3e8b-20,a9ccc57f-3bf6-49e2-b35e-b61be5fd3e8b,20,PROD003,380,Each
6bccaffd-fb5e-41fb-83fa-688d9a301d8f-10,6bccaffd-fb5e-41fb-83fa-688d9a301d8f,10,0625e38f-a680-4c6d-af4e-6ee84c95133e-10,0625e38f-a680-4c6d-af4e-6ee84c95133e,10,PROD004,270,Each
6bccaffd-fb5e-41fb-83fa-688d9a301d8f-20,6bccaffd-fb5e-41fb-83fa-688d9a301d8f,20,0625e38f-a680-4c6d-af4e-6ee84c95133e-20,0625e38f-a680-4c6d-af4e-6ee84c95133e,20,PROD007,450,Each
7b0ea037-fdb9-4b5e-9948-4230c54bf3e3-10,7b0ea037-fdb9-4b5e-9948-4230c54bf3e3,10,1c600480-e236-4a86-989b-b61c8a1fb1dc-10,1c600480-e236-4a86-989b-b61c8a1fb1dc,10,PROD002,90,Each
724d08e3-d907-4c78-8ba0-d973906ea0be-10,724d08e3-d907-4c78-8ba0-d973906ea0be,10,43f35ce3-7d72-47e9-9ef1-95e15540afc2-30,43f35ce3-7d72-47e9-9ef1-95e15540afc2,30,PROD009,470,Each
bed24ab0-a7e5-4b2f-95b8-a440805f5d3d-10,bed24ab0-a7e5-4b2f-95b8-a440805f5d3d,10,43f35ce3-7d72-47e9-9ef1-95e15540afc2-10,43f35ce3-7d72-47e9-9ef1-95e15540afc2,10,PROD002,150,Each
bed24ab0-a7e5-4b2f-95b8-a440805f5d3d-20,bed24ab0-a7e5-4b2f-95b8-a440805f5d3d,20,43f35ce3-7d72-47e9-9ef1-95e15540afc2-20,43f35ce3-7d72-47e9-9ef1-95e15540afc2,20,PROD003,90,Each
ae0ed2c6-8fb3-4480-aca1-20143aa8d935-10,ae0ed2c6-8fb3-4480-aca1-20143aa8d935,10,ce427fa3-3547-4b53-b87e-40bbb52916d5-10,ce427fa3-3547-4b53-b87e-40bbb52916d5,10,PROD002,80,Each
ae0ed2c6-8fb3-4480-aca1-20143aa8d935-20,ae0ed2c6-8fb3-4480-aca1-20143aa8d935,20,ce427fa3-3547-4b53-b87e-40bbb52916d5-20,ce427fa3-3547-4b53-b87e-40bbb52916d5,20,PROD004,500,Each
ae0ed2c6-8fb3-4480-aca1-20143aa8d935-30,ae0ed2c6-8fb3-4480-aca1-20143aa8d935,30,ce427fa3-3547-4b53-b87e-40bbb52916d5-30,ce427fa3-3547-4b53-b87e-40bbb52916d5,30,PROD007,80,Each
9b72b323-b868-4017-91f9-2f0c4985f253-10,9b72b323-b868-4017-91f9-2f0c4985f253,10,4f079ccb-6354-4f33-a93f-6e2c316c3432-10,4f079ccb-6354-4f33-a93f-6e2c316c3432,10,PROD005,50,Each
9b72b323-b868-4017-91f9-2f0c4985f253-20,9b72b323-b868-4017-91f9-2f0c4985f253,20,4f079ccb-6354-4f33-a93f-6e2c316c3432-20,4f079ccb-6354-4f33-a93f-6e2c316c3432,20,PROD002,240,Each
8390e8d9-a3f7-4cac-973d-35ceed4f7583-10,8390e8d9-a3f7-4cac-973d-35ceed4f7583,10,ae6c5a4e-33f9-41b0-a993-8fccb65352af-10,ae6c5a4e-33f9-41b0-a993-8fccb65352af,10,PROD007,380,Each
0c0c1495-aa18-4c69-bd50-3a99e80beffd-10,0c0c1495-aa18-4c69-bd50-3a99e80beffd,10,ae6c5a4e-33f9-41b0-a993-8fccb65352af-20,ae6c5a4e-33f9-41b0-a993-8fccb65352af,20,PROD006,470,Each
0c0c1495-aa18-4c69-bd50-3a99e80beffd-20,0c0c1495-aa18-4c69-bd50-3a99e80beffd,20,ae6c5a4e-33f9-41b0-a993-8fccb65352af-30,ae6c5a4e-33f9-41b0-a993-8fccb65352af,30,PROD004,470,Each
fa4aa8a7-536c-4211-8492-741d21d9fb04-10,fa4aa8a7-536c-4211-8492-741d21d9fb04,10,5fb7a228-5b56-4227-abcf-cae389ce5faf-10,5fb7a228-5b56-4227-abcf-cae389ce5faf,10,PROD007,80,Each
fa4aa8a7-536c-4211-8492-741d21d9fb04-20,fa4aa8a7-536c-4211-8492-741d21d9fb04,20,5fb7a228-5b56-4227-abcf-cae389ce5faf-20,5fb7a228-5b56-4227-abcf-cae389ce5faf,20,PROD005,410,Each
fa4aa8a7-536c-4211-8492-741d21d9fb04-30,fa4aa8a7-536c-4211-8492-741d21d9fb04,30,5fb7a228-5b56-4227-abcf-cae389ce5faf-30,5fb7a228-5b56-4227-abcf-cae389ce5faf,30,PROD004,410,Each
03fcfe1b-5b05-4b39-a7b9-0b1b5f597382-10,03fcfe1b-5b05-4b39-a7b9-0b1b5f597382,10,c2c0cb38-d8ca-45a1-89f5-8bd2af45ae50-10,c2c0cb38-d8ca-45a1-89f5-8bd2af45ae50,10,PROD004,400,Each
03fcfe1b-5b05-4b39-a7b9-0b1b5f597382-20,03fcfe1b-5b05-4b39-a7b9-0b1b5f597382,20,c2c0cb38-d8ca-45a1-89f5-8bd2af45ae50-20,c2c0cb38-d8ca-45a1-89f5-8bd2af45ae50,20,PROD003,130,Each
d837cc91-06db-4eee-b0bd-48df99776348-10,d837cc91-06db-4eee-b0bd-48df99776348,10,b19cb72f-36ea-4309-8bde-6334431f1229-30,b19cb72f-36ea-4309-8bde-6334431f1229,30,PROD005,380,Each
e1dd5187-7263-4c0f-8fdf-96cf7e76717f-10,e1dd5187-7263-4c0f-8fdf-96cf7e76717f,10,b19cb72f-36ea-4309-8bde-6334431f1229-10,b19cb72f-36ea-4309-8bde-6334431f1229,10,PROD006,170,Each
e1dd5187-7263-4c0f-8fdf-96cf7e76717f-20,e1dd5187-7263-4c0f-8fdf-96cf7e76717f,20,b19cb72f-36ea-4309-8bde-6334431f1229-20,b19cb72f-36ea-4309-8bde-6334431f1229,20,PROD009,240,Each
573ca832-0bf7-4428-8304-a83e4603877a-10,573ca832-0bf7-4428-8304-a83e4603877a,10,1fa6c240-3302-4015-8111-4d57ff4aaaed-10,1fa6c240-3302-4015-8111-4d57ff4aaaed,10,PROD001,260,Each
573ca832-0bf7-4428-8304-a83e4603877a-20,573ca832-0bf7-4428-8304-a83e4603877a,20,1fa6c240-3302-4015-8111-4d57ff4aaaed-20,1fa6c240-3302-4015-8111-4d57ff4aaaed,20,PROD009,230,Each
557c8641-23dc-4609-9d84-90bb804bd686-10,557c8641-23dc-4609-9d84-90bb804bd686,10,eb47b466-bf91-455e-8da2-354ea41b1a5e-10,eb47b466-bf91-455e-8da2-354ea41b1a5e,10,PROD008,140,Each
557c8641-23dc-4609-9d84-90bb804bd686-20,557c8641-23dc-4609-9d84-90bb804bd686,20,eb47b466-bf91-455e-8da2-354ea41b1a5e-20,eb47b466-bf91-455e-8da2-354ea41b1a5e,20,PROD001,490,Each
7e3d8f7c-1c99-4860-bfa1-eb3825f45337-10,7e3d8f7c-1c99-4860-bfa1-eb3825f45337,10,dd2f2da6-26d7-4dc0-a497-cd88b93282e5-20,dd2f2da6-26d7-4dc0-a497-cd88b93282e5,20,PROD004,320,Each
fe5da4d5-109d-453c-9e61-9528a4eac364-10,fe5da4d5-109d-453c-9e61-9528a4eac364,10,dd2f2da6-26d7-4dc0-a497-cd88b93282e5-10,dd2f2da6-26d7-4dc0-a497-cd88b93282e5,10,PROD007,310,Each
fe5da4d5-109d-453c-9e61-9528a4eac364-20,fe5da4d5-109d-453c-9e61-9528a4eac364,20,dd2f2da6-26d7-4dc0-a497-cd88b93282e5-30,dd2f2da6-26d7-4dc0-a497-cd88b93282e5,30,PROD002,330,Each
72b34d90-c569-40fa-838d-1b79d1799b2a-10,72b34d90-c569-40fa-838d-1b79d1799b2a,10,4cb72ae3-dd04-4444-9be4-9ee6d4a10c42-10,4cb72ae3-dd04-4444-9be4-9ee6d4a10c42,10,PROD009,300,Each
8c5a8b16-13e1-4ee7-a5a1-02e9defbc1df-10,8c5a8b16-13e1-4ee7-a5a1-02e9defbc1df,10,985c4dbd-a54e-4e5c-a1ec-ad3b9dfe4472-10,985c4dbd-a54e-4e5c-a1ec-ad3b9dfe4472,10,PROD005,150,Each
ab340231-ed7d-43a8-9aa6-002112511add-10,ab340231-ed7d-43a8-9aa6-002112511add,10,0ed627e0-1abf-421f-b78d-baa9b70b1cac-10,0ed627e0-1abf-421f-b78d-baa9b70b1cac,10,PROD008,120,Each
ef2a4f87-89d6-4b7b-95c0-75acac9d96de-10,ef2a4f87-89d6-4b7b-95c0-75acac9d96de,10,0ed627e0-1abf-421f-b78d-baa9b70b1cac-10,0ed627e0-1abf-421f-b78d-baa9b70b1cac,10,PROD008,160,Each
c2e21029-0fce-4eee-accf-01f45f50e2d9-10,c2e21029-0fce-4eee-accf-01f45f50e2d9,10,b5922468-58db-4028-bf16-6f3cc9428a93-10,b5922468-58db-4028-bf16-6f3cc9428a93,10,PROD009,90,Each
c2e21029-0fce-4eee-accf-01f45f50e2d9-20,c2e21029-0fce-4eee-accf-01f45f50e2d9,20,b5922468-58db-4028-bf16-6f3cc9428a93-20,b5922468-58db-4028-bf16-6f3cc9428a93,20,PROD002,360,Each
c2e21029-0fce-4eee-accf-01f45f50e2d9-30,c2e21029-0fce-4eee-accf-01f45f50e2d9,30,b5922468-58db-4028-bf16-6f3cc9428a93-30,b5922468-58db-4028-bf16-6f3cc9428a93,30,PROD006,170,Each
c9452178-8982-431f-b4b9-a3290e1715bd-10,c9452178-8982-431f-b4b9-a3290e1715bd,10,5f773052-d12e-49c9-9b36-83d4387da09e-10,5f773052-d12e-49c9-9b36-83d4387da09e,10,PROD008,220,Each
c9452178-8982-431f-b4b9-a3290e1715bd-20,c9452178-8982-431f-b4b9-a3290e1715bd,20,5f773052-d12e-49c9-9b36-83d4387da09e-20,5f773052-d12e-49c9-9b36-83d4387da09e,20,PROD005,190,Each
c9452178-8982-431f-b4b9-a3290e1715bd-30,c9452178-8982-431f-b4b9-a3290e1715bd,30,5f773052-d12e-49c9-9b36-83d4387da09e-30,5f773052-d12e-49c9-9b36-83d4387da09e,30,PROD007,80,Each
76d2d889-c810-4f36-9af2-2d2ebed4c385-10,76d2d889-c810-4f36-9af2-2d2ebed4c385,10,5a4d39fe-94f1-447a-a711-d191c23d932f-20,5a4d39fe-94f1-447a-a711-d191c23d932f,20,PROD005,140,Each
7ceae422-bf35-45af-8ef9-8e48b69d4c70-10,7ceae422-bf35-45af-8ef9-8e48b69d4c70,10,5a4d39fe-94f1-447a-a711-d191c23d932f-10,5a4d39fe-94f1-447a-a711-d191c23d932f,10,PROD002,450,Each