ID,salesOrderId,lineNumber,ProductId,Quantity,unitOfMeasure,Status,Value,valueCurrency
40be3a38-6705-45be-a4b3-3d49727c319c-10,40be3a38-6705-45be-a4b3-3d49727c319c,10,PROD005,150,Each,Active,90000,USD
40be3a38-6705-45be-a4b3-3d49727c319c-20,40be3a38-6705-45be-a4b3-3d49727c319c,20,PROD008,70,Each,Active,28000,USD
37b7ec37-11c6-4d74-88d2-af5713aa00a3-10,37b7ec37-11c6-4d74-88d2-af5713aa00a3,10,PROD002,80,Each,Active,80000,USD
37b7ec37-11c6-4d74-88d2-af5713aa00a3-20,37b7ec37-11c6-4d74-88d2-af5713aa00a3,20,PROD004,50,Each,Active,20000,USD
37b7ec37-11c6-4d74-88d2-af5713aa00a3-30,37b7ec37-11c6-4d74-88d2-af5713aa00a3,30,PROD003,190,Each,Active,228000,USD
95715d33-8794-4940-81a2-7db5e61dd107-10,95715d33-8794-4940-81a2-7db5e61dd107,10,PROD002,70,Each,Active,70000,USD
95715d33-8794-4940-81a2-7db5e61dd107-20,95715d33-8794-4940-81a2-7db5e61dd107,20,PROD008,170,Each,Active,68000,USD
2ea858e5-37be-4217-bb59-8cbbc0db4b95-10,2ea858e5-37be-4217-bb59-8cbbc0db4b95,10,PROD007,130,Each,Active,39000,USD
2ea858e5-37be-4217-bb59-8cbbc0db4b95-20,2ea858e5-37be-4217-bb59-8cbbc0db4b95,20,PROD008,430,Each,Active,172000,USD
3f465311-7d61-4321-8e94-cffaa76b9566-10,3f465311-7d61-4321-8e94-cffaa76b9566,10,PROD005,170,Each,Active,102000,USD
3f465311-7d61-4321-8e94-cffaa76b9566-20,3f465311-7d61-4321-8e94-cffaa76b9566,20,PROD004,190,Each,Active,76000,USD
8bddcbcb-e8df-46a6-bf52-74a68aa87f5f-10,8bddcbcb-e8df-46a6-bf52-74a68aa87f5f,10,PROD005,130,Each,Active,78000,USD
8bddcbcb-e8df-46a6-bf52-74a68aa87f5f-20,8bddcbcb-e8df-46a6-bf52-74a68aa87f5f,20,PROD002,410,Each,Active,410000,USD
130f00b9-4af8-4659-a1e4-33872d5abcbc-10,130f00b9-4af8-4659-a1e4-33872d5abcbc,10,PROD001,120,Each,Active,108000,USD
130f00b9-4af8-4659-a1e4-33872d5abcbc-20,130f00b9-4af8-4659-a1e4-33872d5abcbc,20,PROD005,170,Each,Active,102000,USD
dd0f6a82-09d7-4fd1-8d18-f4a27d43d0e4-10,dd0f6a82-09d7-4fd1-8d18-f4a27d43d0e4,10,PROD009,460,Each,Active,230000,USD
dd0f6a82-09d7-4fd1-8d18-f4a27d43d0e4-20,dd0f6a82-09d7-4fd1-8d18-f4a27d43d0e4,20,PROD003,290,Each,Active,348000,USD
dd0f6a82-09d7-4fd1-8d18-f4a27d43d0e4-30,dd0f6a82-09d7-4fd1-8d18-f4a27d43d0e4,30,PROD006,440,Each,Active,352000,USD
f21e0377-dc59-412b-8be1-47cd64ad9dc2-10,f21e0377-dc59-412b-8be1-47cd64ad9dc2,10,PROD005,200,Each,Active,120000,USD
d40591dd-e78f-45aa-8b73-1b1ed60f7d64-10,d40591dd-e78f-45aa-8b73-1b1ed60f7d64,10,PROD005,450,Each,Active,270000,USD
d40591dd-e78f-45aa-8b73-1b1ed60f7d64-20,d40591dd-e78f-45aa-8b73-1b1ed60f7d64,20,PROD003,120,Each,Active,144000,USD
d40591dd-e78f-45aa-8b73-1b1ed60f7d64-30,d40591dd-e78f-45aa-8b73-1b1ed60f7d64,30,PROD008,260,Each,Active,104000,USD
259bf8fa-8d24-41c0-be1c-4f357a28fade-10,259bf8fa-8d24-41c0-be1c-4f357a28fade,10,PROD002,410,Each,Active,410000,USD
259bf8fa-8d24-41c0-be1c-4f357a28fade-20,259bf8fa-8d24-41c0-be1c-4f357a28fade,20,PROD006,430,Each,Active,344000,USD
34909f96-85ad-4bb7-8152-fd77aadb6fdd-10,34909f96-85ad-4bb7-8152-fd77aadb6fdd,10,PROD005,500,Each,Active,300000,USD
ac2c76f2-0de8-49a0-a102-2d7515087a9b-10,ac2c76f2-0de8-49a0-a102-2d7515087a9b,10,PROD006,210,Each,Active,168000,USD
ac2c76f2-0de8-49a0-a102-2d7515087a9b-20,ac2c76f2-0de8-49a0-a102-2d7515087a9b,20,PROD004,410,Each,Active,164000,USD
902ab0e4-5e37-4566-997d-c2a16cfec99e-10,902ab0e4-5e37-4566-997d-c2a16cfec99e,10,PROD001,90,Each,Active,81000,USD
902ab0e4-5e37-4566-997d-c2a16cfec99e-20,902ab0e4-5e37-4566-997d-c2a16cfec99e,20,PROD007,480,Each,Active,144000,USD
cd36545d-35f8-48fe-8e4c-15f6f9100aeb-10,cd36545d-35f8-48fe-8e4c-15f6f9100aeb,10,PROD009,320,Each,Active,160000,USD
cd36545d-35f8-48fe-8e4c-15f6f9100aeb-20,cd36545d-35f8-48fe-8e4c-15f6f9100aeb,20,PROD004,330,Each,Active,132000,USD
cd36545d-35f8-48fe-8e4c-15f6f9100aeb-30,cd36545d-35f8-48fe-8e4c-15f6f9100aeb,30,PROD007,130,Each,Active,39000,USD
60801806-c55a-4fbb-a02a-f5f865fabaea-10,60801806-c55a-4fbb-a02a-f5f865fabaea,10,PROD004,330,Each,Active,132000,USD
60801806-c55a-4fbb-a02a-f5f865fabaea-20,60801806-c55a-4fbb-a02a-f5f865fabaea,20,PROD009,90,Each,Active,45000,USD
65e22bb1-13e6-4b16-b51f-c3bd509d487d-10,65e22bb1-13e6-4b16-b51f-c3bd509d487d,10,PROD005,250,Each,Active,150000,USD
db7d4061-f171-4e4c-af8f-45f6e4529de1-10,db7d4061-f171-4e4c-af8f-45f6e4529de1,10,PROD009,230,Each,Active,115000,USD
f1b016ff-fcc4-429a-9e85-40a9d82f82c9-10,f1b016ff-fcc4-429a-9e85-40a9d82f82c9,10,PROD009,260,Each,Active,130000,USD
7a03214c-7699-4801-a646-b260c7240c49-10,7a03214c-7699-4801-a646-b260c7240c49,10,PROD009,350,Each,Active,175000,USD
7a03214c-7699-4801-a646-b260c7240c49-20,7a03214c-7699-4801-a646-b260c7240c49,20,PROD004,280,Each,Active,112000,USD
7a03214c-7699-4801-a646-b260c7240c49-30,7a03214c-7699-4801-a646-b260c7240c49,30,PROD003,350,Each,Active,420000,USD
0f5f630b-b22e-462d-b85e-ea328285b80a-10,0f5f630b-b22e-462d-b85e-ea328285b80a,10,PROD004,290,Each,Active,116000,USD
0f5f630b-b22e-462d-b85e-ea328285b80a-20,0f5f630b-b22e-462d-b85e-ea328285b80a,20,PROD009,360,Each,Active,180000,USD
0f5f630b-b22e-462d-b85e-ea328285b80a-30,0f5f630b-b22e-462d-b85e-ea328285b80a,30,PROD006,90,Each,Active,72000,USD
3558f751-37a3-41f0-9bba-7487799793dc-10,3558f751-37a3-41f0-9bba-7487799793dc,10,PROD004,160,Each,Active,64000,USD
3558f751-37a3-41f0-9bba-7487799793dc-20,3558f751-37a3-41f0-9bba-7487799793dc,20,PROD007,140,Each,Active,42000,USD
3558f751-37a3-41f0-9bba-7487799793dc-30,3558f751-37a3-41f0-9bba-7487799793dc,30,PROD002,320,Each,Active,320000,USD
786d65a7-713e-4908-bb90-db78fe372bbe-10,786d65a7-713e-4908-bb90-db78fe372bbe,10,PROD006,300,Each,Active,240000,USD
786d65a7-713e-4908-bb90-db78fe372bbe-20,786d65a7-713e-4908-bb90-db78fe372bbe,20,PROD009,240,Each,Active,120000,USD
073ed4ac-4ada-4771-a0bd-42a5439ce5fc-10,073ed4ac-4ada-4771-a0bd-42a5439ce5fc,10,PROD007,500,Each,Active,150000,USD
7de0c647-383a-4085-aee5-2e4369619a05-10,7de0c647-383a-4085-aee5-2e4369619a05,10,PROD002,470,Each,Active,470000,USD
7de0c647-383a-4085-aee5-2e4369619a05-20,7de0c647-383a-4085-aee5-2e4369619a05,20,PROD005,310,Each,Active,186000,USD
090c1d0e-f15e-4128-8046-b26cb6122379-10,090c1d0e-f15e-4128-8046-b26cb6122379,10,PROD001,310,Each,Active,279000,USD
090c1d0e-f15e-4128-8046-b26cb6122379-20,090c1d0e-f15e-4128-8046-b26cb6122379,20,PROD006,120,Each,Active,96000,USD
9dc65f17-3aa2-416c-991e-aa6bf81a7398-10,9dc65f17-3aa2-416c-991e-aa6bf81a7398,10,PROD002,150,Each,Active,150000,USD
9dc65f17-3aa2-416c-991e-aa6bf81a7398-20,9dc65f17-3aa2-416c-991e-aa6bf81a7398,20,PROD006,410,Each,Active,328000,USD
83ce1682-4126-4f61-a768-fa28654d1c20-10,83ce1682-4126-4f61-a768-fa28654d1c20,10,PROD001,370,Each,Active,333000,USD
8931c192-83ff-49f8-8fe6-eaec08f2004f-10,8931c192-83ff-49f8-8fe6-eaec08f2004f,10,PROD001,310,Each,Active,279000,USD
646104ba-0bab-44d0-a2fc-d9fc919d81e4-10,646104ba-0bab-44d0-a2fc-d9fc919d81e4,10,PROD003,230,Each,Active,276000,USD
646104ba-0bab-44d0-a2fc-d9fc919d81e4-20,646104ba-0bab-44d0-a2fc-d9fc919d81e4,20,PROD006,240,Each,Active,192000,USD
f18932b0-63ae-4c46-b22f-3a9f3465203e-10,f18932b0-63ae-4c46-b22f-3a9f3465203e,10,PROD006,460,Each,Active,368000,USD
f18932b0-63ae-4c46-b22f-3a9f3465203e-20,f18932b0-63ae-4c46-b22f-3a9f3465203e,20,PROD003,180,Each,Active,216000,USD
f18932b0-63ae-4c46-b22f-3a9f3465203e-30,f18932b0-63ae-4c46-b22f-3a9f3465203e,30,PROD009,250,Each,Active,125000,USD
22dada06-aa90-4229-9518-d157b3c9ce83-10,22dada06-aa90-4229-9518-d157b3c9ce83,10,PROD009,240,Each,Active,120000,USD
770650dd-6f58-4ecc-be13-46a805987801-10,770650dd-6f58-4ecc-be13-46a805987801,10,PROD008,180,Each,Active,72000,USD
770650dd-6f58-4ecc-be13-46a805987801-20,770650dd-6f58-4ecc-be13-46a805987801,20,PROD007,70,Each,Active,21000,USD
770650dd-6f58-4ecc-be13-46a805987801-30,770650dd-6f58-4ecc-be13-46a805987801,30,PROD004,270,Each,Active,108000,USD
001dcdf7-de8c-4970-b1f4-3daef38706e8-10,001dcdf7-de8c-4970-b1f4-3daef38706e8,10,PROD005,80,Each,Active,48000,USD
5678becb-ec73-40f8-9b18-9fb6a30d741f-10,5678becb-ec73-40f8-9b18-9fb6a30d741f,10,PROD002,240,Each,Active,240000,USD
5678becb-ec73-40f8-9b18-9fb6a30d741f-20,5678becb-ec73-40f8-9b18-9fb6a30d741f,20,PROD005,390,Each,Active,234000,USD
6ff6c879-033c-4834-8471-42cf34ea7614-10,6ff6c879-033c-4834-8471-42cf34ea7614,10,PROD003,50,Each,Active,60000,USD
8020aba4-c177-425f-9590-368be1c619c8-10,8020aba4-c177-425f-9590-368be1c619c8,10,PROD005,250,Each,Active,150000,USD
8020aba4-c177-425f-9590-368be1c619c8-20,8020aba4-c177-425f-9590-368be1c619c8,20,PROD008,240,Each,Active,96000,USD
cc9dba09-66e8-4aad-834b-6143e3049779-10,cc9dba09-66e8-4aad-834b-6143e3049779,10,PROD001,230,Each,Active,207000,USD
cc9dba09-66e8-4aad-834b-6143e3049779-20,cc9dba09-66e8-4aad-834b-6143e3049779,20,PROD008,150,Each,Active,60000,USD
9f41642c-dc9c-49f4-a6f5-60d4eda80dc7-10,9f41642c-dc9c-49f4-a6f5-60d4eda80dc7,10,PROD001,190,Each,Active,171000,USD
9f41642c-dc9c-49f4-a6f5-60d4eda80dc7-20,9f41642c-dc9c-49f4-a6f5-60d4eda80dc7,20,PROD003,360,Each,Active,432000,USD
9f41642c-dc9c-49f4-a6f5-60d4eda80dc7-30,9f41642c-dc9c-49f4-a6f5-60d4eda80dc7,30,PROD004,200,Each,Active,80000,USD
813cab81-4f36-42ec-8ae6-bdb0d8f0a217-10,813cab81-4f36-42ec-8ae6-bdb0d8f0a217,10,PROD009,370,Each,Active,185000,USD
813cab81-4f36-42ec-8ae6-bdb0d8f0a217-20,813cab81-4f36-42ec-8ae6-bdb0d8f0a217,20,PROD004,350,Each,Active,140000,USD
a7c7bad0-b0d7-4d14-b1e7-2229bbb3e13e-10,a7c7bad0-b0d7-4d14-b1e7-2229bbb3e13e,10,PROD009,230,Each,Active,115000,USD
a7c7bad0-b0d7-4d14-b1e7-2229bbb3e13e-20,a7c7bad0-b0d7-4d14-b1e7-2229bbb3e13e,20,PROD005,130,Each,Active,78000,USD
d5513850-7dd1-4782-8c4f-fb4b643a00ff-10,d5513850-7dd1-4782-8c4f-fb4b643a00ff,10,PROD007,190,Each,Active,57000,USD
90c095f7-570e-44e2-a1d7-e69f1d2fc576-10,90c095f7-570e-44e2-a1d7-e69f1d2fc576,10,PROD009,470,Each,Active,235000,USD
90c095f7-570e-44e2-a1d7-e69f1d2fc576-20,90c095f7-570e-44e2-a1d7-e69f1d2fc576,20,PROD008,290,Each,Active,116000,USD
e916a292-3924-4ad4-9d92-07d7962727eb-10,e916a292-3924-4ad4-9d92-07d7962727eb,10,PROD004,260,Each,Active,104000,USD
e916a292-3924-4ad4-9d92-07d7962727eb-20,e916a292-3924-4ad4-9d92-07d7962727eb,20,PROD005,80,Each,Active,48000,USD
447e5d3f-1ed3-4573-922d-edd0a3c1df7b-10,447e5d3f-1ed3-4573-922d-edd0a3c1df7b,10,PROD006,170,Each,Active,136000,USD
447e5d3f-1ed3-4573-922d-edd0a3c1df7b-20,447e5d3f-1ed3-4573-922d-edd0a3c1df7b,20,PROD003,420,Each,Active,504000,USD
447e5d3f-1ed3-4573-922d-edd0a3c1df7b-30,447e5d3f-1ed3-4573-922d-edd0a3c1df7b,30,PROD001,70,Each,Active,63000,USD
4e453c4f-86fc-4394-9465-c4f788773ed5-10,4e453c4f-86fc-4394-9465-c4f788773ed5,10,PROD007,270,Each,Active,81000,USD
0a8fce0e-2408-43a8-8b53-0ae10808bac5-10,0a8fce0e-2408-43a8-8b53-0ae10808bac5,10,PROD003,80,Each,Active,96000,USD
daec81bf-55df-4e90-898e-3e3cf2f871ec-10,daec81bf-55df-4e90-898e-3e3cf2f871ec,10,PROD003,110,Each,Active,132000,USD
daec81bf-55df-4e90-898e-3e3cf2f871ec-20,daec81bf-55df-4e90-898e-3e3cf2f871ec,20,PROD008,110,Each,Active,44000,USD
0dbb3214-6c18-4fdb-9d2f-2967a463fca9-10,0dbb3214-6c18-4fdb-9d2f-2967a463fca9,10,PROD004,160,Each,Active,64000,USD
0283a70f-d295-4b07-a463-4bfffec435a5-10,0283a70f-d295-4b07-a463-4bfffec435a5,10,PROD008,370,Each,Active,148000,USD
ed29c516-4650-40fc-b084-dbd472f36de0-10,ed29c516-4650-40fc-b084-dbd472f36de0,10,PROD003,320,Each,Active,384000,USD
ed29c516-4650-40fc-b084-dbd472f36de0-20,ed29c516-4650-40fc-b084-dbd472f36de0,20,PROD005,50,Each,Active,30000,USD
ed29c516-4650-40fc-b084-dbd472f36de0-30,ed29c516-4650-40fc-b084-dbd472f36de0,30,PROD004,50,Each,Active,20000,USD
30f5f123-44cd-43fb-94f4-3e8bc24d3552-10,30f5f123-44cd-43fb-94f4-3e8bc24d3552,10,PROD001,130,Each,Active,117000,USD
1011e557-7e4f-418d-8b3c-4eae1214edd0-10,1011e557-7e4f-418d-8b3c-4eae1214edd0,10,PROD005,60,Each,Active,36000,USD
1011e557-7e4f-418d-8b3c-4eae1214edd0-20,1011e557-7e4f-418d-8b3c-4eae1214edd0,20,PROD001,390,Each,Active,351000,USD
1011e557-7e4f-418d-8b3c-4eae1214edd0-30,1011e557-7e4f-418d-8b3c-4eae1214edd0,30,PROD002,460,Each,Active,460000,USD
4f8688c9-4f96-4e16-9001-efc80430b383-10,4f8688c9-4f96-4e16-9001-efc80430b383,10,PROD008,230,Each,Active,92000,USD
4f8688c9-4f96-4e16-9001-efc80430b383-20,4f8688c9-4f96-4e16-9001-efc80430b383,20,PROD006,340,Each,Active,272000,USD
4f8688c9-4f96-4e16-9001-efc80430b383-30,4f8688c9-4f96-4e16-9001-efc80430b383,30,PROD003,90,Each,Active,108000,USD
47e66101-8a7d-4183-8446-93be2125a98a-10,47e66101-8a7d-4183-8446-93be2125a98a,10,PROD007,500,Each,Active,150000,USD
47e66101-8a7d-4183-8446-93be2125a98a-20,47e66101-8a7d-4183-8446-93be2125a98a,20,PROD008,280,Each,Active,112000,USD
290468dc-e77f-4f74-a864-650ee8c7c60b-10,290468dc-e77f-4f74-a864-650ee8c7c60b,10,PROD001,110,Each,Active,99000,USD
290468dc-e77f-4f74-a864-650ee8c7c60b-20,290468dc-e77f-4f74-a864-650ee8c7c60b,20,PROD008,70,Each,Active,28000,USD
e8158768-7cdd-42c4-8349-ac85886eea0d-10,e8158768-7cdd-42c4-8349-ac85886eea0d,10,PROD005,280,Each,Active,168000,USD
e8158768-7cdd-42c4-8349-ac85886eea0d-20,e8158768-7cdd-42c4-8349-ac85886eea0d,20,PROD006,140,Each,Active,112000,USD
3167a216-9fc7-476a-a78b-bcdb24ad292a-10,3167a216-9fc7-476a-a78b-bcdb24ad292a,10,PROD006,120,Each,Active,96000,USD
3167a216-9fc7-476a-a78b-bcdb24ad292a-20,3167a216-9fc7-476a-a78b-bcdb24ad292a,20,PROD001,260,Each,Active,234000,USD
3167a216-9fc7-476a-a78b-bcdb24ad292a-30,3167a216-9fc7-476a-a78b-bcdb24ad292a,30,PROD007,400,Each,Active,120000,USD
f686498d-8230-4f37-abf3-539d4b33413e-10,f686498d-8230-4f37-abf3-539d4b33413e,10,PROD007,410,Each,Active,123000,USD
f686498d-8230-4f37-abf3-539d4b33413e-20,f686498d-8230-4f37-abf3-539d4b33413e,20,PROD006,260,Each,Active,208000,USD
f686498d-8230-4f37-abf3-539d4b33413e-30,f686498d-8230-4f37-abf3-539d4b33413e,30,PROD009,80,Each,Active,40000,USD
7b12699a-e27e-481b-a910-9044bded9143-10,7b12699a-e27e-481b-a910-9044bded9143,10,PROD004,360,Each,Active,144000,USD
7b12699a-e27e-481b-a910-9044bded9143-20,7b12699a-e27e-481b-a910-9044bded9143,20,PROD003,380,Each,Active,456000,USD
879f792b-dc24-44b0-bc4e-7cb129ed9e32-10,879f792b-dc24-44b0-bc4e-7cb129ed9e32,10,PROD001,330,Each,Active,297000,USD
879f792b-dc24-44b0-bc4e-7cb129ed9e32-20,879f792b-dc24-44b0-bc4e-7cb129ed9e32,20,PROD008,380,Each,Active,152000,USD
b66b4ec9-825a-433c-9018-54558eddb5a8-10,b66b4ec9-825a-433c-9018-54558eddb5a8,10,PROD004,500,Each,Active,200000,USD
b66b4ec9-825a-433c-9018-54558eddb5a8-20,b66b4ec9-825a-433c-9018-54558eddb5a8,20,PROD009,50,Each,Active,25000,USD
b66b4ec9-825a-433c-9018-54558eddb5a8-30,b66b4ec9-825a-433c-9018-54558eddb5a8,30,PROD003,220,Each,Active,264000,USD
3bbc8844-0cc4-4e10-bc1b-7fc39762097f-10,3bbc8844-0cc4-4e10-bc1b-7fc39762097f,10,PROD009,320,Each,Active,160000,USD
3bbc8844-0cc4-4e10-bc1b-7fc39762097f-20,3bbc8844-0cc4-4e10-bc1b-7fc39762097f,20,PROD007,460,Each,Active,138000,USD
15e976b8-fbb0-43a7-93d4-fdc066fabb86-10,15e976b8-fbb0-43a7-93d4-fdc066fabb86,10,PROD005,300,Each,Active,180000,USD
15e976b8-fbb0-43a7-93d4-fdc066fabb86-20,15e976b8-fbb0-43a7-93d4-fdc066fabb86,20,PROD001,50,Each,Active,45000,USD
efdd8276-7fc0-4a4e-bcb3-799ce2a691be-10,efdd8276-7fc0-4a4e-bcb3-799ce2a691be,10,PROD007,430,Each,Active,129000,USD
efdd8276-7fc0-4a4e-bcb3-799ce2a691be-20,efdd8276-7fc0-4a4e-bcb3-799ce2a691be,20,PROD001,130,Each,Active,117000,USD
7602c5ca-6f56-4b90-803e-216cb3d11500-10,7602c5ca-6f56-4b90-803e-216cb3d11500,10,PROD006,50,Each,Active,40000,USD
7602c5ca-6f56-4b90-803e-216cb3d11500-20,7602c5ca-6f56-4b90-803e-216cb3d11500,20,PROD008,490,Each,Active,196000,USD
7602c5ca-6f56-4b90-803e-216cb3d11500-30,7602c5ca-6f56-4b90-803e-216cb3d11500,30,PROD003,50,Each,Active,60000,USD
d1e5e513-fcf9-4fd0-ab58-5b5eff53c5c7-10,d1e5e513-fcf9-4fd0-ab58-5b5eff53c5c7,10,PROD001,390,Each,Active,351000,USD
d1e5e513-fcf9-4fd0-ab58-5b5eff53c5c7-20,d1e5e513-fcf9-4fd0-ab58-5b5eff53c5c7,20,PROD007,110,Each,Active,33000,USD
c745c727-d3d0-42ec-8f42-da8143acc274-10,c745c727-d3d0-42ec-8f42-da8143acc274,10,PROD001,200,Each,Active,180000,USD
c745c727-d3d0-42ec-8f42-da8143acc274-20,c745c727-d3d0-42ec-8f42-da8143acc274,20,PROD004,260,Each,Active,104000,USD
bef2edd1-844f-48e5-a4c8-bcae40a16d63-10,bef2edd1-844f-48e5-a4c8-bcae40a16d63,10,PROD006,200,Each,Active,160000,USD
bef2edd1-844f-48e5-a4c8-bcae40a16d63-20,bef2edd1-844f-48e5-a4c8-bcae40a16d63,20,PROD002,300,Each,Active,300000,USD
bef2edd1-844f-48e5-a4c8-bcae40a16d63-30,bef2edd1-844f-48e5-a4c8-bcae40a16d63,30,PROD003,490,Each,Active,588000,USD
d73c9cb3-1c94-41f3-a699-07c4cf58e92b-10,d73c9cb3-1c94-41f3-a699-07c4cf58e92b,10,PROD004,190,Each,Active,76000,USD
d73c9cb3-1c94-41f3-a699-07c4cf58e92b-20,d73c9cb3-1c94-41f3-a699-07c4cf58e92b,20,PROD002,360,Each,Active,360000,USD
d73c9cb3-1c94-41f3-a699-07c4cf58e92b-30,d73c9cb3-1c94-41f3-a699-07c4cf58e92b,30,PROD003,300,Each,Active,360000,USD
d076146c-431c-45fc-81e3-fa3ee0df01a8-10,d076146c-431c-45fc-81e3-fa3ee0df01a8,10,PROD001,230,Each,Active,207000,USD
d076146c-431c-45fc-81e3-fa3ee0df01a8-20,d076146c-431c-45fc-81e3-fa3ee0df01a8,20,PROD008,50,Each,Active,20000,USD
d076146c-431c-45fc-81e3-fa3ee0df01a8-30,d076146c-431c-45fc-81e3-fa3ee0df01a8,30,PROD002,260,Each,Active,260000,USD
1a251bae-01bc-4d43-8879-a7656aa1428c-10,1a251bae-01bc-4d43-8879-a7656aa1428c,10,PROD005,360,Each,Active,216000,USD
1cd15433-e9d7-4b4c-88ef-f37043b4fa64-10,1cd15433-e9d7-4b4c-88ef-f37043b4fa64,10,PROD001,500,Each,Active,450000,USD
1cd15433-e9d7-4b4c-88ef-f37043b4fa64-20,1cd15433-e9d7-4b4c-88ef-f37043b4fa64,20,PROD005,360,Each,Active,216000,USD
0c01bdbb-3bb3-4085-b74c-6a0c2fb39167-10,0c01bdbb-3bb3-4085-b74c-6a0c2fb39167,10,PROD002,430,Each,Active,430000,USD
0c01bdbb-3bb3-4085-b74c-6a0c2fb39167-20,0c01bdbb-3bb3-4085-b74c-6a0c2fb39167,20,PROD007,340,Each,Active,102000,USD
17a8295b-a646-4c32-bee6-4bef069ee39c-10,17a8295b-a646-4c32-bee6-4bef069ee39c,10,PROD003,480,Each,Active,576000,USD
17a8295b-a646-4c32-bee6-4bef069ee39c-20,17a8295b-a646-4c32-bee6-4bef069ee39c,20,PROD009,90,Each,Active,45000,USD
17a8295b-a646-4c32-bee6-4bef069ee39c-30,17a8295b-a646-4c32-bee6-4bef069ee39c,30,PROD005,420,Each,Active,252000,USD
b8d920a2-eccc-4385-83fa-0282cdfe8d2a-10,b8d920a2-eccc-4385-83fa-0282cdfe8d2a,10,PROD009,190,Each,Active,95000,USD
b8d920a2-eccc-4385-83fa-0282cdfe8d2a-20,b8d920a2-eccc-4385-83fa-0282cdfe8d2a,20,PROD002,260,Each,Active,260000,USD
f5021ca9-1401-4e81-9231-9c5bceb2de2f-10,f5021ca9-1401-4e81-9231-9c5bceb2de2f,10,PROD007,60,Each,Active,18000,USD
f5021ca9-1401-4e81-9231-9c5bceb2de2f-20,f5021ca9-1401-4e81-9231-9c5bceb2de2f,20,PROD004,280,Each,Active,112000,USD
7c58b425-72d1-4650-a2d3-b9b0dddbd62b-10,7c58b425-72d1-4650-a2d3-b9b0dddbd62b,10,PROD002,70,Each,Active,70000,USD
7c58b425-72d1-4650-a2d3-b9b0dddbd62b-20,7c58b425-72d1-4650-a2d3-b9b0dddbd62b,20,PROD008,270,Each,Active,108000,USD
b01e9c4b-f866-4f87-abef-afeb683e098b-10,b01e9c4b-f866-4f87-abef-afeb683e098b,10,PROD008,110,Each,Active,44000,USD
b01e9c4b-f866-4f87-abef-afeb683e098b-20,b01e9c4b-f866-4f87-abef-afeb683e098b,20,PROD003,290,Each,Active,348000,USD
b01e9c4b-f866-4f87-abef-afeb683e098b-30,b01e9c4b-f866-4f87-abef-afeb683e098b,30,PROD005,470,Each,Active,282000,USD
f0b2e96f-2556-4c43-bb8d-6c84ccd8130d-10,f0b2e96f-2556-4c43-bb8d-6c84ccd8130d,10,PROD002,260,Each,Active,260000,USD
f0b2e96f-2556-4c43-bb8d-6c84ccd8130d-20,f0b2e96f-2556-4c43-bb8d-6c84ccd8130d,20,PROD004,350,Each,Active,140000,USD
ce87857e-24cd-4085-99cd-12d126261dd9-10,ce87857e-24cd-4085-99cd-12d126261dd9,10,PROD002,310,Each,Active,310000,USD
2a17ee5b-d0b1-410f-8228-d9e9cc73d8a4-10,2a17ee5b-d0b1-410f-8228-d9e9cc73d8a4,10,PROD001,450,Each,Active,405000,USD
2a17ee5b-d0b1-410f-8228-d9e9cc73d8a4-20,2a17ee5b-d0b1-410f-8228-d9e9cc73d8a4,20,PROD009,340,Each,Active,170000,USD
2a17ee5b-d0b1-410f-8228-d9e9cc73d8a4-30,2a17ee5b-d0b1-410f-8228-d9e9cc73d8a4,30,PROD004,410,Each,Active,164000,USD
3ce2aa04-c59f-4109-bd0c-fea885a92f86-10,3ce2aa04-c59f-4109-bd0c-fea885a92f86,10,PROD008,410,Each,Active,164000,USD
909627f6-2720-40cb-9abb-aa972415bd3d-10,909627f6-2720-40cb-9abb-aa972415bd3d,10,PROD006,240,Each,Active,192000,USD
909627f6-2720-40cb-9abb-aa972415bd3d-20,909627f6-2720-40cb-9abb-aa972415bd3d,20,PROD009,270,Each,Active,135000,USD
909627f6-2720-40cb-9abb-aa972415bd3d-30,909627f6-2720-40cb-9abb-aa972415bd3d,30,PROD002,460,Each,Active,460000,USD
6c62a305-95cf-46c4-8ddf-a3cb70efd4f4-10,6c62a305-95cf-46c4-8ddf-a3cb70efd4f4,10,PROD005,170,Each,Active,102000,USD
6c62a305-95cf-46c4-8ddf-a3cb70efd4f4-20,6c62a305-95cf-46c4-8ddf-a3cb70efd4f4,20,PROD007,60,Each,Active,18000,USD
6c62a305-95cf-46c4-8ddf-a3cb70efd4f4-30,6c62a305-95cf-46c4-8ddf-a3cb70efd4f4,30,PROD003,420,Each,Active,504000,USD
e7ad04bc-4435-4697-a800-c686c53b21c5-10,e7ad04bc-4435-4697-a800-c686c53b21c5,10,PROD008,230,Each,Active,92000,USD
49998da2-f6e3-4183-b35a-d992a1779249-10,49998da2-f6e3-4183-b35a-d992a1779249,10,PROD009,250,Each,Active,125000,USD
49998da2-f6e3-4183-b35a-d992a1779249-20,49998da2-f6e3-4183-b35a-d992a1779249,20,PROD007,250,Each,Active,75000,USD
f30ce359-3435-48d1-ad50-2db35f91d29a-10,f30ce359-3435-48d1-ad50-2db35f91d29a,10,PROD009,170,Each,Active,85000,USD
f30ce359-3435-48d1-ad50-2db35f91d29a-20,f30ce359-3435-48d1-ad50-2db35f91d29a,20,PROD001,500,Each,Active,450000,USD
1d3188f8-8474-4b4a-8c8c-c64043169beb-10,1d3188f8-8474-4b4a-8c8c-c64043169beb,10,PROD002,80,Each,Active,80000,USD
1d3188f8-8474-4b4a-8c8c-c64043169beb-20,1d3188f8-8474-4b4a-8c8c-c64043169beb,20,PROD007,360,Each,Active,108000,USD
1d3188f8-8474-4b4a-8c8c-c64043169beb-30,1d3188f8-8474-4b4a-8c8c-c64043169beb,30,PROD006,110,Each,Active,88000,USD
7ae79633-5efc-4bb9-aa55-5dda7343c5b0-10,7ae79633-5efc-4bb9-aa55-5dda7343c5b0,10,PROD004,230,Each,Active,92000,USD
7ae79633-5efc-4bb9-aa55-5dda7343c5b0-20,7ae79633-5efc-4bb9-aa55-5dda7343c5b0,20,PROD007,150,Each,Active,45000,USD
96bdcd97-6741-4252-a2fc-99869929212e-10,96bdcd97-6741-4252-a2fc-99869929212e,10,PROD002,240,Each,Active,240000,USD
b4df46ff-adc4-456e-9fc9-79294469ced6-10,b4df46ff-adc4-456e-9fc9-79294469ced6,10,PROD004,460,Each,Active,184000,USD
f131a424-d681-494d-b275-de92e34fdbbd-10,f131a424-d681-494d-b275-de92e34fdbbd,10,PROD006,60,Each,Active,48000,USD
70ccdd56-a41f-4aca-9e4a-772c38758b20-10,70ccdd56-a41f-4aca-9e4a-772c38758b20,10,PROD003,480,Each,Active,576000,USD
176d8a2a-a53f-43ca-8617-ec20fafa0b32-10,176d8a2a-a53f-43ca-8617-ec20fafa0b32,10,PROD008,180,Each,Active,72000,USD
62047803-1a88-4b91-8719-def4c55d5d44-10,62047803-1a88-4b91-8719-def4c55d5d44,10,PROD009,490,Each,Active,245000,USD
62047803-1a88-4b91-8719-def4c55d5d44-20,62047803-1a88-4b91-8719-def4c55d5d44,20,PROD007,330,Each,Active,99000,USD
dc2029fc-d729-4f96-8c50-2fb7b11a7669-10,dc2029fc-d729-4f96-8c50-2fb7b11a7669,10,PROD005,280,Each,Active,168000,USD
dc2029fc-d729-4f96-8c50-2fb7b11a7669-20,dc2029fc-d729-4f96-8c50-2fb7b11a7669,20,PROD008,230,Each,Active,92000,USD
97a119c5-57a6-46ad-94aa-71e104f15b70-10,97a119c5-57a6-46ad-94aa-71e104f15b70,10,PROD008,390,Each,Active,156000,USD
c399e5b7-6f1a-40ac-bf6b-e30ab0d7a0f3-10,c399e5b7-6f1a-40ac-bf6b-e30ab0d7a0f3,10,PROD003,490,Each,Active,588000,USD
c399e5b7-6f1a-40ac-bf6b-e30ab0d7a0f3-20,c399e5b7-6f1a-40ac-bf6b-e30ab0d7a0f3,20,PROD007,410,Each,Active,123000,USD
2c638db9-b60f-4224-b4ea-8a3625f8000b-10,2c638db9-b60f-4224-b4ea-8a3625f8000b,10,PROD002,450,Each,Active,450000,USD
2c638db9-b60f-4224-b4ea-8a3625f8000b-20,2c638db9-b60f-4224-b4ea-8a3625f8000b,20,PROD004,80,Each,Active,32000,USD
246c64f3-662e-4d88-932f-49f13e616955-10,246c64f3-662e-4d88-932f-49f13e616955,10,PROD007,430,Each,Active,129000,USD
246c64f3-662e-4d88-932f-49f13e616955-20,246c64f3-662e-4d88-932f-49f13e616955,20,PROD005,410,Each,Active,246000,USD
808ee033-46b5-4071-93cb-376122d6fe85-10,808ee033-46b5-4071-93cb-376122d6fe85,10,PROD006,490,Each,Active,392000,USD
808ee033-46b5-4071-93cb-376122d6fe85-20,808ee033-46b5-4071-93cb-376122d6fe85,20,PROD008,410,Each,Active,164000,USD
0a65beed-43e6-4f11-be01-b993f09dbe55-10,0a65beed-43e6-4f11-be01-b993f09dbe55,10,PROD001,60,Each,Active,54000,USD
0a65beed-43e6-4f11-be01-b993f09dbe55-20,0a65beed-43e6-4f11-be01-b993f09dbe55,20,PROD008,410,Each,Active,164000,USD
0a65beed-43e6-4f11-be01-b993f09dbe55-30,0a65beed-43e6-4f11-be01-b993f09dbe55,30,PROD006,180,Each,Active,144000,USD
3272e026-6d73-47c9-93a5-3bfa5bc9d780-10,3272e026-6d73-47c9-93a5-3bfa5bc9d780,10,PROD001,250,Each,Active,225000,USD
3272e026-6d73-47c9-93a5-3bfa5bc9d780-20,3272e026-6d73-47c9-93a5-3bfa5bc9d780,20,PROD009,390,Each,Active,195000,USD
3272e026-6d73-47c9-93a5-3bfa5bc9d780-30,3272e026-6d73-47c9-93a5-3bfa5bc9d780,30,PROD002,400,Each,Active,400000,USD
48aa9b5b-89f5-42d6-8afc-c9fe62078e46-10,48aa9b5b-89f5-42d6-8afc-c9fe62078e46,10,PROD005,240,Each,Active,144000,USD
48aa9b5b-89f5-42d6-8afc-c9fe62078e46-20,48aa9b5b-89f5-42d6-8afc-c9fe62078e46,20,PROD004,410,Each,Active,164000,USD
d44965c8-e84b-464a-b928-8806765ac67f-10,d44965c8-e84b-464a-b928-8806765ac67f,10,PROD003,370,Each,Active,444000,USD
d44965c8-e84b-464a-b928-8806765ac67f-20,d44965c8-e84b-464a-b928-8806765ac67f,20,PROD001,260,Each,Active,234000,USD
af5e3eba-9fd5-4c7b-bb87-220cb3729755-10,af5e3eba-9fd5-4c7b-bb87-220cb3729755,10,PROD006,380,Each,Active,304000,USD
af5e3eba-9fd5-4c7b-bb87-220cb3729755-20,af5e3eba-9fd5-4c7b-bb87-220cb3729755,20,PROD003,380,Each,Active,456000,USD
af5e3eba-9fd5-4c7b-bb87-220cb3729755-30,af5e3eba-9fd5-4c7b-bb87-220cb3729755,30,PROD007,110,Each,Active,33000,USD
ce8dbb8f-6e77-4914-9726-96b22a78d939-10,ce8dbb8f-6e77-4914-9726-96b22a78d939,10,PROD006,270,Each,Active,216000,USD
723e536a-0795-41a6-80eb-86bcaacd6528-10,723e536a-0795-41a6-80eb-86bcaacd6528,10,PROD007,470,Each,Active,141000,USD
723e536a-0795-41a6-80eb-86bcaacd6528-20,723e536a-0795-41a6-80eb-86bcaacd6528,20,PROD002,140,Each,Active,140000,USD
723e536a-0795-41a6-80eb-86bcaacd6528-30,723e536a-0795-41a6-80eb-86bcaacd6528,30,PROD009,100,Each,Active,50000,USD
7ec20f1d-16dd-4035-abfd-a5039f6df47d-10,7ec20f1d-16dd-4035-abfd-a5039f6df47d,10,PROD006,460,Each,Active,368000,USD
7ec20f1d-16dd-4035-abfd-a5039f6df47d-20,7ec20f1d-16dd-4035-abfd-a5039f6df47d,20,PROD007,150,Each,Active,45000,USD
d1909b10-28e5-48ee-bf1b-2440e7b4376d-10,d1909b10-28e5-48ee-bf1b-2440e7b4376d,10,PROD003,230,Each,Active,276000,USD
d1909b10-28e5-48ee-bf1b-2440e7b4376d-20,d1909b10-28e5-48ee-bf1b-2440e7b4376d,20,PROD005,190,Each,Active,114000,USD
d1909b10-28e5-48ee-bf1b-2440e7b4376d-30,d1909b10-28e5-48ee-bf1b-2440e7b4376d,30,PROD002,140,Each,Active,140000,USD
13497247-49bd-4837-b4cf-cdb3f0cfe6fe-10,13497247-49bd-4837-b4cf-cdb3f0cfe6fe,10,PROD004,140,Each,Active,56000,USD
13497247-49bd-4837-b4cf-cdb3f0cfe6fe-20,13497247-49bd-4837-b4cf-cdb3f0cfe6fe,20,PROD001,110,Each,Active,99000,USD
13497247-49bd-4837-b4cf-cdb3f0cfe6fe-30,13497247-49bd-4837-b4cf-cdb3f0cfe6fe,30,PROD005,340,Each,Active,204000,USD
37f0ed22-9e50-4492-8455-388cde948f40-10,37f0ed22-9e50-4492-8455-388cde948f40,10,PROD004,260,Each,Active,104000,USD
37f0ed22-9e50-4492-8455-388cde948f40-20,37f0ed22-9e50-4492-8455-388cde948f40,20,PROD009,150,Each,Active,75000,USD
535ea2a3-6a1a-40d0-b835-7fd812b0661f-10,535ea2a3-6a1a-40d0-b835-7fd812b0661f,10,PROD008,450,Each,Active,180000,USD
535ea2a3-6a1a-40d0-b835-7fd812b0661f-20,535ea2a3-6a1a-40d0-b835-7fd812b0661f,20,PROD007,490,Each,Active,147000,USD
064b3e84-7bb3-4b50-8f16-d345e8cfe50c-10,064b3e84-7bb3-4b50-8f16-d345e8cfe50c,10,PROD008,170,Each,Active,68000,USD
064b3e84-7bb3-4b50-8f16-d345e8cfe50c-20,064b3e84-7bb3-4b50-8f16-d345e8cfe50c,20,PROD004,210,Each,Active,84000,USD
064b3e84-7bb3-4b50-8f16-d345e8cfe50c-30,064b3e84-7bb3-4b50-8f16-d345e8cfe50c,30,PROD002,330,Each,Active,330000,USD
3993cdcd-ecbf-468b-b4d6-99bbd8fbfb94-10,3993cdcd-ecbf-468b-b4d6-99bbd8fbfb94,10,PROD006,470,Each,Active,376000,USD
ce8cbb0e-0ae1-4880-b985-057400dd4f1c-10,ce8cbb0e-0ae1-4880-b985-057400dd4f1c,10,PROD004,50,Each,Active,20000,USD
9774ae0b-397b-4b28-b19a-79ea66c75e93-10,9774ae0b-397b-4b28-b19a-79ea66c75e93,10,PROD006,440,Each,Active,352000,USD
9774ae0b-397b-4b28-b19a-79ea66c75e93-20,9774ae0b-397b-4b28-b19a-79ea66c75e93,20,PROD002,310,Each,Active,310000,USD
edc98622-ebc2-4359-993f-cc611d6a2851-10,edc98622-ebc2-4359-993f-cc611d6a2851,10,PROD003,250,Each,Active,300000,USD
edc98622-ebc2-4359-993f-cc611d6a2851-20,edc98622-ebc2-4359-993f-cc611d6a2851,20,PROD007,210,Each,Active,63000,USD
edc98622-ebc2-4359-993f-cc611d6a2851-30,edc98622-ebc2-4359-993f-cc611d6a2851,30,PROD005,200,Each,Active,120000,USD
2a5118fb-f534-4c31-921a-5d80e86cd166-10,2a5118fb-f534-4c31-921a-5d80e86cd166,10,PROD006,290,Each,Active,232000,USD
2a5118fb-f534-4c31-921a-5d80e86cd166-20,2a5118fb-f534-4c31-921a-5d80e86cd166,20,PROD003,330,Each,Active,396000,USD
2a5118fb-f534-4c31-921a-5d80e86cd166-30,2a5118fb-f534-4c31-921a-5d80e86cd166,30,PROD005,150,Each,Active,90000,USD
b2b93ff4-8e1c-4c90-892e-051449239381-10,b2b93ff4-8e1c-4c90-892e-051449239381,10,PROD007,320,Each,Active,96000,USD
b2b93ff4-8e1c-4c90-892e-051449239381-20,b2b93ff4-8e1c-4c90-892e-051449239381,20,PROD002,220,Each,Active,220000,USD
b2b93ff4-8e1c-4c90-892e-051449239381-30,b2b93ff4-8e1c-4c90-892e-051449239381,30,PROD008,430,Each,Active,172000,USD
4e287261-d57c-4aaf-8646-4429ee0db41d-10,4e287261-d57c-4aaf-8646-4429ee0db41d,10,PROD004,220,Each,Active,88000,USD
4e287261-d57c-4aaf-8646-4429ee0db41d-20,4e287261-d57c-4aaf-8646-4429ee0db41d,20,PROD009,50,Each,Active,25000,USD
4e287261-d57c-4aaf-8646-4429ee0db41d-30,4e287261-d57c-4aaf-8646-4429ee0db41d,30,PROD003,340,Each,Active,408000,USD
d1dc9264-cd86-4c10-9e2b-11f2dc2702a0-10,d1dc9264-cd86-4c10-9e2b-11f2dc2702a0,10,PROD006,70,Each,Active,56000,USD
020a820e-c0a8-43e6-92f7-cc2b07a004cb-10,020a820e-c0a8-43e6-92f7-cc2b07a004cb,10,PROD002,380,Each,Active,380000,USD
020a820e-c0a8-43e6-92f7-cc2b07a004cb-20,020a820e-c0a8-43e6-92f7-cc2b07a004cb,20,PROD008,130,Each,Active,52000,USD
020a820e-c0a8-43e6-92f7-cc2b07a004cb-30,020a820e-c0a8-43e6-92f7-cc2b07a004cb,30,PROD009,320,Each,Active,160000,USD
6094c75d-447d-4f61-8648-71752d916a7d-10,6094c75d-447d-4f61-8648-71752d916a7d,10,PROD009,380,Each,Active,190000,USD
ec7e5bf9-8971-4a4b-8627-b0e9b488462e-10,ec7e5bf9-8971-4a4b-8627-b0e9b488462e,10,PROD004,130,Each,Active,52000,USD
ec7e5bf9-8971-4a4b-8627-b0e9b488462e-20,ec7e5bf9-8971-4a4b-8627-b0e9b488462e,20,PROD005,80,Each,Active,48000,USD
ec7e5bf9-8971-4a4b-8627-b0e9b488462e-30,ec7e5bf9-8971-4a4b-8627-b0e9b488462e,30,PROD009,370,Each,Active,185000,USD
31e51404-758c-458e-a52b-3a7678fbc7c7-10,31e51404-758c-458e-a52b-3a7678fbc7c7,10,PROD008,70,Each,Active,28000,USD
31e51404-758c-458e-a52b-3a7678fbc7c7-20,31e51404-758c-458e-a52b-3a7678fbc7c7,20,PROD003,160,Each,Active,192000,USD
31e51404-758c-458e-a52b-3a7678fbc7c7-30,31e51404-758c-458e-a52b-3a7678fbc7c7,30,PROD007,240,Each,Active,72000,USD
b913dc0b-4a8b-42c8-8c67-4e602cb925ac-10,b913dc0b-4a8b-42c8-8c67-4e602cb925ac,10,PROD008,100,Each,Active,40000,USD
02079724-3dc8-43ef-ac4d-5602eee88d5e-10,02079724-3dc8-43ef-ac4d-5602eee88d5e,10,PROD004,390,Each,Active,156000,USD
02079724-3dc8-43ef-ac4d-5602eee88d5e-20,02079724-3dc8-43ef-ac4d-5602eee88d5e,20,PROD003,450,Each,Active,540000,USD
c5b5f22d-f9fe-49b7-969b-13563f4d315f-10,c5b5f22d-f9fe-49b7-969b-13563f4d315f,10,PROD003,400,Each,Active,480000,USD
cd29402b-b9c5-4a25-b070-6b4f806eea83-10,cd29402b-b9c5-4a25-b070-6b4f806eea83,10,PROD007,160,Each,Active,48000,USD
0497227f-e12c-498d-83b6-573d8be840e5-10,0497227f-e12c-498d-83b6-573d8be840e5,10,PROD003,70,Each,Active,84000,USD
0497227f-e12c-498d-83b6-573d8be840e5-20,0497227f-e12c-498d-83b6-573d8be840e5,20,PROD007,220,Each,Active,66000,USD
d7f63d39-e9d6-47c3-89c5-f4f02d9d7620-10,d7f63d39-e9d6-47c3-89c5-f4f02d9d7620,10,PROD007,80,Each,Active,24000,USD
d7f63d39-e9d6-47c3-89c5-f4f02d9d7620-20,d7f63d39-e9d6-47c3-89c5-f4f02d9d7620,20,PROD003,260,Each,Active,312000,USD
7b0ecaeb-b228-44f9-ac1a-38e7ee5e2704-10,7b0ecaeb-b228-44f9-ac1a-38e7ee5e2704,10,PROD001,200,Each,Active,180000,USD
7b0ecaeb-b228-44f9-ac1a-38e7ee5e2704-20,7b0ecaeb-b228-44f9-ac1a-38e7ee5e2704,20,PROD004,50,Each,Active,20000,USD
7b0ecaeb-b228-44f9-ac1a-38e7ee5e2704-30,7b0ecaeb-b228-44f9-ac1a-38e7ee5e2704,30,PROD006,50,Each,Active,40000,USD
f5dc3c4c-364e-43d2-8aeb-0dae598d6e87-10,f5dc3c4c-364e-43d2-8aeb-0dae598d6e87,10,PROD003,240,Each,Active,288000,USD
f5dc3c4c-364e-43d2-8aeb-0dae598d6e87-20,f5dc3c4c-364e-43d2-8aeb-0dae598d6e87,20,PROD001,430,Each,Active,387000,USD
399044b0-e7a1-440c-a1fd-b3c13f15fced-10,399044b0-e7a1-440c-a1fd-b3c13f15fced,10,PROD005,170,Each,Active,102000,USD
399044b0-e7a1-440c-a1fd-b3c13f15fced-20,399044b0-e7a1-440c-a1fd-b3c13f15fced,20,PROD007,210,Each,Active,63000,USD
399044b0-e7a1-440c-a1fd-b3c13f15fced-30,399044b0-e7a1-440c-a1fd-b3c13f15fced,30,PROD006,290,Each,Active,232000,USD
558e4767-26a9-4603-a52b-2aafbc85f135-10,558e4767-26a9-4603-a52b-2aafbc85f135,10,PROD007,290,Each,Active,87000,USD
558e4767-26a9-4603-a52b-2aafbc85f135-20,558e4767-26a9-4603-a52b-2aafbc85f135,20,PROD005,60,Each,Active,36000,USD
558e4767-26a9-4603-a52b-2aafbc85f135-30,558e4767-26a9-4603-a52b-2aafbc85f135,30,PROD002,80,Each,Active,80000,USD
2205ef5a-6a15-4ffb-87a0-ef4f5a3d3439-10,2205ef5a-6a15-4ffb-87a0-ef4f5a3d3439,10,PROD008,330,Each,Active,132000,USD
2205ef5a-6a15-4ffb-87a0-ef4f5a3d3439-20,2205ef5a-6a15-4ffb-87a0-ef4f5a3d3439,20,PROD007,280,Each,Active,84000,USD
26f869eb-ce58-48e9-91e5-fcdc74ef5f19-10,26f869eb-ce58-48e9-91e5-fcdc74ef5f19,10,PROD004,320,Each,Active,128000,USD
14c4916f-ab06-416d-a6df-4685b60284d6-10,14c4916f-ab06-416d-a6df-4685b60284d6,10,PROD009,60,Each,Active,30000,USD
14c4916f-ab06-416d-a6df-4685b60284d6-20,14c4916f-ab06-416d-a6df-4685b60284d6,20,PROD005,240,Each,Active,144000,USD
14c4916f-ab06-416d-a6df-4685b60284d6-30,14c4916f-ab06-416d-a6df-4685b60284d6,30,PROD007,160,Each,Active,48000,USD
bbc8f1e6-2eb5-4081-adfb-3514d1b6db42-10,bbc8f1e6-2eb5-4081-adfb-3514d1b6db42,10,PROD006,410,Each,Active,328000,USD
bbc8f1e6-2eb5-4081-adfb-3514d1b6db42-20,bbc8f1e6-2eb5-4081-adfb-3514d1b6db42,20,PROD009,300,Each,Active,150000,USD
e824a18f-9a46-4535-baf4-f95fd0aca35b-10,e824a18f-9a46-4535-baf4-f95fd0aca35b,10,PROD003,380,Each,Active,456000,USD
e824a18f-9a46-4535-baf4-f95fd0aca35b-20,e824a18f-9a46-4535-baf4-f95fd0aca35b,20,PROD002,370,Each,Active,370000,USD
06ec5994-36cd-4bb1-a184-d44222f0169b-10,06ec5994-36cd-4bb1-a184-d44222f0169b,10,PROD002,270,Each,Active,270000,USD
06ec5994-36cd-4bb1-a184-d44222f0169b-20,06ec5994-36cd-4bb1-a184-d44222f0169b,20,PROD004,220,Each,Active,88000,USD
06ec5994-36cd-4bb1-a184-d44222f0169b-30,06ec5994-36cd-4bb1-a184-d44222f0169b,30,PROD005,430,Each,Active,258000,USD
4d85a447-1688-4d7a-9087-c103e67e69b0-10,4d85a447-1688-4d7a-9087-c103e67e69b0,10,PROD008,300,Each,Active,120000,USD
c51cc8cb-f63b-4f71-85b3-0775273aeea6-10,c51cc8cb-f63b-4f71-85b3-0775273aeea6,10,PROD007,190,Each,Active,57000,USD
c51cc8cb-f63b-4f71-85b3-0775273aeea6-20,c51cc8cb-f63b-4f71-85b3-0775273aeea6,20,PROD005,60,Each,Active,36000,USD
c51cc8cb-f63b-4f71-85b3-0775273aeea6-30,c51cc8cb-f63b-4f71-85b3-0775273aeea6,30,PROD006,400,Each,Active,320000,USD
23a59144-8a4c-4bd6-adee-11c948fa58c2-10,23a59144-8a4c-4bd6-adee-11c948fa58c2,10,PROD001,430,Each,Active,387000,USD
b7752e3d-f04d-4f55-be39-67b24d094032-10,b7752e3d-f04d-4f55-be39-67b24d094032,10,PROD005,330,Each,Active,198000,USD
b7752e3d-f04d-4f55-be39-67b24d094032-20,b7752e3d-f04d-4f55-be39-67b24d094032,20,PROD006,240,Each,Active,192000,USD
09fc360c-e3e3-4030-a1a9-6f4b93ef4143-10,09fc360c-e3e3-4030-a1a9-6f4b93ef4143,10,PROD007,310,Each,Active,93000,USD
09fc360c-e3e3-4030-a1a9-6f4b93ef4143-20,09fc360c-e3e3-4030-a1a9-6f4b93ef4143,20,PROD005,170,Each,Active,102000,USD
dcdb8f41-ca27-4be8-b0e7-a0f8d3bfc15c-10,dcdb8f41-ca27-4be8-b0e7-a0f8d3bfc15c,10,PROD004,260,Each,Active,104000,USD
dcdb8f41-ca27-4be8-b0e7-a0f8d3bfc15c-20,dcdb8f41-ca27-4be8-b0e7-a0f8d3bfc15c,20,PROD007,460,Each,Active,138000,USD
dcdb8f41-ca27-4be8-b0e7-a0f8d3bfc15c-30,dcdb8f41-ca27-4be8-b0e7-a0f8d3bfc15c,30,PROD009,300,Each,Active,150000,USD
1d79812a-4f82-4b84-b7a9-cb126fe08e90-10,1d79812a-4f82-4b84-b7a9-cb126fe08e90,10,PROD005,440,Each,Active,264000,USD
1d79812a-4f82-4b84-b7a9-cb126fe08e90-20,1d79812a-4f82-4b84-b7a9-cb126fe08e90,20,PROD002,170,Each,Active,170000,USD
e778d399-8475-4f16-b77f-ad1a260be3ec-10,e778d399-8475-4f16-b77f-ad1a260be3ec,10,PROD001,340,Each,Active,306000,USD
7328c1e6-c00a-4b54-876a-28d2405a5353-10,7328c1e6-c00a-4b54-876a-28d2405a5353,10,PROD004,440,Each,Active,176000,USD
13532544-8177-4754-b58e-993fd284293c-10,13532544-8177-4754-b58e-993fd284293c,10,PROD004,80,Each,Active,32000,USD
e7960d31-b8a6-4a08-9021-97264bcebfb2-10,e7960d31-b8a6-4a08-9021-97264bcebfb2,10,PROD006,120,Each,Active,96000,USD
76499042-6896-4a97-9927-eaa59179c329-10,76499042-6896-4a97-9927-eaa59179c329,10,PROD004,410,Each,Active,164000,USD
76499042-6896-4a97-9927-eaa59179c329-20,76499042-6896-4a97-9927-eaa59179c329,20,PROD007,70,Each,Active,21000,USD
76499042-6896-4a97-9927-eaa59179c329-30,76499042-6896-4a97-9927-eaa59179c329,30,PROD008,210,Each,Active,84000,USD
0e696a52-2f2e-443e-94c0-cab5e2510512-10,0e696a52-2f2e-443e-94c0-cab5e2510512,10,PROD008,470,Each,Active,188000,USD
0e696a52-2f2e-443e-94c0-cab5e2510512-20,0e696a52-2f2e-443e-94c0-cab5e2510512,20,PROD001,160,Each,Active,144000,USD
0e696a52-2f2e-443e-94c0-cab5e2510512-30,0e696a52-2f2e-443e-94c0-cab5e2510512,30,PROD004,410,Each,Active,164000,USD
f45a60fb-e84b-45fb-89d8-e0b558cb8ed8-10,f45a60fb-e84b-45fb-89d8-e0b558cb8ed8,10,PROD005,430,Each,Active,258000,USD
5c78266f-5bf9-46e4-a98a-a39c81d34d68-10,5c78266f-5bf9-46e4-a98a-a39c81d34d68,10,PROD001,60,Each,Active,54000,USD
5c78266f-5bf9-46e4-a98a-a39c81d34d68-20,5c78266f-5bf9-46e4-a98a-a39c81d34d68,20,PROD003,330,Each,Active,396000,USD
5c78266f-5bf9-46e4-a98a-a39c81d34d68-30,5c78266f-5bf9-46e4-a98a-a39c81d34d68,30,PROD009,500,Each,Active,250000,USD
b3204182-e046-4606-8c50-dbf356bc7947-10,b3204182-e046-4606-8c50-dbf356bc7947,10,PROD008,220,Each,Active,88000,USD
b3204182-e046-4606-8c50-dbf356bc7947-20,b3204182-e046-4606-8c50-dbf356bc7947,20,PROD007,320,Each,Active,96000,USD
1c62d8c9-43a7-4210-accb-abb1eee6f319-10,1c62d8c9-43a7-4210-accb-abb1eee6f319,10,PROD009,70,Each,Active,35000,USD
1c62d8c9-43a7-4210-accb-abb1eee6f319-20,1c62d8c9-43a7-4210-accb-abb1eee6f319,20,PROD002,100,Each,Active,100000,USD
1c62d8c9-43a7-4210-accb-abb1eee6f319-30,1c62d8c9-43a7-4210-accb-abb1eee6f319,30,PROD006,410,Each,Active,328000,USD
e3ced790-04f7-4893-9355-6e5b5da1f822-10,e3ced790-04f7-4893-9355-6e5b5da1f822,10,PROD004,130,Each,Active,52000,USD
bf67b408-50d7-4121-a649-edb17cc1be20-10,bf67b408-50d7-4121-a649-edb17cc1be20,10,PROD004,330,Each,Active,132000,USD
bf67b408-50d7-4121-a649-edb17cc1be20-20,bf67b408-50d7-4121-a649-edb17cc1be20,20,PROD009,320,Each,Active,160000,USD
bf67b408-50d7-4121-a649-edb17cc1be20-30,bf67b408-50d7-4121-a649-edb17cc1be20,30,PROD001,80,Each,Active,72000,USD
f9e1c7af-c1af-472d-8fea-5031a07953d3-10,f9e1c7af-c1af-472d-8fea-5031a07953d3,10,PROD001,270,Each,Active,243000,USD
f9e1c7af-c1af-472d-8fea-5031a07953d3-20,f9e1c7af-c1af-472d-8fea-5031a07953d3,20,PROD009,460,Each,Active,230000,USD
f9e1c7af-c1af-472d-8fea-5031a07953d3-30,f9e1c7af-c1af-472d-8fea-5031a07953d3,30,PROD003,120,Each,Active,144000,USD
29ca3075-3f72-4ac0-a4c5-22ec5c2f085c-10,29ca3075-3f72-4ac0-a4c5-22ec5c2f085c,10,PROD008,250,Each,Active,100000,USD
29ca3075-3f72-4ac0-a4c5-22ec5c2f085c-20,29ca3075-3f72-4ac0-a4c5-22ec5c2f085c,20,PROD009,110,Each,Active,55000,USD
e4f82e19-d321-417c-a445-0123e40be391-10,e4f82e19-d321-417c-a445-0123e40be391,10,PROD005,240,Each,Active,144000,USD
e4f82e19-d321-417c-a445-0123e40be391-20,e4f82e19-d321-417c-a445-0123e40be391,20,PROD007,280,Each,Active,84000,USD
e4f82e19-d321-417c-a445-0123e40be391-30,e4f82e19-d321-417c-a445-0123e40be391,30,PROD006,270,Each,Active,216000,USD
483e18a9-1dc5-4b6b-839f-39f1c686f29c-10,483e18a9-1dc5-4b6b-839f-39f1c686f29c,10,PROD009,490,Each,Active,245000,USD
c37b3339-d787-4185-b366-d67076be1899-10,c37b3339-d787-4185-b366-d67076be1899,10,PROD006,70,Each,Active,56000,USD
c37b3339-d787-4185-b366-d67076be1899-20,c37b3339-d787-4185-b366-d67076be1899,20,PROD008,360,Each,Active,144000,USD
feb8b0be-0ed0-4798-b0bc-f88f057ef2a5-10,feb8b0be-0ed0-4798-b0bc-f88f057ef2a5,10,PROD003,380,Each,Active,456000,USD
feb8b0be-0ed0-4798-b0bc-f88f057ef2a5-20,feb8b0be-0ed0-4798-b0bc-f88f057ef2a5,20,PROD006,90,Each,Active,72000,USD
b7979c8f-7c1b-4293-aecd-cfb01813ccd7-10,b7979c8f-7c1b-4293-aecd-cfb01813ccd7,10,PROD001,130,Each,Active,117000,USD
53b97b3b-c0dc-478b-9537-32abef9c8574-10,53b97b3b-c0dc-478b-9537-32abef9c8574,10,PROD002,380,Each,Active,380000,USD
53b97b3b-c0dc-478b-9537-32abef9c8574-20,53b97b3b-c0dc-478b-9537-32abef9c8574,20,PROD005,330,Each,Active,198000,USD
6c0b429b-8bdf-46c9-ae4d-25b8ae36a0aa-10,6c0b429b-8bdf-46c9-ae4d-25b8ae36a0aa,10,PROD006,450,Each,Active,360000,USD
6c0b429b-8bdf-46c9-ae4d-25b8ae36a0aa-20,6c0b429b-8bdf-46c9-ae4d-25b8ae36a0aa,20,PROD002,480,Each,Active,480000,USD
51e49b78-332d-4f23-916a-ae0eb4fa812c-10,51e49b78-332d-4f23-916a-ae0eb4fa812c,10,PROD005,370,Each,Active,222000,USD
51e49b78-332d-4f23-916a-ae0eb4fa812c-20,51e49b78-332d-4f23-916a-ae0eb4fa812c,20,PROD006,500,Each,Active,400000,USD
51e49b78-332d-4f23-916a-ae0eb4fa812c-30,51e49b78-332d-4f23-916a-ae0eb4fa812c,30,PROD003,400,Each,Active,480000,USD
e89ef186-3fb3-45e6-a0c6-5a37ecab107f-10,e89ef186-3fb3-45e6-a0c6-5a37ecab107f,10,PROD009,420,Each,Active,210000,USD
e89ef186-3fb3-45e6-a0c6-5a37ecab107f-20,e89ef186-3fb3-45e6-a0c6-5a37ecab107f,20,PROD006,240,Each,Active,192000,USD
e89ef186-3fb3-45e6-a0c6-5a37ecab107f-30,e89ef186-3fb3-45e6-a0c6-5a37ecab107f,30,PROD005,270,Each,Active,162000,USD
a60313a9-dd2a-4e83-b21d-7ec569db5e51-10,a60313a9-dd2a-4e83-b21d-7ec569db5e51,10,PROD003,360,Each,Active,432000,USD
a60313a9-dd2a-4e83-b21d-7ec569db5e51-20,a60313a9-dd2a-4e83-b21d-7ec569db5e51,20,PROD007,140,Each,Active,42000,USD
a60313a9-dd2a-4e83-b21d-7ec569db5e51-30,a60313a9-dd2a-4e83-b21d-7ec569db5e51,30,PROD005,60,Each,Active,36000,USD
53a94958-9678-474d-ae3f-ac7016393034-10,53a94958-9678-474d-ae3f-ac7016393034,10,PROD001,360,Each,Active,324000,USD
53a94958-9678-474d-ae3f-ac7016393034-20,53a94958-9678-474d-ae3f-ac7016393034,20,PROD002,120,Each,Active,120000,USD
53a94958-9678-474d-ae3f-ac7016393034-30,53a94958-9678-474d-ae3f-ac7016393034,30,PROD007,470,Each,Active,141000,USD
3a847867-8d3a-4242-a58a-a4d7b9efed06-10,3a847867-8d3a-4242-a58a-a4d7b9efed06,10,PROD004,160,Each,Active,64000,USD
3a847867-8d3a-4242-a58a-a4d7b9efed06-20,3a847867-8d3a-4242-a58a-a4d7b9efed06,20,PROD005,420,Each,Active,252000,USD
3a847867-8d3a-4242-a58a-a4d7b9efed06-30,3a847867-8d3a-4242-a58a-a4d7b9efed06,30,PROD007,250,Each,Active,75000,USD
0812979e-5115-47f0-9859-eb3e9fc7e72a-10,0812979e-5115-47f0-9859-eb3e9fc7e72a,10,PROD007,180,Each,Active,54000,USD
8d9082fa-f02c-4157-85f2-20647fd1a8eb-10,8d9082fa-f02c-4157-85f2-20647fd1a8eb,10,PROD008,350,Each,Active,140000,USD
9a614c55-850b-429b-aaea-8059ca0b619a-10,9a614c55-850b-429b-aaea-8059ca0b619a,10,PROD009,120,Each,Active,60000,USD
ad3ccaf2-e8f1-4334-a9ce-d247db2f4181-10,ad3ccaf2-e8f1-4334-a9ce-d247db2f4181,10,PROD004,280,Each,Active,112000,USD
45cfef08-732d-4984-ba01-033a83d60234-10,45cfef08-732d-4984-ba01-033a83d60234,10,PROD007,490,Each,Active,147000,USD
45cfef08-732d-4984-ba01-033a83d60234-20,45cfef08-732d-4984-ba01-033a83d60234,20,PROD001,100,Each,Active,90000,USD
45cfef08-732d-4984-ba01-033a83d60234-30,45cfef08-732d-4984-ba01-033a83d60234,30,PROD002,440,Each,Active,440000,USD
dfee8439-a02f-4268-bf19-400b592e0755-10,dfee8439-a02f-4268-bf19-400b592e0755,10,PROD004,450,Each,Active,180000,USD
dfee8439-a02f-4268-bf19-400b592e0755-20,dfee8439-a02f-4268-bf19-400b592e0755,20,PROD005,160,Each,Active,96000,USD
db5aae51-91dc-423c-9626-51f505af2ed1-10,db5aae51-91dc-423c-9626-51f505af2ed1,10,PROD004,180,Each,Active,72000,USD
5080e714-5bac-4eda-83cf-d9bac091fd9b-10,5080e714-5bac-4eda-83cf-d9bac091fd9b,10,PROD002,410,Each,Active,410000,USD
5080e714-5bac-4eda-83cf-d9bac091fd9b-20,5080e714-5bac-4eda-83cf-d9bac091fd9b,20,PROD003,130,Each,Active,156000,USD
1b62d672-09f5-4c6c-95bd-088fcf6ea5e2-10,1b62d672-09f5-4c6c-95bd-088fcf6ea5e2,10,PROD008,100,Each,Active,40000,USD
97846f40-7f7d-41dc-9f70-fa40a160b172-10,97846f40-7f7d-41dc-9f70-fa40a160b172,10,PROD006,240,Each,Active,192000,USD
3f07d815-d700-4842-a969-0f4450f27213-10,3f07d815-d700-4842-a969-0f4450f27213,10,PROD007,240,Each,Active,72000,USD
3f07d815-d700-4842-a969-0f4450f27213-20,3f07d815-d700-4842-a969-0f4450f27213,20,PROD002,420,Each,Active,420000,USD
9879ef30-2acd-4d37-8b52-fa526207584d-10,9879ef30-2acd-4d37-8b52-fa526207584d,10,PROD009,80,Each,Active,40000,USD
71ebda0e-46ab-4718-9164-716a99488d4a-10,71ebda0e-46ab-4718-9164-716a99488d4a,10,PROD002,420,Each,Active,420000,USD
ca25b4fc-32f2-4e99-93fa-e1494be3cb71-10,ca25b4fc-32f2-4e99-93fa-e1494be3cb71,10,PROD003,240,Each,Active,288000,USD
ca25b4fc-32f2-4e99-93fa-e1494be3cb71-20,ca25b4fc-32f2-4e99-93fa-e1494be3cb71,20,PROD005,400,Each,Active,240000,USD
ca25b4fc-32f2-4e99-93fa-e1494be3cb71-30,ca25b4fc-32f2-4e99-93fa-e1494be3cb71,30,PROD004,290,Each,Active,116000,USD
91f0fc72-25c0-4256-b34c-ed25ae770a4a-10,91f0fc72-25c0-4256-b34c-ed25ae770a4a,10,PROD006,80,Each,Active,64000,USD
38569231-059d-4ef6-bd64-9fcf4a15c484-10,38569231-059d-4ef6-bd64-9fcf4a15c484,10,PROD008,470,Each,Active,188000,USD
38569231-059d-4ef6-bd64-9fcf4a15c484-20,38569231-059d-4ef6-bd64-9fcf4a15c484,20,PROD002,490,Each,Active,490000,USD
1b20eb81-7213-470d-b0f7-dea723d8bba7-10,1b20eb81-7213-470d-b0f7-dea723d8bba7,10,PROD007,330,Each,Active,99000,USD
acabab87-2d82-4b49-87ca-f9831062aab3-10,acabab87-2d82-4b49-87ca-f9831062aab3,10,PROD009,120,Each,Active,60000,USD
acabab87-2d82-4b49-87ca-f9831062aab3-20,acabab87-2d82-4b49-87ca-f9831062aab3,20,PROD006,160,Each,Active,128000,USD
752ed2b0-a7ba-4c58-bb6d-e88f391fc844-10,752ed2b0-a7ba-4c58-bb6d-e88f391fc844,10,PROD005,310,Each,Active,186000,USD
463dfb6a-d606-43fa-b1c6-53a72218c99e-10,463dfb6a-d606-43fa-b1c6-53a72218c99e,10,PROD009,110,Each,Active,55000,USD
463dfb6a-d606-43fa-b1c6-53a72218c99e-20,463dfb6a-d606-43fa-b1c6-53a72218c99e,20,PROD007,220,Each,Active,66000,USD
9aecb53a-520e-4a26-a665-070d0267a748-10,9aecb53a-520e-4a26-a665-070d0267a748,10,PROD007,270,Each,Active,81000,USD
9aecb53a-520e-4a26-a665-070d0267a748-20,9aecb53a-520e-4a26-a665-070d0267a748,20,PROD002,450,Each,Active,450000,USD
8b94758c-410f-4836-8c4e-19a12eed0fc7-10,8b94758c-410f-4836-8c4e-19a12eed0fc7,10,PROD004,70,Each,Active,28000,USD
8b94758c-410f-4836-8c4e-19a12eed0fc7-20,8b94758c-410f-4836-8c4e-19a12eed0fc7,20,PROD006,410,Each,Active,328000,USD
8b94758c-410f-4836-8c4e-19a12eed0fc7-30,8b94758c-410f-4836-8c4e-19a12eed0fc7,30,PROD003,240,Each,Active,288000,USD
9c2f77ce-7b77-4da7-92f2-25214eaf9e13-10,9c2f77ce-7b77-4da7-92f2-25214eaf9e13,10,PROD009,140,Each,Active,70000,USD
9c2f77ce-7b77-4da7-92f2-25214eaf9e13-20,9c2f77ce-7b77-4da7-92f2-25214eaf9e13,20,PROD004,60,Each,Active,24000,USD
9c2f77ce-7b77-4da7-92f2-25214eaf9e13-30,9c2f77ce-7b77-4da7-92f2-25214eaf9e13,30,PROD007,250,Each,Active,75000,USD
6b0da4de-bf7e-4fb4-889e-3863cc7fa184-10,6b0da4de-bf7e-4fb4-889e-3863cc7fa184,10,PROD006,170,Each,Active,136000,USD
6b0da4de-bf7e-4fb4-889e-3863cc7fa184-20,6b0da4de-bf7e-4fb4-889e-3863cc7fa184,20,PROD003,370,Each,Active,444000,USD
6b0da4de-bf7e-4fb4-889e-3863cc7fa184-30,6b0da4de-bf7e-4fb4-889e-3863cc7fa184,30,PROD007,260,Each,Active,78000,USD
269656e0-3c8d-433b-a096-b4ed81d3512c-10,269656e0-3c8d-433b-a096-b4ed81d3512c,10,PROD003,390,Each,Active,468000,USD
11581cb5-ab07-46fd-b7e0-87dde2fbffb6-10,11581cb5-ab07-46fd-b7e0-87dde2fbffb6,10,PROD008,420,Each,Active,168000,USD
11581cb5-ab07-46fd-b7e0-87dde2fbffb6-20,11581cb5-ab07-46fd-b7e0-87dde2fbffb6,20,PROD003,410,Each,Active,492000,USD
11581cb5-ab07-46fd-b7e0-87dde2fbffb6-30,11581cb5-ab07-46fd-b7e0-87dde2fbffb6,30,PROD004,440,Each,Active,176000,USD
75b918df-7e33-403a-b730-ce11a0d636b5-10,75b918df-7e33-403a-b730-ce11a0d636b5,10,PROD009,420,Each,Active,210000,USD
75b918df-7e33-403a-b730-ce11a0d636b5-20,75b918df-7e33-403a-b730-ce11a0d636b5,20,PROD007,260,Each,Active,78000,USD
75b918df-7e33-403a-b730-ce11a0d636b5-30,75b918df-7e33-403a-b730-ce11a0d636b5,30,PROD008,110,Each,Active,44000,USD
b424c290-dc63-4046-9cbe-c1a6bf273489-10,b424c290-dc63-4046-9cbe-c1a6bf273489,10,PROD006,360,Each,Active,288000,USD
b424c290-dc63-4046-9cbe-c1a6bf273489-20,b424c290-dc63-4046-9cbe-c1a6bf273489,20,PROD008,310,Each,Active,124000,USD
2bbb5e73-e949-4c5d-99da-4b825f21459f-10,2bbb5e73-e949-4c5d-99da-4b825f21459f,10,PROD006,70,Each,Active,56000,USD
f9b38e7e-d2e5-4736-ae32-d38a9f6c4a94-10,f9b38e7e-d2e5-4736-ae32-d38a9f6c4a94,10,PROD008,360,Each,Active,144000,USD
f9b38e7e-d2e5-4736-ae32-d38a9f6c4a94-20,f9b38e7e-d2e5-4736-ae32-d38a9f6c4a94,20,PROD002,360,Each,Active,360000,USD
f9b38e7e-d2e5-4736-ae32-d38a9f6c4a94-30,f9b38e7e-d2e5-4736-ae32-d38a9f6c4a94,30,PROD001,200,Each,Active,180000,USD
618a07fe-5f60-4e06-878b-0ae8736b6652-10,618a07fe-5f60-4e06-878b-0ae8736b6652,10,PROD002,340,Each,Active,340000,USD
299b8d36-1824-4fec-ac98-46dd78679218-10,299b8d36-1824-4fec-ac98-46dd78679218,10,PROD004,100,Each,Active,40000,USD
299b8d36-1824-4fec-ac98-46dd78679218-20,299b8d36-1824-4fec-ac98-46dd78679218,20,PROD002,180,Each,Active,180000,USD
299b8d36-1824-4fec-ac98-46dd78679218-30,299b8d36-1824-4fec-ac98-46dd78679218,30,PROD008,350,Each,Active,140000,USD
995b8efb-ac69-4bb0-a183-2c91cd9078c2-10,995b8efb-ac69-4bb0-a183-2c91cd9078c2,10,PROD006,380,Each,Active,304000,USD
a6d083ac-9a40-49d9-8c67-11dc8a48d3bd-10,a6d083ac-9a40-49d9-8c67-11dc8a48d3bd,10,PROD005,160,Each,Active,96000,USD
1a711630-7d04-4c88-aada-538fed36c2cc-10,1a711630-7d04-4c88-aada-538fed36c2cc,10,PROD006,170,Each,Active,136000,USD
b90bab37-6a04-4327-a5ca-03fd327ac389-10,b90bab37-6a04-4327-a5ca-03fd327ac389,10,PROD006,240,Each,Active,192000,USD
1c134788-0f6b-4bd1-832b-81dcad60f8f7-10,1c134788-0f6b-4bd1-832b-81dcad60f8f7,10,PROD006,240,Each,Active,192000,USD
1c134788-0f6b-4bd1-832b-81dcad60f8f7-20,1c134788-0f6b-4bd1-832b-81dcad60f8f7,20,PROD004,240,Each,Active,96000,USD
1c134788-0f6b-4bd1-832b-81dcad60f8f7-30,1c134788-0f6b-4bd1-832b-81dcad60f8f7,30,PROD003,240,Each,Active,288000,USD
e078940c-d773-4cd4-b1f4-b16f97a02e19-10,e078940c-d773-4cd4-b1f4-b16f97a02e19,10,PROD003,130,Each,Active,156000,USD
e078940c-d773-4cd4-b1f4-b16f97a02e19-20,e078940c-d773-4cd4-b1f4-b16f97a02e19,20,PROD008,50,Each,Active,20000,USD
04e6c918-f4a9-4fb6-99b1-3d73f9370485-10,04e6c918-f4a9-4fb6-99b1-3d73f9370485,10,PROD003,460,Each,Active,552000,USD
04e6c918-f4a9-4fb6-99b1-3d73f9370485-20,04e6c918-f4a9-4fb6-99b1-3d73f9370485,20,PROD004,340,Each,Active,136000,USD
a954d6bc-35bc-4845-9e50-ada135968baf-10,a954d6bc-35bc-4845-9e50-ada135968baf,10,PROD005,450,Each,Active,270000,USD
a954d6bc-35bc-4845-9e50-ada135968baf-20,a954d6bc-35bc-4845-9e50-ada135968baf,20,PROD004,330,Each,Active,132000,USD
a954d6bc-35bc-4845-9e50-ada135968baf-30,a954d6bc-35bc-4845-9e50-ada135968baf,30,PROD001,390,Each,Active,351000,USD
36212768-dbb4-4455-9e13-3e7e34dfb5a2-10,36212768-dbb4-4455-9e13-3e7e34dfb5a2,10,PROD003,240,Each,Active,288000,USD
36212768-dbb4-4455-9e13-3e7e34dfb5a2-20,36212768-dbb4-4455-9e13-3e7e34dfb5a2,20,PROD008,460,Each,Active,184000,USD
36212768-dbb4-4455-9e13-3e7e34dfb5a2-30,36212768-dbb4-4455-9e13-3e7e34dfb5a2,30,PROD007,70,Each,Active,21000,USD
1e409ed0-29df-4a84-863d-2a6da922e71e-10,1e409ed0-29df-4a84-863d-2a6da922e71e,10,PROD009,210,Each,Active,105000,USD
1e409ed0-29df-4a84-863d-2a6da922e71e-20,1e409ed0-29df-4a84-863d-2a6da922e71e,20,PROD006,160,Each,Active,128000,USD
89efb7f6-7c07-4bad-b30a-e66c504e1f18-10,89efb7f6-7c07-4bad-b30a-e66c504e1f18,10,PROD002,210,Each,Active,210000,USD
c6c65f6a-57fd-451e-aaf6-c1755d430f85-10,c6c65f6a-57fd-451e-aaf6-c1755d430f85,10,PROD001,180,Each,Active,162000,USD
38c32168-d2ab-4a79-b5fc-6078552c76d1-10,38c32168-d2ab-4a79-b5fc-6078552c76d1,10,PROD004,360,Each,Active,144000,USD
e3bebaf1-f119-4051-bf39-dab84e5feb3e-10,e3bebaf1-f119-4051-bf39-dab84e5feb3e,10,PROD005,230,Each,Active,138000,USD
0e86a3be-22e3-4cba-8b90-fa8f0b2872ec-10,0e86a3be-22e3-4cba-8b90-fa8f0b2872ec,10,PROD003,480,Each,Active,576000,USD
0e86a3be-22e3-4cba-8b90-fa8f0b2872ec-20,0e86a3be-22e3-4cba-8b90-fa8f0b2872ec,20,PROD008,110,Each,Active,44000,USD
0e86a3be-22e3-4cba-8b90-fa8f0b2872ec-30,0e86a3be-22e3-4cba-8b90-fa8f0b2872ec,30,PROD007,90,Each,Active,27000,USD
e850eb70-6682-4685-bac0-b5a78ba3b72d-10,e850eb70-6682-4685-bac0-b5a78ba3b72d,10,PROD006,470,Each,Active,376000,USD
e850eb70-6682-4685-bac0-b5a78ba3b72d-20,e850eb70-6682-4685-bac0-b5a78ba3b72d,20,PROD005,270,Each,Active,162000,USD
54df36ea-6c55-4436-9adb-c69a3fef21c7-10,54df36ea-6c55-4436-9adb-c69a3fef21c7,10,PROD006,420,Each,Active,336000,USD
54df36ea-6c55-4436-9adb-c69a3fef21c7-20,54df36ea-6c55-4436-9adb-c69a3fef21c7,20,PROD009,150,Each,Active,75000,USD
156a716e-c78c-406e-b247-9554409e8ce0-10,156a716e-c78c-406e-b247-9554409e8ce0,10,PROD002,180,Each,Active,180000,USD
156a716e-c78c-406e-b247-9554409e8ce0-20,156a716e-c78c-406e-b247-9554409e8ce0,20,PROD004,480,Each,Active,192000,USD
cffabf13-f951-40c1-b665-14c830149878-10,cffabf13-f951-40c1-b665-14c830149878,10,PROD006,380,Each,Active,304000,USD
cffabf13-f951-40c1-b665-14c830149878-20,cffabf13-f951-40c1-b665-14c830149878,20,PROD009,440,Each,Active,220000,USD
2cea9937-4b5c-4dc6-bb27-ff20d921ccb5-10,2cea9937-4b5c-4dc6-bb27-ff20d921ccb5,10,PROD001,60,Each,Active,54000,USD
2cea9937-4b5c-4dc6-bb27-ff20d921ccb5-20,2cea9937-4b5c-4dc6-bb27-ff20d921ccb5,20,PROD007,500,Each,Active,150000,USD
2cea9937-4b5c-4dc6-bb27-ff20d921ccb5-30,2cea9937-4b5c-4dc6-bb27-ff20d921ccb5,30,PROD008,160,Each,Active,64000,USD
39bb3023-6fda-47ee-b730-97e63a088afe-10,39bb3023-6fda-47ee-b730-97e63a088afe,10,PROD001,250,Each,Active,225000,USD
06735abc-6b83-47c0-8035-ea109d850e94-10,06735abc-6b83-47c0-8035-ea109d850e94,10,PROD003,450,Each,Active,540000,USD
06735abc-6b83-47c0-8035-ea109d850e94-20,06735abc-6b83-47c0-8035-ea109d850e94,20,PROD004,440,Each,Active,176000,USD
9480d918-0698-4472-b415-73175d08cb06-10,9480d918-0698-4472-b415-73175d08cb06,10,PROD008,380,Each,Active,152000,USD
9480d918-0698-4472-b415-73175d08cb06-20,9480d918-0698-4472-b415-73175d08cb06,20,PROD004,410,Each,Active,164000,USD
6f494c39-c542-4044-a6be-ff9eb551d335-10,6f494c39-c542-4044-a6be-ff9eb551d335,10,PROD008,230,Each,Active,92000,USD
6f494c39-c542-4044-a6be-ff9eb551d335-20,6f494c39-c542-4044-a6be-ff9eb551d335,20,PROD006,500,Each,Active,400000,USD
ea63f0b3-9034-41cc-926d-2376008959c6-10,ea63f0b3-9034-41cc-926d-2376008959c6,10,PROD003,190,Each,Active,228000,USD
ea63f0b3-9034-41cc-926d-2376008959c6-20,ea63f0b3-9034-41cc-926d-2376008959c6,20,PROD004,180,Each,Active,72000,USD
ea63f0b3-9034-41cc-926d-2376008959c6-30,ea63f0b3-9034-41cc-926d-2376008959c6,30,PROD001,140,Each,Active,126000,USD
e7650cdb-ac8e-48a2-8269-f050d5386f34-10,e7650cdb-ac8e-48a2-8269-f050d5386f34,10,PROD008,380,Each,Active,152000,USD
048e13c3-2627-4480-8350-52b322ed690b-10,048e13c3-2627-4480-8350-52b322ed690b,10,PROD001,240,Each,Active,216000,USD
048e13c3-2627-4480-8350-52b322ed690b-20,048e13c3-2627-4480-8350-52b322ed690b,20,PROD004,260,Each,Active,104000,USD
c56ba717-17bb-4bde-9287-b3cfec9b220b-10,c56ba717-17bb-4bde-9287-b3cfec9b220b,10,PROD004,140,Each,Active,56000,USD
c56ba717-17bb-4bde-9287-b3cfec9b220b-20,c56ba717-17bb-4bde-9287-b3cfec9b220b,20,PROD005,300,Each,Active,180000,USD
f44e2948-421c-440c-bbc7-ae92e8218bc8-10,f44e2948-421c-440c-bbc7-ae92e8218bc8,10,PROD009,240,Each,Active,120000,USD
f44e2948-421c-440c-bbc7-ae92e8218bc8-20,f44e2948-421c-440c-bbc7-ae92e8218bc8,20,PROD003,390,Each,Active,468000,USD
819f5a06-4246-4969-9222-6bfa813b8a41-10,819f5a06-4246-4969-9222-6bfa813b8a41,10,PROD006,490,Each,Active,392000,USD
819f5a06-4246-4969-9222-6bfa813b8a41-20,819f5a06-4246-4969-9222-6bfa813b8a41,20,PROD001,310,Each,Active,279000,USD
bc758375-c883-47fd-90d6-a91726a81604-10,bc758375-c883-47fd-90d6-a91726a81604,10,PROD008,310,Each,Active,124000,USD
bc758375-c883-47fd-90d6-a91726a81604-20,bc758375-c883-47fd-90d6-a91726a81604,20,PROD009,340,Each,Active,170000,USD
bc758375-c883-47fd-90d6-a91726a81604-30,bc758375-c883-47fd-90d6-a91726a81604,30,PROD002,210,Each,Active,210000,USD
cc2253cc-0bd1-4e2f-a685-e03f1d6281a8-10,cc2253cc-0bd1-4e2f-a685-e03f1d6281a8,10,PROD006,300,Each,Active,240000,USD
cc2253cc-0bd1-4e2f-a685-e03f1d6281a8-20,cc2253cc-0bd1-4e2f-a685-e03f1d6281a8,20,PROD002,70,Each,Active,70000,USD
cc2253cc-0bd1-4e2f-a685-e03f1d6281a8-30,cc2253cc-0bd1-4e2f-a685-e03f1d6281a8,30,PROD008,260,Each,Active,104000,USD
0efbe791-e219-4ed2-b2dd-6976df2a2d0e-10,0efbe791-e219-4ed2-b2dd-6976df2a2d0e,10,PROD007,50,Each,Active,15000,USD
26abd6f8-b2b4-43c3-82b4-e198ef5be11e-10,26abd6f8-b2b4-43c3-82b4-e198ef5be11e,10,PROD006,250,Each,Active,200000,USD
26abd6f8-b2b4-43c3-82b4-e198ef5be11e-20,26abd6f8-b2b4-43c3-82b4-e198ef5be11e,20,PROD007,340,Each,Active,102000,USD
bd319bdb-7e13-4a63-9ee7-af8d99ea22a8-10,bd319bdb-7e13-4a63-9ee7-af8d99ea22a8,10,PROD002,100,Each,Active,100000,USD
a4bb56b7-b73a-424a-af8f-5c7a44315c2f-10,a4bb56b7-b73a-424a-af8f-5c7a44315c2f,10,PROD001,60,Each,Active,54000,USD
a4bb56b7-b73a-424a-af8f-5c7a44315c2f-20,a4bb56b7-b73a-424a-af8f-5c7a44315c2f,20,PROD002,330,Each,Active,330000,USD
a4bb56b7-b73a-424a-af8f-5c7a44315c2f-30,a4bb56b7-b73a-424a-af8f-5c7a44315c2f,30,PROD006,320,Each,Active,256000,USD
d201cc76-e99a-4d2b-a2ae-e451751ddc63-10,d201cc76-e99a-4d2b-a2ae-e451751ddc63,10,PROD001,450,Each,Active,405000,USD
1715ca40-03d1-4798-83ef-6ebca5ae1e81-10,1715ca40-03d1-4798-83ef-6ebca5ae1e81,10,PROD002,110,Each,Active,110000,USD
1715ca40-03d1-4798-83ef-6ebca5ae1e81-20,1715ca40-03d1-4798-83ef-6ebca5ae1e81,20,PROD004,440,Each,Active,176000,USD
d7dc4304-44c7-46cf-98fa-35e2b46a3e4b-10,d7dc4304-44c7-46cf-98fa-35e2b46a3e4b,10,PROD002,460,Each,Active,460000,USD
d7dc4304-44c7-46cf-98fa-35e2b46a3e4b-20,d7dc4304-44c7-46cf-98fa-35e2b46a3e4b,20,PROD004,350,Each,Active,140000,USD
d7dc4304-44c7-46cf-98fa-35e2b46a3e4b-30,d7dc4304-44c7-46cf-98fa-35e2b46a3e4b,30,PROD003,230,Each,Active,276000,USD
d978c746-89a3-49be-98a1-f40bd61c7da1-10,d978c746-89a3-49be-98a1-f40bd61c7da1,10,PROD005,470,Each,Active,282000,USD
d978c746-89a3-49be-98a1-f40bd61c7da1-20,d978c746-89a3-49be-98a1-f40bd61c7da1,20,PROD007,160,Each,Active,48000,USD
d978c746-89a3-49be-98a1-f40bd61c7da1-30,d978c746-89a3-49be-98a1-f40bd61c7da1,30,PROD006,130,Each,Active,104000,USD
9052125e-b37b-4cb6-a5a6-a495eae25987-10,9052125e-b37b-4cb6-a5a6-a495eae25987,10,PROD004,330,Each,Active,132000,USD
9052125e-b37b-4cb6-a5a6-a495eae25987-20,9052125e-b37b-4cb6-a5a6-a495eae25987,20,PROD009,460,Each,Active,230000,USD
eb80f2ec-f27a-4c36-b869-6ff1ec104a72-10,eb80f2ec-f27a-4c36-b869-6ff1ec104a72,10,PROD007,350,Each,Active,105000,USD
eb80f2ec-f27a-4c36-b869-6ff1ec104a72-20,eb80f2ec-f27a-4c36-b869-6ff1ec104a72,20,PROD005,440,Each,Active,264000,USD
3bc076ff-b5a4-4a5e-8614-8b60f9f40b48-10,3bc076ff-b5a4-4a5e-8614-8b60f9f40b48,10,PROD006,400,Each,Active,320000,USD
b0f3b8cd-9276-4630-b982-ce62abf50896-10,b0f3b8cd-9276-4630-b982-ce62abf50896,10,PROD009,330,Each,Active,165000,USD
5011375f-c3f5-4558-b190-17b073c4fa2c-10,5011375f-c3f5-4558-b190-17b073c4fa2c,10,PROD006,260,Each,Active,208000,USD
5011375f-c3f5-4558-b190-17b073c4fa2c-20,5011375f-c3f5-4558-b190-17b073c4fa2c,20,PROD008,80,Each,Active,32000,USD
5011375f-c3f5-4558-b190-17b073c4fa2c-30,5011375f-c3f5-4558-b190-17b073c4fa2c,30,PROD001,450,Each,Active,405000,USD
bc2830d0-76c9-4f3a-9996-288ec7024056-10,bc2830d0-76c9-4f3a-9996-288ec7024056,10,PROD004,370,Each,Active,148000,USD
bc2830d0-76c9-4f3a-9996-288ec7024056-20,bc2830d0-76c9-4f3a-9996-288ec7024056,20,PROD008,80,Each,Active,32000,USD
e0af086c-7333-4a8f-9af2-a84c5d350400-10,e0af086c-7333-4a8f-9af2-a84c5d350400,10,PROD004,360,Each,Active,144000,USD
e0af086c-7333-4a8f-9af2-a84c5d350400-20,e0af086c-7333-4a8f-9af2-a84c5d350400,20,PROD006,50,Each,Active,40000,USD
de533094-b4f1-4839-a9c5-2ac94df19508-10,de533094-b4f1-4839-a9c5-2ac94df19508,10,PROD003,500,Each,Active,600000,USD
de533094-b4f1-4839-a9c5-2ac94df19508-20,de533094-b4f1-4839-a9c5-2ac94df19508,20,PROD008,300,Each,Active,120000,USD
a9b7b062-75c9-4a95-a2a4-652e3cefa88c-10,a9b7b062-75c9-4a95-a2a4-652e3cefa88c,10,PROD007,470,Each,Active,141000,USD
a9b7b062-75c9-4a95-a2a4-652e3cefa88c-20,a9b7b062-75c9-4a95-a2a4-652e3cefa88c,20,PROD001,60,Each,Active,54000,USD
40069e43-636a-4977-92b6-fd387e591f52-10,40069e43-636a-4977-92b6-fd387e591f52,10,PROD009,160,Each,Active,80000,USD
40069e43-636a-4977-92b6-fd387e591f52-20,40069e43-636a-4977-92b6-fd387e591f52,20,PROD001,480,Each,Active,432000,USD
55b322ef-94f3-40d4-9584-6f8e316d229c-10,55b322ef-94f3-40d4-9584-6f8e316d229c,10,PROD004,110,Each,Active,44000,USD
0566a3ed-31cc-4af6-84a8-b4abc16a388d-10,0566a3ed-31cc-4af6-84a8-b4abc16a388d,10,PROD001,410,Each,Active,369000,USD
385c0685-9df1-4af0-8874-4744204a6fa3-10,385c0685-9df1-4af0-8874-4744204a6fa3,10,PROD009,150,Each,Active,75000,USD
385c0685-9df1-4af0-8874-4744204a6fa3-20,385c0685-9df1-4af0-8874-4744204a6fa3,20,PROD004,80,Each,Active,32000,USD
385c0685-9df1-4af0-8874-4744204a6fa3-30,385c0685-9df1-4af0-8874-4744204a6fa3,30,PROD001,400,Each,Active,360000,USD
7999be2a-9c2a-4750-9de8-ed83e4168eda-10,7999be2a-9c2a-4750-9de8-ed83e4168eda,10,PROD002,470,Each,Active,470000,USD
2156f496-e3ac-42bc-86e0-c6e90f591119-10,2156f496-e3ac-42bc-86e0-c6e90f591119,10,PROD002,400,Each,Active,400000,USD
2156f496-e3ac-42bc-86e0-c6e90f591119-20,2156f496-e3ac-42bc-86e0-c6e90f591119,20,PROD007,440,Each,Active,132000,USD
2156f496-e3ac-42bc-86e0-c6e90f591119-30,2156f496-e3ac-42bc-86e0-c6e90f591119,30,PROD009,180,Each,Active,90000,USD
c18442bf-6110-434f-8bf8-0a098e383fdd-10,c18442bf-6110-434f-8bf8-0a098e383fdd,10,PROD005,110,Each,Active,66000,USD
2b8e5124-d007-4a14-82b3-1170165ce2a3-10,2b8e5124-d007-4a14-82b3-1170165ce2a3,10,PROD006,430,Each,Active,344000,USD
2b8e5124-d007-4a14-82b3-1170165ce2a3-20,2b8e5124-d007-4a14-82b3-1170165ce2a3,20,PROD008,210,Each,Active,84000,USD
2b8e5124-d007-4a14-82b3-1170165ce2a3-30,2b8e5124-d007-4a14-82b3-1170165ce2a3,30,PROD002,240,Each,Active,240000,USD
321dcdb7-da33-498c-8daf-6b36774ed961-10,321dcdb7-da33-498c-8daf-6b36774ed961,10,PROD004,380,Each,Active,152000,USD
321dcdb7-da33-498c-8daf-6b36774ed961-20,321dcdb7-da33-498c-8daf-6b36774ed961,20,PROD002,500,Each,Active,500000,USD
321dcdb7-da33-498c-8daf-6b36774ed961-30,321dcdb7-da33-498c-8daf-6b36774ed961,30,PROD003,210,Each,Active,252000,USD
9b6c8e14-e00f-42a3-a3e3-14ad7c9b7e84-10,9b6c8e14-e00f-42a3-a3e3-14ad7c9b7e84,10,PROD001,490,Each,Active,441000,USD
cc806aa2-78e2-4dd3-8425-990f170a13a6-10,cc806aa2-78e2-4dd3-8425-990f170a13a6,10,PROD005,450,Each,Active,270000,USD
cc806aa2-78e2-4dd3-8425-990f170a13a6-20,cc806aa2-78e2-4dd3-8425-990f170a13a6,20,PROD008,270,Each,Active,108000,USD
cc806aa2-78e2-4dd3-8425-990f170a13a6-30,cc806aa2-78e2-4dd3-8425-990f170a13a6,30,PROD009,210,Each,Active,105000,USD
9a669b93-12f1-4158-8436-d4f9e10f220f-10,9a669b93-12f1-4158-8436-d4f9e10f220f,10,PROD007,310,Each,Active,93000,USD
9a669b93-12f1-4158-8436-d4f9e10f220f-20,9a669b93-12f1-4158-8436-d4f9e10f220f,20,PROD001,50,Each,Active,45000,USD
389d46c3-4b4c-405f-95af-502c70d0ec3d-10,389d46c3-4b4c-405f-95af-502c70d0ec3d,10,PROD005,470,Each,Active,282000,USD
389d46c3-4b4c-405f-95af-502c70d0ec3d-20,389d46c3-4b4c-405f-95af-502c70d0ec3d,20,PROD008,360,Each,Active,144000,USD
389d46c3-4b4c-405f-95af-502c70d0ec3d-30,389d46c3-4b4c-405f-95af-502c70d0ec3d,30,PROD004,400,Each,Active,160000,USD
e9848618-0941-40d3-91a4-aabd4e2f2075-10,e9848618-0941-40d3-91a4-aabd4e2f2075,10,PROD009,200,Each,Active,100000,USD
e9848618-0941-40d3-91a4-aabd4e2f2075-20,e9848618-0941-40d3-91a4-aabd4e2f2075,20,PROD002,290,Each,Active,290000,USD
c7a8afb0-db30-4823-af55-959bfbe389b1-10,c7a8afb0-db30-4823-af55-959bfbe389b1,10,PROD008,300,Each,Active,120000,USD
c7a8afb0-db30-4823-af55-959bfbe389b1-20,c7a8afb0-db30-4823-af55-959bfbe389b1,20,PROD009,50,Each,Active,25000,USD
b1b8d090-9880-4990-8e93-cbf0186470b8-10,b1b8d090-9880-4990-8e93-cbf0186470b8,10,PROD005,390,Each,Active,234000,USD
b1b8d090-9880-4990-8e93-cbf0186470b8-20,b1b8d090-9880-4990-8e93-cbf0186470b8,20,PROD009,60,Each,Active,30000,USD
b1b8d090-9880-4990-8e93-cbf0186470b8-30,b1b8d090-9880-4990-8e93-cbf0186470b8,30,PROD004,150,Each,Active,60000,USD
490d7aad-4139-4dd4-9d7b-3245cfaa2a4d-10,490d7aad-4139-4dd4-9d7b-3245cfaa2a4d,10,PROD004,130,Each,Active,52000,USD
490d7aad-4139-4dd4-9d7b-3245cfaa2a4d-20,490d7aad-4139-4dd4-9d7b-3245cfaa2a4d,20,PROD005,400,Each,Active,240000,USD
2f2a9643-5bb5-4c2f-aa7c-08ebcf4b5804-10,2f2a9643-5bb5-4c2f-aa7c-08ebcf4b5804,10,PROD008,230,Each,Active,92000,USD
2f2a9643-5bb5-4c2f-aa7c-08ebcf4b5804-20,2f2a9643-5bb5-4c2f-aa7c-08ebcf4b5804,20,PROD007,400,Each,Active,120000,USD
fac8862b-5e26-4456-8901-5ed13aa7928e-10,fac8862b-5e26-4456-8901-5ed13aa7928e,10,PROD003,120,Each,Active,144000,USD
fac8862b-5e26-4456-8901-5ed13aa7928e-20,fac8862b-5e26-4456-8901-5ed13aa7928e,20,PROD009,130,Each,Active,65000,USD
fac8862b-5e26-4456-8901-5ed13aa7928e-30,fac8862b-5e26-4456-8901-5ed13aa7928e,30,PROD007,500,Each,Active,150000,USD
618f1eac-31f5-49f8-9020-0243e9a8ab9d-10,618f1eac-31f5-49f8-9020-0243e9a8ab9d,10,PROD005,310,Each,Active,186000,USD
618f1eac-31f5-49f8-9020-0243e9a8ab9d-20,618f1eac-31f5-49f8-9020-0243e9a8ab9d,20,PROD003,460,Each,Active,552000,USD
9da81b90-731f-4aaa-af81-d864bc23f83d-10,9da81b90-731f-4aaa-af81-d864bc23f83d,10,PROD008,480,Each,Active,192000,USD
9da81b90-731f-4aaa-af81-d864bc23f83d-20,9da81b90-731f-4aaa-af81-d864bc23f83d,20,PROD001,450,Each,Active,405000,USD
b22b84ee-81d1-4d95-825c-c7e3f33c4e26-10,b22b84ee-81d1-4d95-825c-c7e3f33c4e26,10,PROD007,390,Each,Active,117000,USD
b22b84ee-81d1-4d95-825c-c7e3f33c4e26-20,b22b84ee-81d1-4d95-825c-c7e3f33c4e26,20,PROD009,200,Each,Active,100000,USD
b22b84ee-81d1-4d95-825c-c7e3f33c4e26-30,b22b84ee-81d1-4d95-825c-c7e3f33c4e26,30,PROD003,140,Each,Active,168000,USD
ae5784c4-cb45-4e87-8091-ada887a1d3cc-10,ae5784c4-cb45-4e87-8091-ada887a1d3cc,10,PROD003,360,Each,Active,432000,USD
4b597aaa-9fbe-4efe-a44d-53b87670c83f-10,4b597aaa-9fbe-4efe-a44d-53b87670c83f,10,PROD009,200,Each,Active,100000,USD
4b597aaa-9fbe-4efe-a44d-53b87670c83f-20,4b597aaa-9fbe-4efe-a44d-53b87670c83f,20,PROD005,390,Each,Active,234000,USD
4b597aaa-9fbe-4efe-a44d-53b87670c83f-30,4b597aaa-9fbe-4efe-a44d-53b87670c83f,30,PROD007,100,Each,Active,30000,USD
8d0aba8a-b2f2-45e0-8099-744840545fe4-10,8d0aba8a-b2f2-45e0-8099-744840545fe4,10,PROD009,80,Each,Active,40000,USD
8d0aba8a-b2f2-45e0-8099-744840545fe4-20,8d0aba8a-b2f2-45e0-8099-744840545fe4,20,PROD005,360,Each,Active,216000,USD
8d0aba8a-b2f2-45e0-8099-744840545fe4-30,8d0aba8a-b2f2-45e0-8099-744840545fe4,30,PROD006,360,Each,Active,288000,USD
1454ab8c-eef6-4165-8b91-a2bee355f524-10,1454ab8c-eef6-4165-8b91-a2bee355f524,10,PROD002,310,Each,Active,310000,USD
1454ab8c-eef6-4165-8b91-a2bee355f524-20,1454ab8c-eef6-4165-8b91-a2bee355f524,20,PROD003,380,Each,Active,456000,USD
1454ab8c-eef6-4165-8b91-a2bee355f524-30,1454ab8c-eef6-4165-8b91-a2bee355f524,30,PROD005,400,Each,Active,240000,USD
96878850-7450-43f5-949e-71cd89bd859f-10,96878850-7450-43f5-949e-71cd89bd859f,10,PROD006,290,Each,Active,232000,USD
cc6a7ea5-03ea-443e-9f3c-d55fda24a188-10,cc6a7ea5-03ea-443e-9f3c-d55fda24a188,10,PROD002,400,Each,Active,400000,USD
cc6a7ea5-03ea-443e-9f3c-d55fda24a188-20,cc6a7ea5-03ea-443e-9f3c-d55fda24a188,20,PROD006,240,Each,Active,192000,USD
ebd17395-aa2c-4b88-8359-1eab8832f580-10,ebd17395-aa2c-4b88-8359-1eab8832f580,10,PROD002,490,Each,Active,490000,USD
ebd17395-aa2c-4b88-8359-1eab8832f580-20,ebd17395-aa2c-4b88-8359-1eab8832f580,20,PROD001,210,Each,Active,189000,USD
ebd17395-aa2c-4b88-8359-1eab8832f580-30,ebd17395-aa2c-4b88-8359-1eab8832f580,30,PROD004,160,Each,Active,64000,USD
205c3b7a-c4c9-4c39-8160-3444603836b8-10,205c3b7a-c4c9-4c39-8160-3444603836b8,10,PROD006,300,Each,Active,240000,USD
205c3b7a-c4c9-4c39-8160-3444603836b8-20,205c3b7a-c4c9-4c39-8160-3444603836b8,20,PROD002,160,Each,Active,160000,USD
205c3b7a-c4c9-4c39-8160-3444603836b8-30,205c3b7a-c4c9-4c39-8160-3444603836b8,30,PROD005,500,Each,Active,300000,USD
9fdb6b7f-550a-4ca4-82d1-9e69b3f3c45f-10,9fdb6b7f-550a-4ca4-82d1-9e69b3f3c45f,10,PROD005,100,Each,Active,60000,USD
58544542-7bc9-404f-8ef2-e02707ab368f-10,58544542-7bc9-404f-8ef2-e02707ab368f,10,PROD002,140,Each,Active,140000,USD
58544542-7bc9-404f-8ef2-e02707ab368f-20,58544542-7bc9-404f-8ef2-e02707ab368f,20,PROD009,190,Each,Active,95000,USD
58544542-7bc9-404f-8ef2-e02707ab368f-30,58544542-7bc9-404f-8ef2-e02707ab368f,30,PROD005,100,Each,Active,60000,USD
29f395a2-e1af-41f4-b80c-3ebf05f4a5f9-10,29f395a2-e1af-41f4-b80c-3ebf05f4a5f9,10,PROD009,210,Each,Active,105000,USD
29f395a2-e1af-41f4-b80c-3ebf05f4a5f9-20,29f395a2-e1af-41f4-b80c-3ebf05f4a5f9,20,PROD007,250,Each,Active,75000,USD
3ddf660e-d938-4f05-a91f-c5de55baff3a-10,3ddf660e-d938-4f05-a91f-c5de55baff3a,10,PROD005,50,Each,Active,30000,USD
3ddf660e-d938-4f05-a91f-c5de55baff3a-20,3ddf660e-d938-4f05-a91f-c5de55baff3a,20,PROD003,130,Each,Active,156000,USD
3ddf660e-d938-4f05-a91f-c5de55baff3a-30,3ddf660e-d938-4f05-a91f-c5de55baff3a,30,PROD002,210,Each,Active,210000,USD
fb02df10-5506-4cca-bd04-a145e9247ce1-10,fb02df10-5506-4cca-bd04-a145e9247ce1,10,PROD001,480,Each,Active,432000,USD
fb02df10-5506-4cca-bd04-a145e9247ce1-20,fb02df10-5506-4cca-bd04-a145e9247ce1,20,PROD005,200,Each,Active,120000,USD
fb02df10-5506-4cca-bd04-a145e9247ce1-30,fb02df10-5506-4cca-bd04-a145e9247ce1,30,PROD003,470,Each,Active,564000,USD
39d8f36d-aab8-41b9-8561-616487842652-10,39d8f36d-aab8-41b9-8561-616487842652,10,PROD001,460,Each,Active,414000,USD
39d8f36d-aab8-41b9-8561-616487842652-20,39d8f36d-aab8-41b9-8561-616487842652,20,PROD005,130,Each,Active,78000,USD
39d8f36d-aab8-41b9-8561-616487842652-30,39d8f36d-aab8-41b9-8561-616487842652,30,PROD004,60,Each,Active,24000,USD
3840ea47-a1e0-4258-a917-56b73165f761-10,3840ea47-a1e0-4258-a917-56b73165f761,10,PROD002,220,Each,Active,220000,USD
3840ea47-a1e0-4258-a917-56b73165f761-20,3840ea47-a1e0-4258-a917-56b73165f761,20,PROD005,130,Each,Active,78000,USD
503312d3-7e4e-4e22-9a6a-9551cf3645cb-10,503312d3-7e4e-4e22-9a6a-9551cf3645cb,10,PROD005,50,Each,Active,30000,USD
7705e00f-f670-4218-86a3-b6b2a812c5bd-10,7705e00f-f670-4218-86a3-b6b2a812c5bd,10,PROD002,380,Each,Active,380000,USD
c2d55ce3-10f1-4eb7-b5be-04bcd35f9708-10,c2d55ce3-10f1-4eb7-b5be-04bcd35f9708,10,PROD006,450,Each,Active,360000,USD
c2d55ce3-10f1-4eb7-b5be-04bcd35f9708-20,c2d55ce3-10f1-4eb7-b5be-04bcd35f9708,20,PROD005,420,Each,Active,252000,USD
c2d55ce3-10f1-4eb7-b5be-04bcd35f9708-30,c2d55ce3-10f1-4eb7-b5be-04bcd35f9708,30,PROD008,360,Each,Active,144000,USD
34488b82-207d-44df-bd12-a6dcdf100067-10,34488b82-207d-44df-bd12-a6dcdf100067,10,PROD001,50,Each,Active,45000,USD
34488b82-207d-44df-bd12-a6dcdf100067-20,34488b82-207d-44df-bd12-a6dcdf100067,20,PROD008,470,Each,Active,188000,USD
34488b82-207d-44df-bd12-a6dcdf100067-30,34488b82-207d-44df-bd12-a6dcdf100067,30,PROD009,310,Each,Active,155000,USD
94cb7124-cc86-4ead-ab5b-91096ecf63a7-10,94cb7124-cc86-4ead-ab5b-91096ecf63a7,10,PROD004,130,Each,Active,52000,USD
94cb7124-cc86-4ead-ab5b-91096ecf63a7-20,94cb7124-cc86-4ead-ab5b-91096ecf63a7,20,PROD001,170,Each,Active,153000,USD
94cb7124-cc86-4ead-ab5b-91096ecf63a7-30,94cb7124-cc86-4ead-ab5b-91096ecf63a7,30,PROD002,260,Each,Active,260000,USD
484cd024-6cd7-44b8-911d-0f6393a1f5ec-10,484cd024-6cd7-44b8-911d-0f6393a1f5ec,10,PROD001,80,Each,Active,72000,USD
614547e5-a56c-44e5-bc98-fbc7c9e169cf-10,614547e5-a56c-44e5-bc98-fbc7c9e169cf,10,PROD008,270,Each,Active,108000,USD
614547e5-a56c-44e5-bc98-fbc7c9e169cf-20,614547e5-a56c-44e5-bc98-fbc7c9e169cf,20,PROD002,190,Each,Active,190000,USD
614547e5-a56c-44e5-bc98-fbc7c9e169cf-30,614547e5-a56c-44e5-bc98-fbc7c9e169cf,30,PROD004,470,Each,Active,188000,USD
a78b9436-9485-44c9-83b0-d69f9864a823-10,a78b9436-9485-44c9-83b0-d69f9864a823,10,PROD003,370,Each,Active,444000,USD
a78b9436-9485-44c9-83b0-d69f9864a823-20,a78b9436-9485-44c9-83b0-d69f9864a823,20,PROD008,120,Each,Active,48000,USD
a78b9436-9485-44c9-83b0-d69f9864a823-30,a78b9436-9485-44c9-83b0-d69f9864a823,30,PROD006,290,Each,Active,232000,USD
6cc34a64-09e9-456f-907a-84659dfe09fc-10,6cc34a64-09e9-456f-907a-84659dfe09fc,10,PROD006,130,Each,Active,104000,USD
6cc34a64-09e9-456f-907a-84659dfe09fc-20,6cc34a64-09e9-456f-907a-84659dfe09fc,20,PROD003,440,Each,Active,528000,USD
3d6656a4-0125-4a2b-a817-8c9d75994e6f-10,3d6656a4-0125-4a2b-a817-8c9d75994e6f,10,PROD004,170,Each,Active,68000,USD
3d6656a4-0125-4a2b-a817-8c9d75994e6f-20,3d6656a4-0125-4a2b-a817-8c9d75994e6f,20,PROD009,200,Each,Active,100000,USD
3d6656a4-0125-4a2b-a817-8c9d75994e6f-30,3d6656a4-0125-4a2b-a817-8c9d75994e6f,30,PROD005,430,Each,Active,258000,USD
cf5c2626-b370-4f77-bfc0-8b443cfdd810-10,cf5c2626-b370-4f77-bfc0-8b443cfdd810,10,PROD002,240,Each,Active,240000,USD
cf5c2626-b370-4f77-bfc0-8b443cfdd810-20,cf5c2626-b370-4f77-bfc0-8b443cfdd810,20,PROD007,450,Each,Active,135000,USD
0b8a1a1d-6a9e-4f35-8073-7276c6fb5dd6-10,0b8a1a1d-6a9e-4f35-8073-7276c6fb5dd6,10,PROD004,470,Each,Active,188000,USD
0b8a1a1d-6a9e-4f35-8073-7276c6fb5dd6-20,0b8a1a1d-6a9e-4f35-8073-7276c6fb5dd6,20,PROD003,440,Each,Active,528000,USD
3f4b28af-d41f-48cc-9fdd-80dad42e8f9a-10,3f4b28af-d41f-48cc-9fdd-80dad42e8f9a,10,PROD003,270,Each,Active,324000,USD
3f4b28af-d41f-48cc-9fdd-80dad42e8f9a-20,3f4b28af-d41f-48cc-9fdd-80dad42e8f9a,20,PROD001,280,Each,Active,252000,USD
f7112e42-97b5-42bf-8836-219ddafa215d-10,f7112e42-97b5-42bf-8836-219ddafa215d,10,PROD003,110,Each,Active,132000,USD
f7112e42-97b5-42bf-8836-219ddafa215d-20,f7112e42-97b5-42bf-8836-219ddafa215d,20,PROD004,220,Each,Active,88000,USD
e455098a-ccaa-48a4-bd36-9a7ac4f72221-10,e455098a-ccaa-48a4-bd36-9a7ac4f72221,10,PROD006,100,Each,Active,80000,USD
e455098a-ccaa-48a4-bd36-9a7ac4f72221-20,e455098a-ccaa-48a4-bd36-9a7ac4f72221,20,PROD003,130,Each,Active,156000,USD
e455098a-ccaa-48a4-bd36-9a7ac4f72221-30,e455098a-ccaa-48a4-bd36-9a7ac4f72221,30,PROD004,390,Each,Active,156000,USD
0164fe50-749b-43be-9dbc-f9f0e2f65029-10,0164fe50-749b-43be-9dbc-f9f0e2f65029,10,PROD002,60,Each,Active,60000,USD
0164fe50-749b-43be-9dbc-f9f0e2f65029-20,0164fe50-749b-43be-9dbc-f9f0e2f65029,20,PROD007,400,Each,Active,120000,USD
9d19dc78-9906-48fb-84f2-7461e24ec8b7-10,9d19dc78-9906-48fb-84f2-7461e24ec8b7,10,PROD006,220,Each,Active,176000,USD
9d19dc78-9906-48fb-84f2-7461e24ec8b7-20,9d19dc78-9906-48fb-84f2-7461e24ec8b7,20,PROD002,310,Each,Active,310000,USD
9d19dc78-9906-48fb-84f2-7461e24ec8b7-30,9d19dc78-9906-48fb-84f2-7461e24ec8b7,30,PROD003,390,Each,Active,468000,USD
d313ac92-7eb7-426a-b5eb-93c0c66ddfc0-10,d313ac92-7eb7-426a-b5eb-93c0c66ddfc0,10,PROD005,390,Each,Active,234000,USD
6146cfe3-c670-49c7-b27f-2a72ea1a2382-10,6146cfe3-c670-49c7-b27f-2a72ea1a2382,10,PROD001,230,Each,Active,207000,USD
6146cfe3-c670-49c7-b27f-2a72ea1a2382-20,6146cfe3-c670-49c7-b27f-2a72ea1a2382,20,PROD006,90,Each,Active,72000,USD
5f9091b2-87e9-47a6-b257-6a3c470365b7-10,5f9091b2-87e9-47a6-b257-6a3c470365b7,10,PROD003,210,Each,Active,252000,USD
0b427044-618e-4756-b310-4ac6e0f1dc4e-10,0b427044-618e-4756-b310-4ac6e0f1dc4e,10,PROD003,80,Each,Active,96000,USD
1742d2b3-a914-4ecf-ac82-debd4bb6c3d3-10,1742d2b3-a914-4ecf-ac82-debd4bb6c3d3,10,PROD001,250,Each,Active,225000,USD
1742d2b3-a914-4ecf-ac82-debd4bb6c3d3-20,1742d2b3-a914-4ecf-ac82-debd4bb6c3d3,20,PROD002,50,Each,Active,50000,USD
f6d135ec-b30d-4858-94a8-20f7ec5b375c-10,f6d135ec-b30d-4858-94a8-20f7ec5b375c,10,PROD007,350,Each,Active,105000,USD
f6d135ec-b30d-4858-94a8-20f7ec5b375c-20,f6d135ec-b30d-4858-94a8-20f7ec5b375c,20,PROD005,410,Each,Active,246000,USD
1a3975ee-e381-4820-a392-ab3fc71fe609-10,1a3975ee-e381-4820-a392-ab3fc71fe609,10,PROD005,130,Each,Active,78000,USD
1a3975ee-e381-4820-a392-ab3fc71fe609-20,1a3975ee-e381-4820-a392-ab3fc71fe609,20,PROD001,340,Each,Active,306000,USD
f8322384-12e2-4738-bd04-9fca0028d057-10,f8322384-12e2-4738-bd04-9fca0028d057,10,PROD009,420,Each,Active,210000,USD
f8322384-12e2-4738-bd04-9fca0028d057-20,f8322384-12e2-4738-bd04-9fca0028d057,20,PROD004,370,Each,Active,148000,USD
f8322384-12e2-4738-bd04-9fca0028d057-30,f8322384-12e2-4738-bd04-9fca0028d057,30,PROD003,240,Each,Active,288000,USD
b5078741-ee08-46f5-82a0-ea3f627fe6a3-10,b5078741-ee08-46f5-82a0-ea3f627fe6a3,10,PROD006,110,Each,Active,88000,USD
b5078741-ee08-46f5-82a0-ea3f627fe6a3-20,b5078741-ee08-46f5-82a0-ea3f627fe6a3,20,PROD008,150,Each,Active,60000,USD
b5078741-ee08-46f5-82a0-ea3f627fe6a3-30,b5078741-ee08-46f5-82a0-ea3f627fe6a3,30,PROD001,380,Each,Active,342000,USD
a64a18b9-f3b4-4d1c-8240-10cbbcf7caec-10,a64a18b9-f3b4-4d1c-8240-10cbbcf7caec,10,PROD009,60,Each,Active,30000,USD
a64a18b9-f3b4-4d1c-8240-10cbbcf7caec-20,a64a18b9-f3b4-4d1c-8240-10cbbcf7caec,20,PROD003,170,Each,Active,204000,USD
cb47b980-b4be-4bb0-973c-f71fbb300cc3-10,cb47b980-b4be-4bb0-973c-f71fbb300cc3,10,PROD009,460,Each,Active,230000,USD
f0dd81ac-59b5-4c68-88f0-f2786296f5db-10,f0dd81ac-59b5-4c68-88f0-f2786296f5db,10,PROD009,380,Each,Active,190000,USD
f0dd81ac-59b5-4c68-88f0-f2786296f5db-20,f0dd81ac-59b5-4c68-88f0-f2786296f5db,20,PROD006,80,Each,Active,64000,USD
f0dd81ac-59b5-4c68-88f0-f2786296f5db-30,f0dd81ac-59b5-4c68-88f0-f2786296f5db,30,PROD007,70,Each,Active,21000,USD
5f58e7fd-0ee6-47e5-84ad-dfb23c1ebbdc-10,5f58e7fd-0ee6-47e5-84ad-dfb23c1ebbdc,10,PROD005,310,Each,Active,186000,USD
5f58e7fd-0ee6-47e5-84ad-dfb23c1ebbdc-20,5f58e7fd-0ee6-47e5-84ad-dfb23c1ebbdc,20,PROD001,210,Each,Active,189000,USD
8de6df93-8a8f-44a7-9aec-59d991311011-10,8de6df93-8a8f-44a7-9aec-59d991311011,10,PROD002,470,Each,Active,470000,USD
2df08dce-eeb2-4fbc-91fc-ff1368f60a33-10,2df08dce-eeb2-4fbc-91fc-ff1368f60a33,10,PROD005,190,Each,Active,114000,USD
c4b87d75-22c3-4993-b156-45683ed1425c-10,c4b87d75-22c3-4993-b156-45683ed1425c,10,PROD006,200,Each,Active,160000,USD
c4b87d75-22c3-4993-b156-45683ed1425c-20,c4b87d75-22c3-4993-b156-45683ed1425c,20,PROD005,420,Each,Active,252000,USD
635e445a-9191-4079-8977-db9ba3bd5345-10,635e445a-9191-4079-8977-db9ba3bd5345,10,PROD009,390,Each,Active,195000,USD
c593fcbd-ffc1-4809-af29-69761cd3e1ef-10,c593fcbd-ffc1-4809-af29-69761cd3e1ef,10,PROD001,200,Each,Active,180000,USD
c593fcbd-ffc1-4809-af29-69761cd3e1ef-20,c593fcbd-ffc1-4809-af29-69761cd3e1ef,20,PROD002,300,Each,Active,300000,USD
c593fcbd-ffc1-4809-af29-69761cd3e1ef-30,c593fcbd-ffc1-4809-af29-69761cd3e1ef,30,PROD004,150,Each,Active,60000,USD
c2398207-a868-44fa-987d-1d5d5b171af2-10,c2398207-a868-44fa-987d-1d5d5b171af2,10,PROD004,280,Each,Active,112000,USD
c2398207-a868-44fa-987d-1d5d5b171af2-20,c2398207-a868-44fa-987d-1d5d5b171af2,20,PROD007,50,Each,Active,15000,USD
5444b6af-5cf2-4787-8566-fa22554cf902-10,5444b6af-5cf2-4787-8566-fa22554cf902,10,PROD002,130,Each,Active,130000,USD
5444b6af-5cf2-4787-8566-fa22554cf902-20,5444b6af-5cf2-4787-8566-fa22554cf902,20,PROD007,310,Each,Active,93000,USD
9d737a3f-3517-4a2d-8a81-bc27420ee037-10,9d737a3f-3517-4a2d-8a81-bc27420ee037,10,PROD006,300,Each,Active,240000,USD
9d737a3f-3517-4a2d-8a81-bc27420ee037-20,9d737a3f-3517-4a2d-8a81-bc27420ee037,20,PROD003,310,Each,Active,372000,USD
9d737a3f-3517-4a2d-8a81-bc27420ee037-30,9d737a3f-3517-4a2d-8a81-bc27420ee037,30,PROD005,470,Each,Active,282000,USD
0d0fb2c2-5269-4a3c-9084-275964bc247c-10,0d0fb2c2-5269-4a3c-9084-275964bc247c,10,PROD005,340,Each,Active,204000,USD
0d0fb2c2-5269-4a3c-9084-275964bc247c-20,0d0fb2c2-5269-4a3c-9084-275964bc247c,20,PROD001,200,Each,Active,180000,USD
0d0fb2c2-5269-4a3c-9084-275964bc247c-30,0d0fb2c2-5269-4a3c-9084-275964bc247c,30,PROD007,160,Each,Active,48000,USD
683ca591-8f2e-4afd-b098-f7b5fb5ef2f8-10,683ca591-8f2e-4afd-b098-f7b5fb5ef2f8,10,PROD006,280,Each,Active,224000,USD
928363c4-40bf-4ed0-8b41-2cdaa4da5773-10,928363c4-40bf-4ed0-8b41-2cdaa4da5773,10,PROD002,340,Each,Active,340000,USD
928363c4-40bf-4ed0-8b41-2cdaa4da5773-20,928363c4-40bf-4ed0-8b41-2cdaa4da5773,20,PROD001,60,Each,Active,54000,USD
928363c4-40bf-4ed0-8b41-2cdaa4da5773-30,928363c4-40bf-4ed0-8b41-2cdaa4da5773,30,PROD004,100,Each,Active,40000,USD
76327f57-27df-4d52-92fe-e3d8a9228e58-10,76327f57-27df-4d52-92fe-e3d8a9228e58,10,PROD004,230,Each,Active,92000,USD
76327f57-27df-4d52-92fe-e3d8a9228e58-20,76327f57-27df-4d52-92fe-e3d8a9228e58,20,PROD007,50,Each,Active,15000,USD
5e6f4267-7de6-4d6e-9514-93c34f226821-10,5e6f4267-7de6-4d6e-9514-93c34f226821,10,PROD003,380,Each,Active,456000,USD
5e6f4267-7de6-4d6e-9514-93c34f226821-20,5e6f4267-7de6-4d6e-9514-93c34f226821,20,PROD004,230,Each,Active,92000,USD
5e6f4267-7de6-4d6e-9514-93c34f226821-30,5e6f4267-7de6-4d6e-9514-93c34f226821,30,PROD008,150,Each,Active,60000,USD
4bcd0209-6b8e-4bbc-aafd-3cc0f92a3bb5-10,4bcd0209-6b8e-4bbc-aafd-3cc0f92a3bb5,10,PROD006,410,Each,Active,328000,USD
4bcd0209-6b8e-4bbc-aafd-3cc0f92a3bb5-20,4bcd0209-6b8e-4bbc-aafd-3cc0f92a3bb5,20,PROD009,210,Each,Active,105000,USD
c7949bda-d8d7-4548-ad05-e8a5ead321ce-10,c7949bda-d8d7-4548-ad05-e8a5ead321ce,10,PROD006,320,Each,Active,256000,USD
c7949bda-d8d7-4548-ad05-e8a5ead321ce-20,c7949bda-d8d7-4548-ad05-e8a5ead321ce,20,PROD002,370,Each,Active,370000,USD
c7949bda-d8d7-4548-ad05-e8a5ead321ce-30,c7949bda-d8d7-4548-ad05-e8a5ead321ce,30,PROD005,470,Each,Active,282000,USD
275687f2-2c6d-4830-b07e-62c83f3ea53e-10,275687f2-2c6d-4830-b07e-62c83f3ea53e,10,PROD003,350,Each,Active,420000,USD
9807ecef-6541-40d9-9ab2-2a2f12038962-10,9807ecef-6541-40d9-9ab2-2a2f12038962,10,PROD005,480,Each,Active,288000,USD
9807ecef-6541-40d9-9ab2-2a2f12038962-20,9807ecef-6541-40d9-9ab2-2a2f12038962,20,PROD006,390,Each,Active,312000,USD
9807ecef-6541-40d9-9ab2-2a2f12038962-30,9807ecef-6541-40d9-9ab2-2a2f12038962,30,PROD007,120,Each,Active,36000,USD
51567fd8-2ef9-4bcd-b7f3-358f6a45072a-10,51567fd8-2ef9-4bcd-b7f3-358f6a45072a,10,PROD009,240,Each,Active,120000,USD
c30db3fe-8955-4a63-a84e-3a6be92c1198-10,c30db3fe-8955-4a63-a84e-3a6be92c1198,10,PROD009,60,Each,Active,30000,USD
b1eaf08f-3dc1-450c-ab10-1a0636fb45ef-10,b1eaf08f-3dc1-450c-ab10-1a0636fb45ef,10,PROD007,420,Each,Active,126000,USD
b1eaf08f-3dc1-450c-ab10-1a0636fb45ef-20,b1eaf08f-3dc1-450c-ab10-1a0636fb45ef,20,PROD009,280,Each,Active,140000,USD
5279a3f4-e7f7-4be4-9be4-e337fa9089dc-10,5279a3f4-e7f7-4be4-9be4-e337fa9089dc,10,PROD007,160,Each,Active,48000,USD
5279a3f4-e7f7-4be4-9be4-e337fa9089dc-20,5279a3f4-e7f7-4be4-9be4-e337fa9089dc,20,PROD004,140,Each,Active,56000,USD
5c53faf6-82ef-4fdd-aca8-2f407ef5a847-10,5c53faf6-82ef-4fdd-aca8-2f407ef5a847,10,PROD002,180,Each,Active,180000,USD
5c53faf6-82ef-4fdd-aca8-2f407ef5a847-20,5c53faf6-82ef-4fdd-aca8-2f407ef5a847,20,PROD006,240,Each,Active,192000,USD
0883885d-a2f8-4da0-8f88-2466b0128b05-10,0883885d-a2f8-4da0-8f88-2466b0128b05,10,PROD005,430,Each,Active,258000,USD
66932109-c20d-4fa7-885c-8eb523d5533f-10,66932109-c20d-4fa7-885c-8eb523d5533f,10,PROD004,480,Each,Active,192000,USD
66932109-c20d-4fa7-885c-8eb523d5533f-20,66932109-c20d-4fa7-885c-8eb523d5533f,20,PROD008,200,Each,Active,80000,USD
7e5af078-fea9-4b8b-93d5-7b38d275cb3a-10,7e5af078-fea9-4b8b-93d5-7b38d275cb3a,10,PROD007,70,Each,Active,21000,USD
7e5af078-fea9-4b8b-93d5-7b38d275cb3a-20,7e5af078-fea9-4b8b-93d5-7b38d275cb3a,20,PROD003,500,Each,Active,600000,USD
9a5d9a25-511f-4707-9950-7e91b2df8f95-10,9a5d9a25-511f-4707-9950-7e91b2df8f95,10,PROD006,430,Each,Active,344000,USD
c9995564-1e56-41d8-a864-2e096747f617-10,c9995564-1e56-41d8-a864-2e096747f617,10,PROD009,220,Each,Active,110000,USD
9b9db215-54aa-45d6-af21-d5be8c2231a2-10,9b9db215-54aa-45d6-af21-d5be8c2231a2,10,PROD004,60,Each,Active,24000,USD
9b9db215-54aa-45d6-af21-d5be8c2231a2-20,9b9db215-54aa-45d6-af21-d5be8c2231a2,20,PROD007,480,Each,Active,144000,USD
9b9db215-54aa-45d6-af21-d5be8c2231a2-30,9b9db215-54aa-45d6-af21-d5be8c2231a2,30,PROD001,380,Each,Active,342000,USD
06f2e992-3fec-4217-a230-60a793a23aef-10,06f2e992-3fec-4217-a230-60a793a23aef,10,PROD002,380,Each,Active,380000,USD
06f2e992-3fec-4217-a230-60a793a23aef-20,06f2e992-3fec-4217-a230-60a793a23aef,20,PROD009,220,Each,Active,110000,USD
d5c176e1-0de3-4af6-a87a-a0a4b60df903-10,d5c176e1-0de3-4af6-a87a-a0a4b60df903,10,PROD001,330,Each,Active,297000,USD
d5c176e1-0de3-4af6-a87a-a0a4b60df903-20,d5c176e1-0de3-4af6-a87a-a0a4b60df903,20,PROD007,470,Each,Active,141000,USD
d577aff3-27b3-4551-85e9-29e06cba64bc-10,d577aff3-27b3-4551-85e9-29e06cba64bc,10,PROD008,300,Each,Active,120000,USD
d577aff3-27b3-4551-85e9-29e06cba64bc-20,d577aff3-27b3-4551-85e9-29e06cba64bc,20,PROD009,490,Each,Active,245000,USD
def4ae35-bb5c-4d82-8af9-bcdea0382e22-10,def4ae35-bb5c-4d82-8af9-bcdea0382e22,10,PROD008,50,Each,Active,20000,USD
def4ae35-bb5c-4d82-8af9-bcdea0382e22-20,def4ae35-bb5c-4d82-8af9-bcdea0382e22,20,PROD007,360,Each,Active,108000,USD
01e65d6c-d332-4f48-aa8a-1cb10edb5725-10,01e65d6c-d332-4f48-aa8a-1cb10edb5725,10,PROD004,170,Each,Active,68000,USD
523e984a-712f-482b-835b-44791faa7537-10,523e984a-712f-482b-835b-44791faa7537,10,PROD003,250,Each,Active,300000,USD
523e984a-712f-482b-835b-44791faa7537-20,523e984a-712f-482b-835b-44791faa7537,20,PROD008,380,Each,Active,152000,USD
5302b592-fd86-4924-b1e2-3aea9b1fc6d0-10,5302b592-fd86-4924-b1e2-3aea9b1fc6d0,10,PROD001,80,Each,Active,72000,USD
5302b592-fd86-4924-b1e2-3aea9b1fc6d0-20,5302b592-fd86-4924-b1e2-3aea9b1fc6d0,20,PROD004,200,Each,Active,80000,USD
d4b04965-d0f6-4c9b-9f6d-fb3776bf0edb-10,d4b04965-d0f6-4c9b-9f6d-fb3776bf0edb,10,PROD006,440,Each,Active,352000,USD
d4b04965-d0f6-4c9b-9f6d-fb3776bf0edb-20,d4b04965-d0f6-4c9b-9f6d-fb3776bf0edb,20,PROD009,160,Each,Active,80000,USD
d4b04965-d0f6-4c9b-9f6d-fb3776bf0edb-30,d4b04965-d0f6-4c9b-9f6d-fb3776bf0edb,30,PROD008,500,Each,Active,200000,USD
3615f000-2da2-4dd9-b371-902340073e85-10,3615f000-2da2-4dd9-b371-902340073e85,10,PROD004,370,Each,Active,148000,USD
a9c0529d-7769-4b54-a7aa-b595692f2ad6-10,a9c0529d-7769-4b54-a7aa-b595692f2ad6,10,PROD004,400,Each,Active,160000,USD
57004dcc-61b5-453e-ad0a-1ef6768b6bb7-10,57004dcc-61b5-453e-ad0a-1ef6768b6bb7,10,PROD002,170,Each,Active,170000,USD
158313d2-fdb4-4eea-ade2-429dd35ba005-10,158313d2-fdb4-4eea-ade2-429dd35ba005,10,PROD001,110,Each,Active,99000,USD
158313d2-fdb4-4eea-ade2-429dd35ba005-20,158313d2-fdb4-4eea-ade2-429dd35ba005,20,PROD004,250,Each,Active,100000,USD
42c31e0e-e170-4fde-a0fa-e1338a1fbe60-10,42c31e0e-e170-4fde-a0fa-e1338a1fbe60,10,PROD006,330,Each,Active,264000,USD
42c31e0e-e170-4fde-a0fa-e1338a1fbe60-20,42c31e0e-e170-4fde-a0fa-e1338a1fbe60,20,PROD008,200,Each,Active,80000,USD
995aee5b-5be4-4772-8a23-4a5ef2191f7e-10,995aee5b-5be4-4772-8a23-4a5ef2191f7e,10,PROD007,430,Each,Active,129000,USD
995aee5b-5be4-4772-8a23-4a5ef2191f7e-20,995aee5b-5be4-4772-8a23-4a5ef2191f7e,20,PROD008,130,Each,Active,52000,USD
995aee5b-5be4-4772-8a23-4a5ef2191f7e-30,995aee5b-5be4-4772-8a23-4a5ef2191f7e,30,PROD003,380,Each,Active,456000,USD
fa079e3a-225c-4786-8ea7-f9f6e54cef35-10,fa079e3a-225c-4786-8ea7-f9f6e54cef35,10,PROD009,50,Each,Active,25000,USD
fa079e3a-225c-4786-8ea7-f9f6e54cef35-20,fa079e3a-225c-4786-8ea7-f9f6e54cef35,20,PROD003,390,Each,Active,468000,USD
fa079e3a-225c-4786-8ea7-f9f6e54cef35-30,fa079e3a-225c-4786-8ea7-f9f6e54cef35,30,PROD005,500,Each,Active,300000,USD
192da42d-84df-4d3c-9ccc-d7b14b487fed-10,192da42d-84df-4d3c-9ccc-d7b14b487fed,10,PROD006,240,Each,Active,192000,USD
192da42d-84df-4d3c-9ccc-d7b14b487fed-20,192da42d-84df-4d3c-9ccc-d7b14b487fed,20,PROD007,50,Each,Active,15000,USD
151afa82-c859-46c3-a168-c1fa3eec88a5-10,151afa82-c859-46c3-a168-c1fa3eec88a5,10,PROD007,440,Each,Active,132000,USD
22f2328e-502d-4edb-9e57-a0b7af584397-10,22f2328e-502d-4edb-9e57-a0b7af584397,10,PROD003,240,Each,Active,288000,USD
22f2328e-502d-4edb-9e57-a0b7af584397-20,22f2328e-502d-4edb-9e57-a0b7af584397,20,PROD005,190,Each,Active,114000,USD
3ee4b0d3-1c1e-412c-a84d-b684fda1e76a-10,3ee4b0d3-1c1e-412c-a84d-b684fda1e76a,10,PROD006,380,Each,Active,304000,USD
3ee4b0d3-1c1e-412c-a84d-b684fda1e76a-20,3ee4b0d3-1c1e-412c-a84d-b684fda1e76a,20,PROD004,440,Each,Active,176000,USD
7edaee8b-9c62-4bf3-b4df-5734668e9219-10,7edaee8b-9c62-4bf3-b4df-5734668e9219,10,PROD001,220,Each,Active,198000,USD
7edaee8b-9c62-4bf3-b4df-5734668e9219-20,7edaee8b-9c62-4bf3-b4df-5734668e9219,20,PROD005,320,Each,Active,192000,USD
c1938e2c-df48-4182-88dd-9a402de97d43-10,c1938e2c-df48-4182-88dd-9a402de97d43,10,PROD007,220,Each,Active,66000,USD
c1938e2c-df48-4182-88dd-9a402de97d43-20,c1938e2c-df48-4182-88dd-9a402de97d43,20,PROD008,230,Each,Active,92000,USD
f340b807-a0d1-43b4-9542-7e79ec6670cc-10,f340b807-a0d1-43b4-9542-7e79ec6670cc,10,PROD002,180,Each,Active,180000,USD
bbce2490-1472-40fd-8e44-fe33f2c5c71e-10,bbce2490-1472-40fd-8e44-fe33f2c5c71e,10,PROD005,400,Each,Active,240000,USD
bbce2490-1472-40fd-8e44-fe33f2c5c71e-20,bbce2490-1472-40fd-8e44-fe33f2c5c71e,20,PROD002,370,Each,Active,370000,USD
bbce2490-1472-40fd-8e44-fe33f2c5c71e-30,bbce2490-1472-40fd-8e44-fe33f2c5c71e,30,PROD007,430,Each,Active,129000,USD
be72844a-1470-4764-aedc-50744e0ba409-10,be72844a-1470-4764-aedc-50744e0ba409,10,PROD007,470,Each,Active,141000,USD
0d1f2eb1-9198-40d1-b93e-6bb67d184002-10,0d1f2eb1-9198-40d1-b93e-6bb67d184002,10,PROD003,340,Each,Active,408000,USD
e3dcc47e-c4bb-4864-8631-c0362a7fbe1f-10,e3dcc47e-c4bb-4864-8631-c0362a7fbe1f,10,PROD001,460,Each,Active,414000,USD
e3dcc47e-c4bb-4864-8631-c0362a7fbe1f-20,e3dcc47e-c4bb-4864-8631-c0362a7fbe1f,20,PROD005,90,Each,Active,54000,USD
e3dcc47e-c4bb-4864-8631-c0362a7fbe1f-30,e3dcc47e-c4bb-4864-8631-c0362a7fbe1f,30,PROD007,230,Each,Active,69000,USD
31e8454a-b39f-49c6-bce8-ea56997db230-10,31e8454a-b39f-49c6-bce8-ea56997db230,10,PROD007,490,Each,Active,147000,USD
31e8454a-b39f-49c6-bce8-ea56997db230-20,31e8454a-b39f-49c6-bce8-ea56997db230,20,PROD006,500,Each,Active,400000,USD
31e8454a-b39f-49c6-bce8-ea56997db230-30,31e8454a-b39f-49c6-bce8-ea56997db230,30,PROD004,460,Each,Active,184000,USD
a58c0b50-96e5-45c5-a933-0d7df7907766-10,a58c0b50-96e5-45c5-a933-0d7df7907766,10,PROD005,400,Each,Active,240000,USD
a58c0b50-96e5-45c5-a933-0d7df7907766-20,a58c0b50-96e5-45c5-a933-0d7df7907766,20,PROD004,160,Each,Active,64000,USD
a58c0b50-96e5-45c5-a933-0d7df7907766-30,a58c0b50-96e5-45c5-a933-0d7df7907766,30,PROD001,320,Each,Active,288000,USD
8f4b6233-cc77-4763-abe8-ba7d431fb44a-10,8f4b6233-cc77-4763-abe8-ba7d431fb44a,10,PROD006,190,Each,Active,152000,USD
8f4b6233-cc77-4763-abe8-ba7d431fb44a-20,8f4b6233-cc77-4763-abe8-ba7d431fb44a,20,PROD004,240,Each,Active,96000,USD
8f4b6233-cc77-4763-abe8-ba7d431fb44a-30,8f4b6233-cc77-4763-abe8-ba7d431fb44a,30,PROD007,170,Each,Active,51000,USD
7e71d0e6-abed-4e80-92f0-0bf55b2023a1-10,7e71d0e6-abed-4e80-92f0-0bf55b2023a1,10,PROD003,100,Each,Active,120000,USD
7e71d0e6-abed-4e80-92f0-0bf55b2023a1-20,7e71d0e6-abed-4e80-92f0-0bf55b2023a1,20,PROD007,240,Each,Active,72000,USD
7e71d0e6-abed-4e80-92f0-0bf55b2023a1-30,7e71d0e6-abed-4e80-92f0-0bf55b2023a1,30,PROD004,140,Each,Active,56000,USD
b260d287-30b5-4f2a-b020-755a10a30450-10,b260d287-30b5-4f2a-b020-755a10a30450,10,PROD001,150,Each,Active,135000,USD
0397c7e4-dbdd-422d-b1f9-4d77a3575652-10,0397c7e4-dbdd-422d-b1f9-4d77a3575652,10,PROD003,490,Each,Active,588000,USD
e1b72d26-6cee-4e67-815f-60f11ceea993-10,e1b72d26-6cee-4e67-815f-60f11ceea993,10,PROD003,100,Each,Active,120000,USD
e1b72d26-6cee-4e67-815f-60f11ceea993-20,e1b72d26-6cee-4e67-815f-60f11ceea993,20,PROD004,450,Each,Active,180000,USD
8c161fd7-c736-4d6e-af16-ced8ad00c0fa-10,8c161fd7-c736-4d6e-af16-ced8ad00c0fa,10,PROD002,180,Each,Active,180000,USD
8c161fd7-c736-4d6e-af16-ced8ad00c0fa-20,8c161fd7-c736-4d6e-af16-ced8ad00c0fa,20,PROD007,300,Each,Active,90000,USD
2e404ae3-100b-44a0-b262-cd10f95b9cf0-10,2e404ae3-100b-44a0-b262-cd10f95b9cf0,10,PROD006,310,Each,Active,248000,USD
2e404ae3-100b-44a0-b262-cd10f95b9cf0-20,2e404ae3-100b-44a0-b262-cd10f95b9cf0,20,PROD004,350,Each,Active,140000,USD
2e404ae3-100b-44a0-b262-cd10f95b9cf0-30,2e404ae3-100b-44a0-b262-cd10f95b9cf0,30,PROD007,210,Each,Active,63000,USD
bbc3351e-674d-48aa-8b10-53f011961100-10,bbc3351e-674d-48aa-8b10-53f011961100,10,PROD002,310,Each,Active,310000,USD
bbc3351e-674d-48aa-8b10-53f011961100-20,bbc3351e-674d-48aa-8b10-53f011961100,20,PROD004,360,Each,Active,144000,USD
47ec541c-dfae-451f-9a77-4cd6b30959d6-10,47ec541c-dfae-451f-9a77-4cd6b30959d6,10,PROD007,190,Each,Active,57000,USD
fe952ab4-3319-4b0d-99ae-2e828fbe4d28-10,fe952ab4-3319-4b0d-99ae-2e828fbe4d28,10,PROD007,330,Each,Active,99000,USD
fe952ab4-3319-4b0d-99ae-2e828fbe4d28-20,fe952ab4-3319-4b0d-99ae-2e828fbe4d28,20,PROD001,480,Each,Active,432000,USD
fe952ab4-3319-4b0d-99ae-2e828fbe4d28-30,fe952ab4-3319-4b0d-99ae-2e828fbe4d28,30,PROD008,130,Each,Active,52000,USD
9e163d3b-4cf9-4cb2-bb94-1e21be36dccf-10,9e163d3b-4cf9-4cb2-bb94-1e21be36dccf,10,PROD001,260,Each,Active,234000,USD
9e163d3b-4cf9-4cb2-bb94-1e21be36dccf-20,9e163d3b-4cf9-4cb2-bb94-1e21be36dccf,20,PROD002,50,Each,Active,50000,USD
9e163d3b-4cf9-4cb2-bb94-1e21be36dccf-30,9e163d3b-4cf9-4cb2-bb94-1e21be36dccf,30,PROD007,430,Each,Active,129000,USD
7c958d7c-98cb-47e5-aee0-f661beb54edb-10,7c958d7c-98cb-47e5-aee0-f661beb54edb,10,PROD006,60,Each,Active,48000,USD
37b675de-ea82-4d9b-a3e7-e106666b6f2a-10,37b675de-ea82-4d9b-a3e7-e106666b6f2a,10,PROD007,130,Each,Active,39000,USD
37b675de-ea82-4d9b-a3e7-e106666b6f2a-20,37b675de-ea82-4d9b-a3e7-e106666b6f2a,20,PROD005,340,Each,Active,204000,USD
14d650c6-24a2-4cc7-9da5-88f5f4c4f433-10,14d650c6-24a2-4cc7-9da5-88f5f4c4f433,10,PROD009,300,Each,Active,150000,USD
2569cd0f-ee6c-4192-8a00-32a232ec698c-10,2569cd0f-ee6c-4192-8a00-32a232ec698c,10,PROD004,160,Each,Active,64000,USD
2569cd0f-ee6c-4192-8a00-32a232ec698c-20,2569cd0f-ee6c-4192-8a00-32a232ec698c,20,PROD003,430,Each,Active,516000,USD
2569cd0f-ee6c-4192-8a00-32a232ec698c-30,2569cd0f-ee6c-4192-8a00-32a232ec698c,30,PROD001,480,Each,Active,432000,USD
63b1af85-c99c-4a91-a6fe-b581570b4265-10,63b1af85-c99c-4a91-a6fe-b581570b4265,10,PROD006,290,Each,Active,232000,USD
63b1af85-c99c-4a91-a6fe-b581570b4265-20,63b1af85-c99c-4a91-a6fe-b581570b4265,20,PROD008,260,Each,Active,104000,USD
63b1af85-c99c-4a91-a6fe-b581570b4265-30,63b1af85-c99c-4a91-a6fe-b581570b4265,30,PROD001,190,Each,Active,171000,USD
851449eb-a4a1-4da1-a006-a9a9e13fc6d2-10,851449eb-a4a1-4da1-a006-a9a9e13fc6d2,10,PROD007,270,Each,Active,81000,USD
30a33409-844d-43ba-bde0-2c5006b493a0-10,30a33409-844d-43ba-bde0-2c5006b493a0,10,PROD007,500,Each,Active,150000,USD
30a33409-844d-43ba-bde0-2c5006b493a0-20,30a33409-844d-43ba-bde0-2c5006b493a0,20,PROD003,180,Each,Active,216000,USD
a8d6e85c-fced-4838-90a4-ed452555c219-10,a8d6e85c-fced-4838-90a4-ed452555c219,10,PROD001,140,Each,Active,126000,USD
a8d6e85c-fced-4838-90a4-ed452555c219-20,a8d6e85c-fced-4838-90a4-ed452555c219,20,PROD009,70,Each,Active,35000,USD
2aa6d402-fa3b-4e26-85a9-49c473b01825-10,2aa6d402-fa3b-4e26-85a9-49c473b01825,10,PROD002,110,Each,Active,110000,USD
8fdf47c1-c705-4705-924f-bc1c4d668511-10,8fdf47c1-c705-4705-924f-bc1c4d668511,10,PROD001,130,Each,Active,117000,USD
ba587a08-7029-4dc5-85d5-c2fe16731663-10,ba587a08-7029-4dc5-85d5-c2fe16731663,10,PROD009,150,Each,Active,75000,USD
ba587a08-7029-4dc5-85d5-c2fe16731663-20,ba587a08-7029-4dc5-85d5-c2fe16731663,20,PROD002,230,Each,Active,230000,USD
cdba8303-d6a1-47d8-bc89-fa8c14ac09a1-10,cdba8303-d6a1-47d8-bc89-fa8c14ac09a1,10,PROD005,450,Each,Active,270000,USD
cdba8303-d6a1-47d8-bc89-fa8c14ac09a1-20,cdba8303-d6a1-47d8-bc89-fa8c14ac09a1,20,PROD006,400,Each,Active,320000,USD
709c2e3b-9281-4b49-af67-5fec9bc94c59-10,709c2e3b-9281-4b49-af67-5fec9bc94c59,10,PROD003,380,Each,Active,456000,USD
15ae11cd-b0d9-42ef-880f-bbbe62f27edd-10,15ae11cd-b0d9-42ef-880f-bbbe62f27edd,10,PROD001,50,Each,Active,45000,USD
a8b43a00-5abb-44fa-8b0c-53d548adb4e9-10,a8b43a00-5abb-44fa-8b0c-53d548adb4e9,10,PROD003,300,Each,Active,360000,USD
26128620-56e0-46db-99ee-140dd2103e11-10,26128620-56e0-46db-99ee-140dd2103e11,10,PROD008,260,Each,Active,104000,USD
b01f0d76-b7df-49ac-aff8-909e4ee39f25-10,b01f0d76-b7df-49ac-aff8-909e4ee39f25,10,PROD001,230,Each,Active,207000,USD
866e53c5-b708-4ed2-9ec4-7cf7991b40fe-10,866e53c5-b708-4ed2-9ec4-7cf7991b40fe,10,PROD007,140,Each,Active,42000,USD
866e53c5-b708-4ed2-9ec4-7cf7991b40fe-20,866e53c5-b708-4ed2-9ec4-7cf7991b40fe,20,PROD008,380,Each,Active,152000,USD
046d10b3-fed6-40e4-9e9d-0dee1ad70c38-10,046d10b3-fed6-40e4-9e9d-0dee1ad70c38,10,PROD007,340,Each,Active,102000,USD
046d10b3-fed6-40e4-9e9d-0dee1ad70c38-20,046d10b3-fed6-40e4-9e9d-0dee1ad70c38,20,PROD001,420,Each,Active,378000,USD
1af0265b-5d9d-46b6-80f0-c5a41d08719a-10,1af0265b-5d9d-46b6-80f0-c5a41d08719a,10,PROD006,380,Each,Active,304000,USD
1af0265b-5d9d-46b6-80f0-c5a41d08719a-20,1af0265b-5d9d-46b6-80f0-c5a41d08719a,20,PROD003,450,Each,Active,540000,USD
f54cfff7-2731-4c7c-9a7b-d69c2e62328b-10,f54cfff7-2731-4c7c-9a7b-d69c2e62328b,10,PROD002,80,Each,Active,80000,USD
46321dce-5013-4f83-88e3-3c54b25d1f04-10,46321dce-5013-4f83-88e3-3c54b25d1f04,10,PROD006,140,Each,Active,112000,USD
46321dce-5013-4f83-88e3-3c54b25d1f04-20,46321dce-5013-4f83-88e3-3c54b25d1f04,20,PROD009,410,Each,Active,205000,USD
3b36200c-3a3e-4418-888b-ab4f5bbb528a-10,3b36200c-3a3e-4418-888b-ab4f5bbb528a,10,PROD005,90,Each,Active,54000,USD
3b36200c-3a3e-4418-888b-ab4f5bbb528a-20,3b36200c-3a3e-4418-888b-ab4f5bbb528a,20,PROD002,390,Each,Active,390000,USD
4454ecba-81cb-47ba-b505-726ba9a61585-10,4454ecba-81cb-47ba-b505-726ba9a61585,10,PROD007,350,Each,Active,105000,USD
4454ecba-81cb-47ba-b505-726ba9a61585-20,4454ecba-81cb-47ba-b505-726ba9a61585,20,PROD009,80,Each,Active,40000,USD
ed9079bf-8c82-40e1-afd5-9c1454fe74f0-10,ed9079bf-8c82-40e1-afd5-9c1454fe74f0,10,PROD004,140,Each,Active,56000,USD
2a9f90a3-8c95-4d53-aabd-9f92d205fbfe-10,2a9f90a3-8c95-4d53-aabd-9f92d205fbfe,10,PROD007,350,Each,Active,105000,USD
2a9f90a3-8c95-4d53-aabd-9f92d205fbfe-20,2a9f90a3-8c95-4d53-aabd-9f92d205fbfe,20,PROD005,450,Each,Active,270000,USD
2a9f90a3-8c95-4d53-aabd-9f92d205fbfe-30,2a9f90a3-8c95-4d53-aabd-9f92d205fbfe,30,PROD006,380,Each,Active,304000,USD
d05bfb02-57d0-4e4b-a8b3-f3c93eee35a3-10,d05bfb02-57d0-4e4b-a8b3-f3c93eee35a3,10,PROD006,180,Each,Active,144000,USD
d05bfb02-57d0-4e4b-a8b3-f3c93eee35a3-20,d05bfb02-57d0-4e4b-a8b3-f3c93eee35a3,20,PROD001,240,Each,Active,216000,USD
fa90adcd-0832-478c-8c76-94784cd7353d-10,fa90adcd-0832-478c-8c76-94784cd7353d,10,PROD002,190,Each,Active,190000,USD
fa90adcd-0832-478c-8c76-94784cd7353d-20,fa90adcd-0832-478c-8c76-94784cd7353d,20,PROD004,490,Each,Active,196000,USD
fa90adcd-0832-478c-8c76-94784cd7353d-30,fa90adcd-0832-478c-8c76-94784cd7353d,30,PROD009,370,Each,Active,185000,USD
a81294ba-b213-4e09-89d0-b889aa42446b-10,a81294ba-b213-4e09-89d0-b889aa42446b,10,PROD002,290,Each,Active,290000,USD
a81294ba-b213-4e09-89d0-b889aa42446b-20,a81294ba-b213-4e09-89d0-b889aa42446b,20,PROD003,440,Each,Active,528000,USD
a81294ba-b213-4e09-89d0-b889aa42446b-30,a81294ba-b213-4e09-89d0-b889aa42446b,30,PROD009,90,Each,Active,45000,USD
d3d34d2f-95fa-4864-9757-c31447e82b6a-10,d3d34d2f-95fa-4864-9757-c31447e82b6a,10,PROD003,490,Each,Active,588000,USD
c234827d-abe6-4589-8b77-06233eecda27-10,c234827d-abe6-4589-8b77-06233eecda27,10,PROD004,490,Each,Active,196000,USD
138b4334-9bae-4b99-9383-bec5fecb44ee-10,138b4334-9bae-4b99-9383-bec5fecb44ee,10,PROD002,220,Each,Active,220000,USD
138b4334-9bae-4b99-9383-bec5fecb44ee-20,138b4334-9bae-4b99-9383-bec5fecb44ee,20,PROD004,140,Each,Active,56000,USD
138b4334-9bae-4b99-9383-bec5fecb44ee-30,138b4334-9bae-4b99-9383-bec5fecb44ee,30,PROD008,160,Each,Active,64000,USD
73ace292-900a-4661-82d5-c1a1ba83b99e-10,73ace292-900a-4661-82d5-c1a1ba83b99e,10,PROD009,470,Each,Active,235000,USD
73ace292-900a-4661-82d5-c1a1ba83b99e-20,73ace292-900a-4661-82d5-c1a1ba83b99e,20,PROD002,110,Each,Active,110000,USD
28feb364-f89b-4274-a41f-046caa68b32d-10,28feb364-f89b-4274-a41f-046caa68b32d,10,PROD006,260,Each,Active,208000,USD
28feb364-f89b-4274-a41f-046caa68b32d-20,28feb364-f89b-4274-a41f-046caa68b32d,20,PROD004,320,Each,Active,128000,USD
d55caf5a-0b14-4689-bf90-33b1d72502c9-10,d55caf5a-0b14-4689-bf90-33b1d72502c9,10,PROD006,70,Each,Active,56000,USD
d55caf5a-0b14-4689-bf90-33b1d72502c9-20,d55caf5a-0b14-4689-bf90-33b1d72502c9,20,PROD001,450,Each,Active,405000,USD
d55caf5a-0b14-4689-bf90-33b1d72502c9-30,d55caf5a-0b14-4689-bf90-33b1d72502c9,30,PROD009,190,Each,Active,95000,USD
000b0db1-7179-4751-b692-9271ea484383-10,000b0db1-7179-4751-b692-9271ea484383,10,PROD001,410,Each,Active,369000,USD
c6914003-3806-42b4-ba90-eabd736a0917-10,c6914003-3806-42b4-ba90-eabd736a0917,10,PROD003,420,Each,Active,504000,USD
d53bb26c-c7dc-4f6c-bdba-8199230c7102-10,d53bb26c-c7dc-4f6c-bdba-8199230c7102,10,PROD008,230,Each,Active,92000,USD
d53bb26c-c7dc-4f6c-bdba-8199230c7102-20,d53bb26c-c7dc-4f6c-bdba-8199230c7102,20,PROD001,90,Each,Active,81000,USD
d53bb26c-c7dc-4f6c-bdba-8199230c7102-30,d53bb26c-c7dc-4f6c-bdba-8199230c7102,30,PROD004,450,Each,Active,180000,USD
a68e75c4-89b7-499f-8078-efa84c32b889-10,a68e75c4-89b7-499f-8078-efa84c32b889,10,PROD001,200,Each,Active,180000,USD
b8db3771-eb5e-47bb-85a4-7d375deb5307-10,b8db3771-eb5e-47bb-85a4-7d375deb5307,10,PROD006,200,Each,Active,160000,USD
b8db3771-eb5e-47bb-85a4-7d375deb5307-20,b8db3771-eb5e-47bb-85a4-7d375deb5307,20,PROD004,110,Each,Active,44000,USD
6aa4a9cb-cfed-4f9f-ac49-34e082c4c52d-10,6aa4a9cb-cfed-4f9f-ac49-34e082c4c52d,10,PROD001,290,Each,Active,261000,USD
937f317c-9212-43f7-9c38-73b3017ea4ed-10,937f317c-9212-43f7-9c38-73b3017ea4ed,10,PROD007,450,Each,Active,135000,USD
4340257c-6749-4f5f-9da9-1e674a0e90c4-10,4340257c-6749-4f5f-9da9-1e674a0e90c4,10,PROD008,180,Each,Active,72000,USD
4340257c-6749-4f5f-9da9-1e674a0e90c4-20,4340257c-6749-4f5f-9da9-1e674a0e90c4,20,PROD009,200,Each,Active,100000,USD
ffff3f50-6e00-4940-b4f7-055ede7e00da-10,ffff3f50-6e00-4940-b4f7-055ede7e00da,10,PROD007,70,Each,Active,21000,USD
ffff3f50-6e00-4940-b4f7-055ede7e00da-20,ffff3f50-6e00-4940-b4f7-055ede7e00da,20,PROD004,80,Each,Active,32000,USD
5f7eebf2-9039-47a4-990a-dc25c71fe2f6-10,5f7eebf2-9039-47a4-990a-dc25c71fe2f6,10,PROD009,110,Each,Active,55000,USD
5f7eebf2-9039-47a4-990a-dc25c71fe2f6-20,5f7eebf2-9039-47a4-990a-dc25c71fe2f6,20,PROD006,140,Each,Active,112000,USD
bb1b07c0-681e-4ec5-991a-bd87809cabaf-10,bb1b07c0-681e-4ec5-991a-bd87809cabaf,10,PROD006,270,Each,Active,216000,USD
ce091b9b-542f-4b9a-b249-db1a0f22c00b-10,ce091b9b-542f-4b9a-b249-db1a0f22c00b,10,PROD006,150,Each,Active,120000,USD
754c517b-c865-4bb8-a809-5779c683f5d9-10,754c517b-c865-4bb8-a809-5779c683f5d9,10,PROD004,420,Each,Active,168000,USD
31f6c9db-0c6a-47d0-a6f0-908d51dc00b8-10,31f6c9db-0c6a-47d0-a6f0-908d51dc00b8,10,PROD001,90,Each,Active,81000,USD
31f6c9db-0c6a-47d0-a6f0-908d51dc00b8-20,31f6c9db-0c6a-47d0-a6f0-908d51dc00b8,20,PROD004,160,Each,Active,64000,USD
31f6c9db-0c6a-47d0-a6f0-908d51dc00b8-30,31f6c9db-0c6a-47d0-a6f0-908d51dc00b8,30,PROD008,250,Each,Active,100000,USD
a211157b-eb5c-42b8-962b-8a68b67ec5b3-10,a211157b-eb5c-42b8-962b-8a68b67ec5b3,10,PROD009,420,Each,Active,210000,USD
a211157b-eb5c-42b8-962b-8a68b67ec5b3-20,a211157b-eb5c-42b8-962b-8a68b67ec5b3,20,PROD006,250,Each,Active,200000,USD
a211157b-eb5c-42b8-962b-8a68b67ec5b3-30,a211157b-eb5c-42b8-962b-8a68b67ec5b3,30,PROD007,490,Each,Active,147000,USD
78be228b-99fc-452d-873f-b849ec0e6fb6-10,78be228b-99fc-452d-873f-b849ec0e6fb6,10,PROD009,440,Each,Active,220000,USD
78be228b-99fc-452d-873f-b849ec0e6fb6-20,78be228b-99fc-452d-873f-b849ec0e6fb6,20,PROD002,330,Each,Active,330000,USD
7f82131d-3aa4-42a2-aa55-abc6f87bd890-10,7f82131d-3aa4-42a2-aa55-abc6f87bd890,10,PROD005,310,Each,Active,186000,USD
7f82131d-3aa4-42a2-aa55-abc6f87bd890-20,7f82131d-3aa4-42a2-aa55-abc6f87bd890,20,PROD006,390,Each,Active,312000,USD
7f82131d-3aa4-42a2-aa55-abc6f87bd890-30,7f82131d-3aa4-42a2-aa55-abc6f87bd890,30,PROD002,340,Each,Active,340000,USD
4a64c2ca-a2c2-4ab3-a5de-c2fab42bcacc-10,4a64c2ca-a2c2-4ab3-a5de-c2fab42bcacc,10,PROD002,370,Each,Active,370000,USD
fe54d65c-8ef8-4042-afb3-0761bc6da3f8-10,fe54d65c-8ef8-4042-afb3-0761bc6da3f8,10,PROD001,70,Each,Active,63000,USD
fe54d65c-8ef8-4042-afb3-0761bc6da3f8-20,fe54d65c-8ef8-4042-afb3-0761bc6da3f8,20,PROD006,440,Each,Active,352000,USD
a7dedf04-faa5-4ba4-a590-659f374f26fd-10,a7dedf04-faa5-4ba4-a590-659f374f26fd,10,PROD008,180,Each,Active,72000,USD
a7dedf04-faa5-4ba4-a590-659f374f26fd-20,a7dedf04-faa5-4ba4-a590-659f374f26fd,20,PROD007,130,Each,Active,39000,USD
a7dedf04-faa5-4ba4-a590-659f374f26fd-30,a7dedf04-faa5-4ba4-a590-659f374f26fd,30,PROD004,340,Each,Active,136000,USD
4174dc13-ba84-4e89-9f07-a74eb2a0a617-10,4174dc13-ba84-4e89-9f07-a74eb2a0a617,10,PROD003,80,Each,Active,96000,USD
90aa9d7b-905f-46a0-ac52-79ece9193b48-10,90aa9d7b-905f-46a0-ac52-79ece9193b48,10,PROD007,70,Each,Active,21000,USD
90aa9d7b-905f-46a0-ac52-79ece9193b48-20,90aa9d7b-905f-46a0-ac52-79ece9193b48,20,PROD001,370,Each,Active,333000,USD
90aa9d7b-905f-46a0-ac52-79ece9193b48-30,90aa9d7b-905f-46a0-ac52-79ece9193b48,30,PROD005,150,Each,Active,90000,USD
47c88263-0655-4f62-b0c1-4afcccc9d9dc-10,47c88263-0655-4f62-b0c1-4afcccc9d9dc,10,PROD004,110,Each,Active,44000,USD
47c88263-0655-4f62-b0c1-4afcccc9d9dc-20,47c88263-0655-4f62-b0c1-4afcccc9d9dc,20,PROD002,410,Each,Active,410000,USD
98b12a1e-846c-4e90-ba06-7689fa159a35-10,98b12a1e-846c-4e90-ba06-7689fa159a35,10,PROD002,370,Each,Active,370000,USD
e4010ed8-55af-46e2-ae69-2326066ea0f4-10,e4010ed8-55af-46e2-ae69-2326066ea0f4,10,PROD004,440,Each,Active,176000,USD
e4010ed8-55af-46e2-ae69-2326066ea0f4-20,e4010ed8-55af-46e2-ae69-2326066ea0f4,20,PROD003,390,Each,Active,468000,USD
e4010ed8-55af-46e2-ae69-2326066ea0f4-30,e4010ed8-55af-46e2-ae69-2326066ea0f4,30,PROD007,250,Each,Active,75000,USD
46249fb8-5ef5-47ca-8aa9-356446cc4fd3-10,46249fb8-5ef5-47ca-8aa9-356446cc4fd3,10,PROD004,100,Each,Active,40000,USD
e8fa1a96-066a-4fbf-824d-0f7159cd9cf3-10,e8fa1a96-066a-4fbf-824d-0f7159cd9cf3,10,PROD009,430,Each,Active,215000,USD
e8fa1a96-066a-4fbf-824d-0f7159cd9cf3-20,e8fa1a96-066a-4fbf-824d-0f7159cd9cf3,20,PROD001,330,Each,Active,297000,USD
e8fa1a96-066a-4fbf-824d-0f7159cd9cf3-30,e8fa1a96-066a-4fbf-824d-0f7159cd9cf3,30,PROD002,160,Each,Active,160000,USD
1602a840-2903-4c6e-bc72-787a1e8a5e86-10,1602a840-2903-4c6e-bc72-787a1e8a5e86,10,PROD005,290,Each,Active,174000,USD
1602a840-2903-4c6e-bc72-787a1e8a5e86-20,1602a840-2903-4c6e-bc72-787a1e8a5e86,20,PROD004,480,Each,Active,192000,USD
1602a840-2903-4c6e-bc72-787a1e8a5e86-30,1602a840-2903-4c6e-bc72-787a1e8a5e86,30,PROD002,240,Each,Active,240000,USD
62b7f1b5-135f-4a56-9f69-b536d4744e50-10,62b7f1b5-135f-4a56-9f69-b536d4744e50,10,PROD003,470,Each,Active,564000,USD
62b7f1b5-135f-4a56-9f69-b536d4744e50-20,62b7f1b5-135f-4a56-9f69-b536d4744e50,20,PROD004,100,Each,Active,40000,USD
2ce3204e-a2d0-4ea3-a4e1-0cef3ec38d8c-10,2ce3204e-a2d0-4ea3-a4e1-0cef3ec38d8c,10,PROD008,220,Each,Active,88000,USD
2ce3204e-a2d0-4ea3-a4e1-0cef3ec38d8c-20,2ce3204e-a2d0-4ea3-a4e1-0cef3ec38d8c,20,PROD002,120,Each,Active,120000,USD
2ce3204e-a2d0-4ea3-a4e1-0cef3ec38d8c-30,2ce3204e-a2d0-4ea3-a4e1-0cef3ec38d8c,30,PROD006,460,Each,Active,368000,USD
3665861c-4008-47b2-9cb9-33ff4aebeee0-10,3665861c-4008-47b2-9cb9-33ff4aebeee0,10,PROD009,460,Each,Active,230000,USD
4d2acbb5-3177-476c-844b-472940ed8478-10,4d2acbb5-3177-476c-844b-472940ed8478,10,PROD002,220,Each,Active,220000,USD
4d2acbb5-3177-476c-844b-472940ed8478-20,4d2acbb5-3177-476c-844b-472940ed8478,20,PROD005,430,Each,Active,258000,USD
257d54d5-ea80-4c01-9b4e-5782c2613c75-10,257d54d5-ea80-4c01-9b4e-5782c2613c75,10,PROD009,140,Each,Active,70000,USD
257d54d5-ea80-4c01-9b4e-5782c2613c75-20,257d54d5-ea80-4c01-9b4e-5782c2613c75,20,PROD002,60,Each,Active,60000,USD
bd6be429-66b6-4008-b1a2-3da056325a13-10,bd6be429-66b6-4008-b1a2-3da056325a13,10,PROD007,210,Each,Active,63000,USD
bd6be429-66b6-4008-b1a2-3da056325a13-20,bd6be429-66b6-4008-b1a2-3da056325a13,20,PROD004,450,Each,Active,180000,USD
1a9194fd-2e3e-4ace-837d-d9f56ec20dd4-10,1a9194fd-2e3e-4ace-837d-d9f56ec20dd4,10,PROD003,490,Each,Active,588000,USD
d79fee61-6ebd-4ca5-800e-30d07d11f6d9-10,d79fee61-6ebd-4ca5-800e-30d07d11f6d9,10,PROD001,350,Each,Active,315000,USD
d79fee61-6ebd-4ca5-800e-30d07d11f6d9-20,d79fee61-6ebd-4ca5-800e-30d07d11f6d9,20,PROD002,240,Each,Active,240000,USD
f012d4e2-0f61-4769-8e96-fe620d4ec447-10,f012d4e2-0f61-4769-8e96-fe620d4ec447,10,PROD001,230,Each,Active,207000,USD
f012d4e2-0f61-4769-8e96-fe620d4ec447-20,f012d4e2-0f61-4769-8e96-fe620d4ec447,20,PROD007,410,Each,Active,123000,USD
af0901af-f02e-466a-a178-c5f4f19ee7b9-10,af0901af-f02e-466a-a178-c5f4f19ee7b9,10,PROD009,400,Each,Active,200000,USD
af0901af-f02e-466a-a178-c5f4f19ee7b9-20,af0901af-f02e-466a-a178-c5f4f19ee7b9,20,PROD003,200,Each,Active,240000,USD
49404c44-9271-43ab-b5f5-e1da622205bd-10,49404c44-9271-43ab-b5f5-e1da622205bd,10,PROD006,50,Each,Active,40000,USD
49404c44-9271-43ab-b5f5-e1da622205bd-20,49404c44-9271-43ab-b5f5-e1da622205bd,20,PROD009,130,Each,Active,65000,USD
74405002-bf46-46ff-b0e3-07a037851287-10,74405002-bf46-46ff-b0e3-07a037851287,10,PROD006,290,Each,Active,232000,USD
74405002-bf46-46ff-b0e3-07a037851287-20,74405002-bf46-46ff-b0e3-07a037851287,20,PROD007,250,Each,Active,75000,USD
734c3f29-a682-4a41-a95a-13a35136118a-10,734c3f29-a682-4a41-a95a-13a35136118a,10,PROD002,280,Each,Active,280000,USD
734c3f29-a682-4a41-a95a-13a35136118a-20,734c3f29-a682-4a41-a95a-13a35136118a,20,PROD004,270,Each,Active,108000,USD
734c3f29-a682-4a41-a95a-13a35136118a-30,734c3f29-a682-4a41-a95a-13a35136118a,30,PROD007,150,Each,Active,45000,USD
f5fa3cc4-5355-46d4-846b-853da3ef5e16-10,f5fa3cc4-5355-46d4-846b-853da3ef5e16,10,PROD007,300,Each,Active,90000,USD
f5fa3cc4-5355-46d4-846b-853da3ef5e16-20,f5fa3cc4-5355-46d4-846b-853da3ef5e16,20,PROD006,290,Each,Active,232000,USD
9ee6f23a-bbba-4a4e-ac5a-6bc3cd6b9cb7-10,9ee6f23a-bbba-4a4e-ac5a-6bc3cd6b9cb7,10,PROD004,490,Each,Active,196000,USD
9ee6f23a-bbba-4a4e-ac5a-6bc3cd6b9cb7-20,9ee6f23a-bbba-4a4e-ac5a-6bc3cd6b9cb7,20,PROD003,80,Each,Active,96000,USD
0ef57c52-765b-4cb8-9355-8647c050513e-10,0ef57c52-765b-4cb8-9355-8647c050513e,10,PROD009,320,Each,Active,160000,USD
0ef57c52-765b-4cb8-9355-8647c050513e-20,0ef57c52-765b-4cb8-9355-8647c050513e,20,PROD001,70,Each,Active,63000,USD
d8d21ea0-cbfe-4508-90bc-81ccf1a72861-10,d8d21ea0-cbfe-4508-90bc-81ccf1a72861,10,PROD001,260,Each,Active,234000,USD
d8d21ea0-cbfe-4508-90bc-81ccf1a72861-20,d8d21ea0-cbfe-4508-90bc-81ccf1a72861,20,PROD009,310,Each,Active,155000,USD
202a5a9d-2470-486f-acae-e26ac9b5cfe7-10,202a5a9d-2470-486f-acae-e26ac9b5cfe7,10,PROD001,370,Each,Active,333000,USD
202a5a9d-2470-486f-acae-e26ac9b5cfe7-20,202a5a9d-2470-486f-acae-e26ac9b5cfe7,20,PROD002,290,Each,Active,290000,USD
202a5a9d-2470-486f-acae-e26ac9b5cfe7-30,202a5a9d-2470-486f-acae-e26ac9b5cfe7,30,PROD009,420,Each,Active,210000,USD
a26f6d48-4b1b-4d6f-91f9-48d8c6c38b2f-10,a26f6d48-4b1b-4d6f-91f9-48d8c6c38b2f,10,PROD001,470,Each,Active,423000,USD
e9cb4219-157c-49c5-ba3f-61db6c2e5f9b-10,e9cb4219-157c-49c5-ba3f-61db6c2e5f9b,10,PROD004,280,Each,Active,112000,USD
e9cb4219-157c-49c5-ba3f-61db6c2e5f9b-20,e9cb4219-157c-49c5-ba3f-61db6c2e5f9b,20,PROD003,160,Each,Active,192000,USD
db7cf9b7-9fe4-48a1-a2b4-e26cc10a464a-10,db7cf9b7-9fe4-48a1-a2b4-e26cc10a464a,10,PROD005,290,Each,Active,174000,USD
db7cf9b7-9fe4-48a1-a2b4-e26cc10a464a-20,db7cf9b7-9fe4-48a1-a2b4-e26cc10a464a,20,PROD002,310,Each,Active,310000,USD
db7cf9b7-9fe4-48a1-a2b4-e26cc10a464a-30,db7cf9b7-9fe4-48a1-a2b4-e26cc10a464a,30,PROD001,390,Each,Active,351000,USD
c65f888b-e791-49ad-b451-5969550c26a5-10,c65f888b-e791-49ad-b451-5969550c26a5,10,PROD006,470,Each,Active,376000,USD
c65f888b-e791-49ad-b451-5969550c26a5-20,c65f888b-e791-49ad-b451-5969550c26a5,20,PROD008,350,Each,Active,140000,USD
c65f888b-e791-49ad-b451-5969550c26a5-30,c65f888b-e791-49ad-b451-5969550c26a5,30,PROD007,180,Each,Active,54000,USD
dadec67d-8c7a-4474-9389-a0f790ccb959-10,dadec67d-8c7a-4474-9389-a0f790ccb959,10,PROD002,380,Each,Active,380000,USD
8f27c2cf-5e1a-4bfc-88bb-e9123d6d3643-10,8f27c2cf-5e1a-4bfc-88bb-e9123d6d3643,10,PROD006,440,Each,Active,352000,USD
d81c923c-1455-4d9d-aa10-4a8002744ae4-10,d81c923c-1455-4d9d-aa10-4a8002744ae4,10,PROD008,70,Each,Active,28000,USD
d783193d-d03c-414d-9a0c-632e8ba376a3-10,d783193d-d03c-414d-9a0c-632e8ba376a3,10,PROD004,250,Each,Active,100000,USD
c95522f9-e4d2-41eb-8e72-9dbf4242d13c-10,c95522f9-e4d2-41eb-8e72-9dbf4242d13c,10,PROD002,200,Each,Active,200000,USD
c95522f9-e4d2-41eb-8e72-9dbf4242d13c-20,c95522f9-e4d2-41eb-8e72-9dbf4242d13c,20,PROD004,180,Each,Active,72000,USD
c95522f9-e4d2-41eb-8e72-9dbf4242d13c-30,c95522f9-e4d2-41eb-8e72-9dbf4242d13c,30,PROD008,400,Each,Active,160000,USD
055f26db-1896-4c84-9941-715b517ed955-10,055f26db-1896-4c84-9941-715b517ed955,10,PROD009,120,Each,Active,60000,USD
055f26db-1896-4c84-9941-715b517ed955-20,055f26db-1896-4c84-9941-715b517ed955,20,PROD002,180,Each,Active,180000,USD
8c7e8f35-ca88-48d1-b43a-4c0ddac5349b-10,8c7e8f35-ca88-48d1-b43a-4c0ddac5349b,10,PROD001,360,Each,Active,324000,USD
8c7e8f35-ca88-48d1-b43a-4c0ddac5349b-20,8c7e8f35-ca88-48d1-b43a-4c0ddac5349b,20,PROD006,310,Each,Active,248000,USD
60cbc109-7c01-4f82-a509-009618a2a68f-10,60cbc109-7c01-4f82-a509-009618a2a68f,10,PROD008,400,Each,Active,160000,USD
60cbc109-7c01-4f82-a509-009618a2a68f-20,60cbc109-7c01-4f82-a509-009618a2a68f,20,PROD002,80,Each,Active,80000,USD
22b0db4e-3081-43aa-a29a-b98c53431545-10,22b0db4e-3081-43aa-a29a-b98c53431545,10,PROD007,370,Each,Active,111000,USD
2c8f81ee-d2f1-4a52-bf40-45c8700d1666-10,2c8f81ee-d2f1-4a52-bf40-45c8700d1666,10,PROD007,160,Each,Active,48000,USD
2c8f81ee-d2f1-4a52-bf40-45c8700d1666-20,2c8f81ee-d2f1-4a52-bf40-45c8700d1666,20,PROD009,190,Each,Active,95000,USD
83486f44-b5fb-4928-ab9c-36a184f914a3-10,83486f44-b5fb-4928-ab9c-36a184f914a3,10,PROD005,340,Each,Active,204000,USD
83486f44-b5fb-4928-ab9c-36a184f914a3-20,83486f44-b5fb-4928-ab9c-36a184f914a3,20,PROD002,480,Each,Active,480000,USD
f0f8833a-a891-4ef3-ae1d-e01b9c43eb03-10,f0f8833a-a891-4ef3-ae1d-e01b9c43eb03,10,PROD005,270,Each,Active,162000,USD
f0f8833a-a891-4ef3-ae1d-e01b9c43eb03-20,f0f8833a-a891-4ef3-ae1d-e01b9c43eb03,20,PROD001,230,Each,Active,207000,USD
dd030689-85f1-4c5c-9697-0d51c494ae3a-10,dd030689-85f1-4c5c-9697-0d51c494ae3a,10,PROD002,130,Each,Active,130000,USD
dd030689-85f1-4c5c-9697-0d51c494ae3a-20,dd030689-85f1-4c5c-9697-0d51c494ae3a,20,PROD006,240,Each,Active,192000,USD
dd030689-85f1-4c5c-9697-0d51c494ae3a-30,dd030689-85f1-4c5c-9697-0d51c494ae3a,30,PROD007,360,Each,Active,108000,USD
370b3ab5-3053-43df-88c3-513b97ecca23-10,370b3ab5-3053-43df-88c3-513b97ecca23,10,PROD002,430,Each,Active,430000,USD
370b3ab5-3053-43df-88c3-513b97ecca23-20,370b3ab5-3053-43df-88c3-513b97ecca23,20,PROD003,460,Each,Active,552000,USD
0fee2188-6f00-4b59-8abb-c9ecacc2247f-10,0fee2188-6f00-4b59-8abb-c9ecacc2247f,10,PROD008,360,Each,Active,144000,USD
1f260d82-5b05-49a1-a330-8a111c2803d6-10,1f260d82-5b05-49a1-a330-8a111c2803d6,10,PROD002,470,Each,Active,470000,USD
78115d99-9333-41ad-a68d-91c76007552b-10,78115d99-9333-41ad-a68d-91c76007552b,10,PROD006,160,Each,Active,128000,USD
ff260041-9679-4675-b234-7b8a6608ec47-10,ff260041-9679-4675-b234-7b8a6608ec47,10,PROD001,170,Each,Active,153000,USD
9a156d27-beeb-4dc0-9a98-f9b4458ea802-10,9a156d27-beeb-4dc0-9a98-f9b4458ea802,10,PROD004,330,Each,Active,132000,USD
f97685f4-8991-4683-a1c8-406777602038-10,f97685f4-8991-4683-a1c8-406777602038,10,PROD007,430,Each,Active,129000,USD
f97685f4-8991-4683-a1c8-406777602038-20,f97685f4-8991-4683-a1c8-406777602038,20,PROD002,270,Each,Active,270000,USD
f97685f4-8991-4683-a1c8-406777602038-30,f97685f4-8991-4683-a1c8-406777602038,30,PROD005,430,Each,Active,258000,USD
00af4d20-8d7f-4966-bb59-d79a58a31d6a-10,00af4d20-8d7f-4966-bb59-d79a58a31d6a,10,PROD008,340,Each,Active,136000,USD
00af4d20-8d7f-4966-bb59-d79a58a31d6a-20,00af4d20-8d7f-4966-bb59-d79a58a31d6a,20,PROD002,90,Each,Active,90000,USD
00af4d20-8d7f-4966-bb59-d79a58a31d6a-30,00af4d20-8d7f-4966-bb59-d79a58a31d6a,30,PROD007,240,Each,Active,72000,USD
4de610c3-4aab-4999-ac55-57cf1a06494e-10,4de610c3-4aab-4999-ac55-57cf1a06494e,10,PROD008,50,Each,Active,20000,USD
4de610c3-4aab-4999-ac55-57cf1a06494e-20,4de610c3-4aab-4999-ac55-57cf1a06494e,20,PROD006,110,Each,Active,88000,USD
be8340fa-feb6-4335-8944-90d2e3e19e99-10,be8340fa-feb6-4335-8944-90d2e3e19e99,10,PROD007,370,Each,Active,111000,USD
737e2ca5-a0d2-4016-aaa1-b5ae706649ba-10,737e2ca5-a0d2-4016-aaa1-b5ae706649ba,10,PROD009,330,Each,Active,165000,USD
737e2ca5-a0d2-4016-aaa1-b5ae706649ba-20,737e2ca5-a0d2-4016-aaa1-b5ae706649ba,20,PROD007,390,Each,Active,117000,USD
737e2ca5-a0d2-4016-aaa1-b5ae706649ba-30,737e2ca5-a0d2-4016-aaa1-b5ae706649ba,30,PROD004,420,Each,Active,168000,USD
1cdcd5a2-c696-45a8-9402-fecf0189959d-10,1cdcd5a2-c696-45a8-9402-fecf0189959d,10,PROD004,310,Each,Active,124000,USD
e6e8c620-6272-4495-94d6-0bad325c65a8-10,e6e8c620-6272-4495-94d6-0bad325c65a8,10,PROD007,280,Each,Active,84000,USD
652d50db-3103-416f-b445-23eb908b1c95-10,652d50db-3103-416f-b445-23eb908b1c95,10,PROD001,370,Each,Active,333000,USD
652d50db-3103-416f-b445-23eb908b1c95-20,652d50db-3103-416f-b445-23eb908b1c95,20,PROD005,450,Each,Active,270000,USD
567e1d9c-cd89-4168-904a-d536a5d77733-10,567e1d9c-cd89-4168-904a-d536a5d77733,10,PROD007,80,Each,Active,24000,USD
ec3d7301-985f-452b-ae4c-50a2593842e3-10,ec3d7301-985f-452b-ae4c-50a2593842e3,10,PROD007,490,Each,Active,147000,USD
ec3d7301-985f-452b-ae4c-50a2593842e3-20,ec3d7301-985f-452b-ae4c-50a2593842e3,20,PROD004,450,Each,Active,180000,USD
6eceaced-137b-4e70-9e3e-c868657e8a1e-10,6eceaced-137b-4e70-9e3e-c868657e8a1e,10,PROD007,160,Each,Active,48000,USD
8c333a42-c086-4344-bbdb-8159e96c6d09-10,8c333a42-c086-4344-bbdb-8159e96c6d09,10,PROD005,380,Each,Active,228000,USD
8c333a42-c086-4344-bbdb-8159e96c6d09-20,8c333a42-c086-4344-bbdb-8159e96c6d09,20,PROD006,350,Each,Active,280000,USD
10e04085-bbad-46bf-896e-d5aea5875f75-10,10e04085-bbad-46bf-896e-d5aea5875f75,10,PROD008,60,Each,Active,24000,USD
10e04085-bbad-46bf-896e-d5aea5875f75-20,10e04085-bbad-46bf-896e-d5aea5875f75,20,PROD009,60,Each,Active,30000,USD
735a35fc-efc3-4d17-888f-3283fbced296-10,735a35fc-efc3-4d17-888f-3283fbced296,10,PROD002,390,Each,Active,390000,USD
735a35fc-efc3-4d17-888f-3283fbced296-20,735a35fc-efc3-4d17-888f-3283fbced296,20,PROD005,370,Each,Active,222000,USD
735a35fc-efc3-4d17-888f-3283fbced296-30,735a35fc-efc3-4d17-888f-3283fbced296,30,PROD003,430,Each,Active,516000,USD
572edd0a-4ef8-4716-8957-ae92f969d446-10,572edd0a-4ef8-4716-8957-ae92f969d446,10,PROD001,210,Each,Active,189000,USD
572edd0a-4ef8-4716-8957-ae92f969d446-20,572edd0a-4ef8-4716-8957-ae92f969d446,20,PROD009,340,Each,Active,170000,USD
572edd0a-4ef8-4716-8957-ae92f969d446-30,572edd0a-4ef8-4716-8957-ae92f969d446,30,PROD004,410,Each,Active,164000,USD
983b7b77-0b85-4ed0-9591-af13ba0dd732-10,983b7b77-0b85-4ed0-9591-af13ba0dd732,10,PROD006,350,Each,Active,280000,USD
983b7b77-0b85-4ed0-9591-af13ba0dd732-20,983b7b77-0b85-4ed0-9591-af13ba0dd732,20,PROD001,60,Each,Active,54000,USD
983b7b77-0b85-4ed0-9591-af13ba0dd732-30,983b7b77-0b85-4ed0-9591-af13ba0dd732,30,PROD002,220,Each,Active,220000,USD
7561ea95-253e-4786-af25-7077642bc253-10,7561ea95-253e-4786-af25-7077642bc253,10,PROD001,340,Each,Active,306000,USD
7561ea95-253e-4786-af25-7077642bc253-20,7561ea95-253e-4786-af25-7077642bc253,20,PROD002,260,Each,Active,260000,USD
7561ea95-253e-4786-af25-7077642bc253-30,7561ea95-253e-4786-af25-7077642bc253,30,PROD003,400,Each,Active,480000,USD
c6b52ee0-cf36-474b-a3e4-06f49a2f7171-10,c6b52ee0-cf36-474b-a3e4-06f49a2f7171,10,PROD001,200,Each,Active,180000,USD
c6b52ee0-cf36-474b-a3e4-06f49a2f7171-20,c6b52ee0-cf36-474b-a3e4-06f49a2f7171,20,PROD003,470,Each,Active,564000,USD
c6b52ee0-cf36-474b-a3e4-06f49a2f7171-30,c6b52ee0-cf36-474b-a3e4-06f49a2f7171,30,PROD008,270,Each,Active,108000,USD
b30836fb-e7a0-4fe4-b490-2c8965c48f71-10,b30836fb-e7a0-4fe4-b490-2c8965c48f71,10,PROD008,60,Each,Active,24000,USD
c3068085-8ebc-407e-a842-a9e664a9e7e9-10,c3068085-8ebc-407e-a842-a9e664a9e7e9,10,PROD003,300,Each,Active,360000,USD
c3068085-8ebc-407e-a842-a9e664a9e7e9-20,c3068085-8ebc-407e-a842-a9e664a9e7e9,20,PROD004,370,Each,Active,148000,USD
c3068085-8ebc-407e-a842-a9e664a9e7e9-30,c3068085-8ebc-407e-a842-a9e664a9e7e9,30,PROD009,470,Each,Active,235000,USD
c3d0feae-207f-4816-ab5b-fef28ab81800-10,c3d0feae-207f-4816-ab5b-fef28ab81800,10,PROD004,70,Each,Active,28000,USD
c3d0feae-207f-4816-ab5b-fef28ab81800-20,c3d0feae-207f-4816-ab5b-fef28ab81800,20,PROD001,310,Each,Active,279000,USD
af8652f4-d31e-4667-a083-4da5e1bc3bf5-10,af8652f4-d31e-4667-a083-4da5e1bc3bf5,10,PROD008,420,Each,Active,168000,USD
af8652f4-d31e-4667-a083-4da5e1bc3bf5-20,af8652f4-d31e-4667-a083-4da5e1bc3bf5,20,PROD002,290,Each,Active,290000,USD
19cebd61-3c86-4be6-ab81-b5aaffeef46a-10,19cebd61-3c86-4be6-ab81-b5aaffeef46a,10,PROD005,60,Each,Active,36000,USD
19cebd61-3c86-4be6-ab81-b5aaffeef46a-20,19cebd61-3c86-4be6-ab81-b5aaffeef46a,20,PROD009,120,Each,Active,60000,USD
2bd29de9-05b5-4f1e-a456-7a11aa0b46c7-10,2bd29de9-05b5-4f1e-a456-7a11aa0b46c7,10,PROD004,380,Each,Active,152000,USD
2bd29de9-05b5-4f1e-a456-7a11aa0b46c7-20,2bd29de9-05b5-4f1e-a456-7a11aa0b46c7,20,PROD006,70,Each,Active,56000,USD
34975bf2-36fa-4615-9e98-3494a40f22c0-10,34975bf2-36fa-4615-9e98-3494a40f22c0,10,PROD003,50,Each,Active,60000,USD
34975bf2-36fa-4615-9e98-3494a40f22c0-20,34975bf2-36fa-4615-9e98-3494a40f22c0,20,PROD002,330,Each,Active,330000,USD
34975bf2-36fa-4615-9e98-3494a40f22c0-30,34975bf2-36fa-4615-9e98-3494a40f22c0,30,PROD005,170,Each,Active,102000,USD
d28deb7d-3e3e-4d78-8c57-2177a4b7010c-10,d28deb7d-3e3e-4d78-8c57-2177a4b7010c,10,PROD002,100,Each,Active,100000,USD
d28deb7d-3e3e-4d78-8c57-2177a4b7010c-20,d28deb7d-3e3e-4d78-8c57-2177a4b7010c,20,PROD003,330,Each,Active,396000,USD
2e22d1d1-1c09-4166-80a9-4666ca4e4312-10,2e22d1d1-1c09-4166-80a9-4666ca4e4312,10,PROD007,420,Each,Active,126000,USD
2e22d1d1-1c09-4166-80a9-4666ca4e4312-20,2e22d1d1-1c09-4166-80a9-4666ca4e4312,20,PROD006,280,Each,Active,224000,USD
2e22d1d1-1c09-4166-80a9-4666ca4e4312-30,2e22d1d1-1c09-4166-80a9-4666ca4e4312,30,PROD004,340,Each,Active,136000,USD
d66e55bc-1c7a-4d9b-a2c7-8a7cd96d0512-10,d66e55bc-1c7a-4d9b-a2c7-8a7cd96d0512,10,PROD003,200,Each,Active,240000,USD
d66e55bc-1c7a-4d9b-a2c7-8a7cd96d0512-20,d66e55bc-1c7a-4d9b-a2c7-8a7cd96d0512,20,PROD001,220,Each,Active,198000,USD
2599b773-d374-4374-ba37-e48412aa8754-10,2599b773-d374-4374-ba37-e48412aa8754,10,PROD005,430,Each,Active,258000,USD
2599b773-d374-4374-ba37-e48412aa8754-20,2599b773-d374-4374-ba37-e48412aa8754,20,PROD004,360,Each,Active,144000,USD
2599b773-d374-4374-ba37-e48412aa8754-30,2599b773-d374-4374-ba37-e48412aa8754,30,PROD009,190,Each,Active,95000,USD
05f0bc68-0726-4b22-aa3b-bd0d7ba6c9a0-10,05f0bc68-0726-4b22-aa3b-bd0d7ba6c9a0,10,PROD009,220,Each,Active,110000,USD
b56af681-e55b-4b26-8db0-1442c56c0fbc-10,b56af681-e55b-4b26-8db0-1442c56c0fbc,10,PROD002,460,Each,Active,460000,USD
ee9f5050-e22d-47e9-9385-4f89ccebd8b4-10,ee9f5050-e22d-47e9-9385-4f89ccebd8b4,10,PROD007,310,Each,Active,93000,USD
87795383-6d67-4f29-ac26-286f14ea0028-10,87795383-6d67-4f29-ac26-286f14ea0028,10,PROD008,410,Each,Active,164000,USD
87795383-6d67-4f29-ac26-286f14ea0028-20,87795383-6d67-4f29-ac26-286f14ea0028,20,PROD004,90,Each,Active,36000,USD
87795383-6d67-4f29-ac26-286f14ea0028-30,87795383-6d67-4f29-ac26-286f14ea0028,30,PROD002,80,Each,Active,80000,USD
258ff22e-69fb-4072-910d-ff73c8e39e27-10,258ff22e-69fb-4072-910d-ff73c8e39e27,10,PROD001,270,Each,Active,243000,USD
42bfbd87-7b4e-41e9-8da7-1d3c90f18c91-10,42bfbd87-7b4e-41e9-8da7-1d3c90f18c91,10,PROD001,180,Each,Active,162000,USD
40fd8302-b316-4358-b36a-7972ce0d6d0a-10,40fd8302-b316-4358-b36a-7972ce0d6d0a,10,PROD001,340,Each,Active,306000,USD
40fd8302-b316-4358-b36a-7972ce0d6d0a-20,40fd8302-b316-4358-b36a-7972ce0d6d0a,20,PROD005,430,Each,Active,258000,USD
40fd8302-b316-4358-b36a-7972ce0d6d0a-30,40fd8302-b316-4358-b36a-7972ce0d6d0a,30,PROD004,140,Each,Active,56000,USD
2d10083f-0cf1-4e7b-9e36-375b475f86d2-10,2d10083f-0cf1-4e7b-9e36-375b475f86d2,10,PROD001,410,Each,Active,369000,USD
2d10083f-0cf1-4e7b-9e36-375b475f86d2-20,2d10083f-0cf1-4e7b-9e36-375b475f86d2,20,PROD005,130,Each,Active,78000,USD
2d10083f-0cf1-4e7b-9e36-375b475f86d2-30,2d10083f-0cf1-4e7b-9e36-375b475f86d2,30,PROD006,400,Each,Active,320000,USD
d6b06c2a-4836-4fc7-a89c-00642462c0fb-10,d6b06c2a-4836-4fc7-a89c-00642462c0fb,10,PROD004,410,Each,Active,164000,USD
23f6bd34-e42c-43f9-ab13-1f986df2aff2-10,23f6bd34-e42c-43f9-ab13-1f986df2aff2,10,PROD005,460,Each,Active,276000,USD
23f6bd34-e42c-43f9-ab13-1f986df2aff2-20,23f6bd34-e42c-43f9-ab13-1f986df2aff2,20,PROD009,230,Each,Active,115000,USD
23f6bd34-e42c-43f9-ab13-1f986df2aff2-30,23f6bd34-e42c-43f9-ab13-1f986df2aff2,30,PROD006,390,Each,Active,312000,USD
add3164c-b0f9-4b22-a6a4-8e2c8e275fd6-10,add3164c-b0f9-4b22-a6a4-8e2c8e275fd6,10,PROD003,200,Each,Active,240000,USD
2d95d843-92d5-4829-8e87-8aac9672ce29-10,2d95d843-92d5-4829-8e87-8aac9672ce29,10,PROD004,390,Each,Active,156000,USD
2d95d843-92d5-4829-8e87-8aac9672ce29-20,2d95d843-92d5-4829-8e87-8aac9672ce29,20,PROD002,110,Each,Active,110000,USD
2d95d843-92d5-4829-8e87-8aac9672ce29-30,2d95d843-92d5-4829-8e87-8aac9672ce29,30,PROD008,470,Each,Active,188000,USD
c8923c36-653d-4ddb-8cb3-a978901eee20-10,c8923c36-653d-4ddb-8cb3-a978901eee20,10,PROD007,300,Each,Active,90000,USD
c8923c36-653d-4ddb-8cb3-a978901eee20-20,c8923c36-653d-4ddb-8cb3-a978901eee20,20,PROD003,210,Each,Active,252000,USD
09c97265-2eec-4cee-a0dc-4fa9e69a50e2-10,09c97265-2eec-4cee-a0dc-4fa9e69a50e2,10,PROD008,450,Each,Active,180000,USD
09c97265-2eec-4cee-a0dc-4fa9e69a50e2-20,09c97265-2eec-4cee-a0dc-4fa9e69a50e2,20,PROD002,250,Each,Active,250000,USD
58c99ff8-1846-4015-aa78-c408ec470fc0-10,58c99ff8-1846-4015-aa78-c408ec470fc0,10,PROD003,500,Each,Active,600000,USD
58c99ff8-1846-4015-aa78-c408ec470fc0-20,58c99ff8-1846-4015-aa78-c408ec470fc0,20,PROD008,50,Each,Active,20000,USD
58c99ff8-1846-4015-aa78-c408ec470fc0-30,58c99ff8-1846-4015-aa78-c408ec470fc0,30,PROD002,480,Each,Active,480000,USD
dfb0961c-0333-4fab-8d09-7c03c5726e21-10,dfb0961c-0333-4fab-8d09-7c03c5726e21,10,PROD007,320,Each,Active,96000,USD
ca078ded-f58a-42b6-82d4-46f28bc54de5-10,ca078ded-f58a-42b6-82d4-46f28bc54de5,10,PROD007,130,Each,Active,39000,USD
ca078ded-f58a-42b6-82d4-46f28bc54de5-20,ca078ded-f58a-42b6-82d4-46f28bc54de5,20,PROD001,460,Each,Active,414000,USD
ca078ded-f58a-42b6-82d4-46f28bc54de5-30,ca078ded-f58a-42b6-82d4-46f28bc54de5,30,PROD002,110,Each,Active,110000,USD
66d0a612-8ee8-4f0b-a957-945def7aa0cf-10,66d0a612-8ee8-4f0b-a957-945def7aa0cf,10,PROD009,180,Each,Active,90000,USD
feb0a1b4-a05b-4f8d-8fdb-7c42d9ec33f4-10,feb0a1b4-a05b-4f8d-8fdb-7c42d9ec33f4,10,PROD001,130,Each,Active,117000,USD
feb0a1b4-a05b-4f8d-8fdb-7c42d9ec33f4-20,feb0a1b4-a05b-4f8d-8fdb-7c42d9ec33f4,20,PROD008,480,Each,Active,192000,USD
feb0a1b4-a05b-4f8d-8fdb-7c42d9ec33f4-30,feb0a1b4-a05b-4f8d-8fdb-7c42d9ec33f4,30,PROD003,210,Each,Active,252000,USD
ec6addd9-2c25-4bdb-b235-d8c3e91de7f4-10,ec6addd9-2c25-4bdb-b235-d8c3e91de7f4,10,PROD001,490,Each,Active,441000,USD
ec6addd9-2c25-4bdb-b235-d8c3e91de7f4-20,ec6addd9-2c25-4bdb-b235-d8c3e91de7f4,20,PROD009,410,Each,Active,205000,USD
ec6addd9-2c25-4bdb-b235-d8c3e91de7f4-30,ec6addd9-2c25-4bdb-b235-d8c3e91de7f4,30,PROD007,290,Each,Active,87000,USD
adc9cb8f-be7a-4b71-9a91-cf2def727817-10,adc9cb8f-be7a-4b71-9a91-cf2def727817,10,PROD004,140,Each,Active,56000,USD
adc9cb8f-be7a-4b71-9a91-cf2def727817-20,adc9cb8f-be7a-4b71-9a91-cf2def727817,20,PROD007,440,Each,Active,132000,USD
90ef8d89-90d4-41a1-94ea-473cf88f2079-10,90ef8d89-90d4-41a1-94ea-473cf88f2079,10,PROD003,220,Each,Active,264000,USD
2f98fafa-a5a0-4c95-ae85-012c4675e24b-10,2f98fafa-a5a0-4c95-ae85-012c4675e24b,10,PROD005,240,Each,Active,144000,USD
2f98fafa-a5a0-4c95-ae85-012c4675e24b-20,2f98fafa-a5a0-4c95-ae85-012c4675e24b,20,PROD002,390,Each,Active,390000,USD
2f98fafa-a5a0-4c95-ae85-012c4675e24b-30,2f98fafa-a5a0-4c95-ae85-012c4675e24b,30,PROD006,310,Each,Active,248000,USD
84d693fc-826d-46b5-85c5-2a2b99f140e9-10,84d693fc-826d-46b5-85c5-2a2b99f140e9,10,PROD009,220,Each,Active,110000,USD
2d091bc4-bab2-43ed-8ea5-b172f8cb953d-10,2d091bc4-bab2-43ed-8ea5-b172f8cb953d,10,PROD003,480,Each,Active,576000,USD
2d091bc4-bab2-43ed-8ea5-b172f8cb953d-20,2d091bc4-bab2-43ed-8ea5-b172f8cb953d,20,PROD005,400,Each,Active,240000,USD
2d091bc4-bab2-43ed-8ea5-b172f8cb953d-30,2d091bc4-bab2-43ed-8ea5-b172f8cb953d,30,PROD004,340,Each,Active,136000,USD
d8d94d21-b1d2-4577-96f4-e1ce02c5f88c-10,d8d94d21-b1d2-4577-96f4-e1ce02c5f88c,10,PROD001,400,Each,Active,360000,USD
d8d94d21-b1d2-4577-96f4-e1ce02c5f88c-20,d8d94d21-b1d2-4577-96f4-e1ce02c5f88c,20,PROD006,470,Each,Active,376000,USD
d8d94d21-b1d2-4577-96f4-e1ce02c5f88c-30,d8d94d21-b1d2-4577-96f4-e1ce02c5f88c,30,PROD007,260,Each,Active,78000,USD
e05e8d9a-8027-40d1-ba8c-0efa7185875d-10,e05e8d9a-8027-40d1-ba8c-0efa7185875d,10,PROD001,400,Each,Active,360000,USD
e05e8d9a-8027-40d1-ba8c-0efa7185875d-20,e05e8d9a-8027-40d1-ba8c-0efa7185875d,20,PROD007,350,Each,Active,105000,USD
e05e8d9a-8027-40d1-ba8c-0efa7185875d-30,e05e8d9a-8027-40d1-ba8c-0efa7185875d,30,PROD004,50,Each,Active,20000,USD
b7315bfe-5366-4201-8f62-38737ba00c93-10,b7315bfe-5366-4201-8f62-38737ba00c93,10,PROD002,450,Each,Active,450000,USD
a58a8b8b-33ae-471a-b94f-c09d274679ad-10,a58a8b8b-33ae-471a-b94f-c09d274679ad,10,PROD003,140,Each,Active,168000,USD
b64633bd-20f0-4605-ac51-bb8f02c32db7-10,b64633bd-20f0-4605-ac51-bb8f02c32db7,10,PROD009,250,Each,Active,125000,USD
b64633bd-20f0-4605-ac51-bb8f02c32db7-20,b64633bd-20f0-4605-ac51-bb8f02c32db7,20,PROD008,500,Each,Active,200000,USD
ab4c87f9-d928-4262-bdf6-b662b90e6481-10,ab4c87f9-d928-4262-bdf6-b662b90e6481,10,PROD004,400,Each,Active,160000,USD
ab4c87f9-d928-4262-bdf6-b662b90e6481-20,ab4c87f9-d928-4262-bdf6-b662b90e6481,20,PROD006,450,Each,Active,360000,USD
74588139-a812-4148-a0f4-3b19f9dd84e5-10,74588139-a812-4148-a0f4-3b19f9dd84e5,10,PROD008,80,Each,Active,32000,USD
74588139-a812-4148-a0f4-3b19f9dd84e5-20,74588139-a812-4148-a0f4-3b19f9dd84e5,20,PROD006,90,Each,Active,72000,USD
e03909d5-efcd-4abb-bf45-92cb6aef9adf-10,e03909d5-efcd-4abb-bf45-92cb6aef9adf,10,PROD009,200,Each,Active,100000,USD
36e6a95f-3c85-4d38-852c-34b357a3f8ce-10,36e6a95f-3c85-4d38-852c-34b357a3f8ce,10,PROD009,460,Each,Active,230000,USD
93f63aee-82d8-48fb-9d22-c08f6ecb44ab-10,93f63aee-82d8-48fb-9d22-c08f6ecb44ab,10,PROD005,90,Each,Active,54000,USD
93f63aee-82d8-48fb-9d22-c08f6ecb44ab-20,93f63aee-82d8-48fb-9d22-c08f6ecb44ab,20,PROD003,400,Each,Active,480000,USD
6fecee88-1754-42ff-af2b-2f6c8b83b8dd-10,6fecee88-1754-42ff-af2b-2f6c8b83b8dd,10,PROD003,490,Each,Active,588000,USD
e47f7a4b-ef16-4e13-8238-675226d327a4-10,e47f7a4b-ef16-4e13-8238-675226d327a4,10,PROD006,240,Each,Active,192000,USD
e47f7a4b-ef16-4e13-8238-675226d327a4-20,e47f7a4b-ef16-4e13-8238-675226d327a4,20,PROD003,220,Each,Active,264000,USD
e37771ab-15a8-4c37-85d3-3bc2b25b820e-10,e37771ab-15a8-4c37-85d3-3bc2b25b820e,10,PROD006,390,Each,Active,312000,USD
e37771ab-15a8-4c37-85d3-3bc2b25b820e-20,e37771ab-15a8-4c37-85d3-3bc2b25b820e,20,PROD003,220,Each,Active,264000,USD
83dda456-ec92-4b20-9b16-6553660cc40b-10,83dda456-ec92-4b20-9b16-6553660cc40b,10,PROD004,260,Each,Active,104000,USD
a14449d2-815c-49ee-9d1a-500364b17252-10,a14449d2-815c-49ee-9d1a-500364b17252,10,PROD005,380,Each,Active,228000,USD
a14449d2-815c-49ee-9d1a-500364b17252-20,a14449d2-815c-49ee-9d1a-500364b17252,20,PROD009,460,Each,Active,230000,USD
3192a3dc-16e7-41e7-afd4-f1ad0795162a-10,3192a3dc-16e7-41e7-afd4-f1ad0795162a,10,PROD005,150,Each,Active,90000,USD
3192a3dc-16e7-41e7-afd4-f1ad0795162a-20,3192a3dc-16e7-41e7-afd4-f1ad0795162a,20,PROD006,300,Each,Active,240000,USD
9bbfe64d-dbe0-4187-b8c8-14fe0c4a4ecd-10,9bbfe64d-dbe0-4187-b8c8-14fe0c4a4ecd,10,PROD005,190,Each,Active,114000,USD
56a09d4b-a6a1-4a67-8f66-01c3deb7284c-10,56a09d4b-a6a1-4a67-8f66-01c3deb7284c,10,PROD009,60,Each,Active,30000,USD
56a09d4b-a6a1-4a67-8f66-01c3deb7284c-20,56a09d4b-a6a1-4a67-8f66-01c3deb7284c,20,PROD003,230,Each,Active,276000,USD
b1ba930c-e857-4e35-add8-6ce006545ebf-10,b1ba930c-e857-4e35-add8-6ce006545ebf,10,PROD009,440,Each,Active,220000,USD
b1ba930c-e857-4e35-add8-6ce006545ebf-20,b1ba930c-e857-4e35-add8-6ce006545ebf,20,PROD006,70,Each,Active,56000,USD
88cbf6aa-7fb5-4f3b-97bd-0887b430f4de-10,88cbf6aa-7fb5-4f3b-97bd-0887b430f4de,10,PROD008,230,Each,Active,92000,USD
42c1c59d-df76-4aef-a5c7-7e0a59908147-10,42c1c59d-df76-4aef-a5c7-7e0a59908147,10,PROD007,320,Each,Active,96000,USD
42c1c59d-df76-4aef-a5c7-7e0a59908147-20,42c1c59d-df76-4aef-a5c7-7e0a59908147,20,PROD008,350,Each,Active,140000,USD
42c1c59d-df76-4aef-a5c7-7e0a59908147-30,42c1c59d-df76-4aef-a5c7-7e0a59908147,30,PROD009,50,Each,Active,25000,USD
e83d78a2-3dbe-47e0-afb8-3efa3918d934-10,e83d78a2-3dbe-47e0-afb8-3efa3918d934,10,PROD001,390,Each,Active,351000,USD
c0092c7c-7c87-45f2-9a7d-c8219c897fb1-10,c0092c7c-7c87-45f2-9a7d-c8219c897fb1,10,PROD007,90,Each,Active,27000,USD
c0092c7c-7c87-45f2-9a7d-c8219c897fb1-20,c0092c7c-7c87-45f2-9a7d-c8219c897fb1,20,PROD004,230,Each,Active,92000,USD
a16fe29d-c3d4-46c1-bd52-7785accec947-10,a16fe29d-c3d4-46c1-bd52-7785accec947,10,PROD003,130,Each,Active,156000,USD
a16fe29d-c3d4-46c1-bd52-7785accec947-20,a16fe29d-c3d4-46c1-bd52-7785accec947,20,PROD006,190,Each,Active,152000,USD
a16fe29d-c3d4-46c1-bd52-7785accec947-30,a16fe29d-c3d4-46c1-bd52-7785accec947,30,PROD009,230,Each,Active,115000,USD
8d12a0ef-7cc6-4ab8-b4cc-4231d7611fa4-10,8d12a0ef-7cc6-4ab8-b4cc-4231d7611fa4,10,PROD003,70,Each,Active,84000,USD
8d12a0ef-7cc6-4ab8-b4cc-4231d7611fa4-20,8d12a0ef-7cc6-4ab8-b4cc-4231d7611fa4,20,PROD001,70,Each,Active,63000,USD
8d12a0ef-7cc6-4ab8-b4cc-4231d7611fa4-30,8d12a0ef-7cc6-4ab8-b4cc-4231d7611fa4,30,PROD008,310,Each,Active,124000,USD
3880c085-c2cd-435b-b330-559e9ef56aab-10,3880c085-c2cd-435b-b330-559e9ef56aab,10,PROD001,150,Each,Active,135000,USD
d1603c56-bada-46a3-80d2-2eadc73f44dd-10,d1603c56-bada-46a3-80d2-2eadc73f44dd,10,PROD001,470,Each,Active,423000,USD
d1603c56-bada-46a3-80d2-2eadc73f44dd-20,d1603c56-bada-46a3-80d2-2eadc73f44dd,20,PROD007,60,Each,Active,18000,USD
5cb88331-6eab-46a2-a628-3cff23690054-10,5cb88331-6eab-46a2-a628-3cff23690054,10,PROD002,70,Each,Active,70000,USD
5cb88331-6eab-46a2-a628-3cff23690054-20,5cb88331-6eab-46a2-a628-3cff23690054,20,PROD004,120,Each,Active,48000,USD
5cb88331-6eab-46a2-a628-3cff23690054-30,5cb88331-6eab-46a2-a628-3cff23690054,30,PROD001,280,Each,Active,252000,USD
f70a94ac-a550-406e-bf84-8c9c3309db16-10,f70a94ac-a550-406e-bf84-8c9c3309db16,10,PROD001,60,Each,Active,54000,USD
f70a94ac-a550-406e-bf84-8c9c3309db16-20,f70a94ac-a550-406e-bf84-8c9c3309db16,20,PROD004,330,Each,Active,132000,USD
5c55426d-4d70-404a-8d9a-8f3cee6d4368-10,5c55426d-4d70-404a-8d9a-8f3cee6d4368,10,PROD003,70,Each,Active,84000,USD
5c55426d-4d70-404a-8d9a-8f3cee6d4368-20,5c55426d-4d70-404a-8d9a-8f3cee6d4368,20,PROD008,460,Each,Active,184000,USD
50300fdd-c952-43da-b047-64649f136e9a-10,50300fdd-c952-43da-b047-64649f136e9a,10,PROD003,110,Each,Active,132000,USD
50300fdd-c952-43da-b047-64649f136e9a-20,50300fdd-c952-43da-b047-64649f136e9a,20,PROD009,320,Each,Active,160000,USD
d27fb888-fdd2-4c57-85ca-4885214d7ecd-10,d27fb888-fdd2-4c57-85ca-4885214d7ecd,10,PROD001,430,Each,Active,387000,USD
d27fb888-fdd2-4c57-85ca-4885214d7ecd-20,d27fb888-fdd2-4c57-85ca-4885214d7ecd,20,PROD002,80,Each,Active,80000,USD
d27fb888-fdd2-4c57-85ca-4885214d7ecd-30,d27fb888-fdd2-4c57-85ca-4885214d7ecd,30,PROD006,160,Each,Active,128000,USD
6548e22d-e43c-4029-9998-f8992fcf06e0-10,6548e22d-e43c-4029-9998-f8992fcf06e0,10,PROD002,230,Each,Active,230000,USD
6548e22d-e43c-4029-9998-f8992fcf06e0-20,6548e22d-e43c-4029-9998-f8992fcf06e0,20,PROD005,480,Each,Active,288000,USD
6548e22d-e43c-4029-9998-f8992fcf06e0-30,6548e22d-e43c-4029-9998-f8992fcf06e0,30,PROD004,350,Each,Active,140000,USD
5cbd7cbb-de3a-4057-bd5a-137c086c09d8-10,5cbd7cbb-de3a-4057-bd5a-137c086c09d8,10,PROD004,70,Each,Active,28000,USD
5cbd7cbb-de3a-4057-bd5a-137c086c09d8-20,5cbd7cbb-de3a-4057-bd5a-137c086c09d8,20,PROD009,390,Each,Active,195000,USD
5cbd7cbb-de3a-4057-bd5a-137c086c09d8-30,5cbd7cbb-de3a-4057-bd5a-137c086c09d8,30,PROD001,370,Each,Active,333000,USD
cc4937c8-b2b9-4c84-baa3-efa41c1d2d07-10,cc4937c8-b2b9-4c84-baa3-efa41c1d2d07,10,PROD001,240,Each,Active,216000,USD
cc4937c8-b2b9-4c84-baa3-efa41c1d2d07-20,cc4937c8-b2b9-4c84-baa3-efa41c1d2d07,20,PROD005,310,Each,Active,186000,USD
cc4937c8-b2b9-4c84-baa3-efa41c1d2d07-30,cc4937c8-b2b9-4c84-baa3-efa41c1d2d07,30,PROD003,380,Each,Active,456000,USD
c4be2f96-ed0b-4022-8c17-18f25f484037-10,c4be2f96-ed0b-4022-8c17-18f25f484037,10,PROD009,450,Each,Active,225000,USD
c4be2f96-ed0b-4022-8c17-18f25f484037-20,c4be2f96-ed0b-4022-8c17-18f25f484037,20,PROD006,470,Each,Active,376000,USD
c4be2f96-ed0b-4022-8c17-18f25f484037-30,c4be2f96-ed0b-4022-8c17-18f25f484037,30,PROD004,240,Each,Active,96000,USD
b3920f46-d108-4e1b-b3c7-3ca987c6d7db-10,b3920f46-d108-4e1b-b3c7-3ca987c6d7db,10,PROD006,290,Each,Active,232000,USD
1d961a09-618d-4db8-8a48-d2a9be9aa337-10,1d961a09-618d-4db8-8a48-d2a9be9aa337,10,PROD009,110,Each,Active,55000,USD
1d961a09-618d-4db8-8a48-d2a9be9aa337-20,1d961a09-618d-4db8-8a48-d2a9be9aa337,20,PROD001,450,Each,Active,405000,USD
1d961a09-618d-4db8-8a48-d2a9be9aa337-30,1d961a09-618d-4db8-8a48-d2a9be9aa337,30,PROD005,190,Each,Active,114000,USD
4980c7e7-aef8-4a9a-bc06-d27de756e563-10,4980c7e7-aef8-4a9a-bc06-d27de756e563,10,PROD004,280,Each,Active,112000,USD
f59be8ae-73d1-4b0a-a86f-e537b799b43a-10,f59be8ae-73d1-4b0a-a86f-e537b799b43a,10,PROD009,60,Each,Active,30000,USD
f59be8ae-73d1-4b0a-a86f-e537b799b43a-20,f59be8ae-73d1-4b0a-a86f-e537b799b43a,20,PROD005,470,Each,Active,282000,USD
f59be8ae-73d1-4b0a-a86f-e537b799b43a-30,f59be8ae-73d1-4b0a-a86f-e537b799b43a,30,PROD006,200,Each,Active,160000,USD
c59c1e83-60df-4408-9a80-d58d72bca60d-10,c59c1e83-60df-4408-9a80-d58d72bca60d,10,PROD007,340,Each,Active,102000,USD
23fe89b7-f88b-45a8-9ab9-f763efe8e4e7-10,23fe89b7-f88b-45a8-9ab9-f763efe8e4e7,10,PROD006,350,Each,Active,280000,USD
23fe89b7-f88b-45a8-9ab9-f763efe8e4e7-20,23fe89b7-f88b-45a8-9ab9-f763efe8e4e7,20,PROD005,180,Each,Active,108000,USD
23fe89b7-f88b-45a8-9ab9-f763efe8e4e7-30,23fe89b7-f88b-45a8-9ab9-f763efe8e4e7,30,PROD007,170,Each,Active,51000,USD
3e7b09f4-15f7-4d4a-9e29-5efd1941066d-10,3e7b09f4-15f7-4d4a-9e29-5efd1941066d,10,PROD009,270,Each,Active,135000,USD
2a9391ee-9308-4f48-be41-42b12e4dc059-10,2a9391ee-9308-4f48-be41-42b12e4dc059,10,PROD009,400,Each,Active,200000,USD
2a9391ee-9308-4f48-be41-42b12e4dc059-20,2a9391ee-9308-4f48-be41-42b12e4dc059,20,PROD004,80,Each,Active,32000,USD
8bde839c-bc5b-4ae0-ae88-c7e273dca8aa-10,8bde839c-bc5b-4ae0-ae88-c7e273dca8aa,10,PROD005,220,Each,Active,132000,USD
8bde839c-bc5b-4ae0-ae88-c7e273dca8aa-20,8bde839c-bc5b-4ae0-ae88-c7e273dca8aa,20,PROD006,130,Each,Active,104000,USD
8bde839c-bc5b-4ae0-ae88-c7e273dca8aa-30,8bde839c-bc5b-4ae0-ae88-c7e273dca8aa,30,PROD002,90,Each,Active,90000,USD
b3a80d82-ec34-427f-a68d-3baaf977854a-10,b3a80d82-ec34-427f-a68d-3baaf977854a,10,PROD009,80,Each,Active,40000,USD
b13ce564-43b9-4e87-8d12-7ede964be767-10,b13ce564-43b9-4e87-8d12-7ede964be767,10,PROD006,290,Each,Active,232000,USD
b13ce564-43b9-4e87-8d12-7ede964be767-20,b13ce564-43b9-4e87-8d12-7ede964be767,20,PROD009,160,Each,Active,80000,USD
2dd4f965-10e5-46dd-88ad-0dbb151997fa-10,2dd4f965-10e5-46dd-88ad-0dbb151997fa,10,PROD006,90,Each,Active,72000,USD
4e9ee2ad-3154-40ad-8004-0f57c74cdf42-10,4e9ee2ad-3154-40ad-8004-0f57c74cdf42,10,PROD007,500,Each,Active,150000,USD
4e9ee2ad-3154-40ad-8004-0f57c74cdf42-20,4e9ee2ad-3154-40ad-8004-0f57c74cdf42,20,PROD002,290,Each,Active,290000,USD
e2c39705-59cf-4bc8-bea8-3b0e7b86ad41-10,e2c39705-59cf-4bc8-bea8-3b0e7b86ad41,10,PROD002,310,Each,Active,310000,USD
e2c39705-59cf-4bc8-bea8-3b0e7b86ad41-20,e2c39705-59cf-4bc8-bea8-3b0e7b86ad41,20,PROD009,90,Each,Active,45000,USD
e2c39705-59cf-4bc8-bea8-3b0e7b86ad41-30,e2c39705-59cf-4bc8-bea8-3b0e7b86ad41,30,PROD001,480,Each,Active,432000,USD
33fa69ec-8487-46da-8255-dea4139d78c1-10,33fa69ec-8487-46da-8255-dea4139d78c1,10,PROD007,500,Each,Active,150000,USD
33fa69ec-8487-46da-8255-dea4139d78c1-20,33fa69ec-8487-46da-8255-dea4139d78c1,20,PROD003,260,Each,Active,312000,USD
74f15e19-ae61-4edc-b3ea-c95a66ad3386-10,74f15e19-ae61-4edc-b3ea-c95a66ad3386,10,PROD007,450,Each,Active,135000,USD
8eff005f-05d2-4e2d-be05-3831c1265916-10,8eff005f-05d2-4e2d-be05-3831c1265916,10,PROD006,230,Each,Active,184000,USD
fd77f227-1a5c-4c2a-a49b-f24ca575a7b7-10,fd77f227-1a5c-4c2a-a49b-f24ca575a7b7,10,PROD008,190,Each,Active,76000,USD
789ddec3-a3de-4900-aa2a-3ea2c2f77117-10,789ddec3-a3de-4900-aa2a-3ea2c2f77117,10,PROD002,340,Each,Active,340000,USD
789ddec3-a3de-4900-aa2a-3ea2c2f77117-20,789ddec3-a3de-4900-aa2a-3ea2c2f77117,20,PROD006,120,Each,Active,96000,USD
aea21609-ea95-4bb1-97fe-8a93fb398a23-10,aea21609-ea95-4bb1-97fe-8a93fb398a23,10,PROD005,360,Each,Active,216000,USD
b01a6a54-5820-448f-aca8-1a651fb0b4c5-10,b01a6a54-5820-448f-aca8-1a651fb0b4c5,10,PROD004,410,Each,Active,164000,USD
1ae39b76-90e2-4426-8f28-908a608db4ea-10,1ae39b76-90e2-4426-8f28-908a608db4ea,10,PROD008,500,Each,Active,200000,USD
1ae39b76-90e2-4426-8f28-908a608db4ea-20,1ae39b76-90e2-4426-8f28-908a608db4ea,20,PROD005,310,Each,Active,186000,USD
577efee7-ff6c-4ccc-a5db-6bedc4ad0772-10,577efee7-ff6c-4ccc-a5db-6bedc4ad0772,10,PROD008,80,Each,Active,32000,USD
52ef5847-931c-4c46-9c46-eba65b07a31a-10,52ef5847-931c-4c46-9c46-eba65b07a31a,10,PROD003,390,Each,Active,468000,USD
52ef5847-931c-4c46-9c46-eba65b07a31a-20,52ef5847-931c-4c46-9c46-eba65b07a31a,20,PROD005,180,Each,Active,108000,USD
52ef5847-931c-4c46-9c46-eba65b07a31a-30,52ef5847-931c-4c46-9c46-eba65b07a31a,30,PROD002,300,Each,Active,300000,USD
5ace036f-2c22-4f7d-b217-5a04954019c2-10,5ace036f-2c22-4f7d-b217-5a04954019c2,10,PROD003,70,Each,Active,84000,USD
5ace036f-2c22-4f7d-b217-5a04954019c2-20,5ace036f-2c22-4f7d-b217-5a04954019c2,20,PROD002,360,Each,Active,360000,USD
8eb8caa4-d37d-49e0-985d-59a7afba834e-10,8eb8caa4-d37d-49e0-985d-59a7afba834e,10,PROD008,440,Each,Active,176000,USD
8eb8caa4-d37d-49e0-985d-59a7afba834e-20,8eb8caa4-d37d-49e0-985d-59a7afba834e,20,PROD005,360,Each,Active,216000,USD
ab83aeb6-308b-4ed4-bfe6-a5dc35e2e89d-10,ab83aeb6-308b-4ed4-bfe6-a5dc35e2e89d,10,PROD008,310,Each,Active,124000,USD
ab83aeb6-308b-4ed4-bfe6-a5dc35e2e89d-20,ab83aeb6-308b-4ed4-bfe6-a5dc35e2e89d,20,PROD007,490,Each,Active,147000,USD
ab83aeb6-308b-4ed4-bfe6-a5dc35e2e89d-30,ab83aeb6-308b-4ed4-bfe6-a5dc35e2e89d,30,PROD006,490,Each,Active,392000,USD
8e88c43b-cf27-454f-a361-38770e7aa0cb-10,8e88c43b-cf27-454f-a361-38770e7aa0cb,10,PROD007,370,Each,Active,111000,USD
4cbdaf88-479e-4f44-be91-f242bfbc2004-10,4cbdaf88-479e-4f44-be91-f242bfbc2004,10,PROD003,350,Each,Active,420000,USD
45cc9e5a-d275-4a74-a89e-a94df8e48ae5-10,45cc9e5a-d275-4a74-a89e-a94df8e48ae5,10,PROD006,430,Each,Active,344000,USD
cecf9c1d-1fa8-4e98-bb09-b88b43aad97e-10,cecf9c1d-1fa8-4e98-bb09-b88b43aad97e,10,PROD006,290,Each,Active,232000,USD
6632d4fe-503d-4d84-890a-956d080ec5ac-10,6632d4fe-503d-4d84-890a-956d080ec5ac,10,PROD009,80,Each,Active,40000,USD
6632d4fe-503d-4d84-890a-956d080ec5ac-20,6632d4fe-503d-4d84-890a-956d080ec5ac,20,PROD006,150,Each,Active,120000,USD
4c77f981-bddb-4320-aa5f-e64b8d58d623-10,4c77f981-bddb-4320-aa5f-e64b8d58d623,10,PROD009,90,Each,Active,45000,USD
4c77f981-bddb-4320-aa5f-e64b8d58d623-20,4c77f981-bddb-4320-aa5f-e64b8d58d623,20,PROD003,490,Each,Active,588000,USD
7e5e8cbb-b9cd-4abd-98fc-e634ef9d3436-10,7e5e8cbb-b9cd-4abd-98fc-e634ef9d3436,10,PROD006,290,Each,Active,232000,USD
7e5e8cbb-b9cd-4abd-98fc-e634ef9d3436-20,7e5e8cbb-b9cd-4abd-98fc-e634ef9d3436,20,PROD005,460,Each,Active,276000,USD
7e5e8cbb-b9cd-4abd-98fc-e634ef9d3436-30,7e5e8cbb-b9cd-4abd-98fc-e634ef9d3436,30,PROD009,250,Each,Active,125000,USD
b5b14b69-b5d1-4129-97da-1c14b83edfb9-10,b5b14b69-b5d1-4129-97da-1c14b83edfb9,10,PROD009,140,Each,Active,70000,USD
b5b14b69-b5d1-4129-97da-1c14b83edfb9-20,b5b14b69-b5d1-4129-97da-1c14b83edfb9,20,PROD005,360,Each,Active,216000,USD
00a71440-09f1-479c-9912-c9e95ec1abdc-10,00a71440-09f1-479c-9912-c9e95ec1abdc,10,PROD002,290,Each,Active,290000,USD
00a71440-09f1-479c-9912-c9e95ec1abdc-20,00a71440-09f1-479c-9912-c9e95ec1abdc,20,PROD005,170,Each,Active,102000,USD
00a71440-09f1-479c-9912-c9e95ec1abdc-30,00a71440-09f1-479c-9912-c9e95ec1abdc,30,PROD003,440,Each,Active,528000,USD
de5d8415-bcaf-4b0e-a957-d9e60a390d29-10,de5d8415-bcaf-4b0e-a957-d9e60a390d29,10,PROD003,120,Each,Active,144000,USD
de5d8415-bcaf-4b0e-a957-d9e60a390d29-20,de5d8415-bcaf-4b0e-a957-d9e60a390d29,20,PROD002,320,Each,Active,320000,USD
de5d8415-bcaf-4b0e-a957-d9e60a390d29-30,de5d8415-bcaf-4b0e-a957-d9e60a390d29,30,PROD004,490,Each,Active,196000,USD
6b34ffe2-d3a0-4de6-baad-e82377202fac-10,6b34ffe2-d3a0-4de6-baad-e82377202fac,10,PROD008,430,Each,Active,172000,USD
6b34ffe2-d3a0-4de6-baad-e82377202fac-20,6b34ffe2-d3a0-4de6-baad-e82377202fac,20,PROD004,90,Each,Active,36000,USD
6b34ffe2-d3a0-4de6-baad-e82377202fac-30,6b34ffe2-d3a0-4de6-baad-e82377202fac,30,PROD007,140,Each,Active,42000,USD
18e96501-5224-4fa0-9bc8-dfbb70c26ea1-10,18e96501-5224-4fa0-9bc8-dfbb70c26ea1,10,PROD006,370,Each,Active,296000,USD
18e96501-5224-4fa0-9bc8-dfbb70c26ea1-20,18e96501-5224-4fa0-9bc8-dfbb70c26ea1,20,PROD002,130,Each,Active,130000,USD
3f0d4f44-28e9-4580-aef3-cbd17ed88c54-10,3f0d4f44-28e9-4580-aef3-cbd17ed88c54,10,PROD003,340,Each,Active,408000,USD
3f0d4f44-28e9-4580-aef3-cbd17ed88c54-20,3f0d4f44-28e9-4580-aef3-cbd17ed88c54,20,PROD001,410,Each,Active,369000,USD
8de9f138-ccd9-4469-83a3-b8f9d4403093-10,8de9f138-ccd9-4469-83a3-b8f9d4403093,10,PROD001,360,Each,Active,324000,USD
c4374374-34b3-465a-a81a-1c68ba706c9f-10,c4374374-34b3-465a-a81a-1c68ba706c9f,10,PROD002,320,Each,Active,320000,USD
c0965c02-65c1-4e06-9ba1-489cb23b309a-10,c0965c02-65c1-4e06-9ba1-489cb23b309a,10,PROD005,410,Each,Active,246000,USD
c0965c02-65c1-4e06-9ba1-489cb23b309a-20,c0965c02-65c1-4e06-9ba1-489cb23b309a,20,PROD006,190,Each,Active,152000,USD
f8eaa337-8c28-4772-b274-da13672849b8-10,f8eaa337-8c28-4772-b274-da13672849b8,10,PROD007,100,Each,Active,30000,USD
f8eaa337-8c28-4772-b274-da13672849b8-20,f8eaa337-8c28-4772-b274-da13672849b8,20,PROD008,210,Each,Active,84000,USD
3cad3c10-451a-4b7f-9b1f-1c11a800db6c-10,3cad3c10-451a-4b7f-9b1f-1c11a800db6c,10,PROD005,320,Each,Active,192000,USD
3cad3c10-451a-4b7f-9b1f-1c11a800db6c-20,3cad3c10-451a-4b7f-9b1f-1c11a800db6c,20,PROD003,440,Each,Active,528000,USD
f9fbd214-e38a-4c74-9572-ceb0ed454b62-10,f9fbd214-e38a-4c74-9572-ceb0ed454b62,10,PROD006,500,Each,Active,400000,USD
f9fbd214-e38a-4c74-9572-ceb0ed454b62-20,f9fbd214-e38a-4c74-9572-ceb0ed454b62,20,PROD007,460,Each,Active,138000,USD
2d9bf28a-8301-416d-a533-d871361bc08a-10,2d9bf28a-8301-416d-a533-d871361bc08a,10,PROD001,310,Each,Active,279000,USD
2d9bf28a-8301-416d-a533-d871361bc08a-20,2d9bf28a-8301-416d-a533-d871361bc08a,20,PROD005,240,Each,Active,144000,USD
2d9bf28a-8301-416d-a533-d871361bc08a-30,2d9bf28a-8301-416d-a533-d871361bc08a,30,PROD004,400,Each,Active,160000,USD
791c73c6-d2dd-4eee-ac58-19e621b94aad-10,791c73c6-d2dd-4eee-ac58-19e621b94aad,10,PROD008,210,Each,Active,84000,USD
64a5f6ae-1cd5-4ad0-a8bd-4d0318f85f62-10,64a5f6ae-1cd5-4ad0-a8bd-4d0318f85f62,10,PROD002,200,Each,Active,200000,USD
64a5f6ae-1cd5-4ad0-a8bd-4d0318f85f62-20,64a5f6ae-1cd5-4ad0-a8bd-4d0318f85f62,20,PROD003,260,Each,Active,312000,USD
64a5f6ae-1cd5-4ad0-a8bd-4d0318f85f62-30,64a5f6ae-1cd5-4ad0-a8bd-4d0318f85f62,30,PROD008,150,Each,Active,60000,USD
3b4f1ac2-7911-4dd0-b25a-81b20225c80b-10,3b4f1ac2-7911-4dd0-b25a-81b20225c80b,10,PROD001,450,Each,Active,405000,USD
42215872-4a2f-49a0-996b-893e5032a158-10,42215872-4a2f-49a0-996b-893e5032a158,10,PROD001,50,Each,Active,45000,USD
42215872-4a2f-49a0-996b-893e5032a158-20,42215872-4a2f-49a0-996b-893e5032a158,20,PROD003,100,Each,Active,120000,USD
db0c67f9-420b-459f-b02d-89a75bf17d39-10,db0c67f9-420b-459f-b02d-89a75bf17d39,10,PROD002,430,Each,Active,430000,USD
db0c67f9-420b-459f-b02d-89a75bf17d39-20,db0c67f9-420b-459f-b02d-89a75bf17d39,20,PROD005,140,Each,Active,84000,USD
db0c67f9-420b-459f-b02d-89a75bf17d39-30,db0c67f9-420b-459f-b02d-89a75bf17d39,30,PROD003,270,Each,Active,324000,USD
bb5b6612-c1cf-4ff7-bd32-ed82d8749021-10,bb5b6612-c1cf-4ff7-bd32-ed82d8749021,10,PROD009,50,Each,Active,25000,USD
bb5b6612-c1cf-4ff7-bd32-ed82d8749021-20,bb5b6612-c1cf-4ff7-bd32-ed82d8749021,20,PROD008,70,Each,Active,28000,USD
bb5b6612-c1cf-4ff7-bd32-ed82d8749021-30,bb5b6612-c1cf-4ff7-bd32-ed82d8749021,30,PROD001,120,Each,Active,108000,USD
c35c3a84-d15c-40b4-bb8a-e818e5db1447-10,c35c3a84-d15c-40b4-bb8a-e818e5db1447,10,PROD003,350,Each,Active,420000,USD
c35c3a84-d15c-40b4-bb8a-e818e5db1447-20,c35c3a84-d15c-40b4-bb8a-e818e5db1447,20,PROD009,430,Each,Active,215000,USD
d28986bc-d956-4637-a853-02bab8c7c5da-10,d28986bc-d956-4637-a853-02bab8c7c5da,10,PROD007,290,Each,Active,87000,USD
8fb3aebb-374d-41d5-992d-c0f781154099-10,8fb3aebb-374d-41d5-992d-c0f781154099,10,PROD004,330,Each,Active,132000,USD
8fb3aebb-374d-41d5-992d-c0f781154099-20,8fb3aebb-374d-41d5-992d-c0f781154099,20,PROD003,140,Each,Active,168000,USD
8fb3aebb-374d-41d5-992d-c0f781154099-30,8fb3aebb-374d-41d5-992d-c0f781154099,30,PROD002,300,Each,Active,300000,USD
5087b9e7-058f-4801-b354-401e59d0ae31-10,5087b9e7-058f-4801-b354-401e59d0ae31,10,PROD008,200,Each,Active,80000,USD
f8165ac5-40c3-4e27-bfdf-b9b50a89d5b4-10,f8165ac5-40c3-4e27-bfdf-b9b50a89d5b4,10,PROD008,230,Each,Active,92000,USD
c79fd7b5-3ab1-4e06-b7b7-9a0487772ae8-10,c79fd7b5-3ab1-4e06-b7b7-9a0487772ae8,10,PROD002,70,Each,Active,70000,USD
4153e54f-2e4b-4e3c-98c5-722132dcb28b-10,4153e54f-2e4b-4e3c-98c5-722132dcb28b,10,PROD006,130,Each,Active,104000,USD
20ac8283-f540-4f28-b263-1ea7fed9088a-10,20ac8283-f540-4f28-b263-1ea7fed9088a,10,PROD005,360,Each,Active,216000,USD
20ac8283-f540-4f28-b263-1ea7fed9088a-20,20ac8283-f540-4f28-b263-1ea7fed9088a,20,PROD004,100,Each,Active,40000,USD
20ac8283-f540-4f28-b263-1ea7fed9088a-30,20ac8283-f540-4f28-b263-1ea7fed9088a,30,PROD003,140,Each,Active,168000,USD
4f7dc349-d694-4d2f-9f29-847b4a2a761e-10,4f7dc349-d694-4d2f-9f29-847b4a2a761e,10,PROD009,50,Each,Active,25000,USD
4f7dc349-d694-4d2f-9f29-847b4a2a761e-20,4f7dc349-d694-4d2f-9f29-847b4a2a761e,20,PROD004,90,Each,Active,36000,USD
4f7dc349-d694-4d2f-9f29-847b4a2a761e-30,4f7dc349-d694-4d2f-9f29-847b4a2a761e,30,PROD001,160,Each,Active,144000,USD
7f876721-4ca8-44fe-96c5-22a07e47bbae-10,7f876721-4ca8-44fe-96c5-22a07e47bbae,10,PROD005,270,Each,Active,162000,USD
7f876721-4ca8-44fe-96c5-22a07e47bbae-20,7f876721-4ca8-44fe-96c5-22a07e47bbae,20,PROD007,340,Each,Active,102000,USD
7f876721-4ca8-44fe-96c5-22a07e47bbae-30,7f876721-4ca8-44fe-96c5-22a07e47bbae,30,PROD001,380,Each,Active,342000,USD
12c75109-6635-44a4-b8fa-3b3bbd0b2ee0-10,12c75109-6635-44a4-b8fa-3b3bbd0b2ee0,10,PROD006,400,Each,Active,320000,USD
12c75109-6635-44a4-b8fa-3b3bbd0b2ee0-20,12c75109-6635-44a4-b8fa-3b3bbd0b2ee0,20,PROD007,400,Each,Active,120000,USD
d6f41815-b956-4e0b-b29b-16915813226d-10,d6f41815-b956-4e0b-b29b-16915813226d,10,PROD005,360,Each,Active,216000,USD
d6f41815-b956-4e0b-b29b-16915813226d-20,d6f41815-b956-4e0b-b29b-16915813226d,20,PROD004,290,Each,Active,116000,USD
e6d1162c-07d7-4c89-acc4-19009dfa59c5-10,e6d1162c-07d7-4c89-acc4-19009dfa59c5,10,PROD005,450,Each,Active,270000,USD
e6d1162c-07d7-4c89-acc4-19009dfa59c5-20,e6d1162c-07d7-4c89-acc4-19009dfa59c5,20,PROD003,90,Each,Active,108000,USD
65143c28-f565-4bb8-9673-d72113cc9b53-10,65143c28-f565-4bb8-9673-d72113cc9b53,10,PROD009,150,Each,Active,75000,USD
65143c28-f565-4bb8-9673-d72113cc9b53-20,65143c28-f565-4bb8-9673-d72113cc9b53,20,PROD007,430,Each,Active,129000,USD
da9bc618-86d2-4098-bac4-ba124e7713d0-10,da9bc618-86d2-4098-bac4-ba124e7713d0,10,PROD009,170,Each,Active,85000,USD
da9bc618-86d2-4098-bac4-ba124e7713d0-20,da9bc618-86d2-4098-bac4-ba124e7713d0,20,PROD003,250,Each,Active,300000,USD
da010a29-1470-4039-ab99-90ee49e42dea-10,da010a29-1470-4039-ab99-90ee49e42dea,10,PROD001,260,Each,Active,234000,USD
9487013c-ca6c-42c2-8c46-77c446267f77-10,9487013c-ca6c-42c2-8c46-77c446267f77,10,PROD006,80,Each,Active,64000,USD
9487013c-ca6c-42c2-8c46-77c446267f77-20,9487013c-ca6c-42c2-8c46-77c446267f77,20,PROD003,120,Each,Active,144000,USD
9487013c-ca6c-42c2-8c46-77c446267f77-30,9487013c-ca6c-42c2-8c46-77c446267f77,30,PROD004,350,Each,Active,140000,USD
7042821b-663d-4e72-90d1-73c0cd1acabc-10,7042821b-663d-4e72-90d1-73c0cd1acabc,10,PROD007,70,Each,Active,21000,USD
7042821b-663d-4e72-90d1-73c0cd1acabc-20,7042821b-663d-4e72-90d1-73c0cd1acabc,20,PROD003,120,Each,Active,144000,USD
2cc3b10e-4209-45dc-9f67-148c10885f22-10,2cc3b10e-4209-45dc-9f67-148c10885f22,10,PROD001,320,Each,Active,288000,USD
f798eafe-1e9b-41b7-9f1a-1a244e13874a-10,f798eafe-1e9b-41b7-9f1a-1a244e13874a,10,PROD007,290,Each,Active,87000,USD
24a18bba-016e-4a78-b137-f643d579455e-10,24a18bba-016e-4a78-b137-f643d579455e,10,PROD007,460,Each,Active,138000,USD
24a18bba-016e-4a78-b137-f643d579455e-20,24a18bba-016e-4a78-b137-f643d579455e,20,PROD002,190,Each,Active,190000,USD
0259d812-f8a0-43d8-9e93-2442e3a12326-10,0259d812-f8a0-43d8-9e93-2442e3a12326,10,PROD001,430,Each,Active,387000,USD
269a6395-f932-453c-8d42-b81e02cc3a9c-10,269a6395-f932-453c-8d42-b81e02cc3a9c,10,PROD005,370,Each,Active,222000,USD
d57d51e4-8665-4891-852c-52e4cac556d8-10,d57d51e4-8665-4891-852c-52e4cac556d8,10,PROD002,480,Each,Active,480000,USD
d57d51e4-8665-4891-852c-52e4cac556d8-20,d57d51e4-8665-4891-852c-52e4cac556d8,20,PROD009,470,Each,Active,235000,USD
d57d51e4-8665-4891-852c-52e4cac556d8-30,d57d51e4-8665-4891-852c-52e4cac556d8,30,PROD001,370,Each,Active,333000,USD
58335d3a-3005-4805-ae57-92ff47bccd60-10,58335d3a-3005-4805-ae57-92ff47bccd60,10,PROD008,50,Each,Active,20000,USD
58335d3a-3005-4805-ae57-92ff47bccd60-20,58335d3a-3005-4805-ae57-92ff47bccd60,20,PROD002,460,Each,Active,460000,USD
2ed7bd92-0d2a-4e58-8eea-3d2539b290b8-10,2ed7bd92-0d2a-4e58-8eea-3d2539b290b8,10,PROD002,370,Each,Active,370000,USD
2ed7bd92-0d2a-4e58-8eea-3d2539b290b8-20,2ed7bd92-0d2a-4e58-8eea-3d2539b290b8,20,PROD006,480,Each,Active,384000,USD
a684191c-c71e-43f1-a5d3-abf7a49e20f8-10,a684191c-c71e-43f1-a5d3-abf7a49e20f8,10,PROD006,230,Each,Active,184000,USD
a684191c-c71e-43f1-a5d3-abf7a49e20f8-20,a684191c-c71e-43f1-a5d3-abf7a49e20f8,20,PROD007,460,Each,Active,138000,USD
a684191c-c71e-43f1-a5d3-abf7a49e20f8-30,a684191c-c71e-43f1-a5d3-abf7a49e20f8,30,PROD008,210,Each,Active,84000,USD
219baf0d-daaa-48d2-9589-e753c14ca9dc-10,219baf0d-daaa-48d2-9589-e753c14ca9dc,10,PROD008,450,Each,Active,180000,USD
219baf0d-daaa-48d2-9589-e753c14ca9dc-20,219baf0d-daaa-48d2-9589-e753c14ca9dc,20,PROD006,90,Each,Active,72000,USD
d527aad5-13a3-4400-b18c-608f3e279bc6-10,d527aad5-13a3-4400-b18c-608f3e279bc6,10,PROD004,150,Each,Active,60000,USD
d527aad5-13a3-4400-b18c-608f3e279bc6-20,d527aad5-13a3-4400-b18c-608f3e279bc6,20,PROD003,130,Each,Active,156000,USD
f42c4b5f-a492-4b54-826b-8cb3ff45a7f8-10,f42c4b5f-a492-4b54-826b-8cb3ff45a7f8,10,PROD006,360,Each,Active,288000,USD
f42c4b5f-a492-4b54-826b-8cb3ff45a7f8-20,f42c4b5f-a492-4b54-826b-8cb3ff45a7f8,20,PROD003,120,Each,Active,144000,USD
04ad6fc9-f72e-434e-b408-3531905eb06b-10,04ad6fc9-f72e-434e-b408-3531905eb06b,10,PROD006,500,Each,Active,400000,USD
04ad6fc9-f72e-434e-b408-3531905eb06b-20,04ad6fc9-f72e-434e-b408-3531905eb06b,20,PROD003,380,Each,Active,456000,USD
04ad6fc9-f72e-434e-b408-3531905eb06b-30,04ad6fc9-f72e-434e-b408-3531905eb06b,30,PROD009,380,Each,Active,190000,USD
bf50a663-b28c-4384-8b81-1c795a11b5ff-10,bf50a663-b28c-4384-8b81-1c795a11b5ff,10,PROD001,380,Each,Active,342000,USD
bf50a663-b28c-4384-8b81-1c795a11b5ff-20,bf50a663-b28c-4384-8b81-1c795a11b5ff,20,PROD006,180,Each,Active,144000,USD
687c004c-cc15-47fb-b4c1-8796b4596166-10,687c004c-cc15-47fb-b4c1-8796b4596166,10,PROD003,310,Each,Active,372000,USD
687c004c-cc15-47fb-b4c1-8796b4596166-20,687c004c-cc15-47fb-b4c1-8796b4596166,20,PROD002,190,Each,Active,190000,USD
687c004c-cc15-47fb-b4c1-8796b4596166-30,687c004c-cc15-47fb-b4c1-8796b4596166,30,PROD005,400,Each,Active,240000,USD
6666fae6-073b-4bd3-8340-5cffaf151046-10,6666fae6-073b-4bd3-8340-5cffaf151046,10,PROD006,230,Each,Active,184000,USD
6666fae6-073b-4bd3-8340-5cffaf151046-20,6666fae6-073b-4bd3-8340-5cffaf151046,20,PROD007,240,Each,Active,72000,USD
d7a71724-0d2a-4dc9-886e-198c8a7e327a-10,d7a71724-0d2a-4dc9-886e-198c8a7e327a,10,PROD009,300,Each,Active,150000,USD
d7a71724-0d2a-4dc9-886e-198c8a7e327a-20,d7a71724-0d2a-4dc9-886e-198c8a7e327a,20,PROD005,180,Each,Active,108000,USD
64c9be0f-857f-4173-8bbe-42a861486a13-10,64c9be0f-857f-4173-8bbe-42a861486a13,10,PROD009,480,Each,Active,240000,USD
64c9be0f-857f-4173-8bbe-42a861486a13-20,64c9be0f-857f-4173-8bbe-42a861486a13,20,PROD003,190,Each,Active,228000,USD
64c9be0f-857f-4173-8bbe-42a861486a13-30,64c9be0f-857f-4173-8bbe-42a861486a13,30,PROD006,70,Each,Active,56000,USD
0b71b0f8-bab3-4ff5-841b-571042f558cb-10,0b71b0f8-bab3-4ff5-841b-571042f558cb,10,PROD004,100,Each,Active,40000,USD
5190fb0a-4f1e-45bc-a153-e4596e81c613-10,5190fb0a-4f1e-45bc-a153-e4596e81c613,10,PROD006,290,Each,Active,232000,USD
5190fb0a-4f1e-45bc-a153-e4596e81c613-20,5190fb0a-4f1e-45bc-a153-e4596e81c613,20,PROD007,240,Each,Active,72000,USD
5190fb0a-4f1e-45bc-a153-e4596e81c613-30,5190fb0a-4f1e-45bc-a153-e4596e81c613,30,PROD008,120,Each,Active,48000,USD
541c59a7-7a53-49f1-be9b-c56513182fe7-10,541c59a7-7a53-49f1-be9b-c56513182fe7,10,PROD001,300,Each,Active,270000,USD
541c59a7-7a53-49f1-be9b-c56513182fe7-20,541c59a7-7a53-49f1-be9b-c56513182fe7,20,PROD003,220,Each,Active,264000,USD
536a5ade-c45b-4354-b2c2-9050f79f8ff5-10,536a5ade-c45b-4354-b2c2-9050f79f8ff5,10,PROD003,180,Each,Active,216000,USD
536a5ade-c45b-4354-b2c2-9050f79f8ff5-20,536a5ade-c45b-4354-b2c2-9050f79f8ff5,20,PROD008,330,Each,Active,132000,USD
536a5ade-c45b-4354-b2c2-9050f79f8ff5-30,536a5ade-c45b-4354-b2c2-9050f79f8ff5,30,PROD005,150,Each,Active,90000,USD
64550b22-d8f8-4771-9b28-6e3292bfd761-10,64550b22-d8f8-4771-9b28-6e3292bfd761,10,PROD009,170,Each,Active,85000,USD
64550b22-d8f8-4771-9b28-6e3292bfd761-20,64550b22-d8f8-4771-9b28-6e3292bfd761,20,PROD008,410,Each,Active,164000,USD
64550b22-d8f8-4771-9b28-6e3292bfd761-30,64550b22-d8f8-4771-9b28-6e3292bfd761,30,PROD006,430,Each,Active,344000,USD
77bafe55-c10e-4f46-9f44-be2a34672fee-10,77bafe55-c10e-4f46-9f44-be2a34672fee,10,PROD006,180,Each,Active,144000,USD
0fc1fe4e-adfa-4445-bb5e-51a022a0e30b-10,0fc1fe4e-adfa-4445-bb5e-51a022a0e30b,10,PROD003,470,Each,Active,564000,USD
0fc1fe4e-adfa-4445-bb5e-51a022a0e30b-20,0fc1fe4e-adfa-4445-bb5e-51a022a0e30b,20,PROD002,260,Each,Active,260000,USD
0fc1fe4e-adfa-4445-bb5e-51a022a0e30b-30,0fc1fe4e-adfa-4445-bb5e-51a022a0e30b,30,PROD008,440,Each,Active,176000,USD
a3342d7e-aba6-4cc2-8f64-e92cbd886aca-10,a3342d7e-aba6-4cc2-8f64-e92cbd886aca,10,PROD007,140,Each,Active,42000,USD
3450b16f-8770-4f63-a48f-097530b5ee3c-10,3450b16f-8770-4f63-a48f-097530b5ee3c,10,PROD004,400,Each,Active,160000,USD
c94c3fa1-9fa7-4b3f-a37d-1f45986d6819-10,c94c3fa1-9fa7-4b3f-a37d-1f45986d6819,10,PROD004,150,Each,Active,60000,USD
c94c3fa1-9fa7-4b3f-a37d-1f45986d6819-20,c94c3fa1-9fa7-4b3f-a37d-1f45986d6819,20,PROD003,320,Each,Active,384000,USD
c94c3fa1-9fa7-4b3f-a37d-1f45986d6819-30,c94c3fa1-9fa7-4b3f-a37d-1f45986d6819,30,PROD006,400,Each,Active,320000,USD
28833f5a-c1ed-49f2-ace6-c3485036a42d-10,28833f5a-c1ed-49f2-ace6-c3485036a42d,10,PROD006,250,Each,Active,200000,USD
182f9bef-86b1-4dc5-9105-93954973e221-10,182f9bef-86b1-4dc5-9105-93954973e221,10,PROD001,110,Each,Active,99000,USD
af8f1b4d-9427-4648-82aa-218a313ed2b3-10,af8f1b4d-9427-4648-82aa-218a313ed2b3,10,PROD006,220,Each,Active,176000,USD
af8f1b4d-9427-4648-82aa-218a313ed2b3-20,af8f1b4d-9427-4648-82aa-218a313ed2b3,20,PROD009,200,Each,Active,100000,USD
a5db2d24-6d3b-4d1b-9b3c-c37ace86efd5-10,a5db2d24-6d3b-4d1b-9b3c-c37ace86efd5,10,PROD007,360,Each,Active,108000,USD
a5db2d24-6d3b-4d1b-9b3c-c37ace86efd5-20,a5db2d24-6d3b-4d1b-9b3c-c37ace86efd5,20,PROD006,290,Each,Active,232000,USD
d0d85f42-fe26-4000-9986-00c50adf14e4-10,d0d85f42-fe26-4000-9986-00c50adf14e4,10,PROD007,290,Each,Active,87000,USD
5fa10005-575d-473b-a178-50558b5e3ed4-10,5fa10005-575d-473b-a178-50558b5e3ed4,10,PROD001,440,Each,Active,396000,USD
5fa10005-575d-473b-a178-50558b5e3ed4-20,5fa10005-575d-473b-a178-50558b5e3ed4,20,PROD009,330,Each,Active,165000,USD
cf44d8c5-5c08-4328-818b-dacfdfdfc79f-10,cf44d8c5-5c08-4328-818b-dacfdfdfc79f,10,PROD005,140,Each,Active,84000,USD
cf44d8c5-5c08-4328-818b-dacfdfdfc79f-20,cf44d8c5-5c08-4328-818b-dacfdfdfc79f,20,PROD001,210,Each,Active,189000,USD
23f2985b-8cbd-40aa-be46-4116abc41f33-10,23f2985b-8cbd-40aa-be46-4116abc41f33,10,PROD008,320,Each,Active,128000,USD
23f2985b-8cbd-40aa-be46-4116abc41f33-20,23f2985b-8cbd-40aa-be46-4116abc41f33,20,PROD001,460,Each,Active,414000,USD
23f2985b-8cbd-40aa-be46-4116abc41f33-30,23f2985b-8cbd-40aa-be46-4116abc41f33,30,PROD002,110,Each,Active,110000,USD
c11c3e48-ed6c-43f2-bdbd-db267308e1c5-10,c11c3e48-ed6c-43f2-bdbd-db267308e1c5,10,PROD009,260,Each,Active,130000,USD
c11c3e48-ed6c-43f2-bdbd-db267308e1c5-20,c11c3e48-ed6c-43f2-bdbd-db267308e1c5,20,PROD001,400,Each,Active,360000,USD
f8a5a14e-46a0-4166-bb37-56c39527c404-10,f8a5a14e-46a0-4166-bb37-56c39527c404,10,PROD005,260,Each,Active,156000,USD
f8a5a14e-46a0-4166-bb37-56c39527c404-20,f8a5a14e-46a0-4166-bb37-56c39527c404,20,PROD008,250,Each,Active,100000,USD
f8a5a14e-46a0-4166-bb37-56c39527c404-30,f8a5a14e-46a0-4166-bb37-56c39527c404,30,PROD001,100,Each,Active,90000,USD
3953a756-993c-4b01-8d46-73599f67c776-10,3953a756-993c-4b01-8d46-73599f67c776,10,PROD006,390,Each,Active,312000,USD
3953a756-993c-4b01-8d46-73599f67c776-20,3953a756-993c-4b01-8d46-73599f67c776,20,PROD002,70,Each,Active,70000,USD
3953a756-993c-4b01-8d46-73599f67c776-30,3953a756-993c-4b01-8d46-73599f67c776,30,PROD005,360,Each,Active,216000,USD
63f3f060-9e86-4c95-9a1e-fde9bb105486-10,63f3f060-9e86-4c95-9a1e-fde9bb105486,10,PROD002,250,Each,Active,250000,USD
a33d0e89-fc43-4302-a855-548cc33b4aa9-10,a33d0e89-fc43-4302-a855-548cc33b4aa9,10,PROD005,240,Each,Active,144000,USD
a33d0e89-fc43-4302-a855-548cc33b4aa9-20,a33d0e89-fc43-4302-a855-548cc33b4aa9,20,PROD002,420,Each,Active,420000,USD
a33d0e89-fc43-4302-a855-548cc33b4aa9-30,a33d0e89-fc43-4302-a855-548cc33b4aa9,30,PROD007,360,Each,Active,108000,USD
22e7793b-b749-4a33-881d-6ba2a7e108a2-10,22e7793b-b749-4a33-881d-6ba2a7e108a2,10,PROD009,460,Each,Active,230000,USD
458e250f-b074-4ed8-87b3-32fc473ec3da-10,458e250f-b074-4ed8-87b3-32fc473ec3da,10,PROD003,360,Each,Active,432000,USD
458e250f-b074-4ed8-87b3-32fc473ec3da-20,458e250f-b074-4ed8-87b3-32fc473ec3da,20,PROD004,360,Each,Active,144000,USD
463a0a61-915b-4aba-b3b7-2ce7a0f96701-10,463a0a61-915b-4aba-b3b7-2ce7a0f96701,10,PROD007,50,Each,Active,15000,USD
6db2b5c1-869e-4792-a04c-b90d51bccd22-10,6db2b5c1-869e-4792-a04c-b90d51bccd22,10,PROD007,450,Each,Active,135000,USD
247e376a-c963-4ab6-b08c-45dc95bef304-10,247e376a-c963-4ab6-b08c-45dc95bef304,10,PROD002,160,Each,Active,160000,USD
247e376a-c963-4ab6-b08c-45dc95bef304-20,247e376a-c963-4ab6-b08c-45dc95bef304,20,PROD008,230,Each,Active,92000,USD
170e8af3-1489-430f-b637-2cdc7feed703-10,170e8af3-1489-430f-b637-2cdc7feed703,10,PROD001,140,Each,Active,126000,USD
170e8af3-1489-430f-b637-2cdc7feed703-20,170e8af3-1489-430f-b637-2cdc7feed703,20,PROD007,440,Each,Active,132000,USD
170e8af3-1489-430f-b637-2cdc7feed703-30,170e8af3-1489-430f-b637-2cdc7feed703,30,PROD005,410,Each,Active,246000,USD
66ad47c9-aeec-47ca-a157-c428634fe37e-10,66ad47c9-aeec-47ca-a157-c428634fe37e,10,PROD006,80,Each,Active,64000,USD
546583b9-f9da-47c5-8106-4adcc2cea38f-10,546583b9-f9da-47c5-8106-4adcc2cea38f,10,PROD007,180,Each,Active,54000,USD
546583b9-f9da-47c5-8106-4adcc2cea38f-20,546583b9-f9da-47c5-8106-4adcc2cea38f,20,PROD004,180,Each,Active,72000,USD
be8a0a36-a323-48f0-8178-1f002302abf0-10,be8a0a36-a323-48f0-8178-1f002302abf0,10,PROD005,390,Each,Active,234000,USD
be8a0a36-a323-48f0-8178-1f002302abf0-20,be8a0a36-a323-48f0-8178-1f002302abf0,20,PROD003,270,Each,Active,324000,USD
be8a0a36-a323-48f0-8178-1f002302abf0-30,be8a0a36-a323-48f0-8178-1f002302abf0,30,PROD004,470,Each,Active,188000,USD
e032bc9c-7ed2-498e-babc-1b7fa2e729c2-10,e032bc9c-7ed2-498e-babc-1b7fa2e729c2,10,PROD001,60,Each,Active,54000,USD
562a73a5-fd5f-4a9b-85b6-6744bcfe7364-10,562a73a5-fd5f-4a9b-85b6-6744bcfe7364,10,PROD006,250,Each,Active,200000,USD
562a73a5-fd5f-4a9b-85b6-6744bcfe7364-20,562a73a5-fd5f-4a9b-85b6-6744bcfe7364,20,PROD009,270,Each,Active,135000,USD
23d5c157-2a49-4d50-ac12-15b7d4305838-10,23d5c157-2a49-4d50-ac12-15b7d4305838,10,PROD005,290,Each,Active,174000,USD
23d5c157-2a49-4d50-ac12-15b7d4305838-20,23d5c157-2a49-4d50-ac12-15b7d4305838,20,PROD002,300,Each,Active,300000,USD
2bac6b0d-4c41-4eaf-8cc0-a3cf5b5b0ee1-10,2bac6b0d-4c41-4eaf-8cc0-a3cf5b5b0ee1,10,PROD005,360,Each,Active,216000,USD
2bac6b0d-4c41-4eaf-8cc0-a3cf5b5b0ee1-20,2bac6b0d-4c41-4eaf-8cc0-a3cf5b5b0ee1,20,PROD006,230,Each,Active,184000,USD
2bac6b0d-4c41-4eaf-8cc0-a3cf5b5b0ee1-30,2bac6b0d-4c41-4eaf-8cc0-a3cf5b5b0ee1,30,PROD009,160,Each,Active,80000,USD
f21cab8b-f7e5-4b4d-b4ea-2d2a93e00aca-10,f21cab8b-f7e5-4b4d-b4ea-2d2a93e00aca,10,PROD001,350,Each,Active,315000,USD
5132991b-a481-4de7-9f16-c64b804df4d7-10,5132991b-a481-4de7-9f16-c64b804df4d7,10,PROD002,440,Each,Active,440000,USD
5132991b-a481-4de7-9f16-c64b804df4d7-20,5132991b-a481-4de7-9f16-c64b804df4d7,20,PROD003,340,Each,Active,408000,USD
76768dbc-3c25-4918-97f8-bf0e3ee216b7-10,76768dbc-3c25-4918-97f8-bf0e3ee216b7,10,PROD009,300,Each,Active,150000,USD
76768dbc-3c25-4918-97f8-bf0e3ee216b7-20,76768dbc-3c25-4918-97f8-bf0e3ee216b7,20,PROD006,100,Each,Active,80000,USD
76768dbc-3c25-4918-97f8-bf0e3ee216b7-30,76768dbc-3c25-4918-97f8-bf0e3ee216b7,30,PROD005,170,Each,Active,102000,USD
49455b06-d2f4-4cb4-938b-cefeed9e71e1-10,49455b06-d2f4-4cb4-938b-cefeed9e71e1,10,PROD006,410,Each,Active,328000,USD
f43e3496-5db9-40a3-9740-e7426a7887a0-10,f43e3496-5db9-40a3-9740-e7426a7887a0,10,PROD002,140,Each,Active,140000,USD
f43e3496-5db9-40a3-9740-e7426a7887a0-20,f43e3496-5db9-40a3-9740-e7426a7887a0,20,PROD005,260,Each,Active,156000,USD
55a177aa-78f2-4f35-bb94-867f72907096-10,55a177aa-78f2-4f35-bb94-867f72907096,10,PROD002,220,Each,Active,220000,USD
b0cee2e0-2e83-45ee-a090-f8ec52162e9a-10,b0cee2e0-2e83-45ee-a090-f8ec52162e9a,10,PROD001,210,Each,Active,189000,USD
b0cee2e0-2e83-45ee-a090-f8ec52162e9a-20,b0cee2e0-2e83-45ee-a090-f8ec52162e9a,20,PROD008,220,Each,Active,88000,USD
7b5bb7f5-bc72-4856-88cb-d3d5902a2d4c-10,7b5bb7f5-bc72-4856-88cb-d3d5902a2d4c,10,PROD003,390,Each,Active,468000,USD
7b5bb7f5-bc72-4856-88cb-d3d5902a2d4c-20,7b5bb7f5-bc72-4856-88cb-d3d5902a2d4c,20,PROD007,60,Each,Active,18000,USD
fc07791d-53e3-4a68-bf39-cdf8a6a887aa-10,fc07791d-53e3-4a68-bf39-cdf8a6a887aa,10,PROD002,360,Each,Active,360000,USD
6ecdcc96-622d-472d-89a9-45d9b6d6f75a-10,6ecdcc96-622d-472d-89a9-45d9b6d6f75a,10,PROD006,190,Each,Active,152000,USD
50a6b27f-973e-4ee7-8ece-0dfc9d566d34-10,50a6b27f-973e-4ee7-8ece-0dfc9d566d34,10,PROD008,70,Each,Active,28000,USD
50a6b27f-973e-4ee7-8ece-0dfc9d566d34-20,50a6b27f-973e-4ee7-8ece-0dfc9d566d34,20,PROD002,130,Each,Active,130000,USD
ecc7fccf-1cc2-4916-a0c6-6e4749f98287-10,ecc7fccf-1cc2-4916-a0c6-6e4749f98287,10,PROD002,190,Each,Active,190000,USD
bc2a11b4-ed0a-4dbe-b9a1-d1a7ef7328a2-10,bc2a11b4-ed0a-4dbe-b9a1-d1a7ef7328a2,10,PROD007,370,Each,Active,111000,USD
28cefe00-0026-48ab-a53e-be8e000b768c-10,28cefe00-0026-48ab-a53e-be8e000b768c,10,PROD007,460,Each,Active,138000,USD
28cefe00-0026-48ab-a53e-be8e000b768c-20,28cefe00-0026-48ab-a53e-be8e000b768c,20,PROD005,160,Each,Active,96000,USD
28cefe00-0026-48ab-a53e-be8e000b768c-30,28cefe00-0026-48ab-a53e-be8e000b768c,30,PROD002,190,Each,Active,190000,USD
c6cdef90-3ff3-4212-8f4c-3f1d43ed3cc6-10,c6cdef90-3ff3-4212-8f4c-3f1d43ed3cc6,10,PROD004,490,Each,Active,196000,USD
c6cdef90-3ff3-4212-8f4c-3f1d43ed3cc6-20,c6cdef90-3ff3-4212-8f4c-3f1d43ed3cc6,20,PROD009,120,Each,Active,60000,USD
1df6e65f-ae0d-450c-9f2d-8d94b3577c16-10,1df6e65f-ae0d-450c-9f2d-8d94b3577c16,10,PROD007,190,Each,Active,57000,USD
1df6e65f-ae0d-450c-9f2d-8d94b3577c16-20,1df6e65f-ae0d-450c-9f2d-8d94b3577c16,20,PROD008,330,Each,Active,132000,USD
2e72704f-850c-4236-8552-36739210a1a9-10,2e72704f-850c-4236-8552-36739210a1a9,10,PROD007,90,Each,Active,27000,USD
97310144-6b37-42ef-aa94-3c881b0cedf8-10,97310144-6b37-42ef-aa94-3c881b0cedf8,10,PROD001,100,Each,Active,90000,USD
97310144-6b37-42ef-aa94-3c881b0cedf8-20,97310144-6b37-42ef-aa94-3c881b0cedf8,20,PROD002,370,Each,Active,370000,USD
70ca9ee5-6ba7-46d4-a833-b570ed549e04-10,70ca9ee5-6ba7-46d4-a833-b570ed549e04,10,PROD006,150,Each,Active,120000,USD
70ca9ee5-6ba7-46d4-a833-b570ed549e04-20,70ca9ee5-6ba7-46d4-a833-b570ed549e04,20,PROD003,440,Each,Active,528000,USD
70ca9ee5-6ba7-46d4-a833-b570ed549e04-30,70ca9ee5-6ba7-46d4-a833-b570ed549e04,30,PROD002,210,Each,Active,210000,USD
05e77095-ba3c-417d-affc-e694f7c71d92-10,05e77095-ba3c-417d-affc-e694f7c71d92,10,PROD006,110,Each,Active,88000,USD
05e77095-ba3c-417d-affc-e694f7c71d92-20,05e77095-ba3c-417d-affc-e694f7c71d92,20,PROD008,310,Each,Active,124000,USD
05e77095-ba3c-417d-affc-e694f7c71d92-30,05e77095-ba3c-417d-affc-e694f7c71d92,30,PROD002,410,Each,Active,410000,USD
2dfb24b9-9902-4e47-89a7-850991fe7ba8-10,2dfb24b9-9902-4e47-89a7-850991fe7ba8,10,PROD003,260,Each,Active,312000,USD
2dfb24b9-9902-4e47-89a7-850991fe7ba8-20,2dfb24b9-9902-4e47-89a7-850991fe7ba8,20,PROD002,310,Each,Active,310000,USD
58818a70-3a80-4605-b720-a01b36f15a7d-10,58818a70-3a80-4605-b720-a01b36f15a7d,10,PROD007,120,Each,Active,36000,USD
58818a70-3a80-4605-b720-a01b36f15a7d-20,58818a70-3a80-4605-b720-a01b36f15a7d,20,PROD001,250,Each,Active,225000,USD
c00acbe4-2261-43a9-b72d-60c3fd88246f-10,c00acbe4-2261-43a9-b72d-60c3fd88246f,10,PROD008,490,Each,Active,196000,USD
c00acbe4-2261-43a9-b72d-60c3fd88246f-20,c00acbe4-2261-43a9-b72d-60c3fd88246f,20,PROD002,410,Each,Active,410000,USD
748b018b-9547-403a-9a85-1ff72c86935c-10,748b018b-9547-403a-9a85-1ff72c86935c,10,PROD006,470,Each,Active,376000,USD
929f4110-1970-49c6-b6d5-d111d0aaa568-10,929f4110-1970-49c6-b6d5-d111d0aaa568,10,PROD004,140,Each,Active,56000,USD
1f9d8223-c939-4b84-ac50-85fd7bee6e2c-10,1f9d8223-c939-4b84-ac50-85fd7bee6e2c,10,PROD005,250,Each,Active,150000,USD
1f9d8223-c939-4b84-ac50-85fd7bee6e2c-20,1f9d8223-c939-4b84-ac50-85fd7bee6e2c,20,PROD009,310,Each,Active,155000,USD
1f9d8223-c939-4b84-ac50-85fd7bee6e2c-30,1f9d8223-c939-4b84-ac50-85fd7bee6e2c,30,PROD001,100,Each,Active,90000,USD
72e46715-c023-4ba4-956c-d3877dd76ddd-10,72e46715-c023-4ba4-956c-d3877dd76ddd,10,PROD005,200,Each,Active,120000,USD
e32adbc9-42a9-452e-8b2a-da3e6c68a5b8-10,e32adbc9-42a9-452e-8b2a-da3e6c68a5b8,10,PROD006,120,Each,Active,96000,USD
e32adbc9-42a9-452e-8b2a-da3e6c68a5b8-20,e32adbc9-42a9-452e-8b2a-da3e6c68a5b8,20,PROD008,320,Each,Active,128000,USD
e32adbc9-42a9-452e-8b2a-da3e6c68a5b8-30,e32adbc9-42a9-452e-8b2a-da3e6c68a5b8,30,PROD007,490,Each,Active,147000,USD
d37d8a80-202f-4458-81f1-218417f2bb3c-10,d37d8a80-202f-4458-81f1-218417f2bb3c,10,PROD009,420,Each,Active,210000,USD
d37d8a80-202f-4458-81f1-218417f2bb3c-20,d37d8a80-202f-4458-81f1-218417f2bb3c,20,PROD003,100,Each,Active,120000,USD
d37d8a80-202f-4458-81f1-218417f2bb3c-30,d37d8a80-202f-4458-81f1-218417f2bb3c,30,PROD006,480,Each,Active,384000,USD
fbc94df7-874c-495e-a581-7a6051ee48cb-10,fbc94df7-874c-495e-a581-7a6051ee48cb,10,PROD003,60,Each,Active,72000,USD
fbc94df7-874c-495e-a581-7a6051ee48cb-20,fbc94df7-874c-495e-a581-7a6051ee48cb,20,PROD009,460,Each,Active,230000,USD
37a5d75c-d52f-49ce-a1df-570446ee6ffb-10,37a5d75c-d52f-49ce-a1df-570446ee6ffb,10,PROD009,280,Each,Active,140000,USD
37a5d75c-d52f-49ce-a1df-570446ee6ffb-20,37a5d75c-d52f-49ce-a1df-570446ee6ffb,20,PROD001,260,Each,Active,234000,USD
37a5d75c-d52f-49ce-a1df-570446ee6ffb-30,37a5d75c-d52f-49ce-a1df-570446ee6ffb,30,PROD005,300,Each,Active,180000,USD
d59b9fc9-cad8-4475-92a0-46ae13ef6540-10,d59b9fc9-cad8-4475-92a0-46ae13ef6540,10,PROD003,50,Each,Active,60000,USD
80c46cd8-1dde-4b8c-ac07-3f21f64a0644-10,80c46cd8-1dde-4b8c-ac07-3f21f64a0644,10,PROD005,170,Each,Active,102000,USD
9e330894-323a-4def-911f-0f6a93434981-10,9e330894-323a-4def-911f-0f6a93434981,10,PROD006,140,Each,Active,112000,USD
9e330894-323a-4def-911f-0f6a93434981-20,9e330894-323a-4def-911f-0f6a93434981,20,PROD007,330,Each,Active,99000,USD
124d6a36-fdc7-4351-a9b4-e16cb55d4a95-10,124d6a36-fdc7-4351-a9b4-e16cb55d4a95,10,PROD005,480,Each,Active,288000,USD
124d6a36-fdc7-4351-a9b4-e16cb55d4a95-20,124d6a36-fdc7-4351-a9b4-e16cb55d4a95,20,PROD003,130,Each,Active,156000,USD
124d6a36-fdc7-4351-a9b4-e16cb55d4a95-30,124d6a36-fdc7-4351-a9b4-e16cb55d4a95,30,PROD004,320,Each,Active,128000,USD
b5cd43bb-7120-4be1-988b-d624cf39785e-10,b5cd43bb-7120-4be1-988b-d624cf39785e,10,PROD005,380,Each,Active,228000,USD
b5cd43bb-7120-4be1-988b-d624cf39785e-20,b5cd43bb-7120-4be1-988b-d624cf39785e,20,PROD003,50,Each,Active,60000,USD
7aae4b43-9be7-44eb-a0e8-76184e2b0f3a-10,7aae4b43-9be7-44eb-a0e8-76184e2b0f3a,10,PROD004,340,Each,Active,136000,USD
71749819-071d-4a11-9ecc-e48e2c53d157-10,71749819-071d-4a11-9ecc-e48e2c53d157,10,PROD003,440,Each,Active,528000,USD
71749819-071d-4a11-9ecc-e48e2c53d157-20,71749819-071d-4a11-9ecc-e48e2c53d157,20,PROD009,470,Each,Active,235000,USD
de45c5c6-dfed-4657-97ef-aefb981a6344-10,de45c5c6-dfed-4657-97ef-aefb981a6344,10,PROD006,80,Each,Active,64000,USD
de45c5c6-dfed-4657-97ef-aefb981a6344-20,de45c5c6-dfed-4657-97ef-aefb981a6344,20,PROD004,110,Each,Active,44000,USD
de45c5c6-dfed-4657-97ef-aefb981a6344-30,de45c5c6-dfed-4657-97ef-aefb981a6344,30,PROD005,350,Each,Active,210000,USD
c42ea15e-11eb-475b-9be2-da7ed192eb66-10,c42ea15e-11eb-475b-9be2-da7ed192eb66,10,PROD004,420,Each,Active,168000,USD
c42ea15e-11eb-475b-9be2-da7ed192eb66-20,c42ea15e-11eb-475b-9be2-da7ed192eb66,20,PROD006,190,Each,Active,152000,USD
3ceab7d0-1f1a-427d-94dd-69b06d60383e-10,3ceab7d0-1f1a-427d-94dd-69b06d60383e,10,PROD007,440,Each,Active,132000,USD
dfcf0971-9611-4056-9d37-cf6e2778739d-10,dfcf0971-9611-4056-9d37-cf6e2778739d,10,PROD006,300,Each,Active,240000,USD
dfcf0971-9611-4056-9d37-cf6e2778739d-20,dfcf0971-9611-4056-9d37-cf6e2778739d,20,PROD001,500,Each,Active,450000,USD
ef324530-6597-48ef-af90-de84c2bfc774-10,ef324530-6597-48ef-af90-de84c2bfc774,10,PROD007,200,Each,Active,60000,USD
ef324530-6597-48ef-af90-de84c2bfc774-20,ef324530-6597-48ef-af90-de84c2bfc774,20,PROD004,460,Each,Active,184000,USD
ef324530-6597-48ef-af90-de84c2bfc774-30,ef324530-6597-48ef-af90-de84c2bfc774,30,PROD003,150,Each,Active,180000,USD
09fa2827-cf2f-4e5c-8be1-8de044a1df2a-10,09fa2827-cf2f-4e5c-8be1-8de044a1df2a,10,PROD008,450,Each,Active,180000,USD
773d19d6-2f5e-4346-8558-d2637b174ae7-10,773d19d6-2f5e-4346-8558-d2637b174ae7,10,PROD002,330,Each,Active,330000,USD
773d19d6-2f5e-4346-8558-d2637b174ae7-20,773d19d6-2f5e-4346-8558-d2637b174ae7,20,PROD008,420,Each,Active,168000,USD
773d19d6-2f5e-4346-8558-d2637b174ae7-30,773d19d6-2f5e-4346-8558-d2637b174ae7,30,PROD009,120,Each,Active,60000,USD
01f90ba4-f50d-4318-8eb5-cd08a88ee457-10,01f90ba4-f50d-4318-8eb5-cd08a88ee457,10,PROD001,210,Each,Active,189000,USD
01f90ba4-f50d-4318-8eb5-cd08a88ee457-20,01f90ba4-f50d-4318-8eb5-cd08a88ee457,20,PROD006,360,Each,Active,288000,USD
01f90ba4-f50d-4318-8eb5-cd08a88ee457-30,01f90ba4-f50d-4318-8eb5-cd08a88ee457,30,PROD005,120,Each,Active,72000,USD
9571fbcb-a877-47f7-ab17-5d4b29fe5bc1-10,9571fbcb-a877-47f7-ab17-5d4b29fe5bc1,10,PROD002,170,Each,Active,170000,USD
9571fbcb-a877-47f7-ab17-5d4b29fe5bc1-20,9571fbcb-a877-47f7-ab17-5d4b29fe5bc1,20,PROD008,370,Each,Active,148000,USD
69cc1529-cb36-44c6-9bf2-15dadf7c9f07-10,69cc1529-cb36-44c6-9bf2-15dadf7c9f07,10,PROD002,80,Each,Active,80000,USD
12b9d93a-1a84-4fe5-a2ed-b974a359a789-10,12b9d93a-1a84-4fe5-a2ed-b974a359a789,10,PROD002,230,Each,Active,230000,USD
465d0fc3-4fd4-4725-896d-c5d4712ba255-10,465d0fc3-4fd4-4725-896d-c5d4712ba255,10,PROD007,200,Each,Active,60000,USD
14d8840b-8807-4d49-b5ad-55840a7dce56-10,14d8840b-8807-4d49-b5ad-55840a7dce56,10,PROD006,60,Each,Active,48000,USD
14d8840b-8807-4d49-b5ad-55840a7dce56-20,14d8840b-8807-4d49-b5ad-55840a7dce56,20,PROD009,80,Each,Active,40000,USD
14d8840b-8807-4d49-b5ad-55840a7dce56-30,14d8840b-8807-4d49-b5ad-55840a7dce56,30,PROD005,370,Each,Active,222000,USD
a66dc7c9-5205-4ca0-b8f8-a499ce470386-10,a66dc7c9-5205-4ca0-b8f8-a499ce470386,10,PROD001,280,Each,Active,252000,USD
a66dc7c9-5205-4ca0-b8f8-a499ce470386-20,a66dc7c9-5205-4ca0-b8f8-a499ce470386,20,PROD006,440,Each,Active,352000,USD
f25d6374-35ad-48f2-af5f-6ecd2a4536b2-10,f25d6374-35ad-48f2-af5f-6ecd2a4536b2,10,PROD001,430,Each,Active,387000,USD
f25d6374-35ad-48f2-af5f-6ecd2a4536b2-20,f25d6374-35ad-48f2-af5f-6ecd2a4536b2,20,PROD007,300,Each,Active,90000,USD
f25d6374-35ad-48f2-af5f-6ecd2a4536b2-30,f25d6374-35ad-48f2-af5f-6ecd2a4536b2,30,PROD009,250,Each,Active,125000,USD
a0c12f0e-a2cc-47e8-9d01-d5a5443252a0-10,a0c12f0e-a2cc-47e8-9d01-d5a5443252a0,10,PROD009,270,Each,Active,135000,USD
a0c12f0e-a2cc-47e8-9d01-d5a5443252a0-20,a0c12f0e-a2cc-47e8-9d01-d5a5443252a0,20,PROD001,470,Each,Active,423000,USD
a0c12f0e-a2cc-47e8-9d01-d5a5443252a0-30,a0c12f0e-a2cc-47e8-9d01-d5a5443252a0,30,PROD004,440,Each,Active,176000,USD
601fcdf9-afe2-444a-b29d-1b835bcfea13-10,601fcdf9-afe2-444a-b29d-1b835bcfea13,10,PROD007,130,Each,Active,39000,USD
601fcdf9-afe2-444a-b29d-1b835bcfea13-20,601fcdf9-afe2-444a-b29d-1b835bcfea13,20,PROD003,280,Each,Active,336000,USD
601fcdf9-afe2-444a-b29d-1b835bcfea13-30,601fcdf9-afe2-444a-b29d-1b835bcfea13,30,PROD001,310,Each,Active,279000,USD
ca9ae3c3-1bd3-4d14-8091-d0e5d1d32f18-10,ca9ae3c3-1bd3-4d14-8091-d0e5d1d32f18,10,PROD007,90,Each,Active,27000,USD
ca9ae3c3-1bd3-4d14-8091-d0e5d1d32f18-20,ca9ae3c3-1bd3-4d14-8091-d0e5d1d32f18,20,PROD001,130,Each,Active,117000,USD
b1bc1c76-8b87-488d-801d-635158913f42-10,b1bc1c76-8b87-488d-801d-635158913f42,10,PROD005,470,Each,Active,282000,USD
b1bc1c76-8b87-488d-801d-635158913f42-20,b1bc1c76-8b87-488d-801d-635158913f42,20,PROD008,70,Each,Active,28000,USD
b1bc1c76-8b87-488d-801d-635158913f42-30,b1bc1c76-8b87-488d-801d-635158913f42,30,PROD004,360,Each,Active,144000,USD
892570c7-dde8-462e-90f4-28f0bdf7f9a3-10,892570c7-dde8-462e-90f4-28f0bdf7f9a3,10,PROD007,400,Each,Active,120000,USD
892570c7-dde8-462e-90f4-28f0bdf7f9a3-20,892570c7-dde8-462e-90f4-28f0bdf7f9a3,20,PROD008,110,Each,Active,44000,USD
67f8212d-336e-4642-9578-a9467b89f79a-10,67f8212d-336e-4642-9578-a9467b89f79a,10,PROD005,380,Each,Active,228000,USD
67f8212d-336e-4642-9578-a9467b89f79a-20,67f8212d-336e-4642-9578-a9467b89f79a,20,PROD006,180,Each,Active,144000,USD
e366639e-12eb-499e-9b12-f3158dd05529-10,e366639e-12eb-499e-9b12-f3158dd05529,10,PROD009,150,Each,Active,75000,USD
a6cf7487-852c-4fdd-9b73-7205bef1774d-10,a6cf7487-852c-4fdd-9b73-7205bef1774d,10,PROD008,300,Each,Active,120000,USD
a6cf7487-852c-4fdd-9b73-7205bef1774d-20,a6cf7487-852c-4fdd-9b73-7205bef1774d,20,PROD003,450,Each,Active,540000,USD
a6cf7487-852c-4fdd-9b73-7205bef1774d-30,a6cf7487-852c-4fdd-9b73-7205bef1774d,30,PROD005,500,Each,Active,300000,USD
64466059-35ae-4f6d-b799-7d38e0b2894f-10,64466059-35ae-4f6d-b799-7d38e0b2894f,10,PROD004,220,Each,Active,88000,USD
64466059-35ae-4f6d-b799-7d38e0b2894f-20,64466059-35ae-4f6d-b799-7d38e0b2894f,20,PROD009,210,Each,Active,105000,USD
64466059-35ae-4f6d-b799-7d38e0b2894f-30,64466059-35ae-4f6d-b799-7d38e0b2894f,30,PROD007,390,Each,Active,117000,USD
c59077de-3d1c-444e-bca3-65c6ec4a02b4-10,c59077de-3d1c-444e-bca3-65c6ec4a02b4,10,PROD007,320,Each,Active,96000,USD
e21de3b9-cfea-4cdd-93e3-7d4193362e1f-10,e21de3b9-cfea-4cdd-93e3-7d4193362e1f,10,PROD005,500,Each,Active,300000,USD
e21de3b9-cfea-4cdd-93e3-7d4193362e1f-20,e21de3b9-cfea-4cdd-93e3-7d4193362e1f,20,PROD009,340,Each,Active,170000,USD
e21de3b9-cfea-4cdd-93e3-7d4193362e1f-30,e21de3b9-cfea-4cdd-93e3-7d4193362e1f,30,PROD001,240,Each,Active,216000,USD
58d5d441-df66-4509-9c6b-86ddc287bb07-10,58d5d441-df66-4509-9c6b-86ddc287bb07,10,PROD006,410,Each,Active,328000,USD
58d5d441-df66-4509-9c6b-86ddc287bb07-20,58d5d441-df66-4509-9c6b-86ddc287bb07,20,PROD008,150,Each,Active,60000,USD
2b08606f-a2e8-41db-b4df-e075a1ac68be-10,2b08606f-a2e8-41db-b4df-e075a1ac68be,10,PROD004,150,Each,Active,60000,USD
2b08606f-a2e8-41db-b4df-e075a1ac68be-20,2b08606f-a2e8-41db-b4df-e075a1ac68be,20,PROD002,320,Each,Active,320000,USD
2b08606f-a2e8-41db-b4df-e075a1ac68be-30,2b08606f-a2e8-41db-b4df-e075a1ac68be,30,PROD008,390,Each,Active,156000,USD
8789eaa8-7301-4240-8472-fee27b5fa615-10,8789eaa8-7301-4240-8472-fee27b5fa615,10,PROD004,390,Each,Active,156000,USD
8789eaa8-7301-4240-8472-fee27b5fa615-20,8789eaa8-7301-4240-8472-fee27b5fa615,20,PROD006,150,Each,Active,120000,USD
51ea49e5-1327-4fbf-9546-434ca7b181ce-10,51ea49e5-1327-4fbf-9546-434ca7b181ce,10,PROD001,170,Each,Active,153000,USD
d80c7ba3-91b2-4f20-9ef0-9924a7da9c54-10,d80c7ba3-91b2-4f20-9ef0-9924a7da9c54,10,PROD008,260,Each,Active,104000,USD
b7a78dd2-cff1-4648-ad4e-de96dd87a7ee-10,b7a78dd2-cff1-4648-ad4e-de96dd87a7ee,10,PROD003,280,Each,Active,336000,USD
b7a78dd2-cff1-4648-ad4e-de96dd87a7ee-20,b7a78dd2-cff1-4648-ad4e-de96dd87a7ee,20,PROD007,210,Each,Active,63000,USD
f8a65344-a08f-4241-b2e3-d086d2af1c33-10,f8a65344-a08f-4241-b2e3-d086d2af1c33,10,PROD006,200,Each,Active,160000,USD
f5d4134b-71a4-4c3a-a96d-40a4ae24d56d-10,f5d4134b-71a4-4c3a-a96d-40a4ae24d56d,10,PROD008,480,Each,Active,192000,USD
4efccecb-840b-43d9-a1c3-7c4f6267cb25-10,4efccecb-840b-43d9-a1c3-7c4f6267cb25,10,PROD007,350,Each,Active,105000,USD
4efccecb-840b-43d9-a1c3-7c4f6267cb25-20,4efccecb-840b-43d9-a1c3-7c4f6267cb25,20,PROD004,60,Each,Active,24000,USD
4efccecb-840b-43d9-a1c3-7c4f6267cb25-30,4efccecb-840b-43d9-a1c3-7c4f6267cb25,30,PROD009,270,Each,Active,135000,USD
91c5fff6-77d3-470e-8206-5311a20cdb3f-10,91c5fff6-77d3-470e-8206-5311a20cdb3f,10,PROD004,240,Each,Active,96000,USD
5c42cf54-5dcd-4a4a-bdb1-5782c179e668-10,5c42cf54-5dcd-4a4a-bdb1-5782c179e668,10,PROD003,220,Each,Active,264000,USD
5c42cf54-5dcd-4a4a-bdb1-5782c179e668-20,5c42cf54-5dcd-4a4a-bdb1-5782c179e668,20,PROD008,430,Each,Active,172000,USD
5c42cf54-5dcd-4a4a-bdb1-5782c179e668-30,5c42cf54-5dcd-4a4a-bdb1-5782c179e668,30,PROD001,400,Each,Active,360000,USD
688e89d6-4d14-40f2-898f-833b91964f6c-10,688e89d6-4d14-40f2-898f-833b91964f6c,10,PROD003,190,Each,Active,228000,USD
688e89d6-4d14-40f2-898f-833b91964f6c-20,688e89d6-4d14-40f2-898f-833b91964f6c,20,PROD005,260,Each,Active,156000,USD
c69cce16-776f-4a31-9279-d462b93cf397-10,c69cce16-776f-4a31-9279-d462b93cf397,10,PROD004,370,Each,Active,148000,USD
2901bc11-9600-43da-a6a5-c4f9664afa44-10,2901bc11-9600-43da-a6a5-c4f9664afa44,10,PROD006,410,Each,Active,328000,USD
2901bc11-9600-43da-a6a5-c4f9664afa44-20,2901bc11-9600-43da-a6a5-c4f9664afa44,20,PROD003,200,Each,Active,240000,USD
71620b98-9df1-4ec7-aa9c-1203af0482f4-10,71620b98-9df1-4ec7-aa9c-1203af0482f4,10,PROD008,270,Each,Active,108000,USD
71620b98-9df1-4ec7-aa9c-1203af0482f4-20,71620b98-9df1-4ec7-aa9c-1203af0482f4,20,PROD003,420,Each,Active,504000,USD
71620b98-9df1-4ec7-aa9c-1203af0482f4-30,71620b98-9df1-4ec7-aa9c-1203af0482f4,30,PROD004,80,Each,Active,32000,USD
123affd1-016c-4f7b-a31f-167c3bf0f591-10,123affd1-016c-4f7b-a31f-167c3bf0f591,10,PROD003,370,Each,Active,444000,USD
e9c9e313-1fba-4343-a07f-28ee5a652d0f-10,e9c9e313-1fba-4343-a07f-28ee5a652d0f,10,PROD002,150,Each,Active,150000,USD
61f058f0-c0a3-447d-ad17-3d1380818164-10,61f058f0-c0a3-447d-ad17-3d1380818164,10,PROD004,450,Each,Active,180000,USD
61f058f0-c0a3-447d-ad17-3d1380818164-20,61f058f0-c0a3-447d-ad17-3d1380818164,20,PROD003,140,Each,Active,168000,USD
61f058f0-c0a3-447d-ad17-3d1380818164-30,61f058f0-c0a3-447d-ad17-3d1380818164,30,PROD008,80,Each,Active,32000,USD
78460a6d-a89b-41e4-b078-36909e154f95-10,78460a6d-a89b-41e4-b078-36909e154f95,10,PROD009,380,Each,Active,190000,USD
2d7fe7ed-00fc-46bf-953f-eeddb45bc568-10,2d7fe7ed-00fc-46bf-953f-eeddb45bc568,10,PROD006,360,Each,Active,288000,USD
2d7fe7ed-00fc-46bf-953f-eeddb45bc568-20,2d7fe7ed-00fc-46bf-953f-eeddb45bc568,20,PROD004,490,Each,Active,196000,USD
5742cb00-d45a-44a5-a8d7-77592310bd7d-10,5742cb00-d45a-44a5-a8d7-77592310bd7d,10,PROD002,50,Each,Active,50000,USD
5742cb00-d45a-44a5-a8d7-77592310bd7d-20,5742cb00-d45a-44a5-a8d7-77592310bd7d,20,PROD003,390,Each,Active,468000,USD
5742cb00-d45a-44a5-a8d7-77592310bd7d-30,5742cb00-d45a-44a5-a8d7-77592310bd7d,30,PROD005,120,Each,Active,72000,USD
b04d8ec2-f837-41bd-ab40-e93d88e2d9d4-10,b04d8ec2-f837-41bd-ab40-e93d88e2d9d4,10,PROD003,110,Each,Active,132000,USD
8cb33f32-65bd-4070-89fc-2455caaa8a80-10,8cb33f32-65bd-4070-89fc-2455caaa8a80,10,PROD009,310,Each,Active,155000,USD
8cb33f32-65bd-4070-89fc-2455caaa8a80-20,8cb33f32-65bd-4070-89fc-2455caaa8a80,20,PROD002,50,Each,Active,50000,USD
fbb94099-fbdd-4882-89db-fe539c29014a-10,fbb94099-fbdd-4882-89db-fe539c29014a,10,PROD001,230,Each,Active,207000,USD
d9c3f83c-dbcc-42b0-b80b-409bbee49e43-10,d9c3f83c-dbcc-42b0-b80b-409bbee49e43,10,PROD006,230,Each,Active,184000,USD
d9c3f83c-dbcc-42b0-b80b-409bbee49e43-20,d9c3f83c-dbcc-42b0-b80b-409bbee49e43,20,PROD001,140,Each,Active,126000,USD
f5cc1743-ec83-4fb3-a12e-eb563d9156c3-10,f5cc1743-ec83-4fb3-a12e-eb563d9156c3,10,PROD006,380,Each,Active,304000,USD
f5cc1743-ec83-4fb3-a12e-eb563d9156c3-20,f5cc1743-ec83-4fb3-a12e-eb563d9156c3,20,PROD001,290,Each,Active,261000,USD
e3b60d1d-ae02-418a-afb2-d55f94fac50f-10,e3b60d1d-ae02-418a-afb2-d55f94fac50f,10,PROD009,450,Each,Active,225000,USD
e3b60d1d-ae02-418a-afb2-d55f94fac50f-20,e3b60d1d-ae02-418a-afb2-d55f94fac50f,20,PROD001,250,Each,Active,225000,USD
e3b60d1d-ae02-418a-afb2-d55f94fac50f-30,e3b60d1d-ae02-418a-afb2-d55f94fac50f,30,PROD003,150,Each,Active,180000,USD
fd1f0b50-443f-4c17-ac5d-11ac47b6f3f7-10,fd1f0b50-443f-4c17-ac5d-11ac47b6f3f7,10,PROD002,490,Each,Active,490000,USD
fd1f0b50-443f-4c17-ac5d-11ac47b6f3f7-20,fd1f0b50-443f-4c17-ac5d-11ac47b6f3f7,20,PROD005,60,Each,Active,36000,USD
31161350-212b-49ea-a04c-dd7171a1962e-10,31161350-212b-49ea-a04c-dd7171a1962e,10,PROD005,370,Each,Active,222000,USD
31161350-212b-49ea-a04c-dd7171a1962e-20,31161350-212b-49ea-a04c-dd7171a1962e,20,PROD006,150,Each,Active,120000,USD
aa9d562e-6eac-4cc2-ae5c-4567b7a5722d-10,aa9d562e-6eac-4cc2-ae5c-4567b7a5722d,10,PROD007,410,Each,Active,123000,USD
ea819857-92cf-4fa2-8efe-29d85ebaeb4f-10,ea819857-92cf-4fa2-8efe-29d85ebaeb4f,10,PROD003,410,Each,Active,492000,USD
ea819857-92cf-4fa2-8efe-29d85ebaeb4f-20,ea819857-92cf-4fa2-8efe-29d85ebaeb4f,20,PROD007,480,Each,Active,144000,USD
ea819857-92cf-4fa2-8efe-29d85ebaeb4f-30,ea819857-92cf-4fa2-8efe-29d85ebaeb4f,30,PROD008,160,Each,Active,64000,USD
84616591-38b8-4eb3-af66-3f04f8ccd85c-10,84616591-38b8-4eb3-af66-3f04f8ccd85c,10,PROD006,460,Each,Active,368000,USD
c35e7de6-7464-439b-bc55-d023789cf7dd-10,c35e7de6-7464-439b-bc55-d023789cf7dd,10,PROD001,240,Each,Active,216000,USD
c35e7de6-7464-439b-bc55-d023789cf7dd-20,c35e7de6-7464-439b-bc55-d023789cf7dd,20,PROD005,340,Each,Active,204000,USD
c67e7bef-f63b-4579-98df-75d8368ad8f4-10,c67e7bef-f63b-4579-98df-75d8368ad8f4,10,PROD009,340,Each,Active,170000,USD
c67e7bef-f63b-4579-98df-75d8368ad8f4-20,c67e7bef-f63b-4579-98df-75d8368ad8f4,20,PROD008,120,Each,Active,48000,USD
c67e7bef-f63b-4579-98df-75d8368ad8f4-30,c67e7bef-f63b-4579-98df-75d8368ad8f4,30,PROD005,310,Each,Active,186000,USD
c9193bdf-316f-44a6-8146-ff500251f799-10,c9193bdf-316f-44a6-8146-ff500251f799,10,PROD003,70,Each,Active,84000,USD
c9193bdf-316f-44a6-8146-ff500251f799-20,c9193bdf-316f-44a6-8146-ff500251f799,20,PROD006,500,Each,Active,400000,USD
c9193bdf-316f-44a6-8146-ff500251f799-30,c9193bdf-316f-44a6-8146-ff500251f799,30,PROD001,480,Each,Active,432000,USD
bb4bea1e-300a-42e3-bcf0-be8844d4cd68-10,bb4bea1e-300a-42e3-bcf0-be8844d4cd68,10,PROD004,350,Each,Active,140000,USD
bb4bea1e-300a-42e3-bcf0-be8844d4cd68-20,bb4bea1e-300a-42e3-bcf0-be8844d4cd68,20,PROD002,150,Each,Active,150000,USD
92a87ca4-4e52-427c-9a4d-1dbf128d25bb-10,92a87ca4-4e52-427c-9a4d-1dbf128d25bb,10,PROD008,240,Each,Active,96000,USD
92a87ca4-4e52-427c-9a4d-1dbf128d25bb-20,92a87ca4-4e52-427c-9a4d-1dbf128d25bb,20,PROD006,500,Each,Active,400000,USD
4fd3514f-42bf-4d82-8bf3-0d71ba153217-10,4fd3514f-42bf-4d82-8bf3-0d71ba153217,10,PROD003,370,Each,Active,444000,USD
4fd3514f-42bf-4d82-8bf3-0d71ba153217-20,4fd3514f-42bf-4d82-8bf3-0d71ba153217,20,PROD001,70,Each,Active,63000,USD
4fd3514f-42bf-4d82-8bf3-0d71ba153217-30,4fd3514f-42bf-4d82-8bf3-0d71ba153217,30,PROD005,410,Each,Active,246000,USD
61e7755c-af2b-4fbd-92b0-1a8d99fecd88-10,61e7755c-af2b-4fbd-92b0-1a8d99fecd88,10,PROD002,60,Each,Active,60000,USD
61e7755c-af2b-4fbd-92b0-1a8d99fecd88-20,61e7755c-af2b-4fbd-92b0-1a8d99fecd88,20,PROD006,270,Each,Active,216000,USD
21e3027c-8273-47c5-9c91-f090b20589e6-10,21e3027c-8273-47c5-9c91-f090b20589e6,10,PROD007,90,Each,Active,27000,USD
21e3027c-8273-47c5-9c91-f090b20589e6-20,21e3027c-8273-47c5-9c91-f090b20589e6,20,PROD001,140,Each,Active,126000,USD
21e3027c-8273-47c5-9c91-f090b20589e6-30,21e3027c-8273-47c5-9c91-f090b20589e6,30,PROD008,450,Each,Active,180000,USD
1f3364c0-34b2-4061-b0ef-cf121856371d-10,1f3364c0-34b2-4061-b0ef-cf121856371d,10,PROD003,460,Each,Active,552000,USD
2603202b-de1d-4ae0-a8fd-b0f82bef591f-10,2603202b-de1d-4ae0-a8fd-b0f82bef591f,10,PROD004,260,Each,Active,104000,USD
66a2796b-378c-480e-9c37-7c73609b59c8-10,66a2796b-378c-480e-9c37-7c73609b59c8,10,PROD001,450,Each,Active,405000,USD
66a2796b-378c-480e-9c37-7c73609b59c8-20,66a2796b-378c-480e-9c37-7c73609b59c8,20,PROD003,430,Each,Active,516000,USD
66a2796b-378c-480e-9c37-7c73609b59c8-30,66a2796b-378c-480e-9c37-7c73609b59c8,30,PROD004,200,Each,Active,80000,USD
430fb18c-0610-44bb-9804-71ee8666620f-10,430fb18c-0610-44bb-9804-71ee8666620f,10,PROD002,170,Each,Active,170000,USD
430fb18c-0610-44bb-9804-71ee8666620f-20,430fb18c-0610-44bb-9804-71ee8666620f,20,PROD003,310,Each,Active,372000,USD
b8b1a4b5-62bc-4589-9c0d-35420de94d6a-10,b8b1a4b5-62bc-4589-9c0d-35420de94d6a,10,PROD007,490,Each,Active,147000,USD
dd2105fd-1562-4e17-994d-4b9d5069da01-10,dd2105fd-1562-4e17-994d-4b9d5069da01,10,PROD005,150,Each,Active,90000,USD
dd2105fd-1562-4e17-994d-4b9d5069da01-20,dd2105fd-1562-4e17-994d-4b9d5069da01,20,PROD004,260,Each,Active,104000,USD
dd2105fd-1562-4e17-994d-4b9d5069da01-30,dd2105fd-1562-4e17-994d-4b9d5069da01,30,PROD003,450,Each,Active,540000,USD
639e9747-9ff9-4fb4-9a45-5c063bc4d407-10,639e9747-9ff9-4fb4-9a45-5c063bc4d407,10,PROD008,420,Each,Active,168000,USD
639e9747-9ff9-4fb4-9a45-5c063bc4d407-20,639e9747-9ff9-4fb4-9a45-5c063bc4d407,20,PROD004,90,Each,Active,36000,USD
f7319aa0-a30b-4266-9777-2e814d0a1359-10,f7319aa0-a30b-4266-9777-2e814d0a1359,10,PROD007,440,Each,Active,132000,USD
b93755c2-cf6d-4e62-9f51-05f6c13e854f-10,b93755c2-cf6d-4e62-9f51-05f6c13e854f,10,PROD008,290,Each,Active,116000,USD
b93755c2-cf6d-4e62-9f51-05f6c13e854f-20,b93755c2-cf6d-4e62-9f51-05f6c13e854f,20,PROD001,160,Each,Active,144000,USD
b93755c2-cf6d-4e62-9f51-05f6c13e854f-30,b93755c2-cf6d-4e62-9f51-05f6c13e854f,30,PROD002,340,Each,Active,340000,USD
45941edf-3868-48d0-80df-23eadc57ef01-10,45941edf-3868-48d0-80df-23eadc57ef01,10,PROD002,190,Each,Active,190000,USD
48bbb1ac-5990-4ffd-bff1-57527dcc5131-10,48bbb1ac-5990-4ffd-bff1-57527dcc5131,10,PROD008,170,Each,Active,68000,USD
48bbb1ac-5990-4ffd-bff1-57527dcc5131-20,48bbb1ac-5990-4ffd-bff1-57527dcc5131,20,PROD005,320,Each,Active,192000,USD
2b8c1838-f639-4339-8689-968797c57c16-10,2b8c1838-f639-4339-8689-968797c57c16,10,PROD009,120,Each,Active,60000,USD
30c19e20-e005-4ce7-bae9-ce3b705026d7-10,30c19e20-e005-4ce7-bae9-ce3b705026d7,10,PROD005,340,Each,Active,204000,USD
30c19e20-e005-4ce7-bae9-ce3b705026d7-20,30c19e20-e005-4ce7-bae9-ce3b705026d7,20,PROD003,230,Each,Active,276000,USD
446edf92-2abb-443b-b448-715e1a15e523-10,446edf92-2abb-443b-b448-715e1a15e523,10,PROD005,350,Each,Active,210000,USD
446edf92-2abb-443b-b448-715e1a15e523-20,446edf92-2abb-443b-b448-715e1a15e523,20,PROD008,450,Each,Active,180000,USD
40e29649-9f16-4a3c-b554-2f05bfc9a640-10,40e29649-9f16-4a3c-b554-2f05bfc9a640,10,PROD003,320,Each,Active,384000,USD
40e29649-9f16-4a3c-b554-2f05bfc9a640-20,40e29649-9f16-4a3c-b554-2f05bfc9a640,20,PROD008,250,Each,Active,100000,USD
40e29649-9f16-4a3c-b554-2f05bfc9a640-30,40e29649-9f16-4a3c-b554-2f05bfc9a640,30,PROD006,60,Each,Active,48000,USD
b46021fc-ecb3-4edf-9e31-8045ef0c0713-10,b46021fc-ecb3-4edf-9e31-8045ef0c0713,10,PROD009,340,Each,Active,170000,USD
31e46799-57b3-44b9-b91f-c313efebca42-10,31e46799-57b3-44b9-b91f-c313efebca42,10,PROD002,90,Each,Active,90000,USD
31e46799-57b3-44b9-b91f-c313efebca42-20,31e46799-57b3-44b9-b91f-c313efebca42,20,PROD004,190,Each,Active,76000,USD
31e46799-57b3-44b9-b91f-c313efebca42-30,31e46799-57b3-44b9-b91f-c313efebca42,30,PROD001,500,Each,Active,450000,USD
b653e72a-0095-42b1-b551-d0751da2b17f-10,b653e72a-0095-42b1-b551-d0751da2b17f,10,PROD004,210,Each,Active,84000,USD
b653e72a-0095-42b1-b551-d0751da2b17f-20,b653e72a-0095-42b1-b551-d0751da2b17f,20,PROD003,500,Each,Active,600000,USD
b653e72a-0095-42b1-b551-d0751da2b17f-30,b653e72a-0095-42b1-b551-d0751da2b17f,30,PROD007,250,Each,Active,75000,USD
1febd3f7-60a0-405b-9491-c88837a2cfa6-10,1febd3f7-60a0-405b-9491-c88837a2cfa6,10,PROD007,230,Each,Active,69000,USD
1febd3f7-60a0-405b-9491-c88837a2cfa6-20,1febd3f7-60a0-405b-9491-c88837a2cfa6,20,PROD008,290,Each,Active,116000,USD
0309fdde-febe-4766-9c38-c88f6a189d58-10,0309fdde-febe-4766-9c38-c88f6a189d58,10,PROD008,210,Each,Active,84000,USD
0309fdde-febe-4766-9c38-c88f6a189d58-20,0309fdde-febe-4766-9c38-c88f6a189d58,20,PROD004,480,Each,Active,192000,USD
0309fdde-febe-4766-9c38-c88f6a189d58-30,0309fdde-febe-4766-9c38-c88f6a189d58,30,PROD003,490,Each,Active,588000,USD
8b19587b-1f38-4f6b-addb-f1b07488210d-10,8b19587b-1f38-4f6b-addb-f1b07488210d,10,PROD006,500,Each,Active,400000,USD
8b19587b-1f38-4f6b-addb-f1b07488210d-20,8b19587b-1f38-4f6b-addb-f1b07488210d,20,PROD009,490,Each,Active,245000,USD
1f1af1e7-2f73-46a0-ac87-d5e2d11dd5f4-10,1f1af1e7-2f73-46a0-ac87-d5e2d11dd5f4,10,PROD007,190,Each,Active,57000,USD
13aefcd7-cde2-4ad1-a382-70363efde1d6-10,13aefcd7-cde2-4ad1-a382-70363efde1d6,10,PROD005,180,Each,Active,108000,USD
67e6fe61-a534-49c2-9d0d-0f1a3b8bd6e2-10,67e6fe61-a534-49c2-9d0d-0f1a3b8bd6e2,10,PROD002,290,Each,Active,290000,USD
67e6fe61-a534-49c2-9d0d-0f1a3b8bd6e2-20,67e6fe61-a534-49c2-9d0d-0f1a3b8bd6e2,20,PROD009,320,Each,Active,160000,USD
67e6fe61-a534-49c2-9d0d-0f1a3b8bd6e2-30,67e6fe61-a534-49c2-9d0d-0f1a3b8bd6e2,30,PROD001,380,Each,Active,342000,USD
2fd3343c-36e5-48be-a8ff-d1fb1437995d-10,2fd3343c-36e5-48be-a8ff-d1fb1437995d,10,PROD006,280,Each,Active,224000,USD
2fd3343c-36e5-48be-a8ff-d1fb1437995d-20,2fd3343c-36e5-48be-a8ff-d1fb1437995d,20,PROD001,390,Each,Active,351000,USD
e261ba1b-eef5-48b3-b0d2-2353d081554b-10,e261ba1b-eef5-48b3-b0d2-2353d081554b,10,PROD006,150,Each,Active,120000,USD
e261ba1b-eef5-48b3-b0d2-2353d081554b-20,e261ba1b-eef5-48b3-b0d2-2353d081554b,20,PROD005,90,Each,Active,54000,USD
e261ba1b-eef5-48b3-b0d2-2353d081554b-30,e261ba1b-eef5-48b3-b0d2-2353d081554b,30,PROD003,270,Each,Active,324000,USD
a21cb5a8-f142-4fdd-82c8-df01129f15b0-10,a21cb5a8-f142-4fdd-82c8-df01129f15b0,10,PROD001,280,Each,Active,252000,USD
491bf7aa-c75c-4f32-aad5-9a52786f1196-10,491bf7aa-c75c-4f32-aad5-9a52786f1196,10,PROD008,440,Each,Active,176000,USD
491bf7aa-c75c-4f32-aad5-9a52786f1196-20,491bf7aa-c75c-4f32-aad5-9a52786f1196,20,PROD002,260,Each,Active,260000,USD
7356e276-4b33-44ee-afd4-28f9b2404f54-10,7356e276-4b33-44ee-afd4-28f9b2404f54,10,PROD006,220,Each,Active,176000,USD
7356e276-4b33-44ee-afd4-28f9b2404f54-20,7356e276-4b33-44ee-afd4-28f9b2404f54,20,PROD003,460,Each,Active,552000,USD
57f135d2-d4e7-41a0-a463-7ce3124a0c3d-10,57f135d2-d4e7-41a0-a463-7ce3124a0c3d,10,PROD003,410,Each,Active,492000,USD
57f135d2-d4e7-41a0-a463-7ce3124a0c3d-20,57f135d2-d4e7-41a0-a463-7ce3124a0c3d,20,PROD002,50,Each,Active,50000,USD
a369aa4d-00c6-4c17-b94b-7ae0c759aff4-10,a369aa4d-00c6-4c17-b94b-7ae0c759aff4,10,PROD003,50,Each,Active,60000,USD
dae871e0-e69e-406d-a035-3dd4bd093451-10,dae871e0-e69e-406d-a035-3dd4bd093451,10,PROD002,430,Each,Active,430000,USD
dae871e0-e69e-406d-a035-3dd4bd093451-20,dae871e0-e69e-406d-a035-3dd4bd093451,20,PROD009,170,Each,Active,85000,USD
60f0dccc-c9f0-4fa0-93e3-4cb82e96b7d4-10,60f0dccc-c9f0-4fa0-93e3-4cb82e96b7d4,10,PROD007,120,Each,Active,36000,USD
60f0dccc-c9f0-4fa0-93e3-4cb82e96b7d4-20,60f0dccc-c9f0-4fa0-93e3-4cb82e96b7d4,20,PROD003,80,Each,Active,96000,USD
07d43af2-1f58-402c-a2db-63671b149616-10,07d43af2-1f58-402c-a2db-63671b149616,10,PROD006,190,Each,Active,152000,USD
adfa1f39-7cb3-48c8-93c8-3a345a096df3-10,adfa1f39-7cb3-48c8-93c8-3a345a096df3,10,PROD002,70,Each,Active,70000,USD
af12c2e9-8596-4494-996f-08fe8f2c14cc-10,af12c2e9-8596-4494-996f-08fe8f2c14cc,10,PROD006,490,Each,Active,392000,USD
af12c2e9-8596-4494-996f-08fe8f2c14cc-20,af12c2e9-8596-4494-996f-08fe8f2c14cc,20,PROD001,120,Each,Active,108000,USD
af12c2e9-8596-4494-996f-08fe8f2c14cc-30,af12c2e9-8596-4494-996f-08fe8f2c14cc,30,PROD004,140,Each,Active,56000,USD
48814c29-08ea-446d-9801-32bd9fc6d9e5-10,48814c29-08ea-446d-9801-32bd9fc6d9e5,10,PROD001,320,Each,Active,288000,USD
491036ec-7c82-4491-a14d-1afe7b74d169-10,491036ec-7c82-4491-a14d-1afe7b74d169,10,PROD005,100,Each,Active,60000,USD
491036ec-7c82-4491-a14d-1afe7b74d169-20,491036ec-7c82-4491-a14d-1afe7b74d169,20,PROD004,140,Each,Active,56000,USD
a0d57c95-593a-492d-964c-ae0c01d9f500-10,a0d57c95-593a-492d-964c-ae0c01d9f500,10,PROD004,410,Each,Active,164000,USD
91584b1c-1306-466e-808f-814e0ec00a11-10,91584b1c-1306-466e-808f-814e0ec00a11,10,PROD002,500,Each,Active,500000,USD
91584b1c-1306-466e-808f-814e0ec00a11-20,91584b1c-1306-466e-808f-814e0ec00a11,20,PROD001,60,Each,Active,54000,USD
3bd8b01d-2a9f-4c82-bf4b-6fbb559406f6-10,3bd8b01d-2a9f-4c82-bf4b-6fbb559406f6,10,PROD003,180,Each,Active,216000,USD
3bd8b01d-2a9f-4c82-bf4b-6fbb559406f6-20,3bd8b01d-2a9f-4c82-bf4b-6fbb559406f6,20,PROD005,130,Each,Active,78000,USD
3bd8b01d-2a9f-4c82-bf4b-6fbb559406f6-30,3bd8b01d-2a9f-4c82-bf4b-6fbb559406f6,30,PROD008,150,Each,Active,60000,USD
3875f52e-42ac-4a0e-a264-747df5a1c05d-10,3875f52e-42ac-4a0e-a264-747df5a1c05d,10,PROD002,60,Each,Active,60000,USD
3875f52e-42ac-4a0e-a264-747df5a1c05d-20,3875f52e-42ac-4a0e-a264-747df5a1c05d,20,PROD008,280,Each,Active,112000,USD
fc8d21fb-2784-4738-aecd-822f7b8289e2-10,fc8d21fb-2784-4738-aecd-822f7b8289e2,10,PROD001,150,Each,Active,135000,USD
fc8d21fb-2784-4738-aecd-822f7b8289e2-20,fc8d21fb-2784-4738-aecd-822f7b8289e2,20,PROD005,330,Each,Active,198000,USD
fc8d21fb-2784-4738-aecd-822f7b8289e2-30,fc8d21fb-2784-4738-aecd-822f7b8289e2,30,PROD002,450,Each,Active,450000,USD
5b36f003-d793-4434-a887-bc39f51aa7c7-10,5b36f003-d793-4434-a887-bc39f51aa7c7,10,PROD009,340,Each,Active,170000,USD
5b36f003-d793-4434-a887-bc39f51aa7c7-20,5b36f003-d793-4434-a887-bc39f51aa7c7,20,PROD007,250,Each,Active,75000,USD
ed2fd174-c7cf-4a48-b48c-70c28a5e5464-10,ed2fd174-c7cf-4a48-b48c-70c28a5e5464,10,PROD001,170,Each,Active,153000,USD
ed2fd174-c7cf-4a48-b48c-70c28a5e5464-20,ed2fd174-c7cf-4a48-b48c-70c28a5e5464,20,PROD003,280,Each,Active,336000,USD
9d0e833d-32c4-41d8-b57c-c83876de8a65-10,9d0e833d-32c4-41d8-b57c-c83876de8a65,10,PROD004,390,Each,Active,156000,USD
9d0e833d-32c4-41d8-b57c-c83876de8a65-20,9d0e833d-32c4-41d8-b57c-c83876de8a65,20,PROD001,500,Each,Active,450000,USD
9d0e833d-32c4-41d8-b57c-c83876de8a65-30,9d0e833d-32c4-41d8-b57c-c83876de8a65,30,PROD003,340,Each,Active,408000,USD
863a7683-5470-4fdf-9f42-ad6e28cf3fbf-10,863a7683-5470-4fdf-9f42-ad6e28cf3fbf,10,PROD008,400,Each,Active,160000,USD
033471d5-d5c3-4052-896d-a73d071a5bb1-10,033471d5-d5c3-4052-896d-a73d071a5bb1,10,PROD009,350,Each,Active,175000,USD
cfa23281-ecbd-4a03-af3d-c29c8365e8cc-10,cfa23281-ecbd-4a03-af3d-c29c8365e8cc,10,PROD009,380,Each,Active,190000,USD
e5aab8a0-3855-4d29-a481-9106c085ec5c-10,e5aab8a0-3855-4d29-a481-9106c085ec5c,10,PROD009,450,Each,Active,225000,USD
e5aab8a0-3855-4d29-a481-9106c085ec5c-20,e5aab8a0-3855-4d29-a481-9106c085ec5c,20,PROD001,170,Each,Active,153000,USD
febb8738-f356-4071-88b8-384047b4619a-10,febb8738-f356-4071-88b8-384047b4619a,10,PROD007,490,Each,Active,147000,USD
febb8738-f356-4071-88b8-384047b4619a-20,febb8738-f356-4071-88b8-384047b4619a,20,PROD006,430,Each,Active,344000,USD
febb8738-f356-4071-88b8-384047b4619a-30,febb8738-f356-4071-88b8-384047b4619a,30,PROD008,80,Each,Active,32000,USD
78f2767e-8c86-4fc9-b0cc-641dc05874c0-10,78f2767e-8c86-4fc9-b0cc-641dc05874c0,10,PROD009,230,Each,Active,115000,USD
59b6bcdc-1e44-409f-9275-9b510594c6c1-10,59b6bcdc-1e44-409f-9275-9b510594c6c1,10,PROD003,470,Each,Active,564000,USD
59b6bcdc-1e44-409f-9275-9b510594c6c1-20,59b6bcdc-1e44-409f-9275-9b510594c6c1,20,PROD004,50,Each,Active,20000,USD
59b6bcdc-1e44-409f-9275-9b510594c6c1-30,59b6bcdc-1e44-409f-9275-9b510594c6c1,30,PROD006,240,Each,Active,192000,USD
4ad0a085-50f3-4340-b2f3-229dc9a89518-10,4ad0a085-50f3-4340-b2f3-229dc9a89518,10,PROD002,120,Each,Active,120000,USD
4ad0a085-50f3-4340-b2f3-229dc9a89518-20,4ad0a085-50f3-4340-b2f3-229dc9a89518,20,PROD009,200,Each,Active,100000,USD
636a89b5-e375-40ea-9c05-2bdff8690bf9-10,636a89b5-e375-40ea-9c05-2bdff8690bf9,10,PROD009,260,Each,Active,130000,USD
636a89b5-e375-40ea-9c05-2bdff8690bf9-20,636a89b5-e375-40ea-9c05-2bdff8690bf9,20,PROD002,230,Each,Active,230000,USD
636a89b5-e375-40ea-9c05-2bdff8690bf9-30,636a89b5-e375-40ea-9c05-2bdff8690bf9,30,PROD008,390,Each,Active,156000,USD
024941f3-a47b-4d9a-8fa7-eedebcea8a4d-10,024941f3-a47b-4d9a-8fa7-eedebcea8a4d,10,PROD004,310,Each,Active,124000,USD
25ea24b6-ff02-4780-8843-d06b676fa7bf-10,25ea24b6-ff02-4780-8843-d06b676fa7bf,10,PROD004,430,Each,Active,172000,USD
25ea24b6-ff02-4780-8843-d06b676fa7bf-20,25ea24b6-ff02-4780-8843-d06b676fa7bf,20,PROD002,120,Each,Active,120000,USD
25ea24b6-ff02-4780-8843-d06b676fa7bf-30,25ea24b6-ff02-4780-8843-d06b676fa7bf,30,PROD008,140,Each,Active,56000,USD
826dd2b0-3055-455d-8ff4-97a64fb0f76e-10,826dd2b0-3055-455d-8ff4-97a64fb0f76e,10,PROD003,200,Each,Active,240000,USD
826dd2b0-3055-455d-8ff4-97a64fb0f76e-20,826dd2b0-3055-455d-8ff4-97a64fb0f76e,20,PROD002,480,Each,Active,480000,USD
826dd2b0-3055-455d-8ff4-97a64fb0f76e-30,826dd2b0-3055-455d-8ff4-97a64fb0f76e,30,PROD001,80,Each,Active,72000,USD
6f09b520-f0bb-4157-aa28-fce280201762-10,6f09b520-f0bb-4157-aa28-fce280201762,10,PROD001,330,Each,Active,297000,USD
c603d757-1f19-4d5c-b3e7-ecc94ddbc83b-10,c603d757-1f19-4d5c-b3e7-ecc94ddbc83b,10,PROD001,140,Each,Active,126000,USD
c603d757-1f19-4d5c-b3e7-ecc94ddbc83b-20,c603d757-1f19-4d5c-b3e7-ecc94ddbc83b,20,PROD003,460,Each,Active,552000,USD
c603d757-1f19-4d5c-b3e7-ecc94ddbc83b-30,c603d757-1f19-4d5c-b3e7-ecc94ddbc83b,30,PROD005,210,Each,Active,126000,USD
3672e6d2-f5a2-4337-9cf7-bff24671f093-10,3672e6d2-f5a2-4337-9cf7-bff24671f093,10,PROD001,260,Each,Active,234000,USD
8a39d74d-8d23-45a9-88bb-f20fc79bc35b-10,8a39d74d-8d23-45a9-88bb-f20fc79bc35b,10,PROD002,410,Each,Active,410000,USD
8a39d74d-8d23-45a9-88bb-f20fc79bc35b-20,8a39d74d-8d23-45a9-88bb-f20fc79bc35b,20,PROD001,130,Each,Active,117000,USD
906834d5-aff6-4afa-9003-245ff6580d35-10,906834d5-aff6-4afa-9003-245ff6580d35,10,PROD003,130,Each,Active,156000,USD
906834d5-aff6-4afa-9003-245ff6580d35-20,906834d5-aff6-4afa-9003-245ff6580d35,20,PROD002,470,Each,Active,470000,USD
3b0dc36b-27e0-401f-9130-0e4474747aaa-10,3b0dc36b-27e0-401f-9130-0e4474747aaa,10,PROD003,120,Each,Active,144000,USD
3b0dc36b-27e0-401f-9130-0e4474747aaa-20,3b0dc36b-27e0-401f-9130-0e4474747aaa,20,PROD001,230,Each,Active,207000,USD
083952f4-c877-4c23-97bf-0a985e0a92f3-10,083952f4-c877-4c23-97bf-0a985e0a92f3,10,PROD002,480,Each,Active,480000,USD
083952f4-c877-4c23-97bf-0a985e0a92f3-20,083952f4-c877-4c23-97bf-0a985e0a92f3,20,PROD006,160,Each,Active,128000,USD
083952f4-c877-4c23-97bf-0a985e0a92f3-30,083952f4-c877-4c23-97bf-0a985e0a92f3,30,PROD005,430,Each,Active,258000,USD
688f4ea2-5e37-4df4-9552-9b8c4614e9f7-10,688f4ea2-5e37-4df4-9552-9b8c4614e9f7,10,PROD003,310,Each,Active,372000,USD
688f4ea2-5e37-4df4-9552-9b8c4614e9f7-20,688f4ea2-5e37-4df4-9552-9b8c4614e9f7,20,PROD008,350,Each,Active,140000,USD
35b295d4-dae0-4da5-912c-163ada514f66-10,35b295d4-dae0-4da5-912c-163ada514f66,10,PROD008,100,Each,Active,40000,USD
1b6c07fb-adc5-4f4b-8a33-69ea7e1ca763-10,1b6c07fb-adc5-4f4b-8a33-69ea7e1ca763,10,PROD001,270,Each,Active,243000,USD
4b67c72b-5cde-4e00-987a-7868c09ff7b2-10,4b67c72b-5cde-4e00-987a-7868c09ff7b2,10,PROD009,440,Each,Active,220000,USD
4b67c72b-5cde-4e00-987a-7868c09ff7b2-20,4b67c72b-5cde-4e00-987a-7868c09ff7b2,20,PROD007,420,Each,Active,126000,USD
ec06cddb-3a9e-4b5b-aa80-cc97681d7b25-10,ec06cddb-3a9e-4b5b-aa80-cc97681d7b25,10,PROD001,350,Each,Active,315000,USD
ec06cddb-3a9e-4b5b-aa80-cc97681d7b25-20,ec06cddb-3a9e-4b5b-aa80-cc97681d7b25,20,PROD008,250,Each,Active,100000,USD
ec06cddb-3a9e-4b5b-aa80-cc97681d7b25-30,ec06cddb-3a9e-4b5b-aa80-cc97681d7b25,30,PROD002,440,Each,Active,440000,USD
b8e88f6c-4313-4774-840f-04484a684228-10,b8e88f6c-4313-4774-840f-04484a684228,10,PROD006,50,Each,Active,40000,USD
b8e88f6c-4313-4774-840f-04484a684228-20,b8e88f6c-4313-4774-840f-04484a684228,20,PROD007,170,Each,Active,51000,USD
b92c77f0-715f-4d7d-ba31-1727e4bcd238-10,b92c77f0-715f-4d7d-ba31-1727e4bcd238,10,PROD004,410,Each,Active,164000,USD
9dbb7b63-2ae3-4c77-a609-73b4f0d8bef4-10,9dbb7b63-2ae3-4c77-a609-73b4f0d8bef4,10,PROD009,390,Each,Active,195000,USD
9dbb7b63-2ae3-4c77-a609-73b4f0d8bef4-20,9dbb7b63-2ae3-4c77-a609-73b4f0d8bef4,20,PROD001,390,Each,Active,351000,USD
9dbb7b63-2ae3-4c77-a609-73b4f0d8bef4-30,9dbb7b63-2ae3-4c77-a609-73b4f0d8bef4,30,PROD008,160,Each,Active,64000,USD
6b5eef0d-620f-4dcd-90c0-f1dd2a6cc1e8-10,6b5eef0d-620f-4dcd-90c0-f1dd2a6cc1e8,10,PROD004,190,Each,Active,76000,USD
6b5eef0d-620f-4dcd-90c0-f1dd2a6cc1e8-20,6b5eef0d-620f-4dcd-90c0-f1dd2a6cc1e8,20,PROD006,240,Each,Active,192000,USD
6b5eef0d-620f-4dcd-90c0-f1dd2a6cc1e8-30,6b5eef0d-620f-4dcd-90c0-f1dd2a6cc1e8,30,PROD008,170,Each,Active,68000,USD
6faeaa50-b384-4a47-bf35-6ba57bb5ea26-10,6faeaa50-b384-4a47-bf35-6ba57bb5ea26,10,PROD001,130,Each,Active,117000,USD
df26f34b-e468-4b88-818d-13b7c8090a9d-10,df26f34b-e468-4b88-818d-13b7c8090a9d,10,PROD003,330,Each,Active,396000,USD
efab1130-14ac-4112-9feb-8a7a3ffe7cd7-10,efab1130-14ac-4112-9feb-8a7a3ffe7cd7,10,PROD006,420,Each,Active,336000,USD
efab1130-14ac-4112-9feb-8a7a3ffe7cd7-20,efab1130-14ac-4112-9feb-8a7a3ffe7cd7,20,PROD001,220,Each,Active,198000,USD
8bd846ec-6fb1-4b20-8f9f-cd58505ff8fb-10,8bd846ec-6fb1-4b20-8f9f-cd58505ff8fb,10,PROD001,190,Each,Active,171000,USD
8bd846ec-6fb1-4b20-8f9f-cd58505ff8fb-20,8bd846ec-6fb1-4b20-8f9f-cd58505ff8fb,20,PROD004,330,Each,Active,132000,USD
4c6a94a7-f6f7-4431-8127-b9043f8c790b-10,4c6a94a7-f6f7-4431-8127-b9043f8c790b,10,PROD008,470,Each,Active,188000,USD
4c6a94a7-f6f7-4431-8127-b9043f8c790b-20,4c6a94a7-f6f7-4431-8127-b9043f8c790b,20,PROD006,240,Each,Active,192000,USD
4c6a94a7-f6f7-4431-8127-b9043f8c790b-30,4c6a94a7-f6f7-4431-8127-b9043f8c790b,30,PROD005,170,Each,Active,102000,USD
764b5fe1-affa-4b6a-a1ff-85730da42fc9-10,764b5fe1-affa-4b6a-a1ff-85730da42fc9,10,PROD007,90,Each,Active,27000,USD
764b5fe1-affa-4b6a-a1ff-85730da42fc9-20,764b5fe1-affa-4b6a-a1ff-85730da42fc9,20,PROD006,60,Each,Active,48000,USD
08087b6a-3ee1-46f5-bdec-03e8eacb121e-10,08087b6a-3ee1-46f5-bdec-03e8eacb121e,10,PROD001,120,Each,Active,108000,USD
2dda608a-32b7-4872-b8fe-4ec32a8b8b17-10,2dda608a-32b7-4872-b8fe-4ec32a8b8b17,10,PROD001,340,Each,Active,306000,USD
c09a8218-6b06-4df4-a338-60239f9a1021-10,c09a8218-6b06-4df4-a338-60239f9a1021,10,PROD004,160,Each,Active,64000,USD
c09a8218-6b06-4df4-a338-60239f9a1021-20,c09a8218-6b06-4df4-a338-60239f9a1021,20,PROD006,240,Each,Active,192000,USD
c09a8218-6b06-4df4-a338-60239f9a1021-30,c09a8218-6b06-4df4-a338-60239f9a1021,30,PROD008,210,Each,Active,84000,USD
fba021bb-e55b-4af3-afb3-da38df181850-10,fba021bb-e55b-4af3-afb3-da38df181850,10,PROD005,360,Each,Active,216000,USD
7bf0909c-c66c-4168-be7a-849a23429b49-10,7bf0909c-c66c-4168-be7a-849a23429b49,10,PROD002,190,Each,Active,190000,USD
7bf0909c-c66c-4168-be7a-849a23429b49-20,7bf0909c-c66c-4168-be7a-849a23429b49,20,PROD003,240,Each,Active,288000,USD
ce636b4d-a9c8-41c0-b66a-a4b0b2e774f3-10,ce636b4d-a9c8-41c0-b66a-a4b0b2e774f3,10,PROD005,290,Each,Active,174000,USD
044a9059-9a37-4c03-a026-004623adbe03-10,044a9059-9a37-4c03-a026-004623adbe03,10,PROD002,110,Each,Active,110000,USD
044a9059-9a37-4c03-a026-004623adbe03-20,044a9059-9a37-4c03-a026-004623adbe03,20,PROD001,230,Each,Active,207000,USD
fbc6ee31-6a5a-4fb2-a4e8-9ad3c4f2fed2-10,fbc6ee31-6a5a-4fb2-a4e8-9ad3c4f2fed2,10,PROD007,400,Each,Active,120000,USD
fbc6ee31-6a5a-4fb2-a4e8-9ad3c4f2fed2-20,fbc6ee31-6a5a-4fb2-a4e8-9ad3c4f2fed2,20,PROD009,300,Each,Active,150000,USD
fbc6ee31-6a5a-4fb2-a4e8-9ad3c4f2fed2-30,fbc6ee31-6a5a-4fb2-a4e8-9ad3c4f2fed2,30,PROD001,460,Each,Active,414000,USD
3b7f9816-751f-4157-bac3-b8536935777d-10,3b7f9816-751f-4157-bac3-b8536935777d,10,PROD007,400,Each,Active,120000,USD
3b7f9816-751f-4157-bac3-b8536935777d-20,3b7f9816-751f-4157-bac3-b8536935777d,20,PROD001,160,Each,Active,144000,USD
0c6e3053-315c-4803-91e3-f14ba440be7f-10,0c6e3053-315c-4803-91e3-f14ba440be7f,10,PROD002,160,Each,Active,160000,USD
0c6e3053-315c-4803-91e3-f14ba440be7f-20,0c6e3053-315c-4803-91e3-f14ba440be7f,20,PROD001,250,Each,Active,225000,USD
760b2ac6-463f-42fc-a0c1-dc0c1e2fa061-10,760b2ac6-463f-42fc-a0c1-dc0c1e2fa061,10,PROD009,390,Each,Active,195000,USD
99ee9d95-cb2e-43dd-aedd-2de0d074f751-10,99ee9d95-cb2e-43dd-aedd-2de0d074f751,10,PROD006,430,Each,Active,344000,USD
99ee9d95-cb2e-43dd-aedd-2de0d074f751-20,99ee9d95-cb2e-43dd-aedd-2de0d074f751,20,PROD009,260,Each,Active,130000,USD
99ee9d95-cb2e-43dd-aedd-2de0d074f751-30,99ee9d95-cb2e-43dd-aedd-2de0d074f751,30,PROD008,390,Each,Active,156000,USD
1db9872a-a4d9-4d9e-814e-2b9e851adce8-10,1db9872a-a4d9-4d9e-814e-2b9e851adce8,10,PROD003,260,Each,Active,312000,USD
1db9872a-a4d9-4d9e-814e-2b9e851adce8-20,1db9872a-a4d9-4d9e-814e-2b9e851adce8,20,PROD001,400,Each,Active,360000,USD
89922b64-c0f4-45e4-b7d5-eedb01fe26b3-10,89922b64-c0f4-45e4-b7d5-eedb01fe26b3,10,PROD002,150,Each,Active,150000,USD
49bfda88-9d2e-476d-a413-7e85539dd6db-10,49bfda88-9d2e-476d-a413-7e85539dd6db,10,PROD005,330,Each,Active,198000,USD
49bfda88-9d2e-476d-a413-7e85539dd6db-20,49bfda88-9d2e-476d-a413-7e85539dd6db,20,PROD001,410,Each,Active,369000,USD
e2faafdd-a3fd-4824-86d1-dd96da952a55-10,e2faafdd-a3fd-4824-86d1-dd96da952a55,10,PROD001,60,Each,Active,54000,USD
fb812388-00b1-4994-9809-2ce84b7e9faa-10,fb812388-00b1-4994-9809-2ce84b7e9faa,10,PROD001,470,Each,Active,423000,USD
8a68182b-6d7d-4df0-9cf2-77fa88e179f2-10,8a68182b-6d7d-4df0-9cf2-77fa88e179f2,10,PROD008,390,Each,Active,156000,USD
8a68182b-6d7d-4df0-9cf2-77fa88e179f2-20,8a68182b-6d7d-4df0-9cf2-77fa88e179f2,20,PROD003,400,Each,Active,480000,USD
2f376f49-818c-4096-874f-393435f37e18-10,2f376f49-818c-4096-874f-393435f37e18,10,PROD006,130,Each,Active,104000,USD
2f376f49-818c-4096-874f-393435f37e18-20,2f376f49-818c-4096-874f-393435f37e18,20,PROD008,120,Each,Active,48000,USD
7b2f9c47-6c01-47a5-9eca-992abd872545-10,7b2f9c47-6c01-47a5-9eca-992abd872545,10,PROD007,240,Each,Active,72000,USD
619843b5-7b27-4766-9757-3bf7425d105d-10,619843b5-7b27-4766-9757-3bf7425d105d,10,PROD005,190,Each,Active,114000,USD
619843b5-7b27-4766-9757-3bf7425d105d-20,619843b5-7b27-4766-9757-3bf7425d105d,20,PROD002,230,Each,Active,230000,USD
619843b5-7b27-4766-9757-3bf7425d105d-30,619843b5-7b27-4766-9757-3bf7425d105d,30,PROD003,450,Each,Active,540000,USD
5696b01a-c598-4b80-a19d-2962f563944d-10,5696b01a-c598-4b80-a19d-2962f563944d,10,PROD004,150,Each,Active,60000,USD
f66c9b55-f892-45e3-987f-1ac89c58a88b-10,f66c9b55-f892-45e3-987f-1ac89c58a88b,10,PROD009,440,Each,Active,220000,USD
f66c9b55-f892-45e3-987f-1ac89c58a88b-20,f66c9b55-f892-45e3-987f-1ac89c58a88b,20,PROD003,130,Each,Active,156000,USD
f66c9b55-f892-45e3-987f-1ac89c58a88b-30,f66c9b55-f892-45e3-987f-1ac89c58a88b,30,PROD007,410,Each,Active,123000,USD
e6b6808f-3273-42e1-844d-e1eb3debf605-10,e6b6808f-3273-42e1-844d-e1eb3debf605,10,PROD007,470,Each,Active,141000,USD
e6b6808f-3273-42e1-844d-e1eb3debf605-20,e6b6808f-3273-42e1-844d-e1eb3debf605,20,PROD005,70,Each,Active,42000,USD
e6b6808f-3273-42e1-844d-e1eb3debf605-30,e6b6808f-3273-42e1-844d-e1eb3debf605,30,PROD006,160,Each,Active,128000,USD
c23a44e5-4b1a-45d0-8eb9-3d2c1802be4f-10,c23a44e5-4b1a-45d0-8eb9-3d2c1802be4f,10,PROD001,450,Each,Active,405000,USD
cf0fc3b7-7bc4-4358-91e0-ead87d025221-10,cf0fc3b7-7bc4-4358-91e0-ead87d025221,10,PROD006,320,Each,Active,256000,USD
91568cee-222b-4949-81ef-d75fde2c77d4-10,91568cee-222b-4949-81ef-d75fde2c77d4,10,PROD003,280,Each,Active,336000,USD
91568cee-222b-4949-81ef-d75fde2c77d4-20,91568cee-222b-4949-81ef-d75fde2c77d4,20,PROD008,160,Each,Active,64000,USD
2e5250e9-ce6b-47c9-b0ad-5f429e79ee5d-10,2e5250e9-ce6b-47c9-b0ad-5f429e79ee5d,10,PROD007,450,Each,Active,135000,USD
ecb19651-9a1d-48f2-a2a6-ff1dd00d0835-10,ecb19651-9a1d-48f2-a2a6-ff1dd00d0835,10,PROD005,250,Each,Active,150000,USD
ecb19651-9a1d-48f2-a2a6-ff1dd00d0835-20,ecb19651-9a1d-48f2-a2a6-ff1dd00d0835,20,PROD004,440,Each,Active,176000,USD
602809f9-430a-4b55-a867-87948f79fa8b-10,602809f9-430a-4b55-a867-87948f79fa8b,10,PROD007,290,Each,Active,87000,USD
ab17fc5c-6db0-4dbd-ae94-75ea19c28827-10,ab17fc5c-6db0-4dbd-ae94-75ea19c28827,10,PROD005,390,Each,Active,234000,USD
d179a687-ba60-4bcc-8124-93a9a14dbfc9-10,d179a687-ba60-4bcc-8124-93a9a14dbfc9,10,PROD003,180,Each,Active,216000,USD
d179a687-ba60-4bcc-8124-93a9a14dbfc9-20,d179a687-ba60-4bcc-8124-93a9a14dbfc9,20,PROD008,320,Each,Active,128000,USD
d179a687-ba60-4bcc-8124-93a9a14dbfc9-30,d179a687-ba60-4bcc-8124-93a9a14dbfc9,30,PROD001,150,Each,Active,135000,USD
31e37419-b539-402b-9bb1-1b9c5841fee5-10,31e37419-b539-402b-9bb1-1b9c5841fee5,10,PROD004,450,Each,Active,180000,USD
31e37419-b539-402b-9bb1-1b9c5841fee5-20,31e37419-b539-402b-9bb1-1b9c5841fee5,20,PROD006,240,Each,Active,192000,USD
31e37419-b539-402b-9bb1-1b9c5841fee5-30,31e37419-b539-402b-9bb1-1b9c5841fee5,30,PROD002,180,Each,Active,180000,USD
080e0d30-96c6-47ae-9b3b-f61402a10bee-10,080e0d30-96c6-47ae-9b3b-f61402a10bee,10,PROD007,250,Each,Active,75000,USD
416bd551-a0f6-4fea-b064-a64b35de6576-10,416bd551-a0f6-4fea-b064-a64b35de6576,10,PROD003,120,Each,Active,144000,USD
01e67d82-7a32-4965-b059-c65334850915-10,01e67d82-7a32-4965-b059-c65334850915,10,PROD009,270,Each,Active,135000,USD
01e67d82-7a32-4965-b059-c65334850915-20,01e67d82-7a32-4965-b059-c65334850915,20,PROD002,390,Each,Active,390000,USD
ab2fe788-3ab4-44d0-8d1d-cbc6866c894b-10,ab2fe788-3ab4-44d0-8d1d-cbc6866c894b,10,PROD008,490,Each,Active,196000,USD
92dee37b-5222-42b0-bb7f-c05222477fa5-10,92dee37b-5222-42b0-bb7f-c05222477fa5,10,PROD003,360,Each,Active,432000,USD
35372b9f-d465-476d-9bd9-36f9352ee038-10,35372b9f-d465-476d-9bd9-36f9352ee038,10,PROD008,60,Each,Active,24000,USD
35372b9f-d465-476d-9bd9-36f9352ee038-20,35372b9f-d465-476d-9bd9-36f9352ee038,20,PROD007,80,Each,Active,24000,USD
2b2db077-e8c6-4235-9ce2-02b0a185bb1d-10,2b2db077-e8c6-4235-9ce2-02b0a185bb1d,10,PROD004,90,Each,Active,36000,USD
2b2db077-e8c6-4235-9ce2-02b0a185bb1d-20,2b2db077-e8c6-4235-9ce2-02b0a185bb1d,20,PROD005,140,Each,Active,84000,USD
181cb8ff-2646-4df0-b42c-5d3e77962b53-10,181cb8ff-2646-4df0-b42c-5d3e77962b53,10,PROD004,490,Each,Active,196000,USD
5c7733c0-4819-49fb-84e2-e466052eb670-10,5c7733c0-4819-49fb-84e2-e466052eb670,10,PROD008,140,Each,Active,56000,USD
5c7733c0-4819-49fb-84e2-e466052eb670-20,5c7733c0-4819-49fb-84e2-e466052eb670,20,PROD009,150,Each,Active,75000,USD
7bf92ed2-de5f-44b6-b6c3-46454d139d13-10,7bf92ed2-de5f-44b6-b6c3-46454d139d13,10,PROD007,430,Each,Active,129000,USD
7bf92ed2-de5f-44b6-b6c3-46454d139d13-20,7bf92ed2-de5f-44b6-b6c3-46454d139d13,20,PROD009,240,Each,Active,120000,USD
7bf92ed2-de5f-44b6-b6c3-46454d139d13-30,7bf92ed2-de5f-44b6-b6c3-46454d139d13,30,PROD008,360,Each,Active,144000,USD
06271c54-e3da-489f-a66c-4f710b6c99da-10,06271c54-e3da-489f-a66c-4f710b6c99da,10,PROD009,100,Each,Active,50000,USD
6fe9d064-5eef-4bc6-831f-de20184bb636-10,6fe9d064-5eef-4bc6-831f-de20184bb636,10,PROD002,500,Each,Active,500000,USD
6fe9d064-5eef-4bc6-831f-de20184bb636-20,6fe9d064-5eef-4bc6-831f-de20184bb636,20,PROD009,160,Each,Active,80000,USD
fd5f86f5-d409-4e6a-ab52-3f3955a8f441-10,fd5f86f5-d409-4e6a-ab52-3f3955a8f441,10,PROD001,120,Each,Active,108000,USD
fd5f86f5-d409-4e6a-ab52-3f3955a8f441-20,fd5f86f5-d409-4e6a-ab52-3f3955a8f441,20,PROD009,130,Each,Active,65000,USD
87e09246-5bf9-4c6c-bd83-d071dc91097c-10,87e09246-5bf9-4c6c-bd83-d071dc91097c,10,PROD007,150,Each,Active,45000,USD
87e09246-5bf9-4c6c-bd83-d071dc91097c-20,87e09246-5bf9-4c6c-bd83-d071dc91097c,20,PROD008,200,Each,Active,80000,USD
87e09246-5bf9-4c6c-bd83-d071dc91097c-30,87e09246-5bf9-4c6c-bd83-d071dc91097c,30,PROD006,230,Each,Active,184000,USD
9ac4b608-779c-474a-9066-0da607b22ff8-10,9ac4b608-779c-474a-9066-0da607b22ff8,10,PROD001,130,Each,Active,117000,USD
9ac4b608-779c-474a-9066-0da607b22ff8-20,9ac4b608-779c-474a-9066-0da607b22ff8,20,PROD005,400,Each,Active,240000,USD
9ac4b608-779c-474a-9066-0da607b22ff8-30,9ac4b608-779c-474a-9066-0da607b22ff8,30,PROD009,490,Each,Active,245000,USD
0564c3f1-4183-4d1e-991a-1be06561e1d2-10,0564c3f1-4183-4d1e-991a-1be06561e1d2,10,PROD006,60,Each,Active,48000,USD
5c4470ba-c2ab-41f9-b0b1-d23e2f55f977-10,5c4470ba-c2ab-41f9-b0b1-d23e2f55f977,10,PROD005,220,Each,Active,132000,USD
5c4470ba-c2ab-41f9-b0b1-d23e2f55f977-20,5c4470ba-c2ab-41f9-b0b1-d23e2f55f977,20,PROD002,340,Each,Active,340000,USD
a98fa609-d8fe-4308-82dd-00821eaed1ac-10,a98fa609-d8fe-4308-82dd-00821eaed1ac,10,PROD002,420,Each,Active,420000,USD
a98fa609-d8fe-4308-82dd-00821eaed1ac-20,a98fa609-d8fe-4308-82dd-00821eaed1ac,20,PROD007,50,Each,Active,15000,USD
a98fa609-d8fe-4308-82dd-00821eaed1ac-30,a98fa609-d8fe-4308-82dd-00821eaed1ac,30,PROD008,330,Each,Active,132000,USD
8dc357cb-4836-4206-b477-8c36d4ddaae2-10,8dc357cb-4836-4206-b477-8c36d4ddaae2,10,PROD009,100,Each,Active,50000,USD
e7d19b24-7421-4f7a-acb9-d257acbbfa31-10,e7d19b24-7421-4f7a-acb9-d257acbbfa31,10,PROD004,90,Each,Active,36000,USD
e7d19b24-7421-4f7a-acb9-d257acbbfa31-20,e7d19b24-7421-4f7a-acb9-d257acbbfa31,20,PROD005,330,Each,Active,198000,USD
41864ebb-c60e-4b0e-b510-49625d045609-10,41864ebb-c60e-4b0e-b510-49625d045609,10,PROD002,50,Each,Active,50000,USD
7163caae-5b5e-46b7-83f8-935cec6c87ee-10,7163caae-5b5e-46b7-83f8-935cec6c87ee,10,PROD003,290,Each,Active,348000,USD
c10307ee-6644-4486-968b-9c8a2409f6fb-10,c10307ee-6644-4486-968b-9c8a2409f6fb,10,PROD007,310,Each,Active,93000,USD
c10307ee-6644-4486-968b-9c8a2409f6fb-20,c10307ee-6644-4486-968b-9c8a2409f6fb,20,PROD004,460,Each,Active,184000,USD
d81ba354-e266-4f11-8362-453992c066db-10,d81ba354-e266-4f11-8362-453992c066db,10,PROD001,350,Each,Active,315000,USD
d81ba354-e266-4f11-8362-453992c066db-20,d81ba354-e266-4f11-8362-453992c066db,20,PROD005,380,Each,Active,228000,USD
d81ba354-e266-4f11-8362-453992c066db-30,d81ba354-e266-4f11-8362-453992c066db,30,PROD003,200,Each,Active,240000,USD
35b1e361-4d35-495d-a6d5-72d1ca214cc7-10,35b1e361-4d35-495d-a6d5-72d1ca214cc7,10,PROD002,160,Each,Active,160000,USD
35b1e361-4d35-495d-a6d5-72d1ca214cc7-20,35b1e361-4d35-495d-a6d5-72d1ca214cc7,20,PROD009,360,Each,Active,180000,USD
fac0595a-83ce-419d-ab49-fa85b0eefea7-10,fac0595a-83ce-419d-ab49-fa85b0eefea7,10,PROD008,150,Each,Active,60000,USD
fac0595a-83ce-419d-ab49-fa85b0eefea7-20,fac0595a-83ce-419d-ab49-fa85b0eefea7,20,PROD005,140,Each,Active,84000,USD
fac0595a-83ce-419d-ab49-fa85b0eefea7-30,fac0595a-83ce-419d-ab49-fa85b0eefea7,30,PROD001,140,Each,Active,126000,USD
fc3c5856-fae7-4b2e-b2e1-c03dbed32538-10,fc3c5856-fae7-4b2e-b2e1-c03dbed32538,10,PROD002,160,Each,Active,160000,USD
fc3c5856-fae7-4b2e-b2e1-c03dbed32538-20,fc3c5856-fae7-4b2e-b2e1-c03dbed32538,20,PROD001,140,Each,Active,126000,USD
915aacff-6f98-44bb-8fbf-4b2feb320603-10,915aacff-6f98-44bb-8fbf-4b2feb320603,10,PROD007,290,Each,Active,87000,USD
d451de9b-2424-45e2-bb9a-9c70cb1d97e4-10,d451de9b-2424-45e2-bb9a-9c70cb1d97e4,10,PROD001,400,Each,Active,360000,USD
d451de9b-2424-45e2-bb9a-9c70cb1d97e4-20,d451de9b-2424-45e2-bb9a-9c70cb1d97e4,20,PROD007,370,Each,Active,111000,USD
d451de9b-2424-45e2-bb9a-9c70cb1d97e4-30,d451de9b-2424-45e2-bb9a-9c70cb1d97e4,30,PROD006,360,Each,Active,288000,USD
4fe2e78d-53f2-41ee-8b70-98399f91150f-10,4fe2e78d-53f2-41ee-8b70-98399f91150f,10,PROD007,240,Each,Active,72000,USD
4fe2e78d-53f2-41ee-8b70-98399f91150f-20,4fe2e78d-53f2-41ee-8b70-98399f91150f,20,PROD001,200,Each,Active,180000,USD
41143d55-21b4-4ab3-85c6-f4a423659e27-10,41143d55-21b4-4ab3-85c6-f4a423659e27,10,PROD001,240,Each,Active,216000,USD
0d809649-84ac-44e5-a7f5-f44670ae884b-10,0d809649-84ac-44e5-a7f5-f44670ae884b,10,PROD002,220,Each,Active,220000,USD
0d809649-84ac-44e5-a7f5-f44670ae884b-20,0d809649-84ac-44e5-a7f5-f44670ae884b,20,PROD006,220,Each,Active,176000,USD
aa94b848-6e6f-4d43-a8cb-e9d970827e74-10,aa94b848-6e6f-4d43-a8cb-e9d970827e74,10,PROD005,340,Each,Active,204000,USD
aa94b848-6e6f-4d43-a8cb-e9d970827e74-20,aa94b848-6e6f-4d43-a8cb-e9d970827e74,20,PROD003,490,Each,Active,588000,USD
a6fe31c2-4453-4362-9346-2bbce17200e8-10,a6fe31c2-4453-4362-9346-2bbce17200e8,10,PROD008,430,Each,Active,172000,USD
a6fe31c2-4453-4362-9346-2bbce17200e8-20,a6fe31c2-4453-4362-9346-2bbce17200e8,20,PROD003,480,Each,Active,576000,USD
6a6dcb20-7a96-480e-88ca-8601e94b2e72-10,6a6dcb20-7a96-480e-88ca-8601e94b2e72,10,PROD007,350,Each,Active,105000,USD
6a6dcb20-7a96-480e-88ca-8601e94b2e72-20,6a6dcb20-7a96-480e-88ca-8601e94b2e72,20,PROD002,330,Each,Active,330000,USD
9de1d1ed-0a16-46bb-aac5-833a2584444a-10,9de1d1ed-0a16-46bb-aac5-833a2584444a,10,PROD009,370,Each,Active,185000,USD
9de1d1ed-0a16-46bb-aac5-833a2584444a-20,9de1d1ed-0a16-46bb-aac5-833a2584444a,20,PROD005,250,Each,Active,150000,USD
9de1d1ed-0a16-46bb-aac5-833a2584444a-30,9de1d1ed-0a16-46bb-aac5-833a2584444a,30,PROD006,230,Each,Active,184000,USD
4cbdf935-6d15-4957-a902-8ab26d3494d3-10,4cbdf935-6d15-4957-a902-8ab26d3494d3,10,PROD008,390,Each,Active,156000,USD
4cbdf935-6d15-4957-a902-8ab26d3494d3-20,4cbdf935-6d15-4957-a902-8ab26d3494d3,20,PROD005,70,Each,Active,42000,USD
5d3ad673-2731-4cd8-af20-b9696943c94b-10,5d3ad673-2731-4cd8-af20-b9696943c94b,10,PROD007,470,Each,Active,141000,USD
5d3ad673-2731-4cd8-af20-b9696943c94b-20,5d3ad673-2731-4cd8-af20-b9696943c94b,20,PROD001,140,Each,Active,126000,USD
367c7270-15db-486a-9a1b-9e8d4d32fcb1-10,367c7270-15db-486a-9a1b-9e8d4d32fcb1,10,PROD006,280,Each,Active,224000,USD
367c7270-15db-486a-9a1b-9e8d4d32fcb1-20,367c7270-15db-486a-9a1b-9e8d4d32fcb1,20,PROD002,150,Each,Active,150000,USD
7eac498c-cff8-4bbc-a9d2-289bff1e27ba-10,7eac498c-cff8-4bbc-a9d2-289bff1e27ba,10,PROD005,440,Each,Active,264000,USD
c77e3296-667a-4013-aabb-59a923582a77-10,c77e3296-667a-4013-aabb-59a923582a77,10,PROD004,390,Each,Active,156000,USD
a609eb53-6ea7-4edd-9e30-294d097e0eb2-10,a609eb53-6ea7-4edd-9e30-294d097e0eb2,10,PROD003,80,Each,Active,96000,USD
a609eb53-6ea7-4edd-9e30-294d097e0eb2-20,a609eb53-6ea7-4edd-9e30-294d097e0eb2,20,PROD001,390,Each,Active,351000,USD
99f7dd01-34f7-402c-bcb5-384d8de9d738-10,99f7dd01-34f7-402c-bcb5-384d8de9d738,10,PROD003,370,Each,Active,444000,USD
0c885944-1ef3-434e-9b92-9b986ef7f530-10,0c885944-1ef3-434e-9b92-9b986ef7f530,10,PROD001,300,Each,Active,270000,USD
a3b2b7ce-599a-4838-a783-5e75a9ac670e-10,a3b2b7ce-599a-4838-a783-5e75a9ac670e,10,PROD006,110,Each,Active,88000,USD
a3b2b7ce-599a-4838-a783-5e75a9ac670e-20,a3b2b7ce-599a-4838-a783-5e75a9ac670e,20,PROD007,120,Each,Active,36000,USD
a3b2b7ce-599a-4838-a783-5e75a9ac670e-30,a3b2b7ce-599a-4838-a783-5e75a9ac670e,30,PROD008,80,Each,Active,32000,USD
f48e981c-7506-4966-b1ba-ed81015bf3c8-10,f48e981c-7506-4966-b1ba-ed81015bf3c8,10,PROD009,180,Each,Active,90000,USD
6f9b8d60-eba0-4327-8f5c-09868bd04ab8-10,6f9b8d60-eba0-4327-8f5c-09868bd04ab8,10,PROD008,220,Each,Active,88000,USD
6f9b8d60-eba0-4327-8f5c-09868bd04ab8-20,6f9b8d60-eba0-4327-8f5c-09868bd04ab8,20,PROD009,220,Each,Active,110000,USD
e54d4444-2eca-4de2-8556-ce5c2512ba63-10,e54d4444-2eca-4de2-8556-ce5c2512ba63,10,PROD008,450,Each,Active,180000,USD
e54d4444-2eca-4de2-8556-ce5c2512ba63-20,e54d4444-2eca-4de2-8556-ce5c2512ba63,20,PROD004,110,Each,Active,44000,USD
5973d006-3738-442a-b27c-08a6ef6be12b-10,5973d006-3738-442a-b27c-08a6ef6be12b,10,PROD002,420,Each,Active,420000,USD
5973d006-3738-442a-b27c-08a6ef6be12b-20,5973d006-3738-442a-b27c-08a6ef6be12b,20,PROD004,60,Each,Active,24000,USD
5973d006-3738-442a-b27c-08a6ef6be12b-30,5973d006-3738-442a-b27c-08a6ef6be12b,30,PROD007,220,Each,Active,66000,USD
6e477f11-5f68-462f-a997-13b5c370dc18-10,6e477f11-5f68-462f-a997-13b5c370dc18,10,PROD005,470,Each,Active,282000,USD
d10e5a31-1578-4fde-9347-2b2091fdb2cc-10,d10e5a31-1578-4fde-9347-2b2091fdb2cc,10,PROD001,280,Each,Active,252000,USD
06cdc445-86e4-48df-aa95-c81ef6104d1c-10,06cdc445-86e4-48df-aa95-c81ef6104d1c,10,PROD003,60,Each,Active,72000,USD
06cdc445-86e4-48df-aa95-c81ef6104d1c-20,06cdc445-86e4-48df-aa95-c81ef6104d1c,20,PROD007,80,Each,Active,24000,USD
06cdc445-86e4-48df-aa95-c81ef6104d1c-30,06cdc445-86e4-48df-aa95-c81ef6104d1c,30,PROD006,300,Each,Active,240000,USD
d5652c3a-c698-47b1-97e8-274ee2b82d3a-10,d5652c3a-c698-47b1-97e8-274ee2b82d3a,10,PROD007,360,Each,Active,108000,USD
6eba92df-ddb5-4a62-a1e7-ad26f1548a05-10,6eba92df-ddb5-4a62-a1e7-ad26f1548a05,10,PROD005,270,Each,Active,162000,USD
6eba92df-ddb5-4a62-a1e7-ad26f1548a05-20,6eba92df-ddb5-4a62-a1e7-ad26f1548a05,20,PROD007,370,Each,Active,111000,USD
6eba92df-ddb5-4a62-a1e7-ad26f1548a05-30,6eba92df-ddb5-4a62-a1e7-ad26f1548a05,30,PROD009,350,Each,Active,175000,USD
d30bd208-e368-49cb-b417-1a8123920f78-10,d30bd208-e368-49cb-b417-1a8123920f78,10,PROD007,170,Each,Active,51000,USD
d30bd208-e368-49cb-b417-1a8123920f78-20,d30bd208-e368-49cb-b417-1a8123920f78,20,PROD008,70,Each,Active,28000,USD
081ffe5d-2c85-4f9b-bed3-c85a1595afd6-10,081ffe5d-2c85-4f9b-bed3-c85a1595afd6,10,PROD008,100,Each,Active,40000,USD
081ffe5d-2c85-4f9b-bed3-c85a1595afd6-20,081ffe5d-2c85-4f9b-bed3-c85a1595afd6,20,PROD004,470,Each,Active,188000,USD
f675b8f7-4cf6-413e-ad88-54d30bfdf4bb-10,f675b8f7-4cf6-413e-ad88-54d30bfdf4bb,10,PROD006,320,Each,Active,256000,USD
f675b8f7-4cf6-413e-ad88-54d30bfdf4bb-20,f675b8f7-4cf6-413e-ad88-54d30bfdf4bb,20,PROD007,370,Each,Active,111000,USD
f675b8f7-4cf6-413e-ad88-54d30bfdf4bb-30,f675b8f7-4cf6-413e-ad88-54d30bfdf4bb,30,PROD009,50,Each,Active,25000,USD
78d70c11-d581-432a-b4d6-12f20697908f-10,78d70c11-d581-432a-b4d6-12f20697908f,10,PROD009,350,Each,Active,175000,USD
37d586db-a82c-427f-9128-b7840c920f77-10,37d586db-a82c-427f-9128-b7840c920f77,10,PROD003,500,Each,Active,600000,USD
218113d9-e709-441b-b2c4-63921a5fb7bf-10,218113d9-e709-441b-b2c4-63921a5fb7bf,10,PROD005,330,Each,Active,198000,USD
218113d9-e709-441b-b2c4-63921a5fb7bf-20,218113d9-e709-441b-b2c4-63921a5fb7bf,20,PROD002,130,Each,Active,130000,USD
218113d9-e709-441b-b2c4-63921a5fb7bf-30,218113d9-e709-441b-b2c4-63921a5fb7bf,30,PROD003,450,Each,Active,540000,USD
5d267640-95cd-43db-b233-f13cc4b77d2c-10,5d267640-95cd-43db-b233-f13cc4b77d2c,10,PROD002,190,Each,Active,190000,USD
5d267640-95cd-43db-b233-f13cc4b77d2c-20,5d267640-95cd-43db-b233-f13cc4b77d2c,20,PROD003,280,Each,Active,336000,USD
5d267640-95cd-43db-b233-f13cc4b77d2c-30,5d267640-95cd-43db-b233-f13cc4b77d2c,30,PROD006,200,Each,Active,160000,USD
a9943efb-5ffb-4ce9-91d2-6e6c5b218aa3-10,a9943efb-5ffb-4ce9-91d2-6e6c5b218aa3,10,PROD006,440,Each,Active,352000,USD
a9943efb-5ffb-4ce9-91d2-6e6c5b218aa3-20,a9943efb-5ffb-4ce9-91d2-6e6c5b218aa3,20,PROD004,70,Each,Active,28000,USD
a9943efb-5ffb-4ce9-91d2-6e6c5b218aa3-30,a9943efb-5ffb-4ce9-91d2-6e6c5b218aa3,30,PROD005,200,Each,Active,120000,USD
01709e58-e737-4205-a44f-201bcc38fe7f-10,01709e58-e737-4205-a44f-201bcc38fe7f,10,PROD006,260,Each,Active,208000,USD
0cf22b41-5535-429f-aa90-be82256c0831-10,0cf22b41-5535-429f-aa90-be82256c0831,10,PROD007,280,Each,Active,84000,USD
0cf22b41-5535-429f-aa90-be82256c0831-20,0cf22b41-5535-429f-aa90-be82256c0831,20,PROD009,410,Each,Active,205000,USD
0cf22b41-5535-429f-aa90-be82256c0831-30,0cf22b41-5535-429f-aa90-be82256c0831,30,PROD006,440,Each,Active,352000,USD
bcd71f4b-dd38-4ab5-9af0-6eeb12505f9b-10,bcd71f4b-dd38-4ab5-9af0-6eeb12505f9b,10,PROD009,400,Each,Active,200000,USD
bcd71f4b-dd38-4ab5-9af0-6eeb12505f9b-20,bcd71f4b-dd38-4ab5-9af0-6eeb12505f9b,20,PROD007,490,Each,Active,147000,USD
72467dc6-3eb0-4dcd-9666-631a6f79a3d7-10,72467dc6-3eb0-4dcd-9666-631a6f79a3d7,10,PROD007,240,Each,Active,72000,USD
72467dc6-3eb0-4dcd-9666-631a6f79a3d7-20,72467dc6-3eb0-4dcd-9666-631a6f79a3d7,20,PROD006,140,Each,Active,112000,USD
1bd3d91c-6ccb-4fad-81c5-25596b6d98f7-10,1bd3d91c-6ccb-4fad-81c5-25596b6d98f7,10,PROD001,170,Each,Active,153000,USD
1bd3d91c-6ccb-4fad-81c5-25596b6d98f7-20,1bd3d91c-6ccb-4fad-81c5-25596b6d98f7,20,PROD004,400,Each,Active,160000,USD
1bd3d91c-6ccb-4fad-81c5-25596b6d98f7-30,1bd3d91c-6ccb-4fad-81c5-25596b6d98f7,30,PROD003,490,Each,Active,588000,USD
da165bff-1ec9-4f4b-a05d-3ea64e370804-10,da165bff-1ec9-4f4b-a05d-3ea64e370804,10,PROD009,160,Each,Active,80000,USD
da165bff-1ec9-4f4b-a05d-3ea64e370804-20,da165bff-1ec9-4f4b-a05d-3ea64e370804,20,PROD002,270,Each,Active,270000,USD
da165bff-1ec9-4f4b-a05d-3ea64e370804-30,da165bff-1ec9-4f4b-a05d-3ea64e370804,30,PROD006,480,Each,Active,384000,USD
33931d36-cc9e-43cb-bfde-11b8d33c622f-10,33931d36-cc9e-43cb-bfde-11b8d33c622f,10,PROD006,230,Each,Active,184000,USD
33931d36-cc9e-43cb-bfde-11b8d33c622f-20,33931d36-cc9e-43cb-bfde-11b8d33c622f,20,PROD007,480,Each,Active,144000,USD
4b255653-ebb5-4f16-9833-fcea768375f0-10,4b255653-ebb5-4f16-9833-fcea768375f0,10,PROD008,290,Each,Active,116000,USD
4b255653-ebb5-4f16-9833-fcea768375f0-20,4b255653-ebb5-4f16-9833-fcea768375f0,20,PROD007,400,Each,Active,120000,USD
c2e6d92d-c033-47bf-83ca-96b766ab2fa6-10,c2e6d92d-c033-47bf-83ca-96b766ab2fa6,10,PROD001,280,Each,Active,252000,USD
c2e6d92d-c033-47bf-83ca-96b766ab2fa6-20,c2e6d92d-c033-47bf-83ca-96b766ab2fa6,20,PROD003,80,Each,Active,96000,USD
c2e6d92d-c033-47bf-83ca-96b766ab2fa6-30,c2e6d92d-c033-47bf-83ca-96b766ab2fa6,30,PROD008,260,Each,Active,104000,USD
c23f6266-90a3-4e90-b7d5-5e87700d3b04-10,c23f6266-90a3-4e90-b7d5-5e87700d3b04,10,PROD008,360,Each,Active,144000,USD
c23f6266-90a3-4e90-b7d5-5e87700d3b04-20,c23f6266-90a3-4e90-b7d5-5e87700d3b04,20,PROD006,450,Each,Active,360000,USD
c23f6266-90a3-4e90-b7d5-5e87700d3b04-30,c23f6266-90a3-4e90-b7d5-5e87700d3b04,30,PROD007,350,Each,Active,105000,USD
1c26b217-06c8-4884-b0a7-01eb4b754933-10,1c26b217-06c8-4884-b0a7-01eb4b754933,10,PROD004,430,Each,Active,172000,USD
1c26b217-06c8-4884-b0a7-01eb4b754933-20,1c26b217-06c8-4884-b0a7-01eb4b754933,20,PROD009,440,Each,Active,220000,USD
1c26b217-06c8-4884-b0a7-01eb4b754933-30,1c26b217-06c8-4884-b0a7-01eb4b754933,30,PROD008,410,Each,Active,164000,USD
8fee26ea-a809-41b0-8dcd-d1060a499703-10,8fee26ea-a809-41b0-8dcd-d1060a499703,10,PROD004,340,Each,Active,136000,USD
8fee26ea-a809-41b0-8dcd-d1060a499703-20,8fee26ea-a809-41b0-8dcd-d1060a499703,20,PROD001,80,Each,Active,72000,USD
8fee26ea-a809-41b0-8dcd-d1060a499703-30,8fee26ea-a809-41b0-8dcd-d1060a499703,30,PROD002,110,Each,Active,110000,USD
dd30e999-3407-4859-8812-4810d8234f29-10,dd30e999-3407-4859-8812-4810d8234f29,10,PROD008,210,Each,Active,84000,USD
568479c2-bb9a-4772-94cc-3d9a83ab80a8-10,568479c2-bb9a-4772-94cc-3d9a83ab80a8,10,PROD009,110,Each,Active,55000,USD
e0fabaf8-7661-480a-a96f-904c4213514f-10,e0fabaf8-7661-480a-a96f-904c4213514f,10,PROD003,250,Each,Active,300000,USD
fd11c97b-8e72-480d-bcc9-880477d91779-10,fd11c97b-8e72-480d-bcc9-880477d91779,10,PROD008,50,Each,Active,20000,USD
dc9dcf3b-3b2a-459e-a79c-48bdb3c8f517-10,dc9dcf3b-3b2a-459e-a79c-48bdb3c8f517,10,PROD004,280,Each,Active,112000,USD
dc9dcf3b-3b2a-459e-a79c-48bdb3c8f517-20,dc9dcf3b-3b2a-459e-a79c-48bdb3c8f517,20,PROD002,360,Each,Active,360000,USD
5759c51a-d0b5-4635-b8b0-04dc2c445887-10,5759c51a-d0b5-4635-b8b0-04dc2c445887,10,PROD001,310,Each,Active,279000,USD
d48378d7-312e-4c23-82de-7bc992016a38-10,d48378d7-312e-4c23-82de-7bc992016a38,10,PROD005,120,Each,Active,72000,USD
d48378d7-312e-4c23-82de-7bc992016a38-20,d48378d7-312e-4c23-82de-7bc992016a38,20,PROD009,410,Each,Active,205000,USD
d48378d7-312e-4c23-82de-7bc992016a38-30,d48378d7-312e-4c23-82de-7bc992016a38,30,PROD006,420,Each,Active,336000,USD
99e4b2e0-8249-4ff6-98f1-296c74e0a04a-10,99e4b2e0-8249-4ff6-98f1-296c74e0a04a,10,PROD008,400,Each,Active,160000,USD
99e4b2e0-8249-4ff6-98f1-296c74e0a04a-20,99e4b2e0-8249-4ff6-98f1-296c74e0a04a,20,PROD006,70,Each,Active,56000,USD
99e4b2e0-8249-4ff6-98f1-296c74e0a04a-30,99e4b2e0-8249-4ff6-98f1-296c74e0a04a,30,PROD004,480,Each,Active,192000,USD
4e950f58-ccd6-45a0-b18d-ad1682872a79-10,4e950f58-ccd6-45a0-b18d-ad1682872a79,10,PROD005,200,Each,Active,120000,USD
4e950f58-ccd6-45a0-b18d-ad1682872a79-20,4e950f58-ccd6-45a0-b18d-ad1682872a79,20,PROD004,260,Each,Active,104000,USD
4e950f58-ccd6-45a0-b18d-ad1682872a79-30,4e950f58-ccd6-45a0-b18d-ad1682872a79,30,PROD002,450,Each,Active,450000,USD
6f70e26c-e879-4270-84e5-de559874470e-10,6f70e26c-e879-4270-84e5-de559874470e,10,PROD002,70,Each,Active,70000,USD
6f70e26c-e879-4270-84e5-de559874470e-20,6f70e26c-e879-4270-84e5-de559874470e,20,PROD004,210,Each,Active,84000,USD
6f70e26c-e879-4270-84e5-de559874470e-30,6f70e26c-e879-4270-84e5-de559874470e,30,PROD008,270,Each,Active,108000,USD
388484c7-f59c-4b29-95ba-677b7b933593-10,388484c7-f59c-4b29-95ba-677b7b933593,10,PROD003,340,Each,Active,408000,USD
388484c7-f59c-4b29-95ba-677b7b933593-20,388484c7-f59c-4b29-95ba-677b7b933593,20,PROD001,380,Each,Active,342000,USD
ac69d666-ec48-4111-b8ce-410aa22e362b-10,ac69d666-ec48-4111-b8ce-410aa22e362b,10,PROD009,100,Each,Active,50000,USD
ac69d666-ec48-4111-b8ce-410aa22e362b-20,ac69d666-ec48-4111-b8ce-410aa22e362b,20,PROD007,150,Each,Active,45000,USD
8481da38-0d04-4662-9e4e-644913c0e0ee-10,8481da38-0d04-4662-9e4e-644913c0e0ee,10,PROD008,380,Each,Active,152000,USD
8481da38-0d04-4662-9e4e-644913c0e0ee-20,8481da38-0d04-4662-9e4e-644913c0e0ee,20,PROD005,130,Each,Active,78000,USD
ddbdbf09-c91f-4390-b621-641552cfa4c1-10,ddbdbf09-c91f-4390-b621-641552cfa4c1,10,PROD002,330,Each,Active,330000,USD
d0d53ecd-1761-44b6-88fb-acd1bf109d5a-10,d0d53ecd-1761-44b6-88fb-acd1bf109d5a,10,PROD008,270,Each,Active,108000,USD
d0d53ecd-1761-44b6-88fb-acd1bf109d5a-20,d0d53ecd-1761-44b6-88fb-acd1bf109d5a,20,PROD001,410,Each,Active,369000,USD
d0d53ecd-1761-44b6-88fb-acd1bf109d5a-30,d0d53ecd-1761-44b6-88fb-acd1bf109d5a,30,PROD007,440,Each,Active,132000,USD
f77f2128-cfcb-4a3f-9c96-407c099c023e-10,f77f2128-cfcb-4a3f-9c96-407c099c023e,10,PROD002,280,Each,Active,280000,USD
f77f2128-cfcb-4a3f-9c96-407c099c023e-20,f77f2128-cfcb-4a3f-9c96-407c099c023e,20,PROD009,50,Each,Active,25000,USD
4c76d038-6070-4f7b-8ede-0687519366b6-10,4c76d038-6070-4f7b-8ede-0687519366b6,10,PROD007,430,Each,Active,129000,USD
39468b65-1412-41c2-a459-4d4f696cb2b3-10,39468b65-1412-41c2-a459-4d4f696cb2b3,10,PROD001,310,Each,Active,279000,USD
8a85522a-a7ef-4d72-b06c-bbcc9295906c-10,8a85522a-a7ef-4d72-b06c-bbcc9295906c,10,PROD004,240,Each,Active,96000,USD
8a85522a-a7ef-4d72-b06c-bbcc9295906c-20,8a85522a-a7ef-4d72-b06c-bbcc9295906c,20,PROD001,480,Each,Active,432000,USD
8a85522a-a7ef-4d72-b06c-bbcc9295906c-30,8a85522a-a7ef-4d72-b06c-bbcc9295906c,30,PROD009,220,Each,Active,110000,USD
291a0dc0-4e4c-4819-8fdb-e73d09e71133-10,291a0dc0-4e4c-4819-8fdb-e73d09e71133,10,PROD008,50,Each,Active,20000,USD
291a0dc0-4e4c-4819-8fdb-e73d09e71133-20,291a0dc0-4e4c-4819-8fdb-e73d09e71133,20,PROD006,310,Each,Active,248000,USD
291a0dc0-4e4c-4819-8fdb-e73d09e71133-30,291a0dc0-4e4c-4819-8fdb-e73d09e71133,30,PROD009,400,Each,Active,200000,USD
32df1a9f-53ed-4c18-be39-3cb7e0ab3e4d-10,32df1a9f-53ed-4c18-be39-3cb7e0ab3e4d,10,PROD004,490,Each,Active,196000,USD
32df1a9f-53ed-4c18-be39-3cb7e0ab3e4d-20,32df1a9f-53ed-4c18-be39-3cb7e0ab3e4d,20,PROD006,350,Each,Active,280000,USD
3aa903e9-2e24-4c45-bcce-ca74a73533c3-10,3aa903e9-2e24-4c45-bcce-ca74a73533c3,10,PROD002,60,Each,Active,60000,USD
3aa903e9-2e24-4c45-bcce-ca74a73533c3-20,3aa903e9-2e24-4c45-bcce-ca74a73533c3,20,PROD009,310,Each,Active,155000,USD
3aa903e9-2e24-4c45-bcce-ca74a73533c3-30,3aa903e9-2e24-4c45-bcce-ca74a73533c3,30,PROD001,80,Each,Active,72000,USD
bdd1ec11-7b38-4715-bd18-15b54d4c30af-10,bdd1ec11-7b38-4715-bd18-15b54d4c30af,10,PROD003,230,Each,Active,276000,USD
bdd1ec11-7b38-4715-bd18-15b54d4c30af-20,bdd1ec11-7b38-4715-bd18-15b54d4c30af,20,PROD001,250,Each,Active,225000,USD
17e94288-07d9-49b7-b465-b2d3d164feb5-10,17e94288-07d9-49b7-b465-b2d3d164feb5,10,PROD008,160,Each,Active,64000,USD
17e94288-07d9-49b7-b465-b2d3d164feb5-20,17e94288-07d9-49b7-b465-b2d3d164feb5,20,PROD003,360,Each,Active,432000,USD
00e25f41-1fe4-4e2c-b221-3db5210ad336-10,00e25f41-1fe4-4e2c-b221-3db5210ad336,10,PROD007,390,Each,Active,117000,USD
34bbb8ce-e60e-4ec2-b8df-433bcfac2e76-10,34bbb8ce-e60e-4ec2-b8df-433bcfac2e76,10,PROD001,190,Each,Active,171000,USD
73058f94-0073-4c65-88cb-d9fd14532d97-10,73058f94-0073-4c65-88cb-d9fd14532d97,10,PROD007,220,Each,Active,66000,USD
ef659373-a691-46ff-9e06-052b8e54c73b-10,ef659373-a691-46ff-9e06-052b8e54c73b,10,PROD008,290,Each,Active,116000,USD
f8afb544-6ff9-4645-b8c9-1b1180fb29c8-10,f8afb544-6ff9-4645-b8c9-1b1180fb29c8,10,PROD008,490,Each,Active,196000,USD
f8afb544-6ff9-4645-b8c9-1b1180fb29c8-20,f8afb544-6ff9-4645-b8c9-1b1180fb29c8,20,PROD005,420,Each,Active,252000,USD
f8afb544-6ff9-4645-b8c9-1b1180fb29c8-30,f8afb544-6ff9-4645-b8c9-1b1180fb29c8,30,PROD009,170,Each,Active,85000,USD
75e11c60-d645-4c59-8948-004cc851f8fc-10,75e11c60-d645-4c59-8948-004cc851f8fc,10,PROD009,470,Each,Active,235000,USD
75e11c60-d645-4c59-8948-004cc851f8fc-20,75e11c60-d645-4c59-8948-004cc851f8fc,20,PROD001,430,Each,Active,387000,USD
75e11c60-d645-4c59-8948-004cc851f8fc-30,75e11c60-d645-4c59-8948-004cc851f8fc,30,PROD007,370,Each,Active,111000,USD
877c0d01-a122-4fcb-887d-f5adea2439b8-10,877c0d01-a122-4fcb-887d-f5adea2439b8,10,PROD008,270,Each,Active,108000,USD
877c0d01-a122-4fcb-887d-f5adea2439b8-20,877c0d01-a122-4fcb-887d-f5adea2439b8,20,PROD004,110,Each,Active,44000,USD
877c0d01-a122-4fcb-887d-f5adea2439b8-30,877c0d01-a122-4fcb-887d-f5adea2439b8,30,PROD003,210,Each,Active,252000,USD
5fe2f4ab-975d-4be8-9819-e0308a2ecd06-10,5fe2f4ab-975d-4be8-9819-e0308a2ecd06,10,PROD009,310,Each,Active,155000,USD
5fe2f4ab-975d-4be8-9819-e0308a2ecd06-20,5fe2f4ab-975d-4be8-9819-e0308a2ecd06,20,PROD008,340,Each,Active,136000,USD
5fe2f4ab-975d-4be8-9819-e0308a2ecd06-30,5fe2f4ab-975d-4be8-9819-e0308a2ecd06,30,PROD004,400,Each,Active,160000,USD
3a8d0c8e-1489-4c4c-aaad-99d2617d387d-10,3a8d0c8e-1489-4c4c-aaad-99d2617d387d,10,PROD002,300,Each,Active,300000,USD
3a8d0c8e-1489-4c4c-aaad-99d2617d387d-20,3a8d0c8e-1489-4c4c-aaad-99d2617d387d,20,PROD001,410,Each,Active,369000,USD
185fceb4-511d-46a9-9c70-cddced0d5936-10,185fceb4-511d-46a9-9c70-cddced0d5936,10,PROD003,260,Each,Active,312000,USD
185fceb4-511d-46a9-9c70-cddced0d5936-20,185fceb4-511d-46a9-9c70-cddced0d5936,20,PROD001,240,Each,Active,216000,USD
305f7c63-b0a0-40aa-9813-de1b930d4c16-10,305f7c63-b0a0-40aa-9813-de1b930d4c16,10,PROD007,360,Each,Active,108000,USD
177c7b6f-06d2-4656-b8a1-ca934bdee34f-10,177c7b6f-06d2-4656-b8a1-ca934bdee34f,10,PROD005,210,Each,Active,126000,USD
177c7b6f-06d2-4656-b8a1-ca934bdee34f-20,177c7b6f-06d2-4656-b8a1-ca934bdee34f,20,PROD009,240,Each,Active,120000,USD
177c7b6f-06d2-4656-b8a1-ca934bdee34f-30,177c7b6f-06d2-4656-b8a1-ca934bdee34f,30,PROD004,210,Each,Active,84000,USD
09b5d134-ec63-4d5b-9723-0dc180df9b8b-10,09b5d134-ec63-4d5b-9723-0dc180df9b8b,10,PROD001,470,Each,Active,423000,USD
5bc46904-85a5-46f3-8469-046efe30c19a-10,5bc46904-85a5-46f3-8469-046efe30c19a,10,PROD006,430,Each,Active,344000,USD
5bc46904-85a5-46f3-8469-046efe30c19a-20,5bc46904-85a5-46f3-8469-046efe30c19a,20,PROD003,160,Each,Active,192000,USD
5bc46904-85a5-46f3-8469-046efe30c19a-30,5bc46904-85a5-46f3-8469-046efe30c19a,30,PROD001,210,Each,Active,189000,USD
9b53b3f0-a89f-4cfb-8fb4-6d218edce9be-10,9b53b3f0-a89f-4cfb-8fb4-6d218edce9be,10,PROD008,180,Each,Active,72000,USD
9b53b3f0-a89f-4cfb-8fb4-6d218edce9be-20,9b53b3f0-a89f-4cfb-8fb4-6d218edce9be,20,PROD006,210,Each,Active,168000,USD
9b53b3f0-a89f-4cfb-8fb4-6d218edce9be-30,9b53b3f0-a89f-4cfb-8fb4-6d218edce9be,30,PROD007,350,Each,Active,105000,USD
a7fc8fe2-b06b-4aa6-b4b2-5fefdcfc0414-10,a7fc8fe2-b06b-4aa6-b4b2-5fefdcfc0414,10,PROD004,180,Each,Active,72000,USD
a7fc8fe2-b06b-4aa6-b4b2-5fefdcfc0414-20,a7fc8fe2-b06b-4aa6-b4b2-5fefdcfc0414,20,PROD006,350,Each,Active,280000,USD
90dacf28-bda6-4774-a43d-e930f50c0038-10,90dacf28-bda6-4774-a43d-e930f50c0038,10,PROD009,360,Each,Active,180000,USD
7683024f-bf98-4975-8948-c2d57211b558-10,7683024f-bf98-4975-8948-c2d57211b558,10,PROD009,70,Each,Active,35000,USD
766e7cf0-bddd-4798-8547-db0cbbe120dc-10,766e7cf0-bddd-4798-8547-db0cbbe120dc,10,PROD007,200,Each,Active,60000,USD
1f7b607a-f4d0-4767-8491-2e1a3393b2eb-10,1f7b607a-f4d0-4767-8491-2e1a3393b2eb,10,PROD006,360,Each,Active,288000,USD
1f7b607a-f4d0-4767-8491-2e1a3393b2eb-20,1f7b607a-f4d0-4767-8491-2e1a3393b2eb,20,PROD001,120,Each,Active,108000,USD
a523c628-c071-438b-816c-ca38ba661eca-10,a523c628-c071-438b-816c-ca38ba661eca,10,PROD008,240,Each,Active,96000,USD
a523c628-c071-438b-816c-ca38ba661eca-20,a523c628-c071-438b-816c-ca38ba661eca,20,PROD007,420,Each,Active,126000,USD
a523c628-c071-438b-816c-ca38ba661eca-30,a523c628-c071-438b-816c-ca38ba661eca,30,PROD003,270,Each,Active,324000,USD
64d090e2-d8ab-4077-9c5b-dda6ed95b151-10,64d090e2-d8ab-4077-9c5b-dda6ed95b151,10,PROD001,250,Each,Active,225000,USD
64d090e2-d8ab-4077-9c5b-dda6ed95b151-20,64d090e2-d8ab-4077-9c5b-dda6ed95b151,20,PROD003,370,Each,Active,444000,USD
46020064-d886-459b-91a5-73d7d1c3af9b-10,46020064-d886-459b-91a5-73d7d1c3af9b,10,PROD003,340,Each,Active,408000,USD
46020064-d886-459b-91a5-73d7d1c3af9b-20,46020064-d886-459b-91a5-73d7d1c3af9b,20,PROD007,290,Each,Active,87000,USD
fd9f6ec2-2788-4598-9b3a-903efeaf7138-10,fd9f6ec2-2788-4598-9b3a-903efeaf7138,10,PROD009,450,Each,Active,225000,USD
126b32dc-8dfc-4e36-984b-334eb3fb2ddc-10,126b32dc-8dfc-4e36-984b-334eb3fb2ddc,10,PROD005,350,Each,Active,210000,USD
620b5c6a-45bb-4f14-b84f-f39ddbe84373-10,620b5c6a-45bb-4f14-b84f-f39ddbe84373,10,PROD009,90,Each,Active,45000,USD
620b5c6a-45bb-4f14-b84f-f39ddbe84373-20,620b5c6a-45bb-4f14-b84f-f39ddbe84373,20,PROD003,430,Each,Active,516000,USD
620b5c6a-45bb-4f14-b84f-f39ddbe84373-30,620b5c6a-45bb-4f14-b84f-f39ddbe84373,30,PROD008,390,Each,Active,156000,USD
f9a7a094-88c4-4a3a-952c-2457f6c58276-10,f9a7a094-88c4-4a3a-952c-2457f6c58276,10,PROD004,150,Each,Active,60000,USD
f9a7a094-88c4-4a3a-952c-2457f6c58276-20,f9a7a094-88c4-4a3a-952c-2457f6c58276,20,PROD002,230,Each,Active,230000,USD
f9a7a094-88c4-4a3a-952c-2457f6c58276-30,f9a7a094-88c4-4a3a-952c-2457f6c58276,30,PROD005,260,Each,Active,156000,USD
e4d1efb1-0119-4c3c-8ec4-3736d401dd41-10,e4d1efb1-0119-4c3c-8ec4-3736d401dd41,10,PROD004,440,Each,Active,176000,USD
315710c5-bfdb-441b-8f4c-a517222498b5-10,315710c5-bfdb-441b-8f4c-a517222498b5,10,PROD008,160,Each,Active,64000,USD
29309e2d-ddde-464d-8d81-0cb73fddc34c-10,29309e2d-ddde-464d-8d81-0cb73fddc34c,10,PROD001,290,Each,Active,261000,USD
eab1e8d1-54b2-4932-a27f-657462522589-10,eab1e8d1-54b2-4932-a27f-657462522589,10,PROD009,240,Each,Active,120000,USD
8b2522b7-6948-41ae-a592-c854d64d4139-10,8b2522b7-6948-41ae-a592-c854d64d4139,10,PROD003,260,Each,Active,312000,USD
8b2522b7-6948-41ae-a592-c854d64d4139-20,8b2522b7-6948-41ae-a592-c854d64d4139,20,PROD004,330,Each,Active,132000,USD
d8b03430-8b59-4c5f-a4b8-88413154fe09-10,d8b03430-8b59-4c5f-a4b8-88413154fe09,10,PROD005,60,Each,Active,36000,USD
d8b03430-8b59-4c5f-a4b8-88413154fe09-20,d8b03430-8b59-4c5f-a4b8-88413154fe09,20,PROD007,100,Each,Active,30000,USD
6b846380-0c0c-4da7-a7ac-55cf57a2be4f-10,6b846380-0c0c-4da7-a7ac-55cf57a2be4f,10,PROD005,280,Each,Active,168000,USD
ce0e3da6-eb93-4151-9363-6f675a434c17-10,ce0e3da6-eb93-4151-9363-6f675a434c17,10,PROD004,100,Each,Active,40000,USD
ce0e3da6-eb93-4151-9363-6f675a434c17-20,ce0e3da6-eb93-4151-9363-6f675a434c17,20,PROD001,370,Each,Active,333000,USD
f2bd609d-f19a-4a56-ad91-2225895bd3d0-10,f2bd609d-f19a-4a56-ad91-2225895bd3d0,10,PROD003,400,Each,Active,480000,USD
4b119c9a-0e1b-4ae0-99ad-b2c8a51ccbce-10,4b119c9a-0e1b-4ae0-99ad-b2c8a51ccbce,10,PROD005,220,Each,Active,132000,USD
4b119c9a-0e1b-4ae0-99ad-b2c8a51ccbce-20,4b119c9a-0e1b-4ae0-99ad-b2c8a51ccbce,20,PROD008,220,Each,Active,88000,USD
823c7e75-120f-4b9b-ae36-0ce23aac6fa3-10,823c7e75-120f-4b9b-ae36-0ce23aac6fa3,10,PROD006,70,Each,Active,56000,USD
823c7e75-120f-4b9b-ae36-0ce23aac6fa3-20,823c7e75-120f-4b9b-ae36-0ce23aac6fa3,20,PROD009,200,Each,Active,100000,USD
fae087ba-b712-4a9d-a31c-419ad1f4a301-10,fae087ba-b712-4a9d-a31c-419ad1f4a301,10,PROD001,500,Each,Active,450000,USD
66dfda84-c0b9-462f-afff-904c06020572-10,66dfda84-c0b9-462f-afff-904c06020572,10,PROD006,300,Each,Active,240000,USD
66dfda84-c0b9-462f-afff-904c06020572-20,66dfda84-c0b9-462f-afff-904c06020572,20,PROD008,490,Each,Active,196000,USD
8fcab68d-8477-4195-a444-b5d0e3b48044-10,8fcab68d-8477-4195-a444-b5d0e3b48044,10,PROD008,330,Each,Active,132000,USD
8fcab68d-8477-4195-a444-b5d0e3b48044-20,8fcab68d-8477-4195-a444-b5d0e3b48044,20,PROD009,150,Each,Active,75000,USD
8fcab68d-8477-4195-a444-b5d0e3b48044-30,8fcab68d-8477-4195-a444-b5d0e3b48044,30,PROD003,90,Each,Active,108000,USD
371f62f3-ee20-4f1c-8af4-381dad4e9c20-10,371f62f3-ee20-4f1c-8af4-381dad4e9c20,10,PROD004,120,Each,Active,48000,USD
371f62f3-ee20-4f1c-8af4-381dad4e9c20-20,371f62f3-ee20-4f1c-8af4-381dad4e9c20,20,PROD005,450,Each,Active,270000,USD
371f62f3-ee20-4f1c-8af4-381dad4e9c20-30,371f62f3-ee20-4f1c-8af4-381dad4e9c20,30,PROD001,430,Each,Active,387000,USD
d9e0c5a8-50b9-48a7-abcc-6706d863355d-10,d9e0c5a8-50b9-48a7-abcc-6706d863355d,10,PROD001,340,Each,Active,306000,USD
d9e0c5a8-50b9-48a7-abcc-6706d863355d-20,d9e0c5a8-50b9-48a7-abcc-6706d863355d,20,PROD009,330,Each,Active,165000,USD
d9e0c5a8-50b9-48a7-abcc-6706d863355d-30,d9e0c5a8-50b9-48a7-abcc-6706d863355d,30,PROD008,300,Each,Active,120000,USD
798cd941-629e-40f0-8f0d-7baaee5f3e6a-10,798cd941-629e-40f0-8f0d-7baaee5f3e6a,10,PROD008,170,Each,Active,68000,USD
798cd941-629e-40f0-8f0d-7baaee5f3e6a-20,798cd941-629e-40f0-8f0d-7baaee5f3e6a,20,PROD003,360,Each,Active,432000,USD
798cd941-629e-40f0-8f0d-7baaee5f3e6a-30,798cd941-629e-40f0-8f0d-7baaee5f3e6a,30,PROD001,350,Each,Active,315000,USD
29d76fb6-7174-47bf-8416-af430246e5ad-10,29d76fb6-7174-47bf-8416-af430246e5ad,10,PROD009,120,Each,Active,60000,USD
29d76fb6-7174-47bf-8416-af430246e5ad-20,29d76fb6-7174-47bf-8416-af430246e5ad,20,PROD002,180,Each,Active,180000,USD
29d76fb6-7174-47bf-8416-af430246e5ad-30,29d76fb6-7174-47bf-8416-af430246e5ad,30,PROD007,80,Each,Active,24000,USD
65b30de4-e269-48d8-ac8b-419ca33a0dce-10,65b30de4-e269-48d8-ac8b-419ca33a0dce,10,PROD004,500,Each,Active,200000,USD
65b30de4-e269-48d8-ac8b-419ca33a0dce-20,65b30de4-e269-48d8-ac8b-419ca33a0dce,20,PROD008,260,Each,Active,104000,USD
65b30de4-e269-48d8-ac8b-419ca33a0dce-30,65b30de4-e269-48d8-ac8b-419ca33a0dce,30,PROD007,480,Each,Active,144000,USD
7c494c2d-77f4-4cf9-9ca5-bb5eeaa5251f-10,7c494c2d-77f4-4cf9-9ca5-bb5eeaa5251f,10,PROD006,450,Each,Active,360000,USD
7c494c2d-77f4-4cf9-9ca5-bb5eeaa5251f-20,7c494c2d-77f4-4cf9-9ca5-bb5eeaa5251f,20,PROD001,500,Each,Active,450000,USD
4ebaadfa-61a6-47f2-b455-012098ae21ba-10,4ebaadfa-61a6-47f2-b455-012098ae21ba,10,PROD005,330,Each,Active,198000,USD
4ebaadfa-61a6-47f2-b455-012098ae21ba-20,4ebaadfa-61a6-47f2-b455-012098ae21ba,20,PROD004,390,Each,Active,156000,USD
4ebaadfa-61a6-47f2-b455-012098ae21ba-30,4ebaadfa-61a6-47f2-b455-012098ae21ba,30,PROD001,210,Each,Active,189000,USD
eb7c3c16-a90c-4048-9a36-ba55230050f4-10,eb7c3c16-a90c-4048-9a36-ba55230050f4,10,PROD002,290,Each,Active,290000,USD
7f9bf671-9ced-49b2-841f-bd0f72697a3b-10,7f9bf671-9ced-49b2-841f-bd0f72697a3b,10,PROD004,290,Each,Active,116000,USD
7f9bf671-9ced-49b2-841f-bd0f72697a3b-20,7f9bf671-9ced-49b2-841f-bd0f72697a3b,20,PROD006,80,Each,Active,64000,USD
7f9bf671-9ced-49b2-841f-bd0f72697a3b-30,7f9bf671-9ced-49b2-841f-bd0f72697a3b,30,PROD007,130,Each,Active,39000,USD
3d51e955-ee01-449f-8882-bca524567b84-10,3d51e955-ee01-449f-8882-bca524567b84,10,PROD001,430,Each,Active,387000,USD
3d51e955-ee01-449f-8882-bca524567b84-20,3d51e955-ee01-449f-8882-bca524567b84,20,PROD005,170,Each,Active,102000,USD
47cbaa6e-4235-4420-9ed7-a23c20c8eef9-10,47cbaa6e-4235-4420-9ed7-a23c20c8eef9,10,PROD005,50,Each,Active,30000,USD
47cbaa6e-4235-4420-9ed7-a23c20c8eef9-20,47cbaa6e-4235-4420-9ed7-a23c20c8eef9,20,PROD001,420,Each,Active,378000,USD
47cbaa6e-4235-4420-9ed7-a23c20c8eef9-30,47cbaa6e-4235-4420-9ed7-a23c20c8eef9,30,PROD008,170,Each,Active,68000,USD
f6cd08dd-592b-44c6-8792-6025f3e732e9-10,f6cd08dd-592b-44c6-8792-6025f3e732e9,10,PROD006,460,Each,Active,368000,USD
f6cd08dd-592b-44c6-8792-6025f3e732e9-20,f6cd08dd-592b-44c6-8792-6025f3e732e9,20,PROD001,410,Each,Active,369000,USD
f6cd08dd-592b-44c6-8792-6025f3e732e9-30,f6cd08dd-592b-44c6-8792-6025f3e732e9,30,PROD004,350,Each,Active,140000,USD
b79ff01e-c691-4284-8589-20e0e8ed6adc-10,b79ff01e-c691-4284-8589-20e0e8ed6adc,10,PROD009,260,Each,Active,130000,USD
fe24785f-c918-41fd-a253-0e27d2ce8b03-10,fe24785f-c918-41fd-a253-0e27d2ce8b03,10,PROD006,290,Each,Active,232000,USD
fe24785f-c918-41fd-a253-0e27d2ce8b03-20,fe24785f-c918-41fd-a253-0e27d2ce8b03,20,PROD005,80,Each,Active,48000,USD
fe24785f-c918-41fd-a253-0e27d2ce8b03-30,fe24785f-c918-41fd-a253-0e27d2ce8b03,30,PROD002,460,Each,Active,460000,USD
fc87a4c0-e802-4f7f-b3ff-fc142699716b-10,fc87a4c0-e802-4f7f-b3ff-fc142699716b,10,PROD002,190,Each,Active,190000,USD
259c7400-25e0-4281-8149-862b8cb0b96c-10,259c7400-25e0-4281-8149-862b8cb0b96c,10,PROD001,290,Each,Active,261000,USD
259c7400-25e0-4281-8149-862b8cb0b96c-20,259c7400-25e0-4281-8149-862b8cb0b96c,20,PROD009,200,Each,Active,100000,USD
259c7400-25e0-4281-8149-862b8cb0b96c-30,259c7400-25e0-4281-8149-862b8cb0b96c,30,PROD005,480,Each,Active,288000,USD
0d38006c-f422-4976-97fc-78a4b7f1acca-10,0d38006c-f422-4976-97fc-78a4b7f1acca,10,PROD004,220,Each,Active,88000,USD
0d38006c-f422-4976-97fc-78a4b7f1acca-20,0d38006c-f422-4976-97fc-78a4b7f1acca,20,PROD005,50,Each,Active,30000,USD
26ee00c7-35f2-49f7-9983-16b5edc9b305-10,26ee00c7-35f2-49f7-9983-16b5edc9b305,10,PROD007,490,Each,Active,147000,USD
ce6c4343-cf3c-49eb-aba8-6c7b8d816e60-10,ce6c4343-cf3c-49eb-aba8-6c7b8d816e60,10,PROD002,180,Each,Active,180000,USD
ce6c4343-cf3c-49eb-aba8-6c7b8d816e60-20,ce6c4343-cf3c-49eb-aba8-6c7b8d816e60,20,PROD003,360,Each,Active,432000,USD
e6fcd829-f7ab-44c3-a089-3b241e4e93cc-10,e6fcd829-f7ab-44c3-a089-3b241e4e93cc,10,PROD004,220,Each,Active,88000,USD
fc0a075a-9df6-4071-930f-1c8b4dc1fbbf-10,fc0a075a-9df6-4071-930f-1c8b4dc1fbbf,10,PROD005,120,Each,Active,72000,USD
425c4d6f-872e-43bb-b4ed-4942542bd6a2-10,425c4d6f-872e-43bb-b4ed-4942542bd6a2,10,PROD006,240,Each,Active,192000,USD
425c4d6f-872e-43bb-b4ed-4942542bd6a2-20,425c4d6f-872e-43bb-b4ed-4942542bd6a2,20,PROD007,170,Each,Active,51000,USD
425c4d6f-872e-43bb-b4ed-4942542bd6a2-30,425c4d6f-872e-43bb-b4ed-4942542bd6a2,30,PROD001,300,Each,Active,270000,USD
c2772a13-7e50-4bf9-aceb-a3fa0c702ca6-10,c2772a13-7e50-4bf9-aceb-a3fa0c702ca6,10,PROD006,330,Each,Active,264000,USD
c2772a13-7e50-4bf9-aceb-a3fa0c702ca6-20,c2772a13-7e50-4bf9-aceb-a3fa0c702ca6,20,PROD005,110,Each,Active,66000,USD
c809f0a8-f5ef-4101-92af-815928238162-10,c809f0a8-f5ef-4101-92af-815928238162,10,PROD006,50,Each,Active,40000,USD
c809f0a8-f5ef-4101-92af-815928238162-20,c809f0a8-f5ef-4101-92af-815928238162,20,PROD009,110,Each,Active,55000,USD
e80c9b18-4206-4c15-acf6-575eedbd757b-10,e80c9b18-4206-4c15-acf6-575eedbd757b,10,PROD001,470,Each,Active,423000,USD
e7036cf4-d774-4e82-ab00-8faacbc1117c-10,e7036cf4-d774-4e82-ab00-8faacbc1117c,10,PROD005,50,Each,Active,30000,USD
9ca04bfa-e720-437c-b500-a5aea9f31ca3-10,9ca04bfa-e720-437c-b500-a5aea9f31ca3,10,PROD004,270,Each,Active,108000,USD
0cad9e3d-30d6-405e-af18-ecc8736b98d1-10,0cad9e3d-30d6-405e-af18-ecc8736b98d1,10,PROD004,110,Each,Active,44000,USD
03072d6c-e4db-4ee1-97c8-cd9c12bda7db-10,03072d6c-e4db-4ee1-97c8-cd9c12bda7db,10,PROD001,210,Each,Active,189000,USD
03072d6c-e4db-4ee1-97c8-cd9c12bda7db-20,03072d6c-e4db-4ee1-97c8-cd9c12bda7db,20,PROD005,470,Each,Active,282000,USD
03072d6c-e4db-4ee1-97c8-cd9c12bda7db-30,03072d6c-e4db-4ee1-97c8-cd9c12bda7db,30,PROD009,170,Each,Active,85000,USD
acd1a005-7865-42aa-a1b8-73015ec21012-10,acd1a005-7865-42aa-a1b8-73015ec21012,10,PROD002,180,Each,Active,180000,USD
acd1a005-7865-42aa-a1b8-73015ec21012-20,acd1a005-7865-42aa-a1b8-73015ec21012,20,PROD007,100,Each,Active,30000,USD
718be52a-864f-46f3-a5dd-a317579b8d80-10,718be52a-864f-46f3-a5dd-a317579b8d80,10,PROD009,200,Each,Active,100000,USD
e51f1d7e-ad68-4349-a75c-e7ff99e71b55-10,e51f1d7e-ad68-4349-a75c-e7ff99e71b55,10,PROD001,160,Each,Active,144000,USD
e51f1d7e-ad68-4349-a75c-e7ff99e71b55-20,e51f1d7e-ad68-4349-a75c-e7ff99e71b55,20,PROD005,350,Each,Active,210000,USD
e51f1d7e-ad68-4349-a75c-e7ff99e71b55-30,e51f1d7e-ad68-4349-a75c-e7ff99e71b55,30,PROD004,370,Each,Active,148000,USD
419a05a2-db05-43b1-a809-b87a1103a9ea-10,419a05a2-db05-43b1-a809-b87a1103a9ea,10,PROD002,60,Each,Active,60000,USD
d4e988d1-99e3-4242-a06d-4d31a7fa68f0-10,d4e988d1-99e3-4242-a06d-4d31a7fa68f0,10,PROD005,210,Each,Active,126000,USD
d4e988d1-99e3-4242-a06d-4d31a7fa68f0-20,d4e988d1-99e3-4242-a06d-4d31a7fa68f0,20,PROD004,390,Each,Active,156000,USD
9ed20a93-b3f9-42af-b06b-4541a026281c-10,9ed20a93-b3f9-42af-b06b-4541a026281c,10,PROD005,400,Each,Active,240000,USD
9ed20a93-b3f9-42af-b06b-4541a026281c-20,9ed20a93-b3f9-42af-b06b-4541a026281c,20,PROD009,230,Each,Active,115000,USD
6f16806b-242f-4faf-b7ef-b4353fb788a7-10,6f16806b-242f-4faf-b7ef-b4353fb788a7,10,PROD007,120,Each,Active,36000,USD
6f16806b-242f-4faf-b7ef-b4353fb788a7-20,6f16806b-242f-4faf-b7ef-b4353fb788a7,20,PROD002,280,Each,Active,280000,USD
65ea0024-9c38-4d6f-869f-034899f9f560-10,65ea0024-9c38-4d6f-869f-034899f9f560,10,PROD003,250,Each,Active,300000,USD
65ea0024-9c38-4d6f-869f-034899f9f560-20,65ea0024-9c38-4d6f-869f-034899f9f560,20,PROD002,290,Each,Active,290000,USD
65ea0024-9c38-4d6f-869f-034899f9f560-30,65ea0024-9c38-4d6f-869f-034899f9f560,30,PROD005,80,Each,Active,48000,USD
d17faabe-7147-4b95-bb9b-9742dadea67f-10,d17faabe-7147-4b95-bb9b-9742dadea67f,10,PROD008,350,Each,Active,140000,USD
63dd4823-54e5-4f3d-a217-33c26ab98233-10,63dd4823-54e5-4f3d-a217-33c26ab98233,10,PROD009,310,Each,Active,155000,USD
63dd4823-54e5-4f3d-a217-33c26ab98233-20,63dd4823-54e5-4f3d-a217-33c26ab98233,20,PROD003,440,Each,Active,528000,USD
63dd4823-54e5-4f3d-a217-33c26ab98233-30,63dd4823-54e5-4f3d-a217-33c26ab98233,30,PROD001,300,Each,Active,270000,USD
196673b9-8b54-4c67-ac82-7b73cf853964-10,196673b9-8b54-4c67-ac82-7b73cf853964,10,PROD005,220,Each,Active,132000,USD
196673b9-8b54-4c67-ac82-7b73cf853964-20,196673b9-8b54-4c67-ac82-7b73cf853964,20,PROD003,280,Each,Active,336000,USD
196673b9-8b54-4c67-ac82-7b73cf853964-30,196673b9-8b54-4c67-ac82-7b73cf853964,30,PROD009,130,Each,Active,65000,USD
a1d898b4-c827-43bc-abd2-082ed09a8cc3-10,a1d898b4-c827-43bc-abd2-082ed09a8cc3,10,PROD004,240,Each,Active,96000,USD
a62758e4-0667-498d-b208-9e4eecc201e2-10,a62758e4-0667-498d-b208-9e4eecc201e2,10,PROD001,240,Each,Active,216000,USD
4449e047-99a5-4034-a1d3-af637550f561-10,4449e047-99a5-4034-a1d3-af637550f561,10,PROD006,110,Each,Active,88000,USD
4449e047-99a5-4034-a1d3-af637550f561-20,4449e047-99a5-4034-a1d3-af637550f561,20,PROD003,340,Each,Active,408000,USD
4449e047-99a5-4034-a1d3-af637550f561-30,4449e047-99a5-4034-a1d3-af637550f561,30,PROD004,410,Each,Active,164000,USD
d0b3154e-554c-4cd6-b3df-403560ad9e26-10,d0b3154e-554c-4cd6-b3df-403560ad9e26,10,PROD002,280,Each,Active,280000,USD
d0b3154e-554c-4cd6-b3df-403560ad9e26-20,d0b3154e-554c-4cd6-b3df-403560ad9e26,20,PROD001,390,Each,Active,351000,USD
d0b3154e-554c-4cd6-b3df-403560ad9e26-30,d0b3154e-554c-4cd6-b3df-403560ad9e26,30,PROD008,220,Each,Active,88000,USD
1cf9f647-0fc8-48b5-b76d-975437723098-10,1cf9f647-0fc8-48b5-b76d-975437723098,10,PROD005,180,Each,Active,108000,USD
1cf9f647-0fc8-48b5-b76d-975437723098-20,1cf9f647-0fc8-48b5-b76d-975437723098,20,PROD003,180,Each,Active,216000,USD
c1788074-071e-4595-8352-b4ed6170ebcb-10,c1788074-071e-4595-8352-b4ed6170ebcb,10,PROD004,330,Each,Active,132000,USD
c1788074-071e-4595-8352-b4ed6170ebcb-20,c1788074-071e-4595-8352-b4ed6170ebcb,20,PROD008,220,Each,Active,88000,USD
58a5737a-16d7-4767-98c0-afd62fc53d0e-10,58a5737a-16d7-4767-98c0-afd62fc53d0e,10,PROD003,400,Each,Active,480000,USD
58a5737a-16d7-4767-98c0-afd62fc53d0e-20,58a5737a-16d7-4767-98c0-afd62fc53d0e,20,PROD005,240,Each,Active,144000,USD
58a5737a-16d7-4767-98c0-afd62fc53d0e-30,58a5737a-16d7-4767-98c0-afd62fc53d0e,30,PROD001,480,Each,Active,432000,USD
72b8d2d6-45d5-477f-b6e1-f6d9fffd6e72-10,72b8d2d6-45d5-477f-b6e1-f6d9fffd6e72,10,PROD004,150,Each,Active,60000,USD
ca8a1473-7ad3-43c6-9fd7-55e83ff97874-10,ca8a1473-7ad3-43c6-9fd7-55e83ff97874,10,PROD006,120,Each,Active,96000,USD
ca8a1473-7ad3-43c6-9fd7-55e83ff97874-20,ca8a1473-7ad3-43c6-9fd7-55e83ff97874,20,PROD004,250,Each,Active,100000,USD
85c67880-c568-43a9-ab67-8c58c4219000-10,85c67880-c568-43a9-ab67-8c58c4219000,10,PROD006,250,Each,Active,200000,USD
476b1006-ce2a-4e62-a1a8-0ebc1200c21a-10,476b1006-ce2a-4e62-a1a8-0ebc1200c21a,10,PROD008,310,Each,Active,124000,USD
999b91c4-e98e-4e68-939b-93a254d84b32-10,999b91c4-e98e-4e68-939b-93a254d84b32,10,PROD005,380,Each,Active,228000,USD
999b91c4-e98e-4e68-939b-93a254d84b32-20,999b91c4-e98e-4e68-939b-93a254d84b32,20,PROD001,430,Each,Active,387000,USD
999b91c4-e98e-4e68-939b-93a254d84b32-30,999b91c4-e98e-4e68-939b-93a254d84b32,30,PROD002,50,Each,Active,50000,USD
39320b37-2653-4371-a253-2f7e8eeec3fb-10,39320b37-2653-4371-a253-2f7e8eeec3fb,10,PROD003,260,Each,Active,312000,USD
39320b37-2653-4371-a253-2f7e8eeec3fb-20,39320b37-2653-4371-a253-2f7e8eeec3fb,20,PROD009,350,Each,Active,175000,USD
b248a3da-5a4e-4f59-bf33-921eec8d6477-10,b248a3da-5a4e-4f59-bf33-921eec8d6477,10,PROD007,170,Each,Active,51000,USD
e2ee2a25-9bac-4917-95a7-e7e5dede70f8-10,e2ee2a25-9bac-4917-95a7-e7e5dede70f8,10,PROD005,340,Each,Active,204000,USD
e2ee2a25-9bac-4917-95a7-e7e5dede70f8-20,e2ee2a25-9bac-4917-95a7-e7e5dede70f8,20,PROD001,240,Each,Active,216000,USD
8ada1d14-450e-47cd-80a4-6be86067f53f-10,8ada1d14-450e-47cd-80a4-6be86067f53f,10,PROD008,430,Each,Active,172000,USD
8ada1d14-450e-47cd-80a4-6be86067f53f-20,8ada1d14-450e-47cd-80a4-6be86067f53f,20,PROD005,390,Each,Active,234000,USD
fba55365-84ea-4b6d-8b8c-1b5512de9297-10,fba55365-84ea-4b6d-8b8c-1b5512de9297,10,PROD004,250,Each,Active,100000,USD
fba55365-84ea-4b6d-8b8c-1b5512de9297-20,fba55365-84ea-4b6d-8b8c-1b5512de9297,20,PROD002,180,Each,Active,180000,USD
fba55365-84ea-4b6d-8b8c-1b5512de9297-30,fba55365-84ea-4b6d-8b8c-1b5512de9297,30,PROD006,270,Each,Active,216000,USD
15f0cb31-76be-4ecd-b60b-5f4556cd01ce-10,15f0cb31-76be-4ecd-b60b-5f4556cd01ce,10,PROD006,270,Each,Active,216000,USD
15f0cb31-76be-4ecd-b60b-5f4556cd01ce-20,15f0cb31-76be-4ecd-b60b-5f4556cd01ce,20,PROD004,330,Each,Active,132000,USD
3173360b-54f2-4469-bac4-967fdcc964dc-10,3173360b-54f2-4469-bac4-967fdcc964dc,10,PROD001,100,Each,Active,90000,USD
8109decf-d2cb-4a4c-bb46-982b8bd4f7b7-10,8109decf-d2cb-4a4c-bb46-982b8bd4f7b7,10,PROD007,150,Each,Active,45000,USD
8109decf-d2cb-4a4c-bb46-982b8bd4f7b7-20,8109decf-d2cb-4a4c-bb46-982b8bd4f7b7,20,PROD003,300,Each,Active,360000,USD
8109decf-d2cb-4a4c-bb46-982b8bd4f7b7-30,8109decf-d2cb-4a4c-bb46-982b8bd4f7b7,30,PROD004,290,Each,Active,116000,USD
182eefb9-b8b2-44a7-8824-7c3c4de9abb4-10,182eefb9-b8b2-44a7-8824-7c3c4de9abb4,10,PROD008,460,Each,Active,184000,USD
60468146-d223-4c53-9208-8813d28ae7d0-10,60468146-d223-4c53-9208-8813d28ae7d0,10,PROD002,440,Each,Active,440000,USD
60468146-d223-4c53-9208-8813d28ae7d0-20,60468146-d223-4c53-9208-8813d28ae7d0,20,PROD007,450,Each,Active,135000,USD
60468146-d223-4c53-9208-8813d28ae7d0-30,60468146-d223-4c53-9208-8813d28ae7d0,30,PROD004,90,Each,Active,36000,USD
710d426d-8651-4225-a765-27ef1cecbb15-10,710d426d-8651-4225-a765-27ef1cecbb15,10,PROD009,250,Each,Active,125000,USD
710d426d-8651-4225-a765-27ef1cecbb15-20,710d426d-8651-4225-a765-27ef1cecbb15,20,PROD002,100,Each,Active,100000,USD
710d426d-8651-4225-a765-27ef1cecbb15-30,710d426d-8651-4225-a765-27ef1cecbb15,30,PROD005,60,Each,Active,36000,USD
fc175c4c-5e24-4cad-b961-8600aa7c33fc-10,fc175c4c-5e24-4cad-b961-8600aa7c33fc,10,PROD003,460,Each,Active,552000,USD
fc175c4c-5e24-4cad-b961-8600aa7c33fc-20,fc175c4c-5e24-4cad-b961-8600aa7c33fc,20,PROD002,90,Each,Active,90000,USD
55cc61a9-2179-4e42-9d2c-40df45dfd274-10,55cc61a9-2179-4e42-9d2c-40df45dfd274,10,PROD007,480,Each,Active,144000,USD
17d2cd77-2168-44d4-8cff-9e89bebd354a-10,17d2cd77-2168-44d4-8cff-9e89bebd354a,10,PROD006,70,Each,Active,56000,USD
766ea5f4-14b7-4f48-b744-79a3ceb0f593-10,766ea5f4-14b7-4f48-b744-79a3ceb0f593,10,PROD007,410,Each,Active,123000,USD
034d6803-f01e-4b1e-bf28-5da6ed43a45a-10,034d6803-f01e-4b1e-bf28-5da6ed43a45a,10,PROD005,340,Each,Active,204000,USD
034d6803-f01e-4b1e-bf28-5da6ed43a45a-20,034d6803-f01e-4b1e-bf28-5da6ed43a45a,20,PROD002,310,Each,Active,310000,USD
4ac6569a-fe99-4247-b19c-2c24b3055bd1-10,4ac6569a-fe99-4247-b19c-2c24b3055bd1,10,PROD004,350,Each,Active,140000,USD
4ac6569a-fe99-4247-b19c-2c24b3055bd1-20,4ac6569a-fe99-4247-b19c-2c24b3055bd1,20,PROD007,390,Each,Active,117000,USD
4ac6569a-fe99-4247-b19c-2c24b3055bd1-30,4ac6569a-fe99-4247-b19c-2c24b3055bd1,30,PROD003,310,Each,Active,372000,USD
95dfc8bf-ccfb-41b9-9461-a63ced7b55ab-10,95dfc8bf-ccfb-41b9-9461-a63ced7b55ab,10,PROD005,370,Each,Active,222000,USD
95dfc8bf-ccfb-41b9-9461-a63ced7b55ab-20,95dfc8bf-ccfb-41b9-9461-a63ced7b55ab,20,PROD007,290,Each,Active,87000,USD
9cfa5260-3e93-4cf8-b413-52f61e48f6bb-10,9cfa5260-3e93-4cf8-b413-52f61e48f6bb,10,PROD006,440,Each,Active,352000,USD
9cfa5260-3e93-4cf8-b413-52f61e48f6bb-20,9cfa5260-3e93-4cf8-b413-52f61e48f6bb,20,PROD007,370,Each,Active,111000,USD
9cfa5260-3e93-4cf8-b413-52f61e48f6bb-30,9cfa5260-3e93-4cf8-b413-52f61e48f6bb,30,PROD002,90,Each,Active,90000,USD
a48de4f4-9899-45f6-b00b-2fe3fd32daf1-10,a48de4f4-9899-45f6-b00b-2fe3fd32daf1,10,PROD004,320,Each,Active,128000,USD
a48de4f4-9899-45f6-b00b-2fe3fd32daf1-20,a48de4f4-9899-45f6-b00b-2fe3fd32daf1,20,PROD002,370,Each,Active,370000,USD
3a1c878a-cd8b-47f9-8fca-14b668d54815-10,3a1c878a-cd8b-47f9-8fca-14b668d54815,10,PROD006,330,Each,Active,264000,USD
3a1c878a-cd8b-47f9-8fca-14b668d54815-20,3a1c878a-cd8b-47f9-8fca-14b668d54815,20,PROD003,250,Each,Active,300000,USD
3a1c878a-cd8b-47f9-8fca-14b668d54815-30,3a1c878a-cd8b-47f9-8fca-14b668d54815,30,PROD007,460,Each,Active,138000,USD
576c9eae-1c44-4a92-a7c3-269798b67e91-10,576c9eae-1c44-4a92-a7c3-269798b67e91,10,PROD004,90,Each,Active,36000,USD
576c9eae-1c44-4a92-a7c3-269798b67e91-20,576c9eae-1c44-4a92-a7c3-269798b67e91,20,PROD001,260,Each,Active,234000,USD
35ee0137-2ece-44be-8b36-0a885c999ec6-10,35ee0137-2ece-44be-8b36-0a885c999ec6,10,PROD003,430,Each,Active,516000,USD
35ee0137-2ece-44be-8b36-0a885c999ec6-20,35ee0137-2ece-44be-8b36-0a885c999ec6,20,PROD008,470,Each,Active,188000,USD
9886c0b9-82be-41c4-a79c-cff10c2750ca-10,9886c0b9-82be-41c4-a79c-cff10c2750ca,10,PROD007,480,Each,Active,144000,USD
9886c0b9-82be-41c4-a79c-cff10c2750ca-20,9886c0b9-82be-41c4-a79c-cff10c2750ca,20,PROD003,230,Each,Active,276000,USD
62937508-8e9d-4288-a59c-060df3e82306-10,62937508-8e9d-4288-a59c-060df3e82306,10,PROD005,170,Each,Active,102000,USD
455cafd1-a589-446a-b81b-839b8a33ee83-10,455cafd1-a589-446a-b81b-839b8a33ee83,10,PROD003,240,Each,Active,288000,USD
1ee44ec3-5787-4fc4-9a97-5868ab8dd7a1-10,1ee44ec3-5787-4fc4-9a97-5868ab8dd7a1,10,PROD002,140,Each,Active,140000,USD
1ee44ec3-5787-4fc4-9a97-5868ab8dd7a1-20,1ee44ec3-5787-4fc4-9a97-5868ab8dd7a1,20,PROD005,500,Each,Active,300000,USD
39c0dac8-4f1e-4911-905b-d022ebd150c8-10,39c0dac8-4f1e-4911-905b-d022ebd150c8,10,PROD009,490,Each,Active,245000,USD
9793a5e3-4206-451c-9974-9790203c3455-10,9793a5e3-4206-451c-9974-9790203c3455,10,PROD002,480,Each,Active,480000,USD
9793a5e3-4206-451c-9974-9790203c3455-20,9793a5e3-4206-451c-9974-9790203c3455,20,PROD001,250,Each,Active,225000,USD
9793a5e3-4206-451c-9974-9790203c3455-30,9793a5e3-4206-451c-9974-9790203c3455,30,PROD007,240,Each,Active,72000,USD
85b9cfac-a57d-4050-888c-b1ded98b65e5-10,85b9cfac-a57d-4050-888c-b1ded98b65e5,10,PROD001,490,Each,Active,441000,USD
85b9cfac-a57d-4050-888c-b1ded98b65e5-20,85b9cfac-a57d-4050-888c-b1ded98b65e5,20,PROD005,500,Each,Active,300000,USD
85b9cfac-a57d-4050-888c-b1ded98b65e5-30,85b9cfac-a57d-4050-888c-b1ded98b65e5,30,PROD002,200,Each,Active,200000,USD
bc1db9bd-92b2-41a2-9f13-89c7c90cf6f5-10,bc1db9bd-92b2-41a2-9f13-89c7c90cf6f5,10,PROD008,420,Each,Active,168000,USD
bc1db9bd-92b2-41a2-9f13-89c7c90cf6f5-20,bc1db9bd-92b2-41a2-9f13-89c7c90cf6f5,20,PROD004,380,Each,Active,152000,USD
420f5760-4b2e-4433-8b6c-90fe3ffbf760-10,420f5760-4b2e-4433-8b6c-90fe3ffbf760,10,PROD003,190,Each,Active,228000,USD
420f5760-4b2e-4433-8b6c-90fe3ffbf760-20,420f5760-4b2e-4433-8b6c-90fe3ffbf760,20,PROD008,190,Each,Active,76000,USD
d0cd2412-6501-46da-8a5f-cea71d43282b-10,d0cd2412-6501-46da-8a5f-cea71d43282b,10,PROD009,290,Each,Active,145000,USD
d0cd2412-6501-46da-8a5f-cea71d43282b-20,d0cd2412-6501-46da-8a5f-cea71d43282b,20,PROD003,160,Each,Active,192000,USD
d0cd2412-6501-46da-8a5f-cea71d43282b-30,d0cd2412-6501-46da-8a5f-cea71d43282b,30,PROD008,160,Each,Active,64000,USD
55473051-8346-4493-9433-662bc6154b10-10,55473051-8346-4493-9433-662bc6154b10,10,PROD006,110,Each,Active,88000,USD
55473051-8346-4493-9433-662bc6154b10-20,55473051-8346-4493-9433-662bc6154b10,20,PROD001,160,Each,Active,144000,USD
64f40890-8ba7-4572-af21-2e6466edc987-10,64f40890-8ba7-4572-af21-2e6466edc987,10,PROD003,400,Each,Active,480000,USD
64f40890-8ba7-4572-af21-2e6466edc987-20,64f40890-8ba7-4572-af21-2e6466edc987,20,PROD001,60,Each,Active,54000,USD
64f40890-8ba7-4572-af21-2e6466edc987-30,64f40890-8ba7-4572-af21-2e6466edc987,30,PROD002,160,Each,Active,160000,USD
55a44052-3607-4a6b-b54a-588f3f234161-10,55a44052-3607-4a6b-b54a-588f3f234161,10,PROD005,110,Each,Active,66000,USD
55a44052-3607-4a6b-b54a-588f3f234161-20,55a44052-3607-4a6b-b54a-588f3f234161,20,PROD003,470,Each,Active,564000,USD
a115855e-207a-4238-98d1-5d4e9c56ed38-10,a115855e-207a-4238-98d1-5d4e9c56ed38,10,PROD005,260,Each,Active,156000,USD
a115855e-207a-4238-98d1-5d4e9c56ed38-20,a115855e-207a-4238-98d1-5d4e9c56ed38,20,PROD008,130,Each,Active,52000,USD
f37141ca-80ff-4755-a9e2-dde9912ca8db-10,f37141ca-80ff-4755-a9e2-dde9912ca8db,10,PROD007,480,Each,Active,144000,USD
f37141ca-80ff-4755-a9e2-dde9912ca8db-20,f37141ca-80ff-4755-a9e2-dde9912ca8db,20,PROD005,220,Each,Active,132000,USD
f37141ca-80ff-4755-a9e2-dde9912ca8db-30,f37141ca-80ff-4755-a9e2-dde9912ca8db,30,PROD001,150,Each,Active,135000,USD
7bd39cf8-38ad-47ea-a149-05228dc82576-10,7bd39cf8-38ad-47ea-a149-05228dc82576,10,PROD005,390,Each,Active,234000,USD
7bd39cf8-38ad-47ea-a149-05228dc82576-20,7bd39cf8-38ad-47ea-a149-05228dc82576,20,PROD009,420,Each,Active,210000,USD
be104abb-f73a-422f-ba40-cc678eeb3daa-10,be104abb-f73a-422f-ba40-cc678eeb3daa,10,PROD006,490,Each,Active,392000,USD
be104abb-f73a-422f-ba40-cc678eeb3daa-20,be104abb-f73a-422f-ba40-cc678eeb3daa,20,PROD003,130,Each,Active,156000,USD
04cbcae3-9dfe-47f9-9f9f-047842c77140-10,04cbcae3-9dfe-47f9-9f9f-047842c77140,10,PROD002,460,Each,Active,460000,USD
04cbcae3-9dfe-47f9-9f9f-047842c77140-20,04cbcae3-9dfe-47f9-9f9f-047842c77140,20,PROD001,400,Each,Active,360000,USD
04cbcae3-9dfe-47f9-9f9f-047842c77140-30,04cbcae3-9dfe-47f9-9f9f-047842c77140,30,PROD005,340,Each,Active,204000,USD
fc1218d6-761f-44ac-bcb0-6635b7ac5f53-10,fc1218d6-761f-44ac-bcb0-6635b7ac5f53,10,PROD005,360,Each,Active,216000,USD
fc1218d6-761f-44ac-bcb0-6635b7ac5f53-20,fc1218d6-761f-44ac-bcb0-6635b7ac5f53,20,PROD006,290,Each,Active,232000,USD
fc1218d6-761f-44ac-bcb0-6635b7ac5f53-30,fc1218d6-761f-44ac-bcb0-6635b7ac5f53,30,PROD001,120,Each,Active,108000,USD
0988bcf1-4bfd-4b97-8ab2-0fb5db9dd323-10,0988bcf1-4bfd-4b97-8ab2-0fb5db9dd323,10,PROD007,300,Each,Active,90000,USD
0988bcf1-4bfd-4b97-8ab2-0fb5db9dd323-20,0988bcf1-4bfd-4b97-8ab2-0fb5db9dd323,20,PROD004,290,Each,Active,116000,USD
4d717da5-8c38-4f76-839c-8dc0906d72b3-10,4d717da5-8c38-4f76-839c-8dc0906d72b3,10,PROD008,400,Each,Active,160000,USD
d8cd0098-33ff-41a0-a973-0e4663ec4be9-10,d8cd0098-33ff-41a0-a973-0e4663ec4be9,10,PROD003,280,Each,Active,336000,USD
7038662a-55f2-49a2-984d-54806c966551-10,7038662a-55f2-49a2-984d-54806c966551,10,PROD007,180,Each,Active,54000,USD
7038662a-55f2-49a2-984d-54806c966551-20,7038662a-55f2-49a2-984d-54806c966551,20,PROD002,210,Each,Active,210000,USD
7038662a-55f2-49a2-984d-54806c966551-30,7038662a-55f2-49a2-984d-54806c966551,30,PROD005,210,Each,Active,126000,USD
da244195-6de3-4f0a-8056-4379071f8f1c-10,da244195-6de3-4f0a-8056-4379071f8f1c,10,PROD008,320,Each,Active,128000,USD
da244195-6de3-4f0a-8056-4379071f8f1c-20,da244195-6de3-4f0a-8056-4379071f8f1c,20,PROD009,50,Each,Active,25000,USD
da244195-6de3-4f0a-8056-4379071f8f1c-30,da244195-6de3-4f0a-8056-4379071f8f1c,30,PROD005,210,Each,Active,126000,USD
76fa2852-e158-44b5-901d-bccfd25d78d0-10,76fa2852-e158-44b5-901d-bccfd25d78d0,10,PROD001,190,Each,Active,171000,USD
76fa2852-e158-44b5-901d-bccfd25d78d0-20,76fa2852-e158-44b5-901d-bccfd25d78d0,20,PROD007,450,Each,Active,135000,USD
1b4d6936-495a-4937-89d7-57027efc4d35-10,1b4d6936-495a-4937-89d7-57027efc4d35,10,PROD008,210,Each,Active,84000,USD
184e8f72-b670-4298-926d-a6bb1318e9b6-10,184e8f72-b670-4298-926d-a6bb1318e9b6,10,PROD009,320,Each,Active,160000,USD
184e8f72-b670-4298-926d-a6bb1318e9b6-20,184e8f72-b670-4298-926d-a6bb1318e9b6,20,PROD008,210,Each,Active,84000,USD
b0af0c32-9d02-43d4-b9fd-baaf2084c753-10,b0af0c32-9d02-43d4-b9fd-baaf2084c753,10,PROD009,180,Each,Active,90000,USD
c0511f16-21ea-4f57-82a2-a0ef9205fc6e-10,c0511f16-21ea-4f57-82a2-a0ef9205fc6e,10,PROD006,440,Each,Active,352000,USD
c0511f16-21ea-4f57-82a2-a0ef9205fc6e-20,c0511f16-21ea-4f57-82a2-a0ef9205fc6e,20,PROD008,280,Each,Active,112000,USD
c0511f16-21ea-4f57-82a2-a0ef9205fc6e-30,c0511f16-21ea-4f57-82a2-a0ef9205fc6e,30,PROD007,130,Each,Active,39000,USD
5568d456-3a8d-4c26-b793-2ef7091ef676-10,5568d456-3a8d-4c26-b793-2ef7091ef676,10,PROD009,460,Each,Active,230000,USD
5568d456-3a8d-4c26-b793-2ef7091ef676-20,5568d456-3a8d-4c26-b793-2ef7091ef676,20,PROD008,230,Each,Active,92000,USD
5568d456-3a8d-4c26-b793-2ef7091ef676-30,5568d456-3a8d-4c26-b793-2ef7091ef676,30,PROD006,320,Each,Active,256000,USD
89df7e50-ab2c-4528-b184-d5a6d1736bec-10,89df7e50-ab2c-4528-b184-d5a6d1736bec,10,PROD005,70,Each,Active,42000,USD
bbcd47cb-865e-45bd-b5ed-fa37da2264a4-10,bbcd47cb-865e-45bd-b5ed-fa37da2264a4,10,PROD006,190,Each,Active,152000,USD
1097cdc7-f374-467a-a262-a3a35369b32a-10,1097cdc7-f374-467a-a262-a3a35369b32a,10,PROD002,130,Each,Active,130000,USD
64eb8821-b621-45e1-811b-7818ceaa20d4-10,64eb8821-b621-45e1-811b-7818ceaa20d4,10,PROD004,500,Each,Active,200000,USD
64eb8821-b621-45e1-811b-7818ceaa20d4-20,64eb8821-b621-45e1-811b-7818ceaa20d4,20,PROD005,120,Each,Active,72000,USD
64eb8821-b621-45e1-811b-7818ceaa20d4-30,64eb8821-b621-45e1-811b-7818ceaa20d4,30,PROD002,90,Each,Active,90000,USD
63a7082e-a758-4d59-8130-0febe8898db0-10,63a7082e-a758-4d59-8130-0febe8898db0,10,PROD002,70,Each,Active,70000,USD
63a7082e-a758-4d59-8130-0febe8898db0-20,63a7082e-a758-4d59-8130-0febe8898db0,20,PROD001,340,Each,Active,306000,USD
9459ee43-2f0f-4747-9a12-3368cef1e581-10,9459ee43-2f0f-4747-9a12-3368cef1e581,10,PROD001,440,Each,Active,396000,USD
9459ee43-2f0f-4747-9a12-3368cef1e581-20,9459ee43-2f0f-4747-9a12-3368cef1e581,20,PROD007,200,Each,Active,60000,USD
9459ee43-2f0f-4747-9a12-3368cef1e581-30,9459ee43-2f0f-4747-9a12-3368cef1e581,30,PROD005,360,Each,Active,216000,USD
99bf1df7-4619-4c21-9975-2bfd9c8fb521-10,99bf1df7-4619-4c21-9975-2bfd9c8fb521,10,PROD009,500,Each,Active,250000,USD
99bf1df7-4619-4c21-9975-2bfd9c8fb521-20,99bf1df7-4619-4c21-9975-2bfd9c8fb521,20,PROD005,170,Each,Active,102000,USD
c13edf89-7461-4a8d-9e38-b3490818e3d4-10,c13edf89-7461-4a8d-9e38-b3490818e3d4,10,PROD008,90,Each,Active,36000,USD
7b5c0933-5914-488e-a14b-16d6edc9d3b0-10,7b5c0933-5914-488e-a14b-16d6edc9d3b0,10,PROD008,180,Each,Active,72000,USD
7b5c0933-5914-488e-a14b-16d6edc9d3b0-20,7b5c0933-5914-488e-a14b-16d6edc9d3b0,20,PROD005,100,Each,Active,60000,USD
fbe05309-6e99-408c-9169-b59343823ab6-10,fbe05309-6e99-408c-9169-b59343823ab6,10,PROD008,160,Each,Active,64000,USD
fbe05309-6e99-408c-9169-b59343823ab6-20,fbe05309-6e99-408c-9169-b59343823ab6,20,PROD002,420,Each,Active,420000,USD
fbe05309-6e99-408c-9169-b59343823ab6-30,fbe05309-6e99-408c-9169-b59343823ab6,30,PROD007,130,Each,Active,39000,USD
af58ba8e-20f7-4bbd-8a51-417ae7b9b403-10,af58ba8e-20f7-4bbd-8a51-417ae7b9b403,10,PROD007,280,Each,Active,84000,USD
af58ba8e-20f7-4bbd-8a51-417ae7b9b403-20,af58ba8e-20f7-4bbd-8a51-417ae7b9b403,20,PROD005,500,Each,Active,300000,USD
af58ba8e-20f7-4bbd-8a51-417ae7b9b403-30,af58ba8e-20f7-4bbd-8a51-417ae7b9b403,30,PROD001,240,Each,Active,216000,USD
cd8d932b-5411-430b-ad62-1f8e870dbc6d-10,cd8d932b-5411-430b-ad62-1f8e870dbc6d,10,PROD003,300,Each,Active,360000,USD
cd8d932b-5411-430b-ad62-1f8e870dbc6d-20,cd8d932b-5411-430b-ad62-1f8e870dbc6d,20,PROD002,410,Each,Active,410000,USD
d9413b39-d706-41b2-a1f0-90cd5cfb5635-10,d9413b39-d706-41b2-a1f0-90cd5cfb5635,10,PROD007,170,Each,Active,51000,USD
d9413b39-d706-41b2-a1f0-90cd5cfb5635-20,d9413b39-d706-41b2-a1f0-90cd5cfb5635,20,PROD001,130,Each,Active,117000,USD
faa1f8d9-167d-4727-9fa6-e992b60f1e73-10,faa1f8d9-167d-4727-9fa6-e992b60f1e73,10,PROD003,220,Each,Active,264000,USD
faa1f8d9-167d-4727-9fa6-e992b60f1e73-20,faa1f8d9-167d-4727-9fa6-e992b60f1e73,20,PROD009,100,Each,Active,50000,USD
8e9acf01-5828-4de4-b43a-d21519fa0a40-10,8e9acf01-5828-4de4-b43a-d21519fa0a40,10,PROD008,240,Each,Active,96000,USD
bf0ddf72-0290-4509-a9a6-cdd34bf0fc49-10,bf0ddf72-0290-4509-a9a6-cdd34bf0fc49,10,PROD003,300,Each,Active,360000,USD
bf0ddf72-0290-4509-a9a6-cdd34bf0fc49-20,bf0ddf72-0290-4509-a9a6-cdd34bf0fc49,20,PROD007,210,Each,Active,63000,USD
dfda2804-07c2-401d-bf8a-617b0358ea7d-10,dfda2804-07c2-401d-bf8a-617b0358ea7d,10,PROD009,390,Each,Active,195000,USD
dfda2804-07c2-401d-bf8a-617b0358ea7d-20,dfda2804-07c2-401d-bf8a-617b0358ea7d,20,PROD005,230,Each,Active,138000,USD
dfda2804-07c2-401d-bf8a-617b0358ea7d-30,dfda2804-07c2-401d-bf8a-617b0358ea7d,30,PROD006,390,Each,Active,312000,USD
c142f06e-a519-4077-893d-740c9e73b0db-10,c142f06e-a519-4077-893d-740c9e73b0db,10,PROD002,50,Each,Active,50000,USD
c142f06e-a519-4077-893d-740c9e73b0db-20,c142f06e-a519-4077-893d-740c9e73b0db,20,PROD007,90,Each,Active,27000,USD
eac89dd6-6dc8-49ea-8ef9-c0860777d2ee-10,eac89dd6-6dc8-49ea-8ef9-c0860777d2ee,10,PROD007,370,Each,Active,111000,USD
ab5c7a17-e223-409e-9eb2-486cc6d0f4d1-10,ab5c7a17-e223-409e-9eb2-486cc6d0f4d1,10,PROD009,60,Each,Active,30000,USD
29ab5e0a-d018-40b6-938d-f531d64bef69-10,29ab5e0a-d018-40b6-938d-f531d64bef69,10,PROD009,80,Each,Active,40000,USD
29ab5e0a-d018-40b6-938d-f531d64bef69-20,29ab5e0a-d018-40b6-938d-f531d64bef69,20,PROD005,310,Each,Active,186000,USD
29ab5e0a-d018-40b6-938d-f531d64bef69-30,29ab5e0a-d018-40b6-938d-f531d64bef69,30,PROD006,80,Each,Active,64000,USD
72f1c845-77b4-49cb-a05b-68527d6f3fb0-10,72f1c845-77b4-49cb-a05b-68527d6f3fb0,10,PROD007,170,Each,Active,51000,USD
72f1c845-77b4-49cb-a05b-68527d6f3fb0-20,72f1c845-77b4-49cb-a05b-68527d6f3fb0,20,PROD003,150,Each,Active,180000,USD
837273ad-cfd4-4a3a-9d3f-c5a922fc7b87-10,837273ad-cfd4-4a3a-9d3f-c5a922fc7b87,10,PROD008,220,Each,Active,88000,USD
0ba611e9-7907-4369-af3a-4a7b2a58a354-10,0ba611e9-7907-4369-af3a-4a7b2a58a354,10,PROD007,320,Each,Active,96000,USD
f7d0ab86-2b01-4cd3-b4fd-11c87a0a9810-10,f7d0ab86-2b01-4cd3-b4fd-11c87a0a9810,10,PROD002,100,Each,Active,100000,USD
f7d0ab86-2b01-4cd3-b4fd-11c87a0a9810-20,f7d0ab86-2b01-4cd3-b4fd-11c87a0a9810,20,PROD004,390,Each,Active,156000,USD
f7d0ab86-2b01-4cd3-b4fd-11c87a0a9810-30,f7d0ab86-2b01-4cd3-b4fd-11c87a0a9810,30,PROD007,50,Each,Active,15000,USD
2b933079-e295-40a5-a170-c7f26493b06a-10,2b933079-e295-40a5-a170-c7f26493b06a,10,PROD003,90,Each,Active,108000,USD
2b933079-e295-40a5-a170-c7f26493b06a-20,2b933079-e295-40a5-a170-c7f26493b06a,20,PROD007,300,Each,Active,90000,USD
2b933079-e295-40a5-a170-c7f26493b06a-30,2b933079-e295-40a5-a170-c7f26493b06a,30,PROD004,450,Each,Active,180000,USD
e392e0c1-8c15-4ab6-85d9-c17bd800ebb1-10,e392e0c1-8c15-4ab6-85d9-c17bd800ebb1,10,PROD001,470,Each,Active,423000,USD
9a9190b2-d370-4b34-9544-5d86954a7277-10,9a9190b2-d370-4b34-9544-5d86954a7277,10,PROD004,150,Each,Active,60000,USD
9a9190b2-d370-4b34-9544-5d86954a7277-20,9a9190b2-d370-4b34-9544-5d86954a7277,20,PROD003,190,Each,Active,228000,USD
c032d9a3-d184-46fc-bf82-ed40590208cb-10,c032d9a3-d184-46fc-bf82-ed40590208cb,10,PROD007,110,Each,Active,33000,USD
c032d9a3-d184-46fc-bf82-ed40590208cb-20,c032d9a3-d184-46fc-bf82-ed40590208cb,20,PROD008,110,Each,Active,44000,USD
d07598ff-1ff6-4ecb-9454-2d03e5b8f128-10,d07598ff-1ff6-4ecb-9454-2d03e5b8f128,10,PROD008,470,Each,Active,188000,USD
f3f0aa0f-f378-4a99-8bf3-7ac6bb37890a-10,f3f0aa0f-f378-4a99-8bf3-7ac6bb37890a,10,PROD001,190,Each,Active,171000,USD
f3f0aa0f-f378-4a99-8bf3-7ac6bb37890a-20,f3f0aa0f-f378-4a99-8bf3-7ac6bb37890a,20,PROD007,110,Each,Active,33000,USD
f3f0aa0f-f378-4a99-8bf3-7ac6bb37890a-30,f3f0aa0f-f378-4a99-8bf3-7ac6bb37890a,30,PROD002,200,Each,Active,200000,USD
912679c0-13cf-4d7c-903c-4de27dd62bc6-10,912679c0-13cf-4d7c-903c-4de27dd62bc6,10,PROD005,360,Each,Active,216000,USD
6ed1a89d-4f92-44ab-a018-04b9bc71e4b3-10,6ed1a89d-4f92-44ab-a018-04b9bc71e4b3,10,PROD004,270,Each,Active,108000,USD
6ed1a89d-4f92-44ab-a018-04b9bc71e4b3-20,6ed1a89d-4f92-44ab-a018-04b9bc71e4b3,20,PROD006,350,Each,Active,280000,USD
6ed1a89d-4f92-44ab-a018-04b9bc71e4b3-30,6ed1a89d-4f92-44ab-a018-04b9bc71e4b3,30,PROD008,260,Each,Active,104000,USD
90818f6b-7ea3-4be9-970f-7c72caa70d2c-10,90818f6b-7ea3-4be9-970f-7c72caa70d2c,10,PROD004,290,Each,Active,116000,USD
8e7bc051-3eea-4bcf-a3a1-bff92a688bb6-10,8e7bc051-3eea-4bcf-a3a1-bff92a688bb6,10,PROD005,70,Each,Active,42000,USD
8e7bc051-3eea-4bcf-a3a1-bff92a688bb6-20,8e7bc051-3eea-4bcf-a3a1-bff92a688bb6,20,PROD001,370,Each,Active,333000,USD
d2b8ca21-f16d-423d-b0b7-1a5ba25c3eda-10,d2b8ca21-f16d-423d-b0b7-1a5ba25c3eda,10,PROD006,420,Each,Active,336000,USD
d2b8ca21-f16d-423d-b0b7-1a5ba25c3eda-20,d2b8ca21-f16d-423d-b0b7-1a5ba25c3eda,20,PROD009,460,Each,Active,230000,USD
d2b8ca21-f16d-423d-b0b7-1a5ba25c3eda-30,d2b8ca21-f16d-423d-b0b7-1a5ba25c3eda,30,PROD004,430,Each,Active,172000,USD
18790db6-d2c5-4dcd-87e4-78d2c80a23f1-10,18790db6-d2c5-4dcd-87e4-78d2c80a23f1,10,PROD002,120,Each,Active,120000,USD
18790db6-d2c5-4dcd-87e4-78d2c80a23f1-20,18790db6-d2c5-4dcd-87e4-78d2c80a23f1,20,PROD004,190,Each,Active,76000,USD
18790db6-d2c5-4dcd-87e4-78d2c80a23f1-30,18790db6-d2c5-4dcd-87e4-78d2c80a23f1,30,PROD006,50,Each,Active,40000,USD
7c29da20-c732-4917-8055-839385efa835-10,7c29da20-c732-4917-8055-839385efa835,10,PROD002,90,Each,Active,90000,USD
c0b76e60-d3cc-4e87-b74c-b6d7d2d616c4-10,c0b76e60-d3cc-4e87-b74c-b6d7d2d616c4,10,PROD003,120,Each,Active,144000,USD
c0b76e60-d3cc-4e87-b74c-b6d7d2d616c4-20,c0b76e60-d3cc-4e87-b74c-b6d7d2d616c4,20,PROD002,500,Each,Active,500000,USD
c0b76e60-d3cc-4e87-b74c-b6d7d2d616c4-30,c0b76e60-d3cc-4e87-b74c-b6d7d2d616c4,30,PROD007,270,Each,Active,81000,USD
e5847766-b69b-439d-8bd9-3caaf6081c75-10,e5847766-b69b-439d-8bd9-3caaf6081c75,10,PROD006,280,Each,Active,224000,USD
32ccf3d4-a193-4bf1-8f43-5bf1f6ae30fa-10,32ccf3d4-a193-4bf1-8f43-5bf1f6ae30fa,10,PROD007,430,Each,Active,129000,USD
32ccf3d4-a193-4bf1-8f43-5bf1f6ae30fa-20,32ccf3d4-a193-4bf1-8f43-5bf1f6ae30fa,20,PROD009,500,Each,Active,250000,USD
22977ae2-b5f5-40dc-8f60-11c4a22883c6-10,22977ae2-b5f5-40dc-8f60-11c4a22883c6,10,PROD003,240,Each,Active,288000,USD
22977ae2-b5f5-40dc-8f60-11c4a22883c6-20,22977ae2-b5f5-40dc-8f60-11c4a22883c6,20,PROD005,410,Each,Active,246000,USD
f9e69619-0e64-4868-9a93-d3d51d455260-10,f9e69619-0e64-4868-9a93-d3d51d455260,10,PROD005,160,Each,Active,96000,USD
2a7778e4-f820-41e2-a578-0a10f73ce2df-10,2a7778e4-f820-41e2-a578-0a10f73ce2df,10,PROD004,290,Each,Active,116000,USD
2a7778e4-f820-41e2-a578-0a10f73ce2df-20,2a7778e4-f820-41e2-a578-0a10f73ce2df,20,PROD006,470,Each,Active,376000,USD
f96731fa-5fac-4b9a-9ddd-fde68adde90e-10,f96731fa-5fac-4b9a-9ddd-fde68adde90e,10,PROD005,160,Each,Active,96000,USD
f96731fa-5fac-4b9a-9ddd-fde68adde90e-20,f96731fa-5fac-4b9a-9ddd-fde68adde90e,20,PROD001,240,Each,Active,216000,USD
cfe6dbf9-f173-4828-8024-5c562715ed90-10,cfe6dbf9-f173-4828-8024-5c562715ed90,10,PROD007,240,Each,Active,72000,USD
71704319-9ed5-4b79-9731-112edc13cef3-10,71704319-9ed5-4b79-9731-112edc13cef3,10,PROD009,120,Each,Active,60000,USD
71704319-9ed5-4b79-9731-112edc13cef3-20,71704319-9ed5-4b79-9731-112edc13cef3,20,PROD004,450,Each,Active,180000,USD
71704319-9ed5-4b79-9731-112edc13cef3-30,71704319-9ed5-4b79-9731-112edc13cef3,30,PROD002,170,Each,Active,170000,USD
0cfc2fbb-4271-4850-aa48-2eddc91479ca-10,0cfc2fbb-4271-4850-aa48-2eddc91479ca,10,PROD005,340,Each,Active,204000,USD
0cfc2fbb-4271-4850-aa48-2eddc91479ca-20,0cfc2fbb-4271-4850-aa48-2eddc91479ca,20,PROD008,490,Each,Active,196000,USD
536f236b-07ca-4000-a6ec-4932fe102202-10,536f236b-07ca-4000-a6ec-4932fe102202,10,PROD005,110,Each,Active,66000,USD
536f236b-07ca-4000-a6ec-4932fe102202-20,536f236b-07ca-4000-a6ec-4932fe102202,20,PROD008,270,Each,Active,108000,USD
5807a7f7-0090-4278-b2de-97695c376e40-10,5807a7f7-0090-4278-b2de-97695c376e40,10,PROD009,340,Each,Active,170000,USD
733216d4-86de-47b2-8381-d1c8d932d93d-10,733216d4-86de-47b2-8381-d1c8d932d93d,10,PROD001,440,Each,Active,396000,USD
d8f50157-07de-4c07-9d0b-56da2e3db425-10,d8f50157-07de-4c07-9d0b-56da2e3db425,10,PROD003,80,Each,Active,96000,USD
d8f50157-07de-4c07-9d0b-56da2e3db425-20,d8f50157-07de-4c07-9d0b-56da2e3db425,20,PROD005,390,Each,Active,234000,USD
5e4b3b96-89b5-4eed-930e-c283f7b8cbe0-10,5e4b3b96-89b5-4eed-930e-c283f7b8cbe0,10,PROD001,220,Each,Active,198000,USD
5e4b3b96-89b5-4eed-930e-c283f7b8cbe0-20,5e4b3b96-89b5-4eed-930e-c283f7b8cbe0,20,PROD007,140,Each,Active,42000,USD
5e4b3b96-89b5-4eed-930e-c283f7b8cbe0-30,5e4b3b96-89b5-4eed-930e-c283f7b8cbe0,30,PROD005,450,Each,Active,270000,USD
7f58aff7-65ab-427d-8738-2ffc2514f144-10,7f58aff7-65ab-427d-8738-2ffc2514f144,10,PROD009,180,Each,Active,90000,USD
7f58aff7-65ab-427d-8738-2ffc2514f144-20,7f58aff7-65ab-427d-8738-2ffc2514f144,20,PROD003,100,Each,Active,120000,USD
565503a6-0133-49ec-9324-5f29c89f4593-10,565503a6-0133-49ec-9324-5f29c89f4593,10,PROD004,390,Each,Active,156000,USD
565503a6-0133-49ec-9324-5f29c89f4593-20,565503a6-0133-49ec-9324-5f29c89f4593,20,PROD001,500,Each,Active,450000,USD
565503a6-0133-49ec-9324-5f29c89f4593-30,565503a6-0133-49ec-9324-5f29c89f4593,30,PROD008,110,Each,Active,44000,USD
84fe4694-2243-4e15-a44c-f0489f440022-10,84fe4694-2243-4e15-a44c-f0489f440022,10,PROD006,380,Each,Active,304000,USD
a292cc09-26bc-4951-8659-3e8a0254f1e4-10,a292cc09-26bc-4951-8659-3e8a0254f1e4,10,PROD006,330,Each,Active,264000,USD
a292cc09-26bc-4951-8659-3e8a0254f1e4-20,a292cc09-26bc-4951-8659-3e8a0254f1e4,20,PROD008,180,Each,Active,72000,USD
a292cc09-26bc-4951-8659-3e8a0254f1e4-30,a292cc09-26bc-4951-8659-3e8a0254f1e4,30,PROD002,140,Each,Active,140000,USD
d3d43ffe-9b6e-4a2f-973a-2471115c5b8f-10,d3d43ffe-9b6e-4a2f-973a-2471115c5b8f,10,PROD003,160,Each,Active,192000,USD
e96e370b-8d0a-4230-8060-79332797e469-10,e96e370b-8d0a-4230-8060-79332797e469,10,PROD007,140,Each,Active,42000,USD
4dc7cfd4-e470-4345-9d21-f66db9d56692-10,4dc7cfd4-e470-4345-9d21-f66db9d56692,10,PROD006,170,Each,Active,136000,USD
4dc7cfd4-e470-4345-9d21-f66db9d56692-20,4dc7cfd4-e470-4345-9d21-f66db9d56692,20,PROD001,190,Each,Active,171000,USD
67353d96-21df-403c-b190-c4cc9bd973ea-10,67353d96-21df-403c-b190-c4cc9bd973ea,10,PROD009,280,Each,Active,140000,USD
f1828ce0-ecae-4753-9bb2-60684c5a4721-10,f1828ce0-ecae-4753-9bb2-60684c5a4721,10,PROD007,110,Each,Active,33000,USD
f1828ce0-ecae-4753-9bb2-60684c5a4721-20,f1828ce0-ecae-4753-9bb2-60684c5a4721,20,PROD009,500,Each,Active,250000,USD
5b04b867-6af3-41f9-a3b8-9821afb5171a-10,5b04b867-6af3-41f9-a3b8-9821afb5171a,10,PROD006,160,Each,Active,128000,USD
c56e16e1-5a47-4d66-8f61-69acc92d9cf1-10,c56e16e1-5a47-4d66-8f61-69acc92d9cf1,10,PROD001,350,Each,Active,315000,USD
c56e16e1-5a47-4d66-8f61-69acc92d9cf1-20,c56e16e1-5a47-4d66-8f61-69acc92d9cf1,20,PROD008,120,Each,Active,48000,USD
c56e16e1-5a47-4d66-8f61-69acc92d9cf1-30,c56e16e1-5a47-4d66-8f61-69acc92d9cf1,30,PROD007,50,Each,Active,15000,USD
e774e216-275b-4664-8aea-c25bc8a5206c-10,e774e216-275b-4664-8aea-c25bc8a5206c,10,PROD007,110,Each,Active,33000,USD
a9c0b6c1-1afa-4a5e-8664-d47381082378-10,a9c0b6c1-1afa-4a5e-8664-d47381082378,10,PROD006,390,Each,Active,312000,USD
be3c4f95-3c0a-4bae-ae78-7b96f4da446e-10,be3c4f95-3c0a-4bae-ae78-7b96f4da446e,10,PROD003,450,Each,Active,540000,USD
be3c4f95-3c0a-4bae-ae78-7b96f4da446e-20,be3c4f95-3c0a-4bae-ae78-7b96f4da446e,20,PROD009,290,Each,Active,145000,USD
be3c4f95-3c0a-4bae-ae78-7b96f4da446e-30,be3c4f95-3c0a-4bae-ae78-7b96f4da446e,30,PROD005,430,Each,Active,258000,USD
2b04d570-e47e-4df0-8c80-5b8214efa668-10,2b04d570-e47e-4df0-8c80-5b8214efa668,10,PROD001,70,Each,Active,63000,USD
02b1a1f5-e385-47a6-bcc5-bde5a02a8326-10,02b1a1f5-e385-47a6-bcc5-bde5a02a8326,10,PROD005,160,Each,Active,96000,USD
02b1a1f5-e385-47a6-bcc5-bde5a02a8326-20,02b1a1f5-e385-47a6-bcc5-bde5a02a8326,20,PROD004,210,Each,Active,84000,USD
7ac3b8fb-4d95-46f7-87eb-418aed263289-10,7ac3b8fb-4d95-46f7-87eb-418aed263289,10,PROD007,390,Each,Active,117000,USD
7ac3b8fb-4d95-46f7-87eb-418aed263289-20,7ac3b8fb-4d95-46f7-87eb-418aed263289,20,PROD004,450,Each,Active,180000,USD
157bfd64-9aad-420c-b5c8-085bf4d31bbc-10,157bfd64-9aad-420c-b5c8-085bf4d31bbc,10,PROD007,500,Each,Active,150000,USD
157bfd64-9aad-420c-b5c8-085bf4d31bbc-20,157bfd64-9aad-420c-b5c8-085bf4d31bbc,20,PROD004,160,Each,Active,64000,USD
157bfd64-9aad-420c-b5c8-085bf4d31bbc-30,157bfd64-9aad-420c-b5c8-085bf4d31bbc,30,PROD008,310,Each,Active,124000,USD
aa317f4b-df8c-4c2a-8ef0-96fc9c1fb301-10,aa317f4b-df8c-4c2a-8ef0-96fc9c1fb301,10,PROD004,250,Each,Active,100000,USD
aa317f4b-df8c-4c2a-8ef0-96fc9c1fb301-20,aa317f4b-df8c-4c2a-8ef0-96fc9c1fb301,20,PROD006,160,Each,Active,128000,USD
104ceb36-6b47-4145-9cd7-176f427dae14-10,104ceb36-6b47-4145-9cd7-176f427dae14,10,PROD005,410,Each,Active,246000,USD
0b9b8af3-ba11-4cd7-baa3-6f1a565fbe55-10,0b9b8af3-ba11-4cd7-baa3-6f1a565fbe55,10,PROD004,480,Each,Active,192000,USD
1332ce01-7f9e-4e7e-8dc4-6a4c88356c4a-10,1332ce01-7f9e-4e7e-8dc4-6a4c88356c4a,10,PROD005,190,Each,Active,114000,USD
7771fd43-f3d1-4919-8bbf-687865a7c38d-10,7771fd43-f3d1-4919-8bbf-687865a7c38d,10,PROD003,160,Each,Active,192000,USD
7771fd43-f3d1-4919-8bbf-687865a7c38d-20,7771fd43-f3d1-4919-8bbf-687865a7c38d,20,PROD004,340,Each,Active,136000,USD
7771fd43-f3d1-4919-8bbf-687865a7c38d-30,7771fd43-f3d1-4919-8bbf-687865a7c38d,30,PROD009,190,Each,Active,95000,USD
62972949-0115-4e55-9386-a16911bb902d-10,62972949-0115-4e55-9386-a16911bb902d,10,PROD004,330,Each,Active,132000,USD
62972949-0115-4e55-9386-a16911bb902d-20,62972949-0115-4e55-9386-a16911bb902d,20,PROD003,50,Each,Active,60000,USD
da501247-bd3b-4af2-92d7-7392bd240322-10,da501247-bd3b-4af2-92d7-7392bd240322,10,PROD009,380,Each,Active,190000,USD
dd965bed-aa14-402a-b2de-f2bdbe452394-10,dd965bed-aa14-402a-b2de-f2bdbe452394,10,PROD001,350,Each,Active,315000,USD
dd965bed-aa14-402a-b2de-f2bdbe452394-20,dd965bed-aa14-402a-b2de-f2bdbe452394,20,PROD004,450,Each,Active,180000,USD
dd965bed-aa14-402a-b2de-f2bdbe452394-30,dd965bed-aa14-402a-b2de-f2bdbe452394,30,PROD002,150,Each,Active,150000,USD
5d31dc17-f67f-4e16-8c86-8061fa1702d6-10,5d31dc17-f67f-4e16-8c86-8061fa1702d6,10,PROD001,250,Each,Active,225000,USD
858d6c44-f05a-41fb-b78e-c5f89b13d88f-10,858d6c44-f05a-41fb-b78e-c5f89b13d88f,10,PROD002,250,Each,Active,250000,USD
858d6c44-f05a-41fb-b78e-c5f89b13d88f-20,858d6c44-f05a-41fb-b78e-c5f89b13d88f,20,PROD008,490,Each,Active,196000,USD
9221c46e-b6e3-4409-9a4f-b813bbb1415f-10,9221c46e-b6e3-4409-9a4f-b813bbb1415f,10,PROD004,420,Each,Active,168000,USD
9221c46e-b6e3-4409-9a4f-b813bbb1415f-20,9221c46e-b6e3-4409-9a4f-b813bbb1415f,20,PROD003,100,Each,Active,120000,USD
9221c46e-b6e3-4409-9a4f-b813bbb1415f-30,9221c46e-b6e3-4409-9a4f-b813bbb1415f,30,PROD001,270,Each,Active,243000,USD
a98c9de3-4963-444e-8043-0a13eb14d714-10,a98c9de3-4963-444e-8043-0a13eb14d714,10,PROD001,190,Each,Active,171000,USD
a98c9de3-4963-444e-8043-0a13eb14d714-20,a98c9de3-4963-444e-8043-0a13eb14d714,20,PROD005,310,Each,Active,186000,USD
a98c9de3-4963-444e-8043-0a13eb14d714-30,a98c9de3-4963-444e-8043-0a13eb14d714,30,PROD004,140,Each,Active,56000,USD
4657f0de-6efb-4edc-855a-d232f7d0f284-10,4657f0de-6efb-4edc-855a-d232f7d0f284,10,PROD007,370,Each,Active,111000,USD
4657f0de-6efb-4edc-855a-d232f7d0f284-20,4657f0de-6efb-4edc-855a-d232f7d0f284,20,PROD006,290,Each,Active,232000,USD
4657f0de-6efb-4edc-855a-d232f7d0f284-30,4657f0de-6efb-4edc-855a-d232f7d0f284,30,PROD008,310,Each,Active,124000,USD
9a19e691-7171-4a17-bd91-5681fd745416-10,9a19e691-7171-4a17-bd91-5681fd745416,10,PROD009,90,Each,Active,45000,USD
9a19e691-7171-4a17-bd91-5681fd745416-20,9a19e691-7171-4a17-bd91-5681fd745416,20,PROD006,150,Each,Active,120000,USD
9a19e691-7171-4a17-bd91-5681fd745416-30,9a19e691-7171-4a17-bd91-5681fd745416,30,PROD005,250,Each,Active,150000,USD
b0ee1d1a-33ab-49b3-ba03-d9df26fbac97-10,b0ee1d1a-33ab-49b3-ba03-d9df26fbac97,10,PROD006,470,Each,Active,376000,USD
b0ee1d1a-33ab-49b3-ba03-d9df26fbac97-20,b0ee1d1a-33ab-49b3-ba03-d9df26fbac97,20,PROD004,290,Each,Active,116000,USD
20bcb60e-1a53-4d73-92ff-ffd42e8dc459-10,20bcb60e-1a53-4d73-92ff-ffd42e8dc459,10,PROD002,240,Each,Active,240000,USD
20bcb60e-1a53-4d73-92ff-ffd42e8dc459-20,20bcb60e-1a53-4d73-92ff-ffd42e8dc459,20,PROD001,250,Each,Active,225000,USD
20bcb60e-1a53-4d73-92ff-ffd42e8dc459-30,20bcb60e-1a53-4d73-92ff-ffd42e8dc459,30,PROD008,440,Each,Active,176000,USD
2fe9f3f9-0d19-4b96-9384-823f6dd3d601-10,2fe9f3f9-0d19-4b96-9384-823f6dd3d601,10,PROD001,90,Each,Active,81000,USD
2fe9f3f9-0d19-4b96-9384-823f6dd3d601-20,2fe9f3f9-0d19-4b96-9384-823f6dd3d601,20,PROD006,500,Each,Active,400000,USD
88eeb94a-ea49-42e6-aa89-9fbcac81ddf5-10,88eeb94a-ea49-42e6-aa89-9fbcac81ddf5,10,PROD008,230,Each,Active,92000,USD
88eeb94a-ea49-42e6-aa89-9fbcac81ddf5-20,88eeb94a-ea49-42e6-aa89-9fbcac81ddf5,20,PROD004,470,Each,Active,188000,USD
88eeb94a-ea49-42e6-aa89-9fbcac81ddf5-30,88eeb94a-ea49-42e6-aa89-9fbcac81ddf5,30,PROD001,100,Each,Active,90000,USD
f7e0e161-56ca-4fc7-a6f9-630fd37f804b-10,f7e0e161-56ca-4fc7-a6f9-630fd37f804b,10,PROD007,200,Each,Active,60000,USD
f7e0e161-56ca-4fc7-a6f9-630fd37f804b-20,f7e0e161-56ca-4fc7-a6f9-630fd37f804b,20,PROD003,140,Each,Active,168000,USD
f7e0e161-56ca-4fc7-a6f9-630fd37f804b-30,f7e0e161-56ca-4fc7-a6f9-630fd37f804b,30,PROD001,60,Each,Active,54000,USD
db14e561-acc2-462e-aa48-e910d6f9def1-10,db14e561-acc2-462e-aa48-e910d6f9def1,10,PROD008,220,Each,Active,88000,USD
8ba84871-c0be-4b5d-9943-72df427cdb2b-10,8ba84871-c0be-4b5d-9943-72df427cdb2b,10,PROD003,110,Each,Active,132000,USD
8ba84871-c0be-4b5d-9943-72df427cdb2b-20,8ba84871-c0be-4b5d-9943-72df427cdb2b,20,PROD002,220,Each,Active,220000,USD
38382283-2de9-48c4-a1a5-f4ded70ee5bc-10,38382283-2de9-48c4-a1a5-f4ded70ee5bc,10,PROD001,370,Each,Active,333000,USD
a2c6e23a-6f7d-4a02-ab13-da5a3c63af53-10,a2c6e23a-6f7d-4a02-ab13-da5a3c63af53,10,PROD009,360,Each,Active,180000,USD
11cb2d9f-08bf-4e64-a205-a154a2dbfb07-10,11cb2d9f-08bf-4e64-a205-a154a2dbfb07,10,PROD002,170,Each,Active,170000,USD
11cb2d9f-08bf-4e64-a205-a154a2dbfb07-20,11cb2d9f-08bf-4e64-a205-a154a2dbfb07,20,PROD005,300,Each,Active,180000,USD
b9d1c4fe-8539-4e3c-ab2a-89396c7330f1-10,b9d1c4fe-8539-4e3c-ab2a-89396c7330f1,10,PROD003,180,Each,Active,216000,USD
b9d1c4fe-8539-4e3c-ab2a-89396c7330f1-20,b9d1c4fe-8539-4e3c-ab2a-89396c7330f1,20,PROD001,170,Each,Active,153000,USD
0258efb7-3bbb-493c-803a-b5a44bb220f3-10,0258efb7-3bbb-493c-803a-b5a44bb220f3,10,PROD009,180,Each,Active,90000,USD
0258efb7-3bbb-493c-803a-b5a44bb220f3-20,0258efb7-3bbb-493c-803a-b5a44bb220f3,20,PROD003,110,Each,Active,132000,USD
0258efb7-3bbb-493c-803a-b5a44bb220f3-30,0258efb7-3bbb-493c-803a-b5a44bb220f3,30,PROD006,430,Each,Active,344000,USD
727324d5-44eb-494f-8902-b0bf3ddfa583-10,727324d5-44eb-494f-8902-b0bf3ddfa583,10,PROD008,140,Each,Active,56000,USD
727324d5-44eb-494f-8902-b0bf3ddfa583-20,727324d5-44eb-494f-8902-b0bf3ddfa583,20,PROD006,300,Each,Active,240000,USD
727324d5-44eb-494f-8902-b0bf3ddfa583-30,727324d5-44eb-494f-8902-b0bf3ddfa583,30,PROD004,220,Each,Active,88000,USD
6df99cc9-b209-4a3b-84b0-c9e4ace09227-10,6df99cc9-b209-4a3b-84b0-c9e4ace09227,10,PROD004,220,Each,Active,88000,USD
4f0354f8-1f99-49fe-920a-21edc7b9100c-10,4f0354f8-1f99-49fe-920a-21edc7b9100c,10,PROD009,170,Each,Active,85000,USD
39fa821b-d2c8-45ca-accd-e28ff644d19c-10,39fa821b-d2c8-45ca-accd-e28ff644d19c,10,PROD002,320,Each,Active,320000,USD
8f3efc70-7ccf-41fc-9161-afac86b87a87-10,8f3efc70-7ccf-41fc-9161-afac86b87a87,10,PROD009,320,Each,Active,160000,USD
8f3efc70-7ccf-41fc-9161-afac86b87a87-20,8f3efc70-7ccf-41fc-9161-afac86b87a87,20,PROD002,300,Each,Active,300000,USD
8f3efc70-7ccf-41fc-9161-afac86b87a87-30,8f3efc70-7ccf-41fc-9161-afac86b87a87,30,PROD001,300,Each,Active,270000,USD
c4e8dd82-a3dd-44f6-97be-d1949e421725-10,c4e8dd82-a3dd-44f6-97be-d1949e421725,10,PROD007,310,Each,Active,93000,USD
aa03baab-4848-4aad-9c93-aba45ce5efbf-10,aa03baab-4848-4aad-9c93-aba45ce5efbf,10,PROD005,450,Each,Active,270000,USD
aa03baab-4848-4aad-9c93-aba45ce5efbf-20,aa03baab-4848-4aad-9c93-aba45ce5efbf,20,PROD006,250,Each,Active,200000,USD
8872b820-ef8d-49f8-add9-580df2e7f04c-10,8872b820-ef8d-49f8-add9-580df2e7f04c,10,PROD003,130,Each,Active,156000,USD
8872b820-ef8d-49f8-add9-580df2e7f04c-20,8872b820-ef8d-49f8-add9-580df2e7f04c,20,PROD009,360,Each,Active,180000,USD
01674144-6524-4038-a5ad-7c66f122dba3-10,01674144-6524-4038-a5ad-7c66f122dba3,10,PROD009,420,Each,Active,210000,USD
01674144-6524-4038-a5ad-7c66f122dba3-20,01674144-6524-4038-a5ad-7c66f122dba3,20,PROD003,80,Each,Active,96000,USD
4a1159ca-6c37-4caf-9380-842c22546c83-10,4a1159ca-6c37-4caf-9380-842c22546c83,10,PROD001,350,Each,Active,315000,USD
fc7ba6c4-de6d-4cdc-a7ae-e7053a1f2b5e-10,fc7ba6c4-de6d-4cdc-a7ae-e7053a1f2b5e,10,PROD008,460,Each,Active,184000,USD
15985863-7d7b-4d32-8b6f-4789bb99c56a-10,15985863-7d7b-4d32-8b6f-4789bb99c56a,10,PROD009,440,Each,Active,220000,USD
8188d786-152d-43cb-8fef-750255a5b455-10,8188d786-152d-43cb-8fef-750255a5b455,10,PROD007,180,Each,Active,54000,USD
8188d786-152d-43cb-8fef-750255a5b455-20,8188d786-152d-43cb-8fef-750255a5b455,20,PROD006,440,Each,Active,352000,USD
8188d786-152d-43cb-8fef-750255a5b455-30,8188d786-152d-43cb-8fef-750255a5b455,30,PROD005,180,Each,Active,108000,USD
25ad88a0-cd95-47cb-8f76-621a1b524a12-10,25ad88a0-cd95-47cb-8f76-621a1b524a12,10,PROD006,280,Each,Active,224000,USD
25ad88a0-cd95-47cb-8f76-621a1b524a12-20,25ad88a0-cd95-47cb-8f76-621a1b524a12,20,PROD005,260,Each,Active,156000,USD
70cd3268-0e8d-4dc7-88fe-f80047da3643-10,70cd3268-0e8d-4dc7-88fe-f80047da3643,10,PROD001,450,Each,Active,405000,USD
70cd3268-0e8d-4dc7-88fe-f80047da3643-20,70cd3268-0e8d-4dc7-88fe-f80047da3643,20,PROD006,80,Each,Active,64000,USD
72017ae6-ad16-4710-a5a3-96f0a79e35f9-10,72017ae6-ad16-4710-a5a3-96f0a79e35f9,10,PROD001,100,Each,Active,90000,USD
de649ba8-190a-4798-823d-7979ef7cb172-10,de649ba8-190a-4798-823d-7979ef7cb172,10,PROD003,340,Each,Active,408000,USD
de649ba8-190a-4798-823d-7979ef7cb172-20,de649ba8-190a-4798-823d-7979ef7cb172,20,PROD006,180,Each,Active,144000,USD
de649ba8-190a-4798-823d-7979ef7cb172-30,de649ba8-190a-4798-823d-7979ef7cb172,30,PROD001,370,Each,Active,333000,USD
4ad9a401-d191-4d34-a28f-b2016e6210f7-10,4ad9a401-d191-4d34-a28f-b2016e6210f7,10,PROD008,330,Each,Active,132000,USD
4ad9a401-d191-4d34-a28f-b2016e6210f7-20,4ad9a401-d191-4d34-a28f-b2016e6210f7,20,PROD004,330,Each,Active,132000,USD
a7dccf78-809f-43b0-be04-dfd9243a5e23-10,a7dccf78-809f-43b0-be04-dfd9243a5e23,10,PROD003,290,Each,Active,348000,USD
953f235f-39f8-4e1e-9588-13610aca1452-10,953f235f-39f8-4e1e-9588-13610aca1452,10,PROD002,280,Each,Active,280000,USD
953f235f-39f8-4e1e-9588-13610aca1452-20,953f235f-39f8-4e1e-9588-13610aca1452,20,PROD004,170,Each,Active,68000,USD
34b89685-4a6b-4b0d-a80b-06914aa9c882-10,34b89685-4a6b-4b0d-a80b-06914aa9c882,10,PROD005,80,Each,Active,48000,USD
34b89685-4a6b-4b0d-a80b-06914aa9c882-20,34b89685-4a6b-4b0d-a80b-06914aa9c882,20,PROD008,500,Each,Active,200000,USD
addc1bb5-6e36-42f8-addb-51b524bed745-10,addc1bb5-6e36-42f8-addb-51b524bed745,10,PROD005,220,Each,Active,132000,USD
addc1bb5-6e36-42f8-addb-51b524bed745-20,addc1bb5-6e36-42f8-addb-51b524bed745,20,PROD009,220,Each,Active,110000,USD
addc1bb5-6e36-42f8-addb-51b524bed745-30,addc1bb5-6e36-42f8-addb-51b524bed745,30,PROD008,420,Each,Active,168000,USD
103dff42-de0a-4cad-b76e-722f83515478-10,103dff42-de0a-4cad-b76e-722f83515478,10,PROD009,320,Each,Active,160000,USD
103dff42-de0a-4cad-b76e-722f83515478-20,103dff42-de0a-4cad-b76e-722f83515478,20,PROD003,320,Each,Active,384000,USD
103dff42-de0a-4cad-b76e-722f83515478-30,103dff42-de0a-4cad-b76e-722f83515478,30,PROD004,360,Each,Active,144000,USD
056510ea-6946-4d4e-8da2-1903868267ff-10,056510ea-6946-4d4e-8da2-1903868267ff,10,PROD007,330,Each,Active,99000,USD
056510ea-6946-4d4e-8da2-1903868267ff-20,056510ea-6946-4d4e-8da2-1903868267ff,20,PROD005,450,Each,Active,270000,USD
056510ea-6946-4d4e-8da2-1903868267ff-30,056510ea-6946-4d4e-8da2-1903868267ff,30,PROD003,300,Each,Active,360000,USD
5c8556d7-c249-430f-ad45-8e873c4f8ceb-10,5c8556d7-c249-430f-ad45-8e873c4f8ceb,10,PROD002,130,Each,Active,130000,USD
5c8556d7-c249-430f-ad45-8e873c4f8ceb-20,5c8556d7-c249-430f-ad45-8e873c4f8ceb,20,PROD007,490,Each,Active,147000,USD
a532dd65-b4be-4da0-b819-ff1000920161-10,a532dd65-b4be-4da0-b819-ff1000920161,10,PROD009,50,Each,Active,25000,USD
a532dd65-b4be-4da0-b819-ff1000920161-20,a532dd65-b4be-4da0-b819-ff1000920161,20,PROD006,50,Each,Active,40000,USD
a532dd65-b4be-4da0-b819-ff1000920161-30,a532dd65-b4be-4da0-b819-ff1000920161,30,PROD005,70,Each,Active,42000,USD
cbc35a1c-1e6e-46e0-9c18-1cd2d8b02efa-10,cbc35a1c-1e6e-46e0-9c18-1cd2d8b02efa,10,PROD004,330,Each,Active,132000,USD
d8844b25-e612-4241-9970-15ae5dc4357f-10,d8844b25-e612-4241-9970-15ae5dc4357f,10,PROD008,270,Each,Active,108000,USD
d8844b25-e612-4241-9970-15ae5dc4357f-20,d8844b25-e612-4241-9970-15ae5dc4357f,20,PROD003,470,Each,Active,564000,USD
4c19d00b-0ab5-4fd0-a907-1ba41ea1fc57-10,4c19d00b-0ab5-4fd0-a907-1ba41ea1fc57,10,PROD008,450,Each,Active,180000,USD
4c19d00b-0ab5-4fd0-a907-1ba41ea1fc57-20,4c19d00b-0ab5-4fd0-a907-1ba41ea1fc57,20,PROD002,240,Each,Active,240000,USD
353a859f-a029-43a1-9f01-62448e015185-10,353a859f-a029-43a1-9f01-62448e015185,10,PROD009,270,Each,Active,135000,USD
0f187ddb-1f56-4185-9e61-197db0e4dee0-10,0f187ddb-1f56-4185-9e61-197db0e4dee0,10,PROD006,420,Each,Active,336000,USD
6908dc57-b879-4d8e-85c6-55bff92cae6c-10,6908dc57-b879-4d8e-85c6-55bff92cae6c,10,PROD007,130,Each,Active,39000,USD
6908dc57-b879-4d8e-85c6-55bff92cae6c-20,6908dc57-b879-4d8e-85c6-55bff92cae6c,20,PROD004,400,Each,Active,160000,USD
7a0ae911-81a4-48cc-9840-51c65c8f136a-10,7a0ae911-81a4-48cc-9840-51c65c8f136a,10,PROD002,160,Each,Active,160000,USD
7a0ae911-81a4-48cc-9840-51c65c8f136a-20,7a0ae911-81a4-48cc-9840-51c65c8f136a,20,PROD005,500,Each,Active,300000,USD
7a0ae911-81a4-48cc-9840-51c65c8f136a-30,7a0ae911-81a4-48cc-9840-51c65c8f136a,30,PROD003,160,Each,Active,192000,USD
64771643-ea61-4b73-8672-4344d26101ca-10,64771643-ea61-4b73-8672-4344d26101ca,10,PROD006,260,Each,Active,208000,USD
ceeba61c-b673-4b7a-94d5-3846d7e0bd2f-10,ceeba61c-b673-4b7a-94d5-3846d7e0bd2f,10,PROD002,90,Each,Active,90000,USD
3add0df2-c687-4bec-a178-4ed2fdea1ad6-10,3add0df2-c687-4bec-a178-4ed2fdea1ad6,10,PROD004,360,Each,Active,144000,USD
89151c0c-06a2-401e-b8a3-c2a6fec58b8d-10,89151c0c-06a2-401e-b8a3-c2a6fec58b8d,10,PROD005,380,Each,Active,228000,USD
89151c0c-06a2-401e-b8a3-c2a6fec58b8d-20,89151c0c-06a2-401e-b8a3-c2a6fec58b8d,20,PROD008,100,Each,Active,40000,USD
164e3865-6798-48cb-ba09-4a0c69c46a6d-10,164e3865-6798-48cb-ba09-4a0c69c46a6d,10,PROD009,480,Each,Active,240000,USD
164e3865-6798-48cb-ba09-4a0c69c46a6d-20,164e3865-6798-48cb-ba09-4a0c69c46a6d,20,PROD006,340,Each,Active,272000,USD
164e3865-6798-48cb-ba09-4a0c69c46a6d-30,164e3865-6798-48cb-ba09-4a0c69c46a6d,30,PROD003,150,Each,Active,180000,USD
68344179-4690-43d7-b6d4-cbf189950819-10,68344179-4690-43d7-b6d4-cbf189950819,10,PROD002,170,Each,Active,170000,USD
68344179-4690-43d7-b6d4-cbf189950819-20,68344179-4690-43d7-b6d4-cbf189950819,20,PROD008,470,Each,Active,188000,USD
6b07f1e1-1f73-4417-9850-49c78da9ba9e-10,6b07f1e1-1f73-4417-9850-49c78da9ba9e,10,PROD009,60,Each,Active,30000,USD
6b07f1e1-1f73-4417-9850-49c78da9ba9e-20,6b07f1e1-1f73-4417-9850-49c78da9ba9e,20,PROD002,120,Each,Active,120000,USD
6b07f1e1-1f73-4417-9850-49c78da9ba9e-30,6b07f1e1-1f73-4417-9850-49c78da9ba9e,30,PROD005,170,Each,Active,102000,USD
488a7985-2b89-42d1-a611-589f24594a7a-10,488a7985-2b89-42d1-a611-589f24594a7a,10,PROD003,480,Each,Active,576000,USD
488a7985-2b89-42d1-a611-589f24594a7a-20,488a7985-2b89-42d1-a611-589f24594a7a,20,PROD005,60,Each,Active,36000,USD
488a7985-2b89-42d1-a611-589f24594a7a-30,488a7985-2b89-42d1-a611-589f24594a7a,30,PROD004,200,Each,Active,80000,USD
c295af73-6675-4f8d-ab3f-0c0caa1ffb7a-10,c295af73-6675-4f8d-ab3f-0c0caa1ffb7a,10,PROD007,120,Each,Active,36000,USD
489152dc-6ca2-41cd-aff7-fdc1d0557ea4-10,489152dc-6ca2-41cd-aff7-fdc1d0557ea4,10,PROD002,340,Each,Active,340000,USD
489152dc-6ca2-41cd-aff7-fdc1d0557ea4-20,489152dc-6ca2-41cd-aff7-fdc1d0557ea4,20,PROD009,460,Each,Active,230000,USD
489152dc-6ca2-41cd-aff7-fdc1d0557ea4-30,489152dc-6ca2-41cd-aff7-fdc1d0557ea4,30,PROD001,210,Each,Active,189000,USD
72bfdc2e-ae5d-4183-9395-6fb316589c7d-10,72bfdc2e-ae5d-4183-9395-6fb316589c7d,10,PROD007,290,Each,Active,87000,USD
72bfdc2e-ae5d-4183-9395-6fb316589c7d-20,72bfdc2e-ae5d-4183-9395-6fb316589c7d,20,PROD006,140,Each,Active,112000,USD
72bfdc2e-ae5d-4183-9395-6fb316589c7d-30,72bfdc2e-ae5d-4183-9395-6fb316589c7d,30,PROD002,60,Each,Active,60000,USD
69c489ea-68bd-4c73-af21-af784e28d951-10,69c489ea-68bd-4c73-af21-af784e28d951,10,PROD004,470,Each,Active,188000,USD
0ab9770e-d23d-4676-9657-c3303a0e8055-10,0ab9770e-d23d-4676-9657-c3303a0e8055,10,PROD006,200,Each,Active,160000,USD
0d32ab94-b8e7-422c-81cc-8d29dd612cc1-10,0d32ab94-b8e7-422c-81cc-8d29dd612cc1,10,PROD004,180,Each,Active,72000,USD
0d32ab94-b8e7-422c-81cc-8d29dd612cc1-20,0d32ab94-b8e7-422c-81cc-8d29dd612cc1,20,PROD005,120,Each,Active,72000,USD
0d32ab94-b8e7-422c-81cc-8d29dd612cc1-30,0d32ab94-b8e7-422c-81cc-8d29dd612cc1,30,PROD008,410,Each,Active,164000,USD
eecb3fe3-d674-41bf-959b-94a21d95de30-10,eecb3fe3-d674-41bf-959b-94a21d95de30,10,PROD005,330,Each,Active,198000,USD
eecb3fe3-d674-41bf-959b-94a21d95de30-20,eecb3fe3-d674-41bf-959b-94a21d95de30,20,PROD008,430,Each,Active,172000,USD
eecb3fe3-d674-41bf-959b-94a21d95de30-30,eecb3fe3-d674-41bf-959b-94a21d95de30,30,PROD002,460,Each,Active,460000,USD
39172480-513a-4ef2-80d3-42942de7fe46-10,39172480-513a-4ef2-80d3-42942de7fe46,10,PROD003,470,Each,Active,564000,USD
39172480-513a-4ef2-80d3-42942de7fe46-20,39172480-513a-4ef2-80d3-42942de7fe46,20,PROD004,60,Each,Active,24000,USD
cb7f0b19-fdcd-479a-a4ec-4117f459ca9c-10,cb7f0b19-fdcd-479a-a4ec-4117f459ca9c,10,PROD003,290,Each,Active,348000,USD
a4a1a495-77ac-4d96-9448-da94319343e0-10,a4a1a495-77ac-4d96-9448-da94319343e0,10,PROD001,350,Each,Active,315000,USD
a4a1a495-77ac-4d96-9448-da94319343e0-20,a4a1a495-77ac-4d96-9448-da94319343e0,20,PROD008,400,Each,Active,160000,USD
a4a1a495-77ac-4d96-9448-da94319343e0-30,a4a1a495-77ac-4d96-9448-da94319343e0,30,PROD006,150,Each,Active,120000,USD
ab110a9c-9856-4b7a-afbd-8825daa6e86c-10,ab110a9c-9856-4b7a-afbd-8825daa6e86c,10,PROD009,350,Each,Active,175000,USD
6d3ac3c0-2271-4cad-b943-d2866b79e1f8-10,6d3ac3c0-2271-4cad-b943-d2866b79e1f8,10,PROD001,330,Each,Active,297000,USD
6d3ac3c0-2271-4cad-b943-d2866b79e1f8-20,6d3ac3c0-2271-4cad-b943-d2866b79e1f8,20,PROD007,400,Each,Active,120000,USD
6d3ac3c0-2271-4cad-b943-d2866b79e1f8-30,6d3ac3c0-2271-4cad-b943-d2866b79e1f8,30,PROD003,420,Each,Active,504000,USD
3916a23c-0f4f-4e50-86db-344065f5bd82-10,3916a23c-0f4f-4e50-86db-344065f5bd82,10,PROD002,110,Each,Active,110000,USD
3916a23c-0f4f-4e50-86db-344065f5bd82-20,3916a23c-0f4f-4e50-86db-344065f5bd82,20,PROD008,260,Each,Active,104000,USD
6a35306e-c53f-457f-83a9-2893d389f160-10,6a35306e-c53f-457f-83a9-2893d389f160,10,PROD002,340,Each,Active,340000,USD
1de12378-8041-4b10-926f-aad5e8181b6b-10,1de12378-8041-4b10-926f-aad5e8181b6b,10,PROD008,150,Each,Active,60000,USD
1de12378-8041-4b10-926f-aad5e8181b6b-20,1de12378-8041-4b10-926f-aad5e8181b6b,20,PROD002,390,Each,Active,390000,USD
ec7ee6d0-cf62-476a-a815-f8a1e8f5f902-10,ec7ee6d0-cf62-476a-a815-f8a1e8f5f902,10,PROD009,110,Each,Active,55000,USD
ec7ee6d0-cf62-476a-a815-f8a1e8f5f902-20,ec7ee6d0-cf62-476a-a815-f8a1e8f5f902,20,PROD007,220,Each,Active,66000,USD
e8d68098-bc9c-4e0f-956e-fcc4d8ef026a-10,e8d68098-bc9c-4e0f-956e-fcc4d8ef026a,10,PROD001,450,Each,Active,405000,USD
e8d68098-bc9c-4e0f-956e-fcc4d8ef026a-20,e8d68098-bc9c-4e0f-956e-fcc4d8ef026a,20,PROD009,350,Each,Active,175000,USD
e8d68098-bc9c-4e0f-956e-fcc4d8ef026a-30,e8d68098-bc9c-4e0f-956e-fcc4d8ef026a,30,PROD005,160,Each,Active,96000,USD
66f6cf82-f6a2-4ad4-ac9e-6fea9ff4621f-10,66f6cf82-f6a2-4ad4-ac9e-6fea9ff4621f,10,PROD005,110,Each,Active,66000,USD
66f6cf82-f6a2-4ad4-ac9e-6fea9ff4621f-20,66f6cf82-f6a2-4ad4-ac9e-6fea9ff4621f,20,PROD002,290,Each,Active,290000,USD
66f6cf82-f6a2-4ad4-ac9e-6fea9ff4621f-30,66f6cf82-f6a2-4ad4-ac9e-6fea9ff4621f,30,PROD003,150,Each,Active,180000,USD
066a58cd-d392-4cc0-9cf6-8e37b5e91c56-10,066a58cd-d392-4cc0-9cf6-8e37b5e91c56,10,PROD009,440,Each,Active,220000,USD
066a58cd-d392-4cc0-9cf6-8e37b5e91c56-20,066a58cd-d392-4cc0-9cf6-8e37b5e91c56,20,PROD006,150,Each,Active,120000,USD
0dae8e0e-2154-49f2-ac80-a41ab6c82413-10,0dae8e0e-2154-49f2-ac80-a41ab6c82413,10,PROD001,270,Each,Active,243000,USD
0dae8e0e-2154-49f2-ac80-a41ab6c82413-20,0dae8e0e-2154-49f2-ac80-a41ab6c82413,20,PROD003,110,Each,Active,132000,USD
0dae8e0e-2154-49f2-ac80-a41ab6c82413-30,0dae8e0e-2154-49f2-ac80-a41ab6c82413,30,PROD005,370,Each,Active,222000,USD
3a7b8450-d3f0-42dc-8c8a-77e8d9fa6dbf-10,3a7b8450-d3f0-42dc-8c8a-77e8d9fa6dbf,10,PROD009,360,Each,Active,180000,USD
63d5a2e1-22ca-4e3c-aaa7-8da29514c7ef-10,63d5a2e1-22ca-4e3c-aaa7-8da29514c7ef,10,PROD003,130,Each,Active,156000,USD
49931300-f9ad-4300-b5ed-caaa13ecded0-10,49931300-f9ad-4300-b5ed-caaa13ecded0,10,PROD009,490,Each,Active,245000,USD
49931300-f9ad-4300-b5ed-caaa13ecded0-20,49931300-f9ad-4300-b5ed-caaa13ecded0,20,PROD004,420,Each,Active,168000,USD
6595704d-96e4-4ec8-9627-46969e22e05a-10,6595704d-96e4-4ec8-9627-46969e22e05a,10,PROD002,60,Each,Active,60000,USD
11a2f7c1-c583-4348-930d-418e9bde3244-10,11a2f7c1-c583-4348-930d-418e9bde3244,10,PROD003,420,Each,Active,504000,USD
f7ba5793-2a6e-40df-a8d1-163d875b0aef-10,f7ba5793-2a6e-40df-a8d1-163d875b0aef,10,PROD002,320,Each,Active,320000,USD
53cb6f5b-77dd-49fb-8a37-3c211cf3e8ea-10,53cb6f5b-77dd-49fb-8a37-3c211cf3e8ea,10,PROD008,150,Each,Active,60000,USD
53cb6f5b-77dd-49fb-8a37-3c211cf3e8ea-20,53cb6f5b-77dd-49fb-8a37-3c211cf3e8ea,20,PROD004,490,Each,Active,196000,USD
53cb6f5b-77dd-49fb-8a37-3c211cf3e8ea-30,53cb6f5b-77dd-49fb-8a37-3c211cf3e8ea,30,PROD005,340,Each,Active,204000,USD
7bef7c3b-2214-4e2b-aa01-a75e7003f131-10,7bef7c3b-2214-4e2b-aa01-a75e7003f131,10,PROD005,260,Each,Active,156000,USD
7bef7c3b-2214-4e2b-aa01-a75e7003f131-20,7bef7c3b-2214-4e2b-aa01-a75e7003f131,20,PROD003,250,Each,Active,300000,USD
08ad51c1-f0fb-411c-80db-a2eadf9915be-10,08ad51c1-f0fb-411c-80db-a2eadf9915be,10,PROD008,300,Each,Active,120000,USD
08ad51c1-f0fb-411c-80db-a2eadf9915be-20,08ad51c1-f0fb-411c-80db-a2eadf9915be,20,PROD005,380,Each,Active,228000,USD
5ddfa135-af53-44b2-bdce-0b24319b9402-10,5ddfa135-af53-44b2-bdce-0b24319b9402,10,PROD008,60,Each,Active,24000,USD
3fe9ef15-4876-4fb7-b2f5-e54302367694-10,3fe9ef15-4876-4fb7-b2f5-e54302367694,10,PROD001,210,Each,Active,189000,USD
3fe9ef15-4876-4fb7-b2f5-e54302367694-20,3fe9ef15-4876-4fb7-b2f5-e54302367694,20,PROD002,490,Each,Active,490000,USD
3fe9ef15-4876-4fb7-b2f5-e54302367694-30,3fe9ef15-4876-4fb7-b2f5-e54302367694,30,PROD003,330,Each,Active,396000,USD
4a62b566-e836-4403-a648-de6b882da0c1-10,4a62b566-e836-4403-a648-de6b882da0c1,10,PROD006,240,Each,Active,192000,USD
4a62b566-e836-4403-a648-de6b882da0c1-20,4a62b566-e836-4403-a648-de6b882da0c1,20,PROD008,330,Each,Active,132000,USD
86cc9303-2098-4638-aa49-96deb84fe512-10,86cc9303-2098-4638-aa49-96deb84fe512,10,PROD003,370,Each,Active,444000,USD
86cc9303-2098-4638-aa49-96deb84fe512-20,86cc9303-2098-4638-aa49-96deb84fe512,20,PROD007,450,Each,Active,135000,USD
1fcab500-f9df-4dd9-86f9-6bc8b4787f50-10,1fcab500-f9df-4dd9-86f9-6bc8b4787f50,10,PROD008,420,Each,Active,168000,USD
1fcab500-f9df-4dd9-86f9-6bc8b4787f50-20,1fcab500-f9df-4dd9-86f9-6bc8b4787f50,20,PROD006,360,Each,Active,288000,USD
1fcab500-f9df-4dd9-86f9-6bc8b4787f50-30,1fcab500-f9df-4dd9-86f9-6bc8b4787f50,30,PROD005,310,Each,Active,186000,USD
d2a47a34-1a43-4b66-b0bb-6768af1c44ca-10,d2a47a34-1a43-4b66-b0bb-6768af1c44ca,10,PROD005,210,Each,Active,126000,USD
d2a47a34-1a43-4b66-b0bb-6768af1c44ca-20,d2a47a34-1a43-4b66-b0bb-6768af1c44ca,20,PROD001,370,Each,Active,333000,USD
628054d7-1039-4bfc-8e9c-5052b5125376-10,628054d7-1039-4bfc-8e9c-5052b5125376,10,PROD001,430,Each,Active,387000,USD
628054d7-1039-4bfc-8e9c-5052b5125376-20,628054d7-1039-4bfc-8e9c-5052b5125376,20,PROD008,370,Each,Active,148000,USD
32bcdac0-2e60-4278-932d-adfa0ba392f8-10,32bcdac0-2e60-4278-932d-adfa0ba392f8,10,PROD002,390,Each,Active,390000,USD
32bcdac0-2e60-4278-932d-adfa0ba392f8-20,32bcdac0-2e60-4278-932d-adfa0ba392f8,20,PROD007,350,Each,Active,105000,USD
32bcdac0-2e60-4278-932d-adfa0ba392f8-30,32bcdac0-2e60-4278-932d-adfa0ba392f8,30,PROD004,160,Each,Active,64000,USD
a3c4f165-33cc-49e4-a44e-59a9eebd7a14-10,a3c4f165-33cc-49e4-a44e-59a9eebd7a14,10,PROD006,500,Each,Active,400000,USD
9820745b-ad7f-4a50-8aa6-39fd907de511-10,9820745b-ad7f-4a50-8aa6-39fd907de511,10,PROD009,70,Each,Active,35000,USD
521d5fb0-2a0d-49cd-befc-6a17956ed366-10,521d5fb0-2a0d-49cd-befc-6a17956ed366,10,PROD003,460,Each,Active,552000,USD
521d5fb0-2a0d-49cd-befc-6a17956ed366-20,521d5fb0-2a0d-49cd-befc-6a17956ed366,20,PROD001,330,Each,Active,297000,USD
521d5fb0-2a0d-49cd-befc-6a17956ed366-30,521d5fb0-2a0d-49cd-befc-6a17956ed366,30,PROD005,300,Each,Active,180000,USD
15ae067e-32b3-4859-93fc-239c704ab4f4-10,15ae067e-32b3-4859-93fc-239c704ab4f4,10,PROD006,230,Each,Active,184000,USD
15ae067e-32b3-4859-93fc-239c704ab4f4-20,15ae067e-32b3-4859-93fc-239c704ab4f4,20,PROD001,390,Each,Active,351000,USD
119631b9-e939-4a45-9967-ed646ee7f066-10,119631b9-e939-4a45-9967-ed646ee7f066,10,PROD001,270,Each,Active,243000,USD
025bd7ae-0692-4371-94c9-f8b56b28ace0-10,025bd7ae-0692-4371-94c9-f8b56b28ace0,10,PROD008,180,Each,Active,72000,USD
025bd7ae-0692-4371-94c9-f8b56b28ace0-20,025bd7ae-0692-4371-94c9-f8b56b28ace0,20,PROD005,240,Each,Active,144000,USD
025bd7ae-0692-4371-94c9-f8b56b28ace0-30,025bd7ae-0692-4371-94c9-f8b56b28ace0,30,PROD009,290,Each,Active,145000,USD
b8f92231-9ed9-401a-82d2-9676381e77b1-10,b8f92231-9ed9-401a-82d2-9676381e77b1,10,PROD007,110,Each,Active,33000,USD
e2a827be-aee4-457d-8532-d0972adc8734-10,e2a827be-aee4-457d-8532-d0972adc8734,10,PROD006,210,Each,Active,168000,USD
e2a827be-aee4-457d-8532-d0972adc8734-20,e2a827be-aee4-457d-8532-d0972adc8734,20,PROD005,400,Each,Active,240000,USD
e2a827be-aee4-457d-8532-d0972adc8734-30,e2a827be-aee4-457d-8532-d0972adc8734,30,PROD003,430,Each,Active,516000,USD
fff8bff4-a192-4c4f-9c72-42c739bea092-10,fff8bff4-a192-4c4f-9c72-42c739bea092,10,PROD003,450,Each,Active,540000,USD
fff8bff4-a192-4c4f-9c72-42c739bea092-20,fff8bff4-a192-4c4f-9c72-42c739bea092,20,PROD007,430,Each,Active,129000,USD
fff8bff4-a192-4c4f-9c72-42c739bea092-30,fff8bff4-a192-4c4f-9c72-42c739bea092,30,PROD009,250,Each,Active,125000,USD
944f0930-330f-4332-9a03-81f4a3ed44a8-10,944f0930-330f-4332-9a03-81f4a3ed44a8,10,PROD007,220,Each,Active,66000,USD
0efd6d87-3e2f-47ae-b97d-d83cb0b341d6-10,0efd6d87-3e2f-47ae-b97d-d83cb0b341d6,10,PROD008,370,Each,Active,148000,USD
dad4b132-75cd-4aa1-98cd-70aff316ebd5-10,dad4b132-75cd-4aa1-98cd-70aff316ebd5,10,PROD005,230,Each,Active,138000,USD
dad4b132-75cd-4aa1-98cd-70aff316ebd5-20,dad4b132-75cd-4aa1-98cd-70aff316ebd5,20,PROD008,340,Each,Active,136000,USD
dad4b132-75cd-4aa1-98cd-70aff316ebd5-30,dad4b132-75cd-4aa1-98cd-70aff316ebd5,30,PROD003,390,Each,Active,468000,USD
ad59ce60-e770-46c3-9c14-708e84846fd0-10,ad59ce60-e770-46c3-9c14-708e84846fd0,10,PROD001,140,Each,Active,126000,USD
c7ad0f08-ca73-40e1-9e87-c127f83e0c80-10,c7ad0f08-ca73-40e1-9e87-c127f83e0c80,10,PROD001,190,Each,Active,171000,USD
c7ad0f08-ca73-40e1-9e87-c127f83e0c80-20,c7ad0f08-ca73-40e1-9e87-c127f83e0c80,20,PROD009,390,Each,Active,195000,USD
ce720bd9-e76c-4fb2-9183-cc2c28bc63ba-10,ce720bd9-e76c-4fb2-9183-cc2c28bc63ba,10,PROD003,480,Each,Active,576000,USD
ce720bd9-e76c-4fb2-9183-cc2c28bc63ba-20,ce720bd9-e76c-4fb2-9183-cc2c28bc63ba,20,PROD002,450,Each,Active,450000,USD
be8a98e6-b429-42d8-abad-76986fdb6768-10,be8a98e6-b429-42d8-abad-76986fdb6768,10,PROD003,330,Each,Active,396000,USD
3ea06fd7-a0c3-4888-8a34-fe9e2dc0811d-10,3ea06fd7-a0c3-4888-8a34-fe9e2dc0811d,10,PROD001,130,Each,Active,117000,USD
3ea06fd7-a0c3-4888-8a34-fe9e2dc0811d-20,3ea06fd7-a0c3-4888-8a34-fe9e2dc0811d,20,PROD005,280,Each,Active,168000,USD
fb3489e6-8225-483a-981c-49add8a52547-10,fb3489e6-8225-483a-981c-49add8a52547,10,PROD006,330,Each,Active,264000,USD
d02bec70-df10-4919-80b4-95136231ef30-10,d02bec70-df10-4919-80b4-95136231ef30,10,PROD001,470,Each,Active,423000,USD
a276e87b-c774-42b7-8ae7-e8b75341db74-10,a276e87b-c774-42b7-8ae7-e8b75341db74,10,PROD001,430,Each,Active,387000,USD
a97c790b-6b6e-43fc-9150-ea96f9fd9036-10,a97c790b-6b6e-43fc-9150-ea96f9fd9036,10,PROD003,320,Each,Active,384000,USD
a97c790b-6b6e-43fc-9150-ea96f9fd9036-20,a97c790b-6b6e-43fc-9150-ea96f9fd9036,20,PROD004,400,Each,Active,160000,USD
3dbcb91b-755d-432b-9f23-a14b678bbac1-10,3dbcb91b-755d-432b-9f23-a14b678bbac1,10,PROD008,390,Each,Active,156000,USD
ac02226d-4dfc-4199-9b92-dbd4645d075b-10,ac02226d-4dfc-4199-9b92-dbd4645d075b,10,PROD007,90,Each,Active,27000,USD
ac02226d-4dfc-4199-9b92-dbd4645d075b-20,ac02226d-4dfc-4199-9b92-dbd4645d075b,20,PROD004,70,Each,Active,28000,USD
ac02226d-4dfc-4199-9b92-dbd4645d075b-30,ac02226d-4dfc-4199-9b92-dbd4645d075b,30,PROD009,430,Each,Active,215000,USD
21f27d26-fd54-4119-a65a-009a64ba5fa9-10,21f27d26-fd54-4119-a65a-009a64ba5fa9,10,PROD006,160,Each,Active,128000,USD
21f27d26-fd54-4119-a65a-009a64ba5fa9-20,21f27d26-fd54-4119-a65a-009a64ba5fa9,20,PROD008,140,Each,Active,56000,USD
21f27d26-fd54-4119-a65a-009a64ba5fa9-30,21f27d26-fd54-4119-a65a-009a64ba5fa9,30,PROD002,230,Each,Active,230000,USD
3788f340-a650-4c2f-a17e-6f77f2bcb23f-10,3788f340-a650-4c2f-a17e-6f77f2bcb23f,10,PROD007,140,Each,Active,42000,USD
37d65c24-478b-4bf7-8306-bb968896e552-10,37d65c24-478b-4bf7-8306-bb968896e552,10,PROD002,120,Each,Active,120000,USD
37d65c24-478b-4bf7-8306-bb968896e552-20,37d65c24-478b-4bf7-8306-bb968896e552,20,PROD004,360,Each,Active,144000,USD
e01f9950-d215-486f-af57-abd25f05c2f1-10,e01f9950-d215-486f-af57-abd25f05c2f1,10,PROD009,290,Each,Active,145000,USD
ebddb8ec-87cf-4e07-bb8f-96287e97aef9-10,ebddb8ec-87cf-4e07-bb8f-96287e97aef9,10,PROD008,480,Each,Active,192000,USD
ebddb8ec-87cf-4e07-bb8f-96287e97aef9-20,ebddb8ec-87cf-4e07-bb8f-96287e97aef9,20,PROD005,160,Each,Active,96000,USD
ebddb8ec-87cf-4e07-bb8f-96287e97aef9-30,ebddb8ec-87cf-4e07-bb8f-96287e97aef9,30,PROD006,410,Each,Active,328000,USD
b9ea4456-90c5-4e66-a321-25dd19c18f3a-10,b9ea4456-90c5-4e66-a321-25dd19c18f3a,10,PROD005,380,Each,Active,228000,USD
b9ea4456-90c5-4e66-a321-25dd19c18f3a-20,b9ea4456-90c5-4e66-a321-25dd19c18f3a,20,PROD008,460,Each,Active,184000,USD
748967ca-cb27-4ed8-a53d-a830a2341aa4-10,748967ca-cb27-4ed8-a53d-a830a2341aa4,10,PROD003,490,Each,Active,588000,USD
748967ca-cb27-4ed8-a53d-a830a2341aa4-20,748967ca-cb27-4ed8-a53d-a830a2341aa4,20,PROD006,130,Each,Active,104000,USD
a179b384-7c00-4c21-9344-a5483aba4bf1-10,a179b384-7c00-4c21-9344-a5483aba4bf1,10,PROD003,170,Each,Active,204000,USD
a179b384-7c00-4c21-9344-a5483aba4bf1-20,a179b384-7c00-4c21-9344-a5483aba4bf1,20,PROD004,470,Each,Active,188000,USD
a179b384-7c00-4c21-9344-a5483aba4bf1-30,a179b384-7c00-4c21-9344-a5483aba4bf1,30,PROD009,260,Each,Active,130000,USD
2c60ffe6-45a0-4a17-b882-4947535cba0f-10,2c60ffe6-45a0-4a17-b882-4947535cba0f,10,PROD002,390,Each,Active,390000,USD
2c60ffe6-45a0-4a17-b882-4947535cba0f-20,2c60ffe6-45a0-4a17-b882-4947535cba0f,20,PROD001,200,Each,Active,180000,USD
265cd040-4358-4917-9a5d-8092d4441b1e-10,265cd040-4358-4917-9a5d-8092d4441b1e,10,PROD001,280,Each,Active,252000,USD
c76e055e-fb7c-4360-88f1-16cfc0d82ab0-10,c76e055e-fb7c-4360-88f1-16cfc0d82ab0,10,PROD002,100,Each,Active,100000,USD
5088e1ca-7eb3-46ce-9bbc-f02ccf120c42-10,5088e1ca-7eb3-46ce-9bbc-f02ccf120c42,10,PROD004,250,Each,Active,100000,USD
9a0ffef3-c587-4c30-9fe3-90f8adb9b1d9-10,9a0ffef3-c587-4c30-9fe3-90f8adb9b1d9,10,PROD009,160,Each,Active,80000,USD
778d9e24-39a6-4c77-9c2b-abfa710ccf56-10,778d9e24-39a6-4c77-9c2b-abfa710ccf56,10,PROD004,470,Each,Active,188000,USD
778d9e24-39a6-4c77-9c2b-abfa710ccf56-20,778d9e24-39a6-4c77-9c2b-abfa710ccf56,20,PROD002,330,Each,Active,330000,USD
0245449b-b872-4d67-bb4f-52b0c59e0eec-10,0245449b-b872-4d67-bb4f-52b0c59e0eec,10,PROD005,120,Each,Active,72000,USD
0245449b-b872-4d67-bb4f-52b0c59e0eec-20,0245449b-b872-4d67-bb4f-52b0c59e0eec,20,PROD002,500,Each,Active,500000,USD
0245449b-b872-4d67-bb4f-52b0c59e0eec-30,0245449b-b872-4d67-bb4f-52b0c59e0eec,30,PROD009,410,Each,Active,205000,USD
cc64da63-92dc-4837-bff5-ea6c37263dba-10,cc64da63-92dc-4837-bff5-ea6c37263dba,10,PROD009,450,Each,Active,225000,USD
ca2a5d26-4d7d-40aa-8c7b-c03cde514347-10,ca2a5d26-4d7d-40aa-8c7b-c03cde514347,10,PROD001,190,Each,Active,171000,USD
ca2a5d26-4d7d-40aa-8c7b-c03cde514347-20,ca2a5d26-4d7d-40aa-8c7b-c03cde514347,20,PROD004,240,Each,Active,96000,USD
536e5de9-93d0-4326-a8b5-dc4b86471c11-10,536e5de9-93d0-4326-a8b5-dc4b86471c11,10,PROD002,340,Each,Active,340000,USD
536e5de9-93d0-4326-a8b5-dc4b86471c11-20,536e5de9-93d0-4326-a8b5-dc4b86471c11,20,PROD006,500,Each,Active,400000,USD
0f7c466b-25b8-4801-bced-01cde9963ea9-10,0f7c466b-25b8-4801-bced-01cde9963ea9,10,PROD005,150,Each,Active,90000,USD
53978b17-ab49-47fb-b58f-a65b4e528164-10,53978b17-ab49-47fb-b58f-a65b4e528164,10,PROD002,300,Each,Active,300000,USD
686f9a69-13a1-4944-a8f0-e0f1303147b3-10,686f9a69-13a1-4944-a8f0-e0f1303147b3,10,PROD007,440,Each,Active,132000,USD
686f9a69-13a1-4944-a8f0-e0f1303147b3-20,686f9a69-13a1-4944-a8f0-e0f1303147b3,20,PROD003,230,Each,Active,276000,USD
b375ad9c-644e-44b5-aa49-19469ae0c60c-10,b375ad9c-644e-44b5-aa49-19469ae0c60c,10,PROD007,240,Each,Active,72000,USD
b375ad9c-644e-44b5-aa49-19469ae0c60c-20,b375ad9c-644e-44b5-aa49-19469ae0c60c,20,PROD003,50,Each,Active,60000,USD
b375ad9c-644e-44b5-aa49-19469ae0c60c-30,b375ad9c-644e-44b5-aa49-19469ae0c60c,30,PROD008,330,Each,Active,132000,USD
2691d9c9-8254-4266-8fcb-018938184c27-10,2691d9c9-8254-4266-8fcb-018938184c27,10,PROD004,200,Each,Active,80000,USD
2691d9c9-8254-4266-8fcb-018938184c27-20,2691d9c9-8254-4266-8fcb-018938184c27,20,PROD003,180,Each,Active,216000,USD
f7ef626c-f575-4940-ae28-4f75aae96c35-10,f7ef626c-f575-4940-ae28-4f75aae96c35,10,PROD006,60,Each,Active,48000,USD
f7ef626c-f575-4940-ae28-4f75aae96c35-20,f7ef626c-f575-4940-ae28-4f75aae96c35,20,PROD001,250,Each,Active,225000,USD
adb472c3-e7da-4026-b23f-1812324b6bbb-10,adb472c3-e7da-4026-b23f-1812324b6bbb,10,PROD006,120,Each,Active,96000,USD
92664be9-4e21-4f9c-b672-03db56108b1e-10,92664be9-4e21-4f9c-b672-03db56108b1e,10,PROD008,200,Each,Active,80000,USD
19cbc383-df24-4988-b051-4e6b6b81215f-10,19cbc383-df24-4988-b051-4e6b6b81215f,10,PROD006,280,Each,Active,224000,USD
19cbc383-df24-4988-b051-4e6b6b81215f-20,19cbc383-df24-4988-b051-4e6b6b81215f,20,PROD003,490,Each,Active,588000,USD
19cbc383-df24-4988-b051-4e6b6b81215f-30,19cbc383-df24-4988-b051-4e6b6b81215f,30,PROD007,450,Each,Active,135000,USD
73f57b8d-bb1b-4acf-aeaf-f75097507627-10,73f57b8d-bb1b-4acf-aeaf-f75097507627,10,PROD003,270,Each,Active,324000,USD
73f57b8d-bb1b-4acf-aeaf-f75097507627-20,73f57b8d-bb1b-4acf-aeaf-f75097507627,20,PROD004,150,Each,Active,60000,USD
73f57b8d-bb1b-4acf-aeaf-f75097507627-30,73f57b8d-bb1b-4acf-aeaf-f75097507627,30,PROD009,90,Each,Active,45000,USD
5c95d68c-d7cf-491d-b65c-6f19feab1feb-10,5c95d68c-d7cf-491d-b65c-6f19feab1feb,10,PROD009,300,Each,Active,150000,USD
5c95d68c-d7cf-491d-b65c-6f19feab1feb-20,5c95d68c-d7cf-491d-b65c-6f19feab1feb,20,PROD004,360,Each,Active,144000,USD
5c95d68c-d7cf-491d-b65c-6f19feab1feb-30,5c95d68c-d7cf-491d-b65c-6f19feab1feb,30,PROD003,480,Each,Active,576000,USD
29e91239-ec9d-482a-864f-008e0721f9a8-10,29e91239-ec9d-482a-864f-008e0721f9a8,10,PROD001,350,Each,Active,315000,USD
29e91239-ec9d-482a-864f-008e0721f9a8-20,29e91239-ec9d-482a-864f-008e0721f9a8,20,PROD005,340,Each,Active,204000,USD
4820c323-d0df-4040-bf9c-ebdd4ab4b43b-10,4820c323-d0df-4040-bf9c-ebdd4ab4b43b,10,PROD009,260,Each,Active,130000,USD
5f004681-acdf-4c03-abdd-6631c72c2695-10,5f004681-acdf-4c03-abdd-6631c72c2695,10,PROD006,420,Each,Active,336000,USD
5f004681-acdf-4c03-abdd-6631c72c2695-20,5f004681-acdf-4c03-abdd-6631c72c2695,20,PROD009,350,Each,Active,175000,USD
b58bba3b-61ad-470c-b039-4e4a26bd448d-10,b58bba3b-61ad-470c-b039-4e4a26bd448d,10,PROD008,240,Each,Active,96000,USD
b58bba3b-61ad-470c-b039-4e4a26bd448d-20,b58bba3b-61ad-470c-b039-4e4a26bd448d,20,PROD007,120,Each,Active,36000,USD
b58bba3b-61ad-470c-b039-4e4a26bd448d-30,b58bba3b-61ad-470c-b039-4e4a26bd448d,30,PROD006,320,Each,Active,256000,USD
cc3eba73-9180-4bb8-8e67-156fa6b20b92-10,cc3eba73-9180-4bb8-8e67-156fa6b20b92,10,PROD002,420,Each,Active,420000,USD
6edc27ba-94e6-4b12-9175-050259534893-10,6edc27ba-94e6-4b12-9175-050259534893,10,PROD004,320,Each,Active,128000,USD
6edc27ba-94e6-4b12-9175-050259534893-20,6edc27ba-94e6-4b12-9175-050259534893,20,PROD007,400,Each,Active,120000,USD
6edc27ba-94e6-4b12-9175-050259534893-30,6edc27ba-94e6-4b12-9175-050259534893,30,PROD002,320,Each,Active,320000,USD
0975b789-3ac3-4c4f-90ee-27fa6c0a7738-10,0975b789-3ac3-4c4f-90ee-27fa6c0a7738,10,PROD003,150,Each,Active,180000,USD
0975b789-3ac3-4c4f-90ee-27fa6c0a7738-20,0975b789-3ac3-4c4f-90ee-27fa6c0a7738,20,PROD007,370,Each,Active,111000,USD
a5231fae-8091-43bc-ab89-c79e10ed419e-10,a5231fae-8091-43bc-ab89-c79e10ed419e,10,PROD008,120,Each,Active,48000,USD
a5231fae-8091-43bc-ab89-c79e10ed419e-20,a5231fae-8091-43bc-ab89-c79e10ed419e,20,PROD009,330,Each,Active,165000,USD
a5231fae-8091-43bc-ab89-c79e10ed419e-30,a5231fae-8091-43bc-ab89-c79e10ed419e,30,PROD002,140,Each,Active,140000,USD
f50007ac-b793-4115-967e-f677ac65b9c6-10,f50007ac-b793-4115-967e-f677ac65b9c6,10,PROD002,200,Each,Active,200000,USD
f50007ac-b793-4115-967e-f677ac65b9c6-20,f50007ac-b793-4115-967e-f677ac65b9c6,20,PROD001,490,Each,Active,441000,USD
f50007ac-b793-4115-967e-f677ac65b9c6-30,f50007ac-b793-4115-967e-f677ac65b9c6,30,PROD007,480,Each,Active,144000,USD
d6b13924-e5e1-4f04-a9ff-b7dd05eb512e-10,d6b13924-e5e1-4f04-a9ff-b7dd05eb512e,10,PROD007,210,Each,Active,63000,USD
d6b13924-e5e1-4f04-a9ff-b7dd05eb512e-20,d6b13924-e5e1-4f04-a9ff-b7dd05eb512e,20,PROD005,420,Each,Active,252000,USD
d6b13924-e5e1-4f04-a9ff-b7dd05eb512e-30,d6b13924-e5e1-4f04-a9ff-b7dd05eb512e,30,PROD003,420,Each,Active,504000,USD
7261116f-8930-42e7-ab2e-dbb9c1d21693-10,7261116f-8930-42e7-ab2e-dbb9c1d21693,10,PROD004,290,Each,Active,116000,USD
7261116f-8930-42e7-ab2e-dbb9c1d21693-20,7261116f-8930-42e7-ab2e-dbb9c1d21693,20,PROD002,230,Each,Active,230000,USD
7261116f-8930-42e7-ab2e-dbb9c1d21693-30,7261116f-8930-42e7-ab2e-dbb9c1d21693,30,PROD009,140,Each,Active,70000,USD
63d6691d-cc99-4384-a09e-50db45584641-10,63d6691d-cc99-4384-a09e-50db45584641,10,PROD008,110,Each,Active,44000,USD
79e3863b-c378-4804-b03c-28d9e30ac430-10,79e3863b-c378-4804-b03c-28d9e30ac430,10,PROD007,130,Each,Active,39000,USD
79e3863b-c378-4804-b03c-28d9e30ac430-20,79e3863b-c378-4804-b03c-28d9e30ac430,20,PROD002,250,Each,Active,250000,USD
a5812d73-17f8-408e-a284-9af6b3e76c64-10,a5812d73-17f8-408e-a284-9af6b3e76c64,10,PROD002,80,Each,Active,80000,USD
a5812d73-17f8-408e-a284-9af6b3e76c64-20,a5812d73-17f8-408e-a284-9af6b3e76c64,20,PROD004,270,Each,Active,108000,USD
7ab7703f-c0d9-40a8-821b-d40d31dd7b67-10,7ab7703f-c0d9-40a8-821b-d40d31dd7b67,10,PROD005,140,Each,Active,84000,USD
4e5c05e1-4810-4498-9624-8d7a6023a4f0-10,4e5c05e1-4810-4498-9624-8d7a6023a4f0,10,PROD007,140,Each,Active,42000,USD
4e5c05e1-4810-4498-9624-8d7a6023a4f0-20,4e5c05e1-4810-4498-9624-8d7a6023a4f0,20,PROD005,90,Each,Active,54000,USD
4e5c05e1-4810-4498-9624-8d7a6023a4f0-30,4e5c05e1-4810-4498-9624-8d7a6023a4f0,30,PROD002,70,Each,Active,70000,USD
7527f3cb-317f-4413-a043-bfaabcc1837b-10,7527f3cb-317f-4413-a043-bfaabcc1837b,10,PROD004,150,Each,Active,60000,USD
e4fe48b3-75f6-4cee-b419-63ff39d75395-10,e4fe48b3-75f6-4cee-b419-63ff39d75395,10,PROD002,370,Each,Active,370000,USD
e4fe48b3-75f6-4cee-b419-63ff39d75395-20,e4fe48b3-75f6-4cee-b419-63ff39d75395,20,PROD004,250,Each,Active,100000,USD
e4fe48b3-75f6-4cee-b419-63ff39d75395-30,e4fe48b3-75f6-4cee-b419-63ff39d75395,30,PROD003,210,Each,Active,252000,USD
74742068-de4f-4bff-bdaf-65861790a5cb-10,74742068-de4f-4bff-bdaf-65861790a5cb,10,PROD009,70,Each,Active,35000,USD
74742068-de4f-4bff-bdaf-65861790a5cb-20,74742068-de4f-4bff-bdaf-65861790a5cb,20,PROD004,490,Each,Active,196000,USD
d6ec7c0d-bfc8-41f0-9467-ba76ef1469f2-10,d6ec7c0d-bfc8-41f0-9467-ba76ef1469f2,10,PROD003,430,Each,Active,516000,USD
c98cdaa6-3162-4656-9189-2cf4d6d1ffa0-10,c98cdaa6-3162-4656-9189-2cf4d6d1ffa0,10,PROD004,230,Each,Active,92000,USD
3acf46fc-5e94-4e41-93bc-aac472c4378c-10,3acf46fc-5e94-4e41-93bc-aac472c4378c,10,PROD005,190,Each,Active,114000,USD
3acf46fc-5e94-4e41-93bc-aac472c4378c-20,3acf46fc-5e94-4e41-93bc-aac472c4378c,20,PROD006,410,Each,Active,328000,USD
3827cc38-58d7-4a2a-b42a-b98bb92c4ff4-10,3827cc38-58d7-4a2a-b42a-b98bb92c4ff4,10,PROD003,330,Each,Active,396000,USD
ba7c4887-e1e3-40eb-b10b-59aacae7dd51-10,ba7c4887-e1e3-40eb-b10b-59aacae7dd51,10,PROD006,50,Each,Active,40000,USD
ba7c4887-e1e3-40eb-b10b-59aacae7dd51-20,ba7c4887-e1e3-40eb-b10b-59aacae7dd51,20,PROD007,360,Each,Active,108000,USD
4cabb80a-ea16-4eee-9b99-ef4aea68f068-10,4cabb80a-ea16-4eee-9b99-ef4aea68f068,10,PROD001,350,Each,Active,315000,USD
f7d69cca-00bf-461e-9ae2-56ff291c1e8b-10,f7d69cca-00bf-461e-9ae2-56ff291c1e8b,10,PROD005,210,Each,Active,126000,USD
8360e4a7-6635-4c4e-8408-64e079f31ce6-10,8360e4a7-6635-4c4e-8408-64e079f31ce6,10,PROD006,210,Each,Active,168000,USD
8360e4a7-6635-4c4e-8408-64e079f31ce6-20,8360e4a7-6635-4c4e-8408-64e079f31ce6,20,PROD007,290,Each,Active,87000,USD
c5f55b31-2814-4f63-8db8-957aeba70e96-10,c5f55b31-2814-4f63-8db8-957aeba70e96,10,PROD009,450,Each,Active,225000,USD
a9ccc57f-3bf6-49e2-b35e-b61be5fd3e8b-10,a9ccc57f-3bf6-49e2-b35e-b61be5fd3e8b,10,PROD001,340,Each,Active,306000,USD
a9ccc57f-3bf6-49e2-b35e-b61be5fd3e8b-20,a9ccc57f-3bf6-49e2-b35e-b61be5fd3e8b,20,PROD003,380,Each,Active,456000,USD
a9ccc57f-3bf6-49e2-b35e-b61be5fd3e8b-30,a9ccc57f-3bf6-49e2-b35e-b61be5fd3e8b,30,PROD004,270,Each,Active,108000,USD
0625e38f-a680-4c6d-af4e-6ee84c95133e-10,0625e38f-a680-4c6d-af4e-6ee84c95133e,10,PROD004,270,Each,Active,108000,USD
0625e38f-a680-4c6d-af4e-6ee84c95133e-20,0625e38f-a680-4c6d-af4e-6ee84c95133e,20,PROD007,450,Each,Active,135000,USD
1c600480-e236-4a86-989b-b61c8a1fb1dc-10,1c600480-e236-4a86-989b-b61c8a1fb1dc,10,PROD002,90,Each,Active,90000,USD
43f35ce3-7d72-47e9-9ef1-95e15540afc2-10,43f35ce3-7d72-47e9-9ef1-95e15540afc2,10,PROD002,150,Each,Active,150000,USD
43f35ce3-7d72-47e9-9ef1-95e15540afc2-20,43f35ce3-7d72-47e9-9ef1-95e15540afc2,20,PROD003,90,Each,Active,108000,USD
43f35ce3-7d72-47e9-9ef1-95e15540afc2-30,43f35ce3-7d72-47e9-9ef1-95e15540afc2,30,PROD009,470,Each,Active,235000,USD
ce427fa3-3547-4b53-b87e-40bbb52916d5-10,ce427fa3-3547-4b53-b87e-40bbb52916d5,10,PROD002,80,Each,Active,80000,USD
ce427fa3-3547-4b53-b87e-40bbb52916d5-20,ce427fa3-3547-4b53-b87e-40bbb52916d5,20,PROD004,500,Each,Active,200000,USD
ce427fa3-3547-4b53-b87e-40bbb52916d5-30,ce427fa3-3547-4b53-b87e-40bbb52916d5,30,PROD007,80,Each,Active,24000,USD
4f079ccb-6354-4f33-a93f-6e2c316c3432-10,4f079ccb-6354-4f33-a93f-6e2c316c3432,10,PROD005,50,Each,Active,30000,USD
4f079ccb-6354-4f33-a93f-6e2c316c3432-20,4f079ccb-6354-4f33-a93f-6e2c316c3432,20,PROD002,240,Each,Active,240000,USD
ae6c5a4e-33f9-41b0-a993-8fccb65352af-10,ae6c5a4e-33f9-41b0-a993-8fccb65352af,10,PROD007,380,Each,Active,114000,USD
ae6c5a4e-33f9-41b0-a993-8fccb65352af-20,ae6c5a4e-33f9-41b0-a993-8fccb65352af,20,PROD006,470,Each,Active,376000,USD
ae6c5a4e-33f9-41b0-a993-8fccb65352af-30,ae6c5a4e-33f9-41b0-a993-8fccb65352af,30,PROD004,470,Each,Active,188000,USD
5fb7a228-5b56-4227-abcf-cae389ce5faf-10,5fb7a228-5b56-4227-abcf-cae389ce5faf,10,PROD007,80,Each,Active,24000,USD
5fb7a228-5b56-4227-abcf-cae389ce5faf-20,5fb7a228-5b56-4227-abcf-cae389ce5faf,20,PROD005,410,Each,Active,246000,USD
5fb7a228-5b56-4227-abcf-cae389ce5faf-30,5fb7a228-5b56-4227-abcf-cae389ce5faf,30,PROD004,410,Each,Active,164000,USD
c2c0cb38-d8ca-45a1-89f5-8bd2af45ae50-10,c2c0cb38-d8ca-45a1-89f5-8bd2af45ae50,10,PROD004,400,Each,Active,160000,USD
c2c0cb38-d8ca-45a1-89f5-8bd2af45ae50-20,c2c0cb38-d8ca-45a1-89f5-8bd2af45ae50,20,PROD003,130,Each,Active,156000,USD
b19cb72f-36ea-4309-8bde-6334431f1229-10,b19cb72f-36ea-4309-8bde-6334431f1229,10,PROD006,170,Each,Active,136000,USD
b19cb72f-36ea-4309-8bde-6334431f1229-20,b19cb72f-36ea-4309-8bde-6334431f1229,20,PROD009,240,Each,Active,120000,USD
b19cb72f-36ea-4309-8bde-6334431f1229-30,b19cb72f-36ea-4309-8bde-6334431f1229,30,PROD005,380,Each,Active,228000,USD
1fa6c240-3302-4015-8111-4d57ff4aaaed-10,1fa6c240-3302-4015-8111-4d57ff4aaaed,10,PROD001,260,Each,Active,234000,USD
1fa6c240-3302-4015-8111-4d57ff4aaaed-20,1fa6c240-3302-4015-8111-4d57ff4aaaed,20,PROD009,230,Each,Active,115000,USD
eb47b466-bf91-455e-8da2-354ea41b1a5e-10,eb47b466-bf91-455e-8da2-354ea41b1a5e,10,PROD008,140,Each,Active,56000,USD
eb47b466-bf91-455e-8da2-354ea41b1a5e-20,eb47b466-bf91-455e-8da2-354ea41b1a5e,20,PROD001,490,Each,Active,441000,USD
dd2f2da6-26d7-4dc0-a497-cd88b93282e5-10,dd2f2da6-26d7-4dc0-a497-cd88b93282e5,10,PROD007,310,Each,Active,93000,USD
dd2f2da6-26d7-4dc0-a497-cd88b93282e5-20,dd2f2da6-26d7-4dc0-a497-cd88b93282e5,20,PROD004,320,Each,Active,128000,USD
dd2f2da6-26d7-4dc0-a497-cd88b93282e5-30,dd2f2da6-26d7-4dc0-a497-cd88b93282e5,30,PROD002,330,Each,Active,330000,USD
4cb72ae3-dd04-4444-9be4-9ee6d4a10c42-10,4cb72ae3-dd04-4444-9be4-9ee6d4a10c42,10,PROD009,300,Each,Active,150000,USD
985c4dbd-a54e-4e5c-a1ec-ad3b9dfe4472-10,985c4dbd-a54e-4e5c-a1ec-ad3b9dfe4472,10,PROD005,150,Each,Active,90000,USD
0ed627e0-1abf-421f-b78d-baa9b70b1cac-10,0ed627e0-1abf-421f-b78d-baa9b70b1cac,10,PROD008,280,Each,Active,112000,USD
b5922468-58db-4028-bf16-6f3cc9428a93-10,b5922468-58db-4028-bf16-6f3cc9428a93,10,PROD009,90,Each,Active,45000,USD
b5922468-58db-4028-bf16-6f3cc9428a93-20,b5922468-58db-4028-bf16-6f3cc9428a93,20,PROD002,360,Each,Active,360000,USD
b5922468-58db-4028-bf16-6f3cc9428a93-30,b5922468-58db-4028-bf16-6f3cc9428a93,30,PROD006,170,Each,Active,136000,USD
5f773052-d12e-49c9-9b36-83d4387da09e-10,5f773052-d12e-49c9-9b36-83d4387da09e,10,PROD008,220,Each,Active,88000,USD
5f773052-d12e-49c9-9b36-83d4387da09e-20,5f773052-d12e-49c9-9b36-83d4387da09e,20,PROD005,190,Each,Active,114000,USD
5f773052-d12e-49c9-9b36-83d4387da09e-30,5f773052-d12e-49c9-9b36-83d4387da09e,30,PROD007,80,Each,Active,24000,USD
5a4d39fe-94f1-447a-a711-d191c23d932f-10,5a4d39fe-94f1-447a-a711-d191c23d932f,10,PROD002,450,Each,Active,450000,USD
5a4d39fe-94f1-447a-a711-d191c23d932f-20,5a4d39fe-94f1-447a-a711-d191c23d932f,20,PROD005,140,Each,Active,84000,USD