ID,CustomerId,Status,CarrierID,originLocationId,destinationLocationId,actualShipDate,estimatedTimeOfArrival,deliveredDateTime,requestedTimeOfArrival,committedTimeOfArrival
6058511c-85fd-49fc-ad9d-9e9f1f5eaf0d,CUST015,Shipped,CAR003,LOC-WARE-003,LOC-CUST-13,2026-09-05 15:17:00,2026-09-11 15:17:00,,2026-09-12 15:17:00,2026-09-14 15:17:00
589955ba-99b9-4237-b1fd-6c493d9cb6f1,CUST014,Shipped,CAR001,LOC-WARE-004,LOC-CUST-12,2026-09-02 15:17:00,2026-09-08 15:17:00,,2026-09-06 15:17:00,2026-09-08 15:17:00
9dcf952b-b705-40e9-988e-dbc0044b96fa,CUST010,Shipped,CAR001,LOC-WARE-004,LOC-CUST-8,2026-09-06 15:17:00,2026-09-14 15:17:00,,2026-09-05 15:17:00,2026-09-06 15:17:00
6836a0c6-387d-424f-bf1a-a6dad019b828,CUST006,Shipped,CAR001,LOC-WARE-003,LOC-CUST-4,2026-09-07 15:17:00,2026-09-12 15:17:00,,2026-09-10 15:17:00,2026-09-09 15:17:00
8793ed37-bbd4-48de-b80e-4a6852e47c3d,CUST004,Shipped,CAR003,LOC-WARE-004,LOC-CUST-2,2026-09-08 15:17:00,2026-09-12 15:17:00,,2026-09-15 15:17:00,2026-09-18 15:17:00
6f94c6c6-26d3-4408-983d-20eb80479f8a,CUST012,Shipped,CAR003,LOC-WARE-003,LOC-CUST-10,2026-09-09 15:17:00,2026-09-17 15:17:00,,2026-09-12 15:17:00,2026-09-14 15:17:00
bf9a5566-42da-49c6-be82-6eadb857ff8e,CUST013,Shipped,CAR003,LOC-WARE-004,LOC-CUST-11,2026-09-06 15:17:00,2026-09-14 15:17:00,,2026-09-07 15:17:00,2026-09-08 15:17:00
7b381512-badf-49a5-8fd0-394cbc85ad18,CUST014,Shipped,CAR002,LOC-WARE-003,LOC-CUST-12,2026-09-07 15:17:00,2026-09-14 15:17:00,,2026-09-10 15:17:00,2026-09-10 15:17:00
5ed73bc3-46ee-4459-81a5-f96ad2864b0f,CUST015,Shipped,CAR003,LOC-WARE-004,LOC-CUST-13,2026-09-10 15:17:00,2026-09-16 15:17:00,,2026-09-13 15:17:00,2026-09-16 15:17:00
f2adcb53-44bd-4469-bdb4-840cc858c031,CUST014,Shipped,CAR002,LOC-WARE-004,LOC-CUST-12,2026-09-08 15:17:00,2026-09-14 15:17:00,,2026-09-15 15:17:00,2026-09-12 15:17:00
fea069c4-830a-4c6f-8064-95711002b076,CUST004,Shipped,CAR003,LOC-WARE-004,LOC-CUST-2,2026-09-06 15:17:00,2026-09-14 15:17:00,,2026-09-14 15:17:00,2026-09-16 15:17:00
6de8059d-f5c4-4d1d-897f-da05b1b5262a,CUST011,Shipped,CAR003,LOC-WARE-003,LOC-CUST-9,2026-09-06 15:17:00,2026-09-12 15:17:00,,2026-09-15 15:17:00,2026-09-12 15:17:00
94490625-eabe-4119-bf55-5f0a52080ae1,CUST010,Shipped,CAR001,LOC-WARE-004,LOC-CUST-8,2026-09-10 15:17:00,2026-09-15 15:17:00,,2026-09-17 15:17:00,2026-09-18 15:17:00
0704df33-b0fc-44e3-8335-26299248108e,CUST006,Shipped,CAR002,LOC-WARE-004,LOC-CUST-4,2026-09-08 15:17:00,2026-09-16 15:17:00,,2026-09-12 15:17:00,2026-09-12 15:17:00
5c837df3-f7cc-4c54-9221-3ee6a6213b4e,CUST015,Shipped,CAR001,LOC-WARE-004,LOC-CUST-13,2026-09-08 15:17:00,2026-09-16 15:17:00,,2026-09-13 15:17:00,2026-09-15 15:17:00
c258f457-d90d-4989-9a21-4ffb9d70fd22,CUST008,Shipped,CAR003,LOC-WARE-004,LOC-CUST-6,2026-09-10 15:17:00,2026-09-16 15:17:00,,2026-09-12 15:17:00,2026-09-11 15:17:00
b9347d49-3e42-4d7c-83eb-3df16c796505,CUST014,Shipped,CAR002,LOC-WARE-003,LOC-CUST-12,2026-09-04 15:17:00,2026-09-11 15:17:00,,2026-09-08 15:17:00,2026-09-09 15:17:00
5295f5ad-9d83-4d80-8742-223d2b688529,CUST007,Shipped,CAR001,LOC-WARE-004,LOC-CUST-5,2026-09-08 15:17:00,2026-09-13 15:17:00,,2026-09-11 15:17:00,2026-09-10 15:17:00
c53e32f9-fa0a-4437-8b9c-351370ca3477,CUST004,Shipped,CAR003,LOC-WARE-004,LOC-CUST-2,2026-09-06 15:17:00,2026-09-13 15:17:00,,2026-09-07 15:17:00,2026-09-08 15:17:00
aef5c8cf-0a47-4cc7-a53d-35e7a92d7e17,CUST008,Shipped,CAR001,LOC-WARE-004,LOC-CUST-6,2026-09-06 15:17:00,2026-09-16 15:17:00,,2026-09-07 15:17:00,2026-09-08 15:17:00
a871ad51-850c-44ef-a02c-2b75132c075c,CUST009,Shipped,CAR001,LOC-WARE-004,LOC-CUST-7,2026-09-06 15:17:00,2026-09-12 15:17:00,,2026-09-08 15:17:00,2026-09-11 15:17:00
bc45a86a-5dfc-4e4c-9e03-836fe86fa1ce,CUST012,Shipped,CAR001,LOC-WARE-004,LOC-CUST-10,2026-09-05 15:17:00,2026-09-12 15:17:00,,2026-09-10 15:17:00,2026-09-11 15:17:00
ea13183f-80f7-476b-ae80-8e6bbbb6c171,CUST004,Shipped,CAR003,LOC-WARE-003,LOC-CUST-2,2026-09-10 15:17:00,2026-09-20 15:17:00,,2026-09-17 15:17:00,2026-09-19 15:17:00
18d3bb37-7f3d-4557-b071-1b8057edddbb,CUST015,Shipped,CAR003,LOC-WARE-003,LOC-CUST-13,2026-09-08 15:17:00,2026-09-18 15:17:00,,2026-09-12 15:17:00,2026-09-15 15:17:00
9053dd0a-f518-472a-af43-fccd2bd88361,CUST002,Shipped,CAR002,LOC-WARE-003,LOC-CUST-1,2026-09-10 15:17:00,2026-09-19 15:17:00,,2026-09-14 15:17:00,2026-09-15 15:17:00
f49188cf-b447-4ec5-a33d-a44a69d36edd,CUST004,Shipped,CAR003,LOC-WARE-003,LOC-CUST-2,2026-09-03 15:17:00,2026-09-13 15:17:00,,2026-09-08 15:17:00,2026-09-08 15:17:00
dc7309c5-629c-4ad8-be54-7131ccdff2f2,CUST012,Shipped,CAR003,LOC-WARE-004,LOC-CUST-10,2026-09-05 15:17:00,2026-09-14 15:17:00,,2026-09-05 15:17:00,2026-09-08 15:17:00
492f277e-459a-4ba0-90c5-eb71c6e0ad48,CUST009,Shipped,CAR002,LOC-WARE-004,LOC-CUST-7,2026-09-03 15:17:00,2026-09-08 15:17:00,,2026-09-09 15:17:00,2026-09-12 15:17:00
e044414f-0990-4378-bef7-e5c059b8c29c,CUST002,Shipped,CAR001,LOC-WARE-003,LOC-CUST-1,2026-09-10 15:17:00,2026-09-14 15:17:00,,2026-09-14 15:17:00,2026-09-15 15:17:00
acf4a4e8-fb75-40b2-b8fe-6371c2ba3a45,CUST008,Shipped,CAR003,LOC-WARE-003,LOC-CUST-6,2026-09-06 15:17:00,2026-09-10 15:17:00,,2026-09-11 15:17:00,2026-09-11 15:17:00
58f74c82-4b18-4ef2-abab-7c690c191ad7,CUST010,Shipped,CAR003,LOC-WARE-003,LOC-CUST-8,2026-09-08 15:17:00,2026-09-16 15:17:00,,2026-09-13 15:17:00,2026-09-11 15:17:00
a3413aae-b701-4320-8656-27a454630984,CUST014,Shipped,CAR001,LOC-WARE-004,LOC-CUST-12,2026-09-10 15:17:00,2026-09-19 15:17:00,,2026-09-17 15:17:00,2026-09-15 15:17:00
15857f7e-3515-4a8d-8b25-22cb3db576f5,CUST008,Shipped,CAR002,LOC-WARE-004,LOC-CUST-6,2026-09-09 15:17:00,2026-09-16 15:17:00,,2026-09-18 15:17:00,2026-09-20 15:17:00
9fb485ff-ffe3-4a1e-98d4-a69fa94f34d7,CUST002,Shipped,CAR001,LOC-WARE-004,LOC-CUST-1,2026-09-10 15:17:00,2026-09-14 15:17:00,,2026-09-16 15:17:00,2026-09-16 15:17:00
1a7245e7-6fb8-498a-9ef7-2bb1debf7925,CUST008,Shipped,CAR002,LOC-WARE-004,LOC-CUST-6,2026-09-07 15:17:00,2026-09-14 15:17:00,,2026-09-14 15:17:00,2026-09-13 15:17:00
f439f08b-935d-45ac-a8f9-bcb1567352a0,CUST011,Shipped,CAR003,LOC-WARE-004,LOC-CUST-9,2026-09-04 15:17:00,2026-09-11 15:17:00,,2026-09-09 15:17:00,2026-09-06 15:17:00
e4532285-75cc-419a-b5c7-c19c9ed54a43,CUST010,Shipped,CAR002,LOC-WARE-003,LOC-CUST-8,2026-09-09 15:17:00,2026-09-13 15:17:00,,2026-09-14 15:17:00,2026-09-13 15:17:00
bbf261d5-2ecc-417c-8adf-218c61ff5d0a,CUST015,Shipped,CAR002,LOC-WARE-003,LOC-CUST-13,2026-09-07 15:17:00,2026-09-17 15:17:00,,2026-09-15 15:17:00,2026-09-16 15:17:00
00d6c170-304d-4c20-9f93-7ce058afd308,CUST009,Shipped,CAR001,LOC-WARE-004,LOC-CUST-7,2026-09-09 15:17:00,2026-09-16 15:17:00,,2026-09-10 15:17:00,2026-09-13 15:17:00
46266003-a868-4d6c-9912-28f53f8aa574,CUST008,Shipped,CAR001,LOC-WARE-004,LOC-CUST-6,2026-09-05 15:17:00,2026-09-14 15:17:00,,2026-09-13 15:17:00,2026-09-13 15:17:00
eb8f6475-4843-47bf-b500-ea4b1272e5cd,CUST004,Shipped,CAR002,LOC-WARE-004,LOC-CUST-2,2026-08-30 15:17:00,2026-09-09 15:17:00,,2026-09-03 15:17:00,2026-09-03 15:17:00
f055fd7e-b90d-4db6-afa1-cb1787dc5de4,CUST002,Shipped,CAR001,LOC-WARE-004,LOC-CUST-1,2026-09-09 15:17:00,2026-09-17 15:17:00,,2026-09-11 15:17:00,2026-09-14 15:17:00
69ff80af-77cb-43b7-929c-5b7f2fd001e3,CUST009,Shipped,CAR003,LOC-WARE-004,LOC-CUST-7,2026-09-07 15:17:00,2026-09-12 15:17:00,,2026-09-10 15:17:00,2026-09-11 15:17:00
a7da03dc-14a3-4c66-8247-184a953772d8,CUST006,Shipped,CAR003,LOC-WARE-003,LOC-CUST-4,2026-09-10 15:17:00,2026-09-16 15:17:00,,2026-09-09 15:17:00,2026-09-12 15:17:00
96be1d57-d0b5-482c-b559-0c7f2de9eef9,CUST012,Shipped,CAR001,LOC-WARE-003,LOC-CUST-10,2026-08-29 15:17:00,2026-09-04 15:17:00,,2026-09-01 15:17:00,2026-09-01 15:17:00
dfa06e26-f58a-40ab-a2b8-db5e7c12280d,CUST005,Shipped,CAR002,LOC-WARE-004,LOC-CUST-3,2026-09-03 15:17:00,2026-09-09 15:17:00,,2026-09-06 15:17:00,2026-09-08 15:17:00
9e25c14e-13e6-4059-96c2-4854d820331c,CUST005,Shipped,CAR003,LOC-WARE-004,LOC-CUST-3,2026-09-04 15:17:00,2026-09-14 15:17:00,,2026-09-04 15:17:00,2026-09-06 15:17:00
df58376b-20e5-4c0d-b083-a015be271e45,CUST005,Shipped,CAR002,LOC-WARE-003,LOC-CUST-3,2026-09-08 15:17:00,2026-09-14 15:17:00,,2026-09-11 15:17:00,2026-09-08 15:17:00
194ca4a6-b97f-4584-a30d-ac177c68ec0d,CUST010,Shipped,CAR001,LOC-WARE-004,LOC-CUST-8,2026-09-09 15:17:00,2026-09-14 15:17:00,,2026-09-14 15:17:00,2026-09-13 15:17:00
bbaae657-a5b7-4835-ba05-b5a1ed38e4df,CUST009,Shipped,CAR003,LOC-WARE-004,LOC-CUST-7,2026-09-05 15:17:00,2026-09-09 15:17:00,,2026-09-12 15:17:00,2026-09-14 15:17:00
e8d793ff-c694-45c4-8b03-d440192fe7ec,CUST011,Shipped,CAR001,LOC-WARE-003,LOC-CUST-9,2026-09-08 15:17:00,2026-09-18 15:17:00,,2026-09-12 15:17:00,2026-09-12 15:17:00
c2f02e90-01b4-4c3e-b4c5-4af127ae52da,CUST004,Shipped,CAR003,LOC-WARE-004,LOC-CUST-2,2026-09-06 15:17:00,2026-09-11 15:17:00,,2026-09-10 15:17:00,2026-09-13 15:17:00
723c7c25-a30c-441a-a8e0-4f58b4ff0972,CUST008,Shipped,CAR001,LOC-WARE-004,LOC-CUST-6,2026-09-08 15:17:00,2026-09-17 15:17:00,,2026-09-12 15:17:00,2026-09-10 15:17:00
830200b1-badb-4824-8c62-6804a3272b77,CUST008,Shipped,CAR002,LOC-WARE-004,LOC-CUST-6,2026-08-31 15:17:00,2026-09-06 15:17:00,,2026-09-03 15:17:00,2026-09-06 15:17:00
6269331d-a308-4910-b172-12a3472db877,CUST002,Shipped,CAR003,LOC-WARE-003,LOC-CUST-1,2026-09-02 15:17:00,2026-09-11 15:17:00,,2026-09-06 15:17:00,2026-09-06 15:17:00
80cb690b-f8cf-442e-bc51-77ebe3a9a4a4,CUST009,Shipped,CAR001,LOC-WARE-004,LOC-CUST-7,2026-09-07 15:17:00,2026-09-11 15:17:00,,2026-09-12 15:17:00,2026-09-15 15:17:00
8d5d5c89-0f38-497e-b518-d8b1f07feb88,CUST013,Shipped,CAR003,LOC-WARE-003,LOC-CUST-11,2026-09-09 15:17:00,2026-09-17 15:17:00,,2026-09-12 15:17:00,2026-09-13 15:17:00
44cb8ebb-bc2d-483a-93f7-7a944c68c629,CUST005,Shipped,CAR002,LOC-WARE-003,LOC-CUST-3,2026-09-06 15:17:00,2026-09-16 15:17:00,,2026-09-12 15:17:00,2026-09-14 15:17:00
794df556-ed7b-461c-9df4-2e65db796436,CUST004,Shipped,CAR003,LOC-WARE-003,LOC-CUST-2,2026-08-31 15:17:00,2026-09-04 15:17:00,,2026-09-05 15:17:00,2026-09-08 15:17:00
2f581f0c-f8bf-4927-920e-4a38d2aa9e59,CUST012,Shipped,CAR002,LOC-WARE-003,LOC-CUST-10,2026-09-02 15:17:00,2026-09-07 15:17:00,,2026-09-11 15:17:00,2026-09-14 15:17:00
27e853aa-3cd2-4995-a2ae-04dbcac92204,CUST015,Shipped,CAR002,LOC-WARE-004,LOC-CUST-13,2026-09-01 15:17:00,2026-09-08 15:17:00,,2026-09-01 15:17:00,2026-09-04 15:17:00
ca0cb08b-f805-497b-8069-5b7603ab932a,CUST007,Shipped,CAR002,LOC-WARE-004,LOC-CUST-5,2026-09-10 15:17:00,2026-09-15 15:17:00,,2026-09-13 15:17:00,2026-09-15 15:17:00
b4e3f0bd-a5ad-482a-a923-dceac1169c72,CUST004,Shipped,CAR001,LOC-WARE-004,LOC-CUST-2,2026-09-08 15:17:00,2026-09-16 15:17:00,,2026-09-09 15:17:00,2026-09-11 15:17:00
52d30f71-5ede-4428-9265-efc7b8602ec4,CUST015,Shipped,CAR001,LOC-WARE-003,LOC-CUST-13,2026-09-04 15:17:00,2026-09-10 15:17:00,,2026-09-07 15:17:00,2026-09-07 15:17:00
4227ce3d-b137-436e-8fb9-3c58bf14850e,CUST012,Shipped,CAR002,LOC-WARE-004,LOC-CUST-10,2026-09-06 15:17:00,2026-09-11 15:17:00,,2026-09-07 15:17:00,2026-09-07 15:17:00
5b952bde-d2bd-4f20-bc72-40e15b616f75,CUST012,Shipped,CAR001,LOC-WARE-004,LOC-CUST-10,2026-09-08 15:17:00,2026-09-14 15:17:00,,2026-09-13 15:17:00,2026-09-11 15:17:00
a23f6180-271c-4746-95d7-ace3257196a7,CUST011,Shipped,CAR003,LOC-WARE-003,LOC-CUST-9,2026-09-08 15:17:00,2026-09-12 15:17:00,,2026-09-12 15:17:00,2026-09-13 15:17:00
c1f26bf1-81fe-4eb5-bd13-317c00b321ab,CUST011,Shipped,CAR001,LOC-WARE-004,LOC-CUST-9,2026-09-03 15:17:00,2026-09-09 15:17:00,,2026-09-08 15:17:00,2026-09-06 15:17:00
c2eb7593-8593-47e0-883d-0e8ee1d1b212,CUST002,Shipped,CAR001,LOC-WARE-003,LOC-CUST-1,2026-09-05 15:17:00,2026-09-15 15:17:00,,2026-09-10 15:17:00,2026-09-11 15:17:00
cef5b5b0-42d8-4803-a1a3-7bd8f05b2828,CUST012,Shipped,CAR003,LOC-WARE-004,LOC-CUST-10,2026-09-10 15:17:00,2026-09-20 15:17:00,,2026-09-18 15:17:00,2026-09-16 15:17:00
86151e5d-0318-43de-b1ff-19390c68cd21,CUST008,Shipped,CAR001,LOC-WARE-003,LOC-CUST-6,2026-08-31 15:17:00,2026-09-05 15:17:00,,2026-09-04 15:17:00,2026-09-05 15:17:00
bd893d1b-f41f-4f24-8658-24c74c33dce8,CUST014,Shipped,CAR003,LOC-WARE-003,LOC-CUST-12,2026-08-31 15:17:00,2026-09-10 15:17:00,,2026-09-07 15:17:00,2026-09-07 15:17:00
16f091bd-5773-4868-b4ee-8c063ec7c4d6,CUST013,Shipped,CAR001,LOC-WARE-003,LOC-CUST-11,2026-09-04 15:17:00,2026-09-11 15:17:00,,2026-09-05 15:17:00,2026-09-08 15:17:00
671adec3-0173-482e-82df-ffb16e70f410,CUST007,Shipped,CAR002,LOC-WARE-004,LOC-CUST-5,2026-09-02 15:17:00,2026-09-08 15:17:00,,2026-09-11 15:17:00,2026-09-14 15:17:00
96995eb6-8363-41a9-b633-530d89eb0290,CUST002,Shipped,CAR003,LOC-WARE-004,LOC-CUST-1,2026-09-01 15:17:00,2026-09-11 15:17:00,,2026-09-07 15:17:00,2026-09-08 15:17:00
515f8bff-b615-4827-86a2-2049d03ba783,CUST009,Delivered,CAR001,LOC-WARE-004,LOC-CUST-7,2026-04-07 15:17:00,2026-04-11 15:17:00,2026-04-13 15:17:00,2026-04-13 15:17:00,2026-04-15 15:17:00
79fcc296-e709-46c5-a219-83dcaa6c4d25,CUST015,Delivered,CAR003,LOC-WARE-004,LOC-CUST-13,2026-06-06 15:17:00,2026-06-14 15:17:00,2026-06-12 15:17:00,2026-06-15 15:17:00,2026-06-12 15:17:00
bd9c14e0-2b7c-4ed7-adae-7439a1edbcb3,CUST009,Delivered,CAR003,LOC-WARE-003,LOC-CUST-7,2026-08-28 15:17:00,2026-09-04 15:17:00,2026-09-02 15:17:00,2026-09-05 15:17:00,2026-09-03 15:17:00
1d3e3edf-00d5-4c36-b19d-41c6656e12c8,CUST009,Delivered,CAR003,LOC-WARE-003,LOC-CUST-7,2026-08-27 15:17:00,2026-09-03 15:17:00,2026-09-05 15:17:00,2026-09-05 15:17:00,2026-09-03 15:17:00
332cc0ce-511f-4729-83f4-47398fcfcdfb,CUST008,Delivered,CAR002,LOC-WARE-003,LOC-CUST-6,2026-09-01 15:17:00,2026-09-07 15:17:00,2026-09-06 15:17:00,2026-09-08 15:17:00,2026-09-08 15:17:00
69a74f8e-603d-4534-a8de-bb42582ecb6b,CUST014,Delivered,CAR002,LOC-WARE-003,LOC-CUST-12,2026-07-29 15:17:00,2026-08-02 15:17:00,2026-08-04 15:17:00,2026-08-05 15:17:00,2026-08-08 15:17:00
5f885299-c839-44fe-b8dc-f74ec4ed278b,CUST014,Delivered,CAR001,LOC-WARE-004,LOC-CUST-12,2026-07-03 15:17:00,2026-07-09 15:17:00,2026-07-11 15:17:00,2026-07-11 15:17:00,2026-07-12 15:17:00
5dc8827e-bd07-428a-b223-f44fa897596f,CUST014,Delivered,CAR001,LOC-WARE-004,LOC-CUST-12,2026-07-03 15:17:00,2026-07-06 15:17:00,2026-07-08 15:17:00,2026-07-11 15:17:00,2026-07-12 15:17:00
c9ea8d58-05c2-4a68-8faf-0ea6e4cc276d,CUST007,Delivered,CAR002,LOC-WARE-003,LOC-CUST-5,2026-07-28 15:17:00,2026-08-08 15:17:00,2026-08-04 15:17:00,2026-08-05 15:17:00,2026-08-07 15:17:00
3bc939b8-f01d-4a43-ac44-072c1e105e7b,CUST002,Delivered,CAR003,LOC-WARE-003,LOC-CUST-1,2026-04-12 15:17:00,2026-04-14 15:17:00,2026-04-17 15:17:00,2026-04-17 15:17:00,2026-04-19 15:17:00
8728dca2-24c0-418e-b4b1-e6ea90b935f3,CUST005,Delivered,CAR002,LOC-WARE-003,LOC-CUST-3,2026-06-14 15:17:00,2026-06-18 15:17:00,2026-06-19 15:17:00,2026-06-22 15:17:00,2026-06-19 15:17:00
17b2d536-c278-4bce-b61e-2b89167ccddc,CUST005,Delivered,CAR002,LOC-WARE-003,LOC-CUST-3,2026-06-13 15:17:00,2026-06-19 15:17:00,2026-06-22 15:17:00,2026-06-22 15:17:00,2026-06-19 15:17:00
380b966e-49f3-4adc-930e-4b31f1f6b9b9,CUST013,Delivered,CAR003,LOC-WARE-004,LOC-CUST-11,2026-05-13 15:17:00,2026-05-22 15:17:00,2026-05-20 15:17:00,2026-05-21 15:17:00,2026-05-23 15:17:00
56020360-ead4-46fd-84fc-4eed39e399a7,CUST010,Delivered,CAR003,LOC-WARE-003,LOC-CUST-8,2026-06-22 15:17:00,2026-06-29 15:17:00,2026-06-27 15:17:00,2026-06-30 15:17:00,2026-07-02 15:17:00
ac478284-e608-46af-a4df-ff07d679e755,CUST012,Delivered,CAR001,LOC-WARE-004,LOC-CUST-10,2026-03-26 15:17:00,2026-03-30 15:17:00,2026-04-02 15:17:00,2026-04-02 15:17:00,2026-03-29 15:17:00
fda3775a-519a-4c54-99bf-db26baf94eb3,CUST012,Delivered,CAR001,LOC-WARE-004,LOC-CUST-10,2026-03-27 15:17:00,2026-04-01 15:17:00,2026-04-01 15:17:00,2026-04-02 15:17:00,2026-03-29 15:17:00
88c42a8d-76e8-4ed9-94dc-c776ea75aff9,CUST006,Delivered,CAR001,LOC-WARE-003,LOC-CUST-4,2026-04-17 15:17:00,2026-04-22 15:17:00,2026-04-23 15:17:00,2026-04-23 15:17:00,2026-04-23 15:17:00
f5b817f2-e9aa-43a8-8849-4feb76c6c5ca,CUST006,Delivered,CAR002,LOC-WARE-004,LOC-CUST-4,2026-05-29 15:17:00,2026-06-05 15:17:00,2026-06-07 15:17:00,2026-06-07 15:17:00,2026-06-03 15:17:00
77a10a6c-dc91-466f-99ae-d45c0e374686,CUST015,Delivered,CAR003,LOC-WARE-004,LOC-CUST-13,2026-04-19 15:17:00,2026-04-22 15:17:00,2026-04-27 15:17:00,2026-04-27 15:17:00,2026-04-26 15:17:00
82802821-2db5-46b2-884f-99d459f302e0,CUST015,Delivered,CAR003,LOC-WARE-004,LOC-CUST-13,2026-04-18 15:17:00,2026-04-21 15:17:00,2026-04-23 15:17:00,2026-04-27 15:17:00,2026-04-26 15:17:00
482c1701-2bea-4d46-815e-9e566616c190,CUST015,Delivered,CAR002,LOC-WARE-003,LOC-CUST-13,2026-04-09 15:17:00,2026-04-13 15:17:00,2026-04-16 15:17:00,2026-04-16 15:17:00,2026-04-14 15:17:00
49a14709-cb74-485b-b365-877abd82d800,CUST009,Delivered,CAR002,LOC-WARE-003,LOC-CUST-7,2026-08-23 15:17:00,2026-08-29 15:17:00,2026-08-30 15:17:00,2026-08-30 15:17:00,2026-08-25 15:17:00
7489278e-f275-45ba-ad02-96bd20f2273d,CUST004,Delivered,CAR003,LOC-WARE-004,LOC-CUST-2,2026-04-06 15:17:00,2026-04-15 15:17:00,2026-04-12 15:17:00,2026-04-18 15:17:00,2026-04-13 15:17:00
53b5ee4d-dcc5-4b9a-9444-8b44db76bb44,CUST004,Delivered,CAR003,LOC-WARE-004,LOC-CUST-2,2026-04-09 15:17:00,2026-04-13 15:17:00,2026-04-18 15:17:00,2026-04-18 15:17:00,2026-04-13 15:17:00
370c8fe5-c0a5-4127-b003-24f3a14b4754,CUST009,Delivered,CAR003,LOC-WARE-004,LOC-CUST-7,2026-07-10 15:17:00,2026-07-16 15:17:00,2026-07-15 15:17:00,2026-07-16 15:17:00,2026-07-13 15:17:00
be70bb70-b4ba-417a-9ffd-8659682c0313,CUST015,Delivered,CAR001,LOC-WARE-003,LOC-CUST-13,2026-04-12 15:17:00,2026-04-16 15:17:00,2026-04-19 15:17:00,2026-04-19 15:17:00,2026-04-21 15:17:00
7068054b-9080-4cae-a4d9-e663dc07d543,CUST015,Delivered,CAR002,LOC-WARE-003,LOC-CUST-13,2026-08-04 15:17:00,2026-08-08 15:17:00,2026-08-09 15:17:00,2026-08-10 15:17:00,2026-08-10 15:17:00
34d55b68-2b3f-49de-a889-ee34375f1b69,CUST015,Delivered,CAR002,LOC-WARE-003,LOC-CUST-13,2026-08-03 15:17:00,2026-08-08 15:17:00,2026-08-10 15:17:00,2026-08-10 15:17:00,2026-08-10 15:17:00
0e7f3f8e-107a-4652-aeb2-b3e11d140973,CUST002,Delivered,CAR002,LOC-WARE-004,LOC-CUST-1,2026-06-15 15:17:00,2026-06-18 15:17:00,2026-06-22 15:17:00,2026-06-22 15:17:00,2026-06-23 15:17:00
6c328886-9a0b-4837-bd68-51b5e5d4c799,CUST004,Delivered,CAR003,LOC-WARE-004,LOC-CUST-2,2026-04-05 15:17:00,2026-04-16 15:17:00,2026-04-10 15:17:00,2026-04-14 15:17:00,2026-04-13 15:17:00
4ad55bce-5f64-4b3e-a80a-cc96730e7155,CUST002,Delivered,CAR001,LOC-WARE-003,LOC-CUST-1,2026-08-16 15:17:00,2026-08-24 15:17:00,2026-08-23 15:17:00,2026-08-23 15:17:00,2026-08-25 15:17:00
a40665ab-049d-494c-8206-7921848509c0,CUST002,Delivered,CAR001,LOC-WARE-003,LOC-CUST-1,2026-08-17 15:17:00,2026-08-20 15:17:00,2026-08-22 15:17:00,2026-08-23 15:17:00,2026-08-25 15:17:00
1a436b3d-d045-4dd9-8fe0-959149c26c71,CUST011,Delivered,CAR003,LOC-WARE-004,LOC-CUST-9,2026-04-17 15:17:00,2026-04-26 15:17:00,2026-04-25 15:17:00,2026-04-25 15:17:00,2026-04-24 15:17:00
ddd827b6-f283-40b2-be2d-39463a845523,CUST015,Delivered,CAR002,LOC-WARE-004,LOC-CUST-13,2026-08-29 15:17:00,2026-09-04 15:17:00,2026-09-06 15:17:00,2026-09-06 15:17:00,2026-09-02 15:17:00
74f7df11-721f-42d7-acad-c465bb2362da,CUST013,Delivered,CAR001,LOC-WARE-004,LOC-CUST-11,2026-07-04 15:17:00,2026-07-08 15:17:00,2026-07-10 15:17:00,2026-07-11 15:17:00,2026-07-10 15:17:00
e2edb8db-03c6-4ad0-ae87-81f8747ec82d,CUST013,Delivered,CAR001,LOC-WARE-004,LOC-CUST-11,2026-07-02 15:17:00,2026-07-09 15:17:00,2026-07-11 15:17:00,2026-07-11 15:17:00,2026-07-10 15:17:00
cf189b58-0ddf-4ac8-b245-4a83569e5f64,CUST011,Delivered,CAR001,LOC-WARE-004,LOC-CUST-9,2026-08-10 15:17:00,2026-08-16 15:17:00,2026-08-19 15:17:00,2026-08-19 15:17:00,2026-08-14 15:17:00
a59681f1-4333-4577-89e6-2c7e405ab717,CUST013,Delivered,CAR002,LOC-WARE-004,LOC-CUST-11,2026-05-06 15:17:00,2026-05-12 15:17:00,2026-05-11 15:17:00,2026-05-11 15:17:00,2026-05-08 15:17:00
4d9e887e-9a33-4876-9102-c7b841755d4d,CUST010,Delivered,CAR001,LOC-WARE-004,LOC-CUST-8,2026-09-02 15:17:00,2026-09-05 15:17:00,2026-09-07 15:17:00,2026-09-08 15:17:00,2026-09-06 15:17:00
9613cc89-bc96-4071-8119-3c139d3b52bb,CUST010,Delivered,CAR001,LOC-WARE-004,LOC-CUST-8,2026-08-31 15:17:00,2026-09-09 15:17:00,2026-09-08 15:17:00,2026-09-08 15:17:00,2026-09-06 15:17:00
620d9eac-6329-4deb-b284-091b926a4e29,CUST015,Delivered,CAR001,LOC-WARE-004,LOC-CUST-13,2026-09-05 15:17:00,2026-09-10 15:17:00,2026-09-10 15:17:00,2026-09-10 15:17:00,2026-09-07 15:17:00
ea72d015-2cc3-453c-b24d-8701f157fa78,CUST004,Delivered,CAR002,LOC-WARE-004,LOC-CUST-2,2026-05-15 15:17:00,2026-05-22 15:17:00,2026-05-22 15:17:00,2026-05-22 15:17:00,2026-05-21 15:17:00
3677860c-9cb8-421c-90e6-eac56c8551cf,CUST005,Delivered,CAR001,LOC-WARE-004,LOC-CUST-3,2026-05-07 15:17:00,2026-05-14 15:17:00,2026-05-15 15:17:00,2026-05-15 15:17:00,2026-05-08 15:17:00
db755bd8-0c9a-4b61-b158-559be3f38d02,CUST005,Delivered,CAR001,LOC-WARE-004,LOC-CUST-3,2026-05-03 15:17:00,2026-05-14 15:17:00,2026-05-12 15:17:00,2026-05-15 15:17:00,2026-05-08 15:17:00
d09080a2-bb3e-45dd-a584-321467069fe5,CUST005,Delivered,CAR001,LOC-WARE-003,LOC-CUST-3,2026-05-18 15:17:00,2026-05-23 15:17:00,2026-05-27 15:17:00,2026-05-27 15:17:00,2026-05-29 15:17:00
fa4a512f-3913-4477-9695-b6f6874ef706,CUST014,Delivered,CAR001,LOC-WARE-004,LOC-CUST-12,2026-05-28 15:17:00,2026-06-02 15:17:00,2026-06-04 15:17:00,2026-06-05 15:17:00,2026-06-04 15:17:00
9704e04d-d6e3-45fa-9ff5-10bf095ffcd9,CUST008,Delivered,CAR002,LOC-WARE-004,LOC-CUST-6,2026-07-07 15:17:00,2026-07-12 15:17:00,2026-07-15 15:17:00,2026-07-15 15:17:00,2026-07-16 15:17:00
e5c11987-aa4c-4574-a91e-182b6a807216,CUST008,Delivered,CAR002,LOC-WARE-004,LOC-CUST-6,2026-07-09 15:17:00,2026-07-16 15:17:00,2026-07-14 15:17:00,2026-07-15 15:17:00,2026-07-16 15:17:00
c2f62a31-5344-4293-bee2-948d7956b42e,CUST002,Delivered,CAR001,LOC-WARE-003,LOC-CUST-1,2026-04-10 15:17:00,2026-04-19 15:17:00,2026-04-18 15:17:00,2026-04-18 15:17:00,2026-04-17 15:17:00
24ccb972-abf2-440b-9b04-6d9a8df947d8,CUST012,Delivered,CAR003,LOC-WARE-003,LOC-CUST-10,2026-06-12 15:17:00,2026-06-17 15:17:00,2026-06-17 15:17:00,2026-06-18 15:17:00,2026-06-21 15:17:00
2ba4b948-06b6-47e4-a822-2a82ce5a5ab9,CUST011,Delivered,CAR001,LOC-WARE-003,LOC-CUST-9,2026-07-06 15:17:00,2026-07-12 15:17:00,2026-07-14 15:17:00,2026-07-14 15:17:00,2026-07-15 15:17:00
3564f38b-0b1b-4274-ae66-c4b11f549ff9,CUST011,Delivered,CAR001,LOC-WARE-003,LOC-CUST-9,2026-07-07 15:17:00,2026-07-12 15:17:00,2026-07-14 15:17:00,2026-07-14 15:17:00,2026-07-15 15:17:00
bd034355-2eea-49a7-9b26-cc3640711294,CUST007,Delivered,CAR003,LOC-WARE-004,LOC-CUST-5,2026-07-20 15:17:00,2026-07-23 15:17:00,2026-07-27 15:17:00,2026-07-27 15:17:00,2026-07-23 15:17:00
3f7dc7bf-141a-42ce-acdf-eb6596905827,CUST008,Delivered,CAR002,LOC-WARE-004,LOC-CUST-6,2026-03-15 15:17:00,2026-03-21 15:17:00,2026-03-22 15:17:00,2026-03-23 15:17:00,2026-03-25 15:17:00
a9b82201-2e7d-442c-9dc5-d4a55ab5738e,CUST008,Delivered,CAR001,LOC-WARE-003,LOC-CUST-6,2026-05-27 15:17:00,2026-06-02 15:17:00,2026-06-01 15:17:00,2026-06-04 15:17:00,2026-06-05 15:17:00
98a7d124-0948-4edd-8a56-78508f276114,CUST008,Delivered,CAR001,LOC-WARE-003,LOC-CUST-6,2026-05-26 15:17:00,2026-06-04 15:17:00,2026-06-04 15:17:00,2026-06-04 15:17:00,2026-06-05 15:17:00
bae82053-6e1e-4f9b-8029-31c3b947e64c,CUST012,Delivered,CAR002,LOC-WARE-004,LOC-CUST-10,2026-08-10 15:17:00,2026-08-16 15:17:00,2026-08-17 15:17:00,2026-08-17 15:17:00,2026-08-14 15:17:00
63199a8e-5d34-4184-8552-f9d778b7279f,CUST013,Delivered,CAR001,LOC-WARE-003,LOC-CUST-11,2026-04-23 15:17:00,2026-04-27 15:17:00,2026-05-02 15:17:00,2026-05-02 15:17:00,2026-05-01 15:17:00
b6247a00-25d2-491a-a4b5-8501cf68c07d,CUST008,Delivered,CAR003,LOC-WARE-003,LOC-CUST-6,2026-08-15 15:17:00,2026-08-23 15:17:00,2026-08-22 15:17:00,2026-08-25 15:17:00,2026-08-26 15:17:00
97e782aa-eed3-498a-a947-3bc6ab8e7544,CUST008,Delivered,CAR003,LOC-WARE-003,LOC-CUST-6,2026-08-19 15:17:00,2026-08-21 15:17:00,2026-08-25 15:17:00,2026-08-25 15:17:00,2026-08-26 15:17:00
1cc9da15-e288-474c-9307-c9e76b3d0a8b,CUST007,Delivered,CAR001,LOC-WARE-004,LOC-CUST-5,2026-05-15 15:17:00,2026-05-23 15:17:00,2026-05-22 15:17:00,2026-05-22 15:17:00,2026-05-20 15:17:00
0645b440-c6dc-45c8-9cd2-f730c4c8d298,CUST015,Delivered,CAR003,LOC-WARE-004,LOC-CUST-13,2026-08-26 15:17:00,2026-08-31 15:17:00,2026-09-02 15:17:00,2026-09-03 15:17:00,2026-09-03 15:17:00
78c98486-3382-4f98-979c-c541ea21a2fc,CUST005,Delivered,CAR001,LOC-WARE-003,LOC-CUST-3,2026-06-13 15:17:00,2026-06-18 15:17:00,2026-06-18 15:17:00,2026-06-23 15:17:00,2026-06-22 15:17:00
9c2aec69-0ef9-460b-a134-3dda90415e64,CUST005,Delivered,CAR001,LOC-WARE-003,LOC-CUST-3,2026-06-15 15:17:00,2026-06-17 15:17:00,2026-06-23 15:17:00,2026-06-23 15:17:00,2026-06-22 15:17:00
002d03f4-6d15-425f-85af-2e58ffeeff4c,CUST002,Delivered,CAR002,LOC-WARE-004,LOC-CUST-1,2026-05-17 15:17:00,2026-05-26 15:17:00,2026-05-25 15:17:00,2026-05-26 15:17:00,2026-05-27 15:17:00
13e36ca6-61ee-4c1e-b88c-5c2094be1c88,CUST013,Delivered,CAR001,LOC-WARE-003,LOC-CUST-11,2026-06-06 15:17:00,2026-06-13 15:17:00,2026-06-14 15:17:00,2026-06-14 15:17:00,2026-06-12 15:17:00
3f822427-0231-4d45-b31c-c50ae0256ee2,CUST004,Delivered,CAR003,LOC-WARE-004,LOC-CUST-2,2026-07-25 15:17:00,2026-07-27 15:17:00,2026-08-02 15:17:00,2026-08-02 15:17:00,2026-07-28 15:17:00
de71afac-e18b-4bc8-a4ca-82438e4c3c43,CUST004,Delivered,CAR003,LOC-WARE-004,LOC-CUST-2,2026-07-24 15:17:00,2026-07-31 15:17:00,2026-08-01 15:17:00,2026-08-02 15:17:00,2026-07-28 15:17:00
7741925f-0f0e-4f8a-92c1-c1ca483f34a8,CUST002,Delivered,CAR002,LOC-WARE-004,LOC-CUST-1,2026-08-27 15:17:00,2026-08-30 15:17:00,2026-09-05 15:17:00,2026-09-05 15:17:00,2026-08-29 15:17:00
5cb5262d-9b06-4d06-bace-9d72c06b3c67,CUST008,Delivered,CAR002,LOC-WARE-003,LOC-CUST-6,2026-03-17 15:17:00,2026-03-24 15:17:00,2026-03-26 15:17:00,2026-03-26 15:17:00,2026-03-27 15:17:00
151934ff-5394-4463-948f-52ae1c346d6c,CUST005,Delivered,CAR001,LOC-WARE-003,LOC-CUST-3,2026-08-19 15:17:00,2026-08-25 15:17:00,2026-08-28 15:17:00,2026-08-28 15:17:00,2026-08-21 15:17:00
3c7d5351-07d3-4b85-8fb0-6d7583b43475,CUST005,Delivered,CAR001,LOC-WARE-003,LOC-CUST-3,2026-08-16 15:17:00,2026-08-21 15:17:00,2026-08-24 15:17:00,2026-08-28 15:17:00,2026-08-21 15:17:00
bef5f4f8-8928-4828-a81f-cc91963e1830,CUST011,Delivered,CAR003,LOC-WARE-004,LOC-CUST-9,2026-08-23 15:17:00,2026-08-25 15:17:00,2026-08-30 15:17:00,2026-08-30 15:17:00,2026-08-27 15:17:00
f0e575e7-9012-4a0e-9671-c8079566ff56,CUST008,Delivered,CAR002,LOC-WARE-003,LOC-CUST-6,2026-07-11 15:17:00,2026-07-13 15:17:00,2026-07-18 15:17:00,2026-07-18 15:17:00,2026-07-13 15:17:00
57a559ec-7409-402d-8099-42fdc535a8d8,CUST008,Delivered,CAR002,LOC-WARE-003,LOC-CUST-6,2026-06-05 15:17:00,2026-06-08 15:17:00,2026-06-12 15:17:00,2026-06-12 15:17:00,2026-06-07 15:17:00
2cdc5c1a-a07d-405b-8ffb-cccd81719702,CUST008,Delivered,CAR002,LOC-WARE-003,LOC-CUST-6,2026-06-04 15:17:00,2026-06-13 15:17:00,2026-06-12 15:17:00,2026-06-12 15:17:00,2026-06-07 15:17:00
dc4b90ef-0b0b-47b2-a835-92969f60a68b,CUST004,Delivered,CAR001,LOC-WARE-003,LOC-CUST-2,2026-06-12 15:17:00,2026-06-15 15:17:00,2026-06-19 15:17:00,2026-06-19 15:17:00,2026-06-14 15:17:00
90a07485-320f-4092-82b7-c0487189730b,CUST006,Delivered,CAR002,LOC-WARE-004,LOC-CUST-4,2026-04-14 15:17:00,2026-04-17 15:17:00,2026-04-19 15:17:00,2026-04-19 15:17:00,2026-04-21 15:17:00
92ca8f5b-8011-4420-b6d3-8057e5810b4a,CUST015,Delivered,CAR003,LOC-WARE-004,LOC-CUST-13,2026-05-12 15:17:00,2026-05-20 15:17:00,2026-05-17 15:17:00,2026-05-19 15:17:00,2026-05-17 15:17:00
4e8269b2-99e4-4422-9599-591b5aab5880,CUST015,Delivered,CAR003,LOC-WARE-004,LOC-CUST-13,2026-05-11 15:17:00,2026-05-19 15:17:00,2026-05-19 15:17:00,2026-05-19 15:17:00,2026-05-17 15:17:00
647dae99-b375-4b48-b23a-4c787e05d299,CUST014,Delivered,CAR002,LOC-WARE-004,LOC-CUST-12,2026-05-09 15:17:00,2026-05-12 15:17:00,2026-05-17 15:17:00,2026-05-17 15:17:00,2026-05-14 15:17:00
2dcfb039-3c41-4777-a568-06b7f3e34321,CUST012,Delivered,CAR001,LOC-WARE-004,LOC-CUST-10,2026-07-15 15:17:00,2026-07-17 15:17:00,2026-07-20 15:17:00,2026-07-20 15:17:00,2026-07-16 15:17:00
690c428e-a4df-48c0-9f67-02a030f75ecf,CUST012,Delivered,CAR001,LOC-WARE-004,LOC-CUST-10,2026-06-20 15:17:00,2026-06-22 15:17:00,2026-06-25 15:17:00,2026-06-29 15:17:00,2026-06-26 15:17:00
86fdca6e-e37a-4bfb-a62f-62b97566de04,CUST012,Delivered,CAR001,LOC-WARE-004,LOC-CUST-10,2026-06-20 15:17:00,2026-06-28 15:17:00,2026-06-29 15:17:00,2026-06-29 15:17:00,2026-06-26 15:17:00
3136364a-e061-49bb-9ca9-4e53eb074fe4,CUST005,Delivered,CAR002,LOC-WARE-003,LOC-CUST-3,2026-03-31 15:17:00,2026-04-06 15:17:00,2026-04-08 15:17:00,2026-04-08 15:17:00,2026-04-06 15:17:00
ffe8604d-6e34-4020-8b57-9f8dac219fa1,CUST008,Delivered,CAR001,LOC-WARE-003,LOC-CUST-6,2026-05-18 15:17:00,2026-05-27 15:17:00,2026-05-25 15:17:00,2026-05-25 15:17:00,2026-05-24 15:17:00
8deccae1-0e8d-4a7e-9e79-00fba076f897,CUST013,Delivered,CAR001,LOC-WARE-003,LOC-CUST-11,2026-08-18 15:17:00,2026-08-26 15:17:00,2026-08-23 15:17:00,2026-08-31 15:17:00,2026-08-29 15:17:00
49f89a50-1234-42ab-bb03-82d6b3261fc2,CUST013,Delivered,CAR001,LOC-WARE-003,LOC-CUST-11,2026-08-22 15:17:00,2026-08-29 15:17:00,2026-08-31 15:17:00,2026-08-31 15:17:00,2026-08-29 15:17:00
6693236b-ac91-4a74-ac3c-33b73a679e5a,CUST014,Delivered,CAR002,LOC-WARE-004,LOC-CUST-12,2026-04-20 15:17:00,2026-04-25 15:17:00,2026-04-27 15:17:00,2026-04-27 15:17:00,2026-04-26 15:17:00
ae07caaf-2326-41ca-9c5d-d05578788307,CUST005,Delivered,CAR001,LOC-WARE-004,LOC-CUST-3,2026-04-23 15:17:00,2026-05-03 15:17:00,2026-05-02 15:17:00,2026-05-02 15:17:00,2026-04-30 15:17:00
2418f03a-3bb5-43ac-bd8e-28156485b87e,CUST008,Delivered,CAR002,LOC-WARE-003,LOC-CUST-6,2026-03-31 15:17:00,2026-04-10 15:17:00,2026-04-07 15:17:00,2026-04-07 15:17:00,2026-04-09 15:17:00
40b8ea7c-b4e8-42a8-adab-25e43ea88dc3,CUST008,Delivered,CAR002,LOC-WARE-003,LOC-CUST-6,2026-03-31 15:17:00,2026-04-08 15:17:00,2026-04-07 15:17:00,2026-04-07 15:17:00,2026-04-09 15:17:00
070f7b7b-6eb8-44d9-a4f5-cf3df407c680,CUST009,Delivered,CAR002,LOC-WARE-004,LOC-CUST-7,2026-05-10 15:17:00,2026-05-17 15:17:00,2026-05-19 15:17:00,2026-05-19 15:17:00,2026-05-11 15:17:00
9813ced1-478e-4b0a-8f91-6a321bfe4700,CUST002,Delivered,CAR002,LOC-WARE-003,LOC-CUST-1,2026-04-01 15:17:00,2026-04-02 15:17:00,2026-04-08 15:17:00,2026-04-08 15:17:00,2026-04-05 15:17:00
6a83d685-404b-48c9-bc95-2806a853278f,CUST013,Delivered,CAR002,LOC-WARE-004,LOC-CUST-11,2026-06-29 15:17:00,2026-07-05 15:17:00,2026-07-08 15:17:00,2026-07-08 15:17:00,2026-07-10 15:17:00
d157e557-4f39-4245-95c8-c2fcde84e605,CUST013,Delivered,CAR002,LOC-WARE-004,LOC-CUST-11,2026-07-02 15:17:00,2026-07-10 15:17:00,2026-07-07 15:17:00,2026-07-08 15:17:00,2026-07-10 15:17:00
a171fe75-bb4d-4358-8f6c-88e193ea5129,CUST011,Delivered,CAR001,LOC-WARE-003,LOC-CUST-9,2026-07-27 15:17:00,2026-08-04 15:17:00,2026-08-03 15:17:00,2026-08-03 15:17:00,2026-08-06 15:17:00
8803c3b3-aabc-4c17-87e2-40196228eadc,CUST007,Delivered,CAR001,LOC-WARE-004,LOC-CUST-5,2026-06-26 15:17:00,2026-07-04 15:17:00,2026-07-05 15:17:00,2026-07-05 15:17:00,2026-07-01 15:17:00
6ca5b497-6d1a-444f-8cb8-44f082880ddf,CUST002,Delivered,CAR003,LOC-WARE-004,LOC-CUST-1,2026-03-21 15:17:00,2026-03-28 15:17:00,2026-03-27 15:17:00,2026-03-31 15:17:00,2026-04-02 15:17:00
1d7c0469-8b25-4a9a-8432-1eacf7e16ba6,CUST002,Delivered,CAR003,LOC-WARE-004,LOC-CUST-1,2026-03-22 15:17:00,2026-04-02 15:17:00,2026-03-31 15:17:00,2026-03-31 15:17:00,2026-04-02 15:17:00
275b9a5f-a476-4a67-83c5-4d9650edf6db,CUST015,Delivered,CAR001,LOC-WARE-004,LOC-CUST-13,2026-07-07 15:17:00,2026-07-13 15:17:00,2026-07-16 15:17:00,2026-07-16 15:17:00,2026-07-15 15:17:00
b507dae5-1839-4443-8c6a-86c3b4d8cd72,CUST007,Delivered,CAR001,LOC-WARE-003,LOC-CUST-5,2026-06-25 15:17:00,2026-06-28 15:17:00,2026-07-02 15:17:00,2026-07-02 15:17:00,2026-07-02 15:17:00
4b50d894-57ed-4ba1-aeed-7b167f29840c,CUST004,Delivered,CAR001,LOC-WARE-004,LOC-CUST-2,2026-06-25 15:17:00,2026-07-04 15:17:00,2026-07-02 15:17:00,2026-07-04 15:17:00,2026-07-05 15:17:00
99c98500-1c89-48aa-b47d-b12671f2a02b,CUST004,Delivered,CAR001,LOC-WARE-004,LOC-CUST-2,2026-06-25 15:17:00,2026-07-06 15:17:00,2026-07-04 15:17:00,2026-07-04 15:17:00,2026-07-05 15:17:00
c45c0f15-9536-44c2-a763-0e055d458462,CUST008,Delivered,CAR003,LOC-WARE-004,LOC-CUST-6,2026-08-14 15:17:00,2026-08-19 15:17:00,2026-08-19 15:17:00,2026-08-22 15:17:00,2026-08-19 15:17:00
2bcfecbc-68c2-4d88-af48-42769a39364c,CUST008,Delivered,CAR001,LOC-WARE-003,LOC-CUST-6,2026-08-28 15:17:00,2026-09-06 15:17:00,2026-09-04 15:17:00,2026-09-06 15:17:00,2026-09-08 15:17:00
f7984bc2-a5f8-4402-8d6d-0d6f0fc0979e,CUST013,Delivered,CAR003,LOC-WARE-003,LOC-CUST-11,2026-06-15 15:17:00,2026-06-17 15:17:00,2026-06-23 15:17:00,2026-06-23 15:17:00,2026-06-19 15:17:00
01f00a79-ba00-4601-92fc-a71e1c2316a1,CUST013,Delivered,CAR003,LOC-WARE-003,LOC-CUST-11,2026-06-13 15:17:00,2026-06-21 15:17:00,2026-06-22 15:17:00,2026-06-23 15:17:00,2026-06-19 15:17:00
2a22eda0-f662-4325-97ac-2b9be89862e5,CUST005,Delivered,CAR001,LOC-WARE-003,LOC-CUST-3,2026-05-26 15:17:00,2026-06-04 15:17:00,2026-05-31 15:17:00,2026-06-03 15:17:00,2026-06-06 15:17:00
5666452f-ae61-4f28-8430-7e8f97cb1ca2,CUST011,Delivered,CAR002,LOC-WARE-004,LOC-CUST-9,2026-07-06 15:17:00,2026-07-13 15:17:00,2026-07-15 15:17:00,2026-07-15 15:17:00,2026-07-16 15:17:00
a918092d-e499-4944-a6a6-ce7eb1f1bd2d,CUST007,Delivered,CAR003,LOC-WARE-003,LOC-CUST-5,2026-09-03 15:17:00,2026-09-10 15:17:00,2026-09-08 15:17:00,2026-09-09 15:17:00,2026-09-08 15:17:00
9af6ca0d-177d-4ab7-972e-df7e2ee05a66,CUST007,Delivered,CAR003,LOC-WARE-003,LOC-CUST-5,2026-09-01 15:17:00,2026-09-08 15:17:00,2026-09-09 15:17:00,2026-09-09 15:17:00,2026-09-08 15:17:00
ab730ab8-bf65-4af9-9605-f5d5fce68cb7,CUST006,Delivered,CAR002,LOC-WARE-003,LOC-CUST-4,2026-09-02 15:17:00,2026-09-09 15:17:00,2026-09-08 15:17:00,2026-09-08 15:17:00,2026-09-05 15:17:00
ab05a55d-d8ce-4a12-94f2-60ac2741c922,CUST005,Delivered,CAR001,LOC-WARE-003,LOC-CUST-3,2026-04-28 15:17:00,2026-05-06 15:17:00,2026-05-06 15:17:00,2026-05-06 15:17:00,2026-05-07 15:17:00
18c1f39a-61b9-4fdd-bb03-5618e8f40531,CUST006,Delivered,CAR003,LOC-WARE-004,LOC-CUST-4,2026-08-02 15:17:00,2026-08-09 15:17:00,2026-08-08 15:17:00,2026-08-10 15:17:00,2026-08-08 15:17:00
183f7fcb-7ade-4257-98ee-0d6b626e2ba2,CUST006,Delivered,CAR003,LOC-WARE-004,LOC-CUST-4,2026-08-01 15:17:00,2026-08-05 15:17:00,2026-08-10 15:17:00,2026-08-10 15:17:00,2026-08-08 15:17:00
a6d54da0-26b2-4c25-81fe-eb882eaea7cd,CUST002,Delivered,CAR002,LOC-WARE-004,LOC-CUST-1,2026-05-01 15:17:00,2026-05-04 15:17:00,2026-05-09 15:17:00,2026-05-09 15:17:00,2026-05-03 15:17:00
8d207fd0-f681-437d-a9ee-2c9eb3be112f,CUST004,Delivered,CAR003,LOC-WARE-004,LOC-CUST-2,2026-05-12 15:17:00,2026-05-19 15:17:00,2026-05-18 15:17:00,2026-05-21 15:17:00,2026-05-21 15:17:00
6195b7ef-cba5-40de-814d-7a4bbb8841bf,CUST015,Delivered,CAR001,LOC-WARE-003,LOC-CUST-13,2026-08-13 15:17:00,2026-08-17 15:17:00,2026-08-21 15:17:00,2026-08-22 15:17:00,2026-08-18 15:17:00
1574e2c8-dd6f-48c6-b1db-1928e9c93242,CUST015,Delivered,CAR001,LOC-WARE-003,LOC-CUST-13,2026-08-14 15:17:00,2026-08-18 15:17:00,2026-08-22 15:17:00,2026-08-22 15:17:00,2026-08-18 15:17:00
558e0757-8d08-4ab4-a514-249ef7203b10,CUST008,Delivered,CAR001,LOC-WARE-004,LOC-CUST-6,2026-05-02 15:17:00,2026-05-08 15:17:00,2026-05-09 15:17:00,2026-05-09 15:17:00,2026-05-06 15:17:00
14601500-4e34-4a8a-af05-ff7058306e76,CUST014,Delivered,CAR003,LOC-WARE-003,LOC-CUST-12,2026-08-20 15:17:00,2026-08-22 15:17:00,2026-08-29 15:17:00,2026-08-29 15:17:00,2026-08-25 15:17:00
f1ba9fcc-f50d-43c8-adbf-32f2550cb38a,CUST005,Delivered,CAR003,LOC-WARE-003,LOC-CUST-3,2026-07-23 15:17:00,2026-07-27 15:17:00,2026-07-30 15:17:00,2026-07-30 15:17:00,2026-07-26 15:17:00
34fbc259-3aad-48ca-b484-a99a5e1e94b6,CUST005,Delivered,CAR003,LOC-WARE-003,LOC-CUST-3,2026-07-22 15:17:00,2026-07-31 15:17:00,2026-07-30 15:17:00,2026-07-30 15:17:00,2026-07-26 15:17:00
73853282-465d-438a-b6fa-c5d2a925631f,CUST014,Delivered,CAR003,LOC-WARE-003,LOC-CUST-12,2026-08-10 15:17:00,2026-08-19 15:17:00,2026-08-16 15:17:00,2026-08-17 15:17:00,2026-08-14 15:17:00
59051103-2c28-4575-bac5-d2f57cc23652,CUST012,Delivered,CAR002,LOC-WARE-004,LOC-CUST-10,2026-04-12 15:17:00,2026-04-17 15:17:00,2026-04-17 15:17:00,2026-04-19 15:17:00,2026-04-21 15:17:00
7930322d-9de2-4622-9449-d5c18b096ac8,CUST002,Delivered,CAR003,LOC-WARE-003,LOC-CUST-1,2026-05-24 15:17:00,2026-06-01 15:17:00,2026-05-30 15:17:00,2026-05-30 15:17:00,2026-05-27 15:17:00
51a59214-9dd7-4657-9f9b-958dd870499e,CUST002,Delivered,CAR003,LOC-WARE-003,LOC-CUST-1,2026-05-24 15:17:00,2026-05-29 15:17:00,2026-05-30 15:17:00,2026-05-30 15:17:00,2026-05-27 15:17:00
cb33e6fb-125f-46c5-ab1e-4bf043b90bdb,CUST010,Delivered,CAR001,LOC-WARE-004,LOC-CUST-8,2026-03-08 15:17:00,2026-03-13 15:17:00,2026-03-17 15:17:00,2026-03-17 15:17:00,2026-03-16 15:17:00
2869f434-3b6a-45ca-a615-d996fc217ca0,CUST012,Delivered,CAR002,LOC-WARE-004,LOC-CUST-10,2026-07-07 15:17:00,2026-07-15 15:17:00,2026-07-14 15:17:00,2026-07-14 15:17:00,2026-07-13 15:17:00
a0975e54-9257-4f1f-bf98-1f7a9ccd015a,CUST012,Delivered,CAR003,LOC-WARE-004,LOC-CUST-10,2026-08-23 15:17:00,2026-08-26 15:17:00,2026-09-01 15:17:00,2026-09-01 15:17:00,2026-08-28 15:17:00
d2b9138a-5137-46a2-a93a-1d565b5d1fcb,CUST012,Delivered,CAR003,LOC-WARE-004,LOC-CUST-10,2026-08-21 15:17:00,2026-08-26 15:17:00,2026-08-30 15:17:00,2026-09-01 15:17:00,2026-08-28 15:17:00
3d6f6a72-0968-47ee-b212-fb468272009d,CUST002,Delivered,CAR002,LOC-WARE-003,LOC-CUST-1,2026-05-20 15:17:00,2026-05-24 15:17:00,2026-05-26 15:17:00,2026-05-26 15:17:00,2026-05-22 15:17:00
c84b2a86-4b60-470b-8efe-baaf0cfe91fa,CUST013,Delivered,CAR002,LOC-WARE-004,LOC-CUST-11,2026-04-27 15:17:00,2026-04-28 15:17:00,2026-05-02 15:17:00,2026-05-02 15:17:00,2026-05-04 15:17:00
e390f571-7c4a-4c30-a9dd-efc9f9a0ac63,CUST004,Delivered,CAR003,LOC-WARE-003,LOC-CUST-2,2026-05-10 15:17:00,2026-05-12 15:17:00,2026-05-17 15:17:00,2026-05-17 15:17:00,2026-05-17 15:17:00
72af9144-3bfc-451f-811f-d93709e9317b,CUST004,Delivered,CAR003,LOC-WARE-003,LOC-CUST-2,2026-05-08 15:17:00,2026-05-16 15:17:00,2026-05-16 15:17:00,2026-05-17 15:17:00,2026-05-17 15:17:00
58c03ce8-f46c-43a4-a401-49f8ac99866c,CUST010,Delivered,CAR002,LOC-WARE-003,LOC-CUST-8,2026-08-08 15:17:00,2026-08-19 15:17:00,2026-08-14 15:17:00,2026-08-17 15:17:00,2026-08-16 15:17:00
4e37b139-b825-4094-9ffa-cca589d21926,CUST007,Delivered,CAR001,LOC-WARE-004,LOC-CUST-5,2026-03-30 15:17:00,2026-04-03 15:17:00,2026-04-04 15:17:00,2026-04-05 15:17:00,2026-04-07 15:17:00
c7eb95b6-e2af-44ba-8057-5646e17369d6,CUST006,Delivered,CAR002,LOC-WARE-004,LOC-CUST-4,2026-06-30 15:17:00,2026-07-06 15:17:00,2026-07-06 15:17:00,2026-07-07 15:17:00,2026-07-07 15:17:00
e53f0019-edfb-48e3-86ca-a7adcacf3072,CUST006,Delivered,CAR002,LOC-WARE-004,LOC-CUST-4,2026-06-29 15:17:00,2026-07-03 15:17:00,2026-07-07 15:17:00,2026-07-07 15:17:00,2026-07-07 15:17:00
83c3fd96-336b-4507-a3bb-a801200c229b,CUST009,Delivered,CAR003,LOC-WARE-003,LOC-CUST-7,2026-08-26 15:17:00,2026-09-02 15:17:00,2026-08-31 15:17:00,2026-09-03 15:17:00,2026-09-03 15:17:00
60934c6f-d6f3-477b-b540-1c01192f997d,CUST010,Delivered,CAR001,LOC-WARE-003,LOC-CUST-8,2026-04-13 15:17:00,2026-04-18 15:17:00,2026-04-21 15:17:00,2026-04-21 15:17:00,2026-04-14 15:17:00
44d9cd41-b0cd-40f4-ab44-de24f0223b95,CUST010,Delivered,CAR003,LOC-WARE-003,LOC-CUST-8,2026-04-30 15:17:00,2026-05-02 15:17:00,2026-05-09 15:17:00,2026-05-09 15:17:00,2026-05-04 15:17:00
8259de0e-74e5-4dde-b783-2f361c95bedc,CUST010,Delivered,CAR003,LOC-WARE-003,LOC-CUST-8,2026-04-30 15:17:00,2026-05-06 15:17:00,2026-05-07 15:17:00,2026-05-09 15:17:00,2026-05-04 15:17:00
7f984089-1344-4f7f-b68a-20c020363ea1,CUST006,Delivered,CAR003,LOC-WARE-003,LOC-CUST-4,2026-04-28 15:17:00,2026-05-08 15:17:00,2026-05-04 15:17:00,2026-05-05 15:17:00,2026-05-06 15:17:00
02a4b364-f44a-44e4-9c8c-373edaad2531,CUST012,Delivered,CAR002,LOC-WARE-003,LOC-CUST-10,2026-05-25 15:17:00,2026-06-05 15:17:00,2026-05-31 15:17:00,2026-06-02 15:17:00,2026-06-04 15:17:00
add5d4e7-3c3f-4615-8e63-73d3f15ce3af,CUST015,Delivered,CAR002,LOC-WARE-004,LOC-CUST-13,2026-04-25 15:17:00,2026-05-01 15:17:00,2026-04-30 15:17:00,2026-05-01 15:17:00,2026-04-27 15:17:00
730e598d-0c0d-4549-94a6-07578efe6dd8,CUST015,Delivered,CAR002,LOC-WARE-004,LOC-CUST-13,2026-04-24 15:17:00,2026-04-27 15:17:00,2026-05-01 15:17:00,2026-05-01 15:17:00,2026-04-27 15:17:00
de7d2a89-49fd-4d6f-b331-2406be97db6b,CUST012,Delivered,CAR002,LOC-WARE-004,LOC-CUST-10,2026-06-19 15:17:00,2026-06-23 15:17:00,2026-06-26 15:17:00,2026-06-26 15:17:00,2026-06-22 15:17:00
f9292c35-06dc-4f8a-b3d8-6684b1a79ee6,CUST006,Delivered,CAR003,LOC-WARE-004,LOC-CUST-4,2026-04-13 15:17:00,2026-04-18 15:17:00,2026-04-18 15:17:00,2026-04-20 15:17:00,2026-04-22 15:17:00
dea20dae-d733-4afb-9762-72eaa0b0f4f4,CUST015,Delivered,CAR003,LOC-WARE-004,LOC-CUST-13,2026-04-11 15:17:00,2026-04-15 15:17:00,2026-04-20 15:17:00,2026-04-20 15:17:00,2026-04-17 15:17:00
5238a453-5099-4b27-805c-4a3cb3423574,CUST015,Delivered,CAR003,LOC-WARE-004,LOC-CUST-13,2026-04-10 15:17:00,2026-04-21 15:17:00,2026-04-16 15:17:00,2026-04-20 15:17:00,2026-04-17 15:17:00
b8f43a07-524d-466a-bb40-0fb78476f58b,CUST006,Delivered,CAR002,LOC-WARE-003,LOC-CUST-4,2026-09-01 15:17:00,2026-09-05 15:17:00,2026-09-10 15:17:00,2026-09-10 15:17:00,2026-09-10 15:17:00
fd3cd996-7599-4e12-9774-e7da8c9131e4,CUST012,Delivered,CAR001,LOC-WARE-003,LOC-CUST-10,2026-07-12 15:17:00,2026-07-18 15:17:00,2026-07-20 15:17:00,2026-07-20 15:17:00,2026-07-16 15:17:00
9a5d7098-82b5-482f-994a-2c34b13abb82,CUST004,Delivered,CAR002,LOC-WARE-003,LOC-CUST-2,2026-04-10 15:17:00,2026-04-15 15:17:00,2026-04-18 15:17:00,2026-04-18 15:17:00,2026-04-21 15:17:00
b3bca5de-486b-4121-ba41-0306fae8cf4a,CUST004,Delivered,CAR002,LOC-WARE-003,LOC-CUST-2,2026-04-10 15:17:00,2026-04-16 15:17:00,2026-04-18 15:17:00,2026-04-18 15:17:00,2026-04-21 15:17:00
39350e7d-7e24-4882-906e-00879039bc79,CUST006,Delivered,CAR002,LOC-WARE-003,LOC-CUST-4,2026-06-02 15:17:00,2026-06-09 15:17:00,2026-06-07 15:17:00,2026-06-07 15:17:00,2026-06-03 15:17:00
26dc9e9e-e012-43ea-adaa-81fee6eb757a,CUST007,Delivered,CAR003,LOC-WARE-003,LOC-CUST-5,2026-08-18 15:17:00,2026-08-25 15:17:00,2026-08-26 15:17:00,2026-08-26 15:17:00,2026-08-26 15:17:00
dd59019a-da06-46e6-a766-fc1237f4dccc,CUST005,Delivered,CAR003,LOC-WARE-004,LOC-CUST-3,2026-05-11 15:17:00,2026-05-20 15:17:00,2026-05-19 15:17:00,2026-05-19 15:17:00,2026-05-20 15:17:00
8e53de95-ecbf-45b9-9297-68b92cdca12a,CUST005,Delivered,CAR003,LOC-WARE-004,LOC-CUST-3,2026-05-11 15:17:00,2026-05-19 15:17:00,2026-05-16 15:17:00,2026-05-19 15:17:00,2026-05-20 15:17:00
a889e8ec-b9aa-41e0-9db9-3fb11cbac9d2,CUST011,Delivered,CAR003,LOC-WARE-003,LOC-CUST-9,2026-04-19 15:17:00,2026-04-29 15:17:00,2026-04-26 15:17:00,2026-04-26 15:17:00,2026-04-25 15:17:00
d6a77680-1e1e-43ea-bb60-88f9ee140187,CUST014,Delivered,CAR003,LOC-WARE-004,LOC-CUST-12,2026-06-13 15:17:00,2026-06-16 15:17:00,2026-06-21 15:17:00,2026-06-21 15:17:00,2026-06-18 15:17:00
27b65a7d-1d34-4774-b7ec-2ec9ccab78cf,CUST012,Delivered,CAR003,LOC-WARE-003,LOC-CUST-10,2026-06-19 15:17:00,2026-06-25 15:17:00,2026-06-24 15:17:00,2026-06-28 15:17:00,2026-06-26 15:17:00
5fda231c-65f5-4edb-9ed6-187c408cb65c,CUST012,Delivered,CAR003,LOC-WARE-003,LOC-CUST-10,2026-06-19 15:17:00,2026-06-24 15:17:00,2026-06-28 15:17:00,2026-06-28 15:17:00,2026-06-26 15:17:00
58f449cd-47d0-40b6-bbd5-84bb1da4d3ef,CUST014,Delivered,CAR001,LOC-WARE-004,LOC-CUST-12,2026-06-07 15:17:00,2026-06-14 15:17:00,2026-06-16 15:17:00,2026-06-16 15:17:00,2026-06-18 15:17:00
e89a8ceb-4784-4855-9a38-3c873217235f,CUST011,Delivered,CAR002,LOC-WARE-003,LOC-CUST-9,2026-07-25 15:17:00,2026-07-30 15:17:00,2026-08-03 15:17:00,2026-08-03 15:17:00,2026-07-28 15:17:00
541aca42-eca7-4bf1-8da5-78732a57ea07,CUST006,Delivered,CAR003,LOC-WARE-003,LOC-CUST-4,2026-08-21 15:17:00,2026-08-28 15:17:00,2026-08-30 15:17:00,2026-08-30 15:17:00,2026-08-28 15:17:00
5d36f4d0-7d82-4bdf-ac53-b24201c38606,CUST006,Delivered,CAR003,LOC-WARE-003,LOC-CUST-4,2026-08-19 15:17:00,2026-08-26 15:17:00,2026-08-27 15:17:00,2026-08-30 15:17:00,2026-08-28 15:17:00
ce9c6963-d5ac-4e4f-b338-e82cf1be2e9e,CUST015,Delivered,CAR003,LOC-WARE-004,LOC-CUST-13,2026-06-29 15:17:00,2026-07-08 15:17:00,2026-07-08 15:17:00,2026-07-08 15:17:00,2026-07-11 15:17:00
8ba0b273-c23a-447f-9a17-4e1285647006,CUST010,Delivered,CAR003,LOC-WARE-004,LOC-CUST-8,2026-03-27 15:17:00,2026-03-30 15:17:00,2026-04-04 15:17:00,2026-04-04 15:17:00,2026-04-03 15:17:00
0464dc6c-9d73-499e-9d4e-060fa43c0176,CUST013,Delivered,CAR001,LOC-WARE-003,LOC-CUST-11,2026-08-28 15:17:00,2026-09-03 15:17:00,2026-09-04 15:17:00,2026-09-06 15:17:00,2026-09-02 15:17:00
7be0a6fa-50a2-49d0-983e-0e6cfaa05392,CUST013,Delivered,CAR001,LOC-WARE-003,LOC-CUST-11,2026-08-28 15:17:00,2026-09-03 15:17:00,2026-09-06 15:17:00,2026-09-06 15:17:00,2026-09-02 15:17:00
20399a40-05fe-4018-8af5-6a0d9811ea7f,CUST013,Delivered,CAR001,LOC-WARE-004,LOC-CUST-11,2026-03-31 15:17:00,2026-04-09 15:17:00,2026-04-06 15:17:00,2026-04-07 15:17:00,2026-04-04 15:17:00
d87a05da-4975-4610-ab5a-97ad4cbaea21,CUST009,Delivered,CAR001,LOC-WARE-004,LOC-CUST-7,2026-04-01 15:17:00,2026-04-05 15:17:00,2026-04-08 15:17:00,2026-04-08 15:17:00,2026-04-08 15:17:00
ccc2df06-4304-4de8-9088-07e869b382c6,CUST005,Delivered,CAR001,LOC-WARE-003,LOC-CUST-3,2026-03-11 15:17:00,2026-03-18 15:17:00,2026-03-18 15:17:00,2026-03-21 15:17:00,2026-03-17 15:17:00
cba4f117-9eec-4ef6-ba92-3d6420cae196,CUST005,Delivered,CAR001,LOC-WARE-003,LOC-CUST-3,2026-03-14 15:17:00,2026-03-15 15:17:00,2026-03-21 15:17:00,2026-03-21 15:17:00,2026-03-17 15:17:00
6a24598a-0709-45f7-b7c8-498eff5f8b5d,CUST011,Delivered,CAR001,LOC-WARE-003,LOC-CUST-9,2026-05-16 15:17:00,2026-05-25 15:17:00,2026-05-21 15:17:00,2026-05-24 15:17:00,2026-05-27 15:17:00
89b3e86f-6804-4e65-b53f-4ff48223ae0f,CUST009,Delivered,CAR001,LOC-WARE-004,LOC-CUST-7,2026-07-24 15:17:00,2026-08-02 15:17:00,2026-08-02 15:17:00,2026-08-02 15:17:00,2026-08-04 15:17:00
79a027de-af9b-403d-bac9-46dd4e63c00b,CUST006,Delivered,CAR002,LOC-WARE-003,LOC-CUST-4,2026-09-05 15:17:00,2026-09-07 15:17:00,2026-09-10 15:17:00,2026-09-10 15:17:00,2026-09-08 15:17:00
f40dbf9b-9932-4b32-a2c5-14a36d351541,CUST006,Delivered,CAR002,LOC-WARE-003,LOC-CUST-4,2026-09-05 15:17:00,2026-09-09 15:17:00,2026-09-10 15:17:00,2026-09-10 15:17:00,2026-09-08 15:17:00
d8b267f5-e832-4b4e-8908-fdd83105a8bf,CUST009,Delivered,CAR002,LOC-WARE-004,LOC-CUST-7,2026-04-19 15:17:00,2026-04-24 15:17:00,2026-04-24 15:17:00,2026-04-27 15:17:00,2026-04-24 15:17:00
280f5d14-625d-488d-bbe2-bd788d80655a,CUST012,Delivered,CAR001,LOC-WARE-004,LOC-CUST-10,2026-07-01 15:17:00,2026-07-10 15:17:00,2026-07-07 15:17:00,2026-07-07 15:17:00,2026-07-10 15:17:00
b7198cd4-c551-40fc-a171-36719b8ea783,CUST012,Delivered,CAR003,LOC-WARE-003,LOC-CUST-10,2026-06-06 15:17:00,2026-06-09 15:17:00,2026-06-11 15:17:00,2026-06-11 15:17:00,2026-06-13 15:17:00
673532d7-7e75-44ad-8c01-c9970a78dacf,CUST012,Delivered,CAR003,LOC-WARE-003,LOC-CUST-10,2026-06-03 15:17:00,2026-06-13 15:17:00,2026-06-11 15:17:00,2026-06-11 15:17:00,2026-06-13 15:17:00
d0d5624c-2ad5-41f5-92d9-e522a5be4fa6,CUST013,Delivered,CAR003,LOC-WARE-003,LOC-CUST-11,2026-06-30 15:17:00,2026-07-02 15:17:00,2026-07-07 15:17:00,2026-07-07 15:17:00,2026-07-07 15:17:00
06b7ac1f-3bb6-4d6a-842b-ef6ec2eb238d,CUST013,Delivered,CAR003,LOC-WARE-003,LOC-CUST-11,2026-07-27 15:17:00,2026-07-31 15:17:00,2026-08-03 15:17:00,2026-08-03 15:17:00,2026-07-30 15:17:00
a036f20d-56c8-4cc4-8107-9bc93d618422,CUST012,Delivered,CAR002,LOC-WARE-004,LOC-CUST-10,2026-07-05 15:17:00,2026-07-11 15:17:00,2026-07-11 15:17:00,2026-07-11 15:17:00,2026-07-10 15:17:00
ee890b11-349b-45f9-827f-2c9f83619491,CUST012,Delivered,CAR002,LOC-WARE-004,LOC-CUST-10,2026-07-05 15:17:00,2026-07-11 15:17:00,2026-07-11 15:17:00,2026-07-11 15:17:00,2026-07-10 15:17:00
940608d0-56b2-4895-b14a-b000c3f7f77f,CUST015,Delivered,CAR003,LOC-WARE-004,LOC-CUST-13,2026-05-02 15:17:00,2026-05-09 15:17:00,2026-05-10 15:17:00,2026-05-10 15:17:00,2026-05-05 15:17:00
f12f3cbc-fda1-4da0-a9c4-eabccd20c7c3,CUST011,Delivered,CAR003,LOC-WARE-003,LOC-CUST-9,2026-03-20 15:17:00,2026-03-22 15:17:00,2026-03-28 15:17:00,2026-03-28 15:17:00,2026-03-24 15:17:00
76068853-123e-4397-82f3-1eedb26d6c1e,CUST012,Delivered,CAR002,LOC-WARE-003,LOC-CUST-10,2026-06-22 15:17:00,2026-06-23 15:17:00,2026-06-30 15:17:00,2026-07-01 15:17:00,2026-06-25 15:17:00
762ff85c-9668-4574-be3c-89a8005992e2,CUST012,Delivered,CAR002,LOC-WARE-003,LOC-CUST-10,2026-06-22 15:17:00,2026-06-25 15:17:00,2026-07-01 15:17:00,2026-07-01 15:17:00,2026-06-25 15:17:00
7563151f-b121-47b7-b9f9-6219ec1b16cf,CUST008,Delivered,CAR002,LOC-WARE-004,LOC-CUST-6,2026-06-15 15:17:00,2026-06-17 15:17:00,2026-06-24 15:17:00,2026-06-24 15:17:00,2026-06-23 15:17:00
9c5218fc-98e7-484c-80f3-299212bff731,CUST006,Delivered,CAR001,LOC-WARE-004,LOC-CUST-4,2026-05-08 15:17:00,2026-05-16 15:17:00,2026-05-14 15:17:00,2026-05-15 15:17:00,2026-05-17 15:17:00
0a501141-b9de-4a0b-a471-012e53af584e,CUST005,Delivered,CAR002,LOC-WARE-003,LOC-CUST-3,2026-07-01 15:17:00,2026-07-03 15:17:00,2026-07-08 15:17:00,2026-07-08 15:17:00,2026-07-05 15:17:00
2542a332-1e48-4587-9470-2f073972d282,CUST005,Delivered,CAR002,LOC-WARE-003,LOC-CUST-3,2026-06-29 15:17:00,2026-07-08 15:17:00,2026-07-08 15:17:00,2026-07-08 15:17:00,2026-07-05 15:17:00
b959000d-fa5e-4ba2-9ecd-d733f86cf7ed,CUST005,Delivered,CAR002,LOC-WARE-003,LOC-CUST-3,2026-06-16 15:17:00,2026-06-22 15:17:00,2026-06-25 15:17:00,2026-06-25 15:17:00,2026-06-23 15:17:00
1ed4db58-5029-4dac-a6c7-290b9aaba808,CUST013,Delivered,CAR002,LOC-WARE-003,LOC-CUST-11,2026-03-18 15:17:00,2026-03-23 15:17:00,2026-03-23 15:17:00,2026-03-23 15:17:00,2026-03-23 15:17:00
29382a6a-debd-40f2-9e95-0c74535d6dfb,CUST007,Delivered,CAR003,LOC-WARE-003,LOC-CUST-5,2026-08-31 15:17:00,2026-09-03 15:17:00,2026-09-07 15:17:00,2026-09-07 15:17:00,2026-09-01 15:17:00
28c84adb-ba95-4373-a049-8bc87496fdc9,CUST007,Delivered,CAR003,LOC-WARE-003,LOC-CUST-5,2026-08-29 15:17:00,2026-09-06 15:17:00,2026-09-07 15:17:00,2026-09-07 15:17:00,2026-09-01 15:17:00
dd2a9b97-4738-4c96-9abe-d37c262f9511,CUST012,Delivered,CAR002,LOC-WARE-003,LOC-CUST-10,2026-06-13 15:17:00,2026-06-23 15:17:00,2026-06-20 15:17:00,2026-06-20 15:17:00,2026-06-23 15:17:00
07c9486d-2c75-43e4-995f-d67a1ce8aae9,CUST002,Delivered,CAR001,LOC-WARE-004,LOC-CUST-1,2026-05-18 15:17:00,2026-05-28 15:17:00,2026-05-26 15:17:00,2026-05-26 15:17:00,2026-05-23 15:17:00
7eafd718-2e2c-4c4c-af70-55b7ff0c44f3,CUST015,Delivered,CAR002,LOC-WARE-003,LOC-CUST-13,2026-05-27 15:17:00,2026-06-01 15:17:00,2026-06-02 15:17:00,2026-06-04 15:17:00,2026-05-31 15:17:00
a1015b44-2b0d-4714-808b-6f456646bc05,CUST015,Delivered,CAR002,LOC-WARE-003,LOC-CUST-13,2026-05-30 15:17:00,2026-05-31 15:17:00,2026-06-04 15:17:00,2026-06-04 15:17:00,2026-05-31 15:17:00
588aed31-42f6-46fc-b957-1d9f2dd36bd6,CUST006,Delivered,CAR003,LOC-WARE-004,LOC-CUST-4,2026-09-03 15:17:00,2026-09-12 15:17:00,2026-09-10 15:17:00,2026-09-10 15:17:00,2026-09-09 15:17:00
adc669c6-da67-47be-95df-1b30eddae4cf,CUST015,Delivered,CAR002,LOC-WARE-004,LOC-CUST-13,2026-05-28 15:17:00,2026-06-07 15:17:00,2026-06-03 15:17:00,2026-06-05 15:17:00,2026-06-07 15:17:00
80e0ee66-b395-4db9-850a-37f239ffdc61,CUST004,Delivered,CAR003,LOC-WARE-003,LOC-CUST-2,2026-06-23 15:17:00,2026-06-28 15:17:00,2026-06-28 15:17:00,2026-06-28 15:17:00,2026-06-26 15:17:00
e0cb6cff-9417-4106-b702-1ca3e4f16258,CUST004,Delivered,CAR003,LOC-WARE-003,LOC-CUST-2,2026-06-20 15:17:00,2026-06-30 15:17:00,2026-06-26 15:17:00,2026-06-28 15:17:00,2026-06-26 15:17:00
7c468369-18ef-4b3c-b83c-ecf5b81790b9,CUST005,Delivered,CAR002,LOC-WARE-004,LOC-CUST-3,2026-08-23 15:17:00,2026-08-30 15:17:00,2026-08-28 15:17:00,2026-08-28 15:17:00,2026-08-28 15:17:00
5a209612-ca0b-4fb9-8c4a-d19fdd5b995e,CUST005,Delivered,CAR002,LOC-WARE-003,LOC-CUST-3,2026-07-25 15:17:00,2026-07-30 15:17:00,2026-07-30 15:17:00,2026-08-01 15:17:00,2026-08-04 15:17:00
36a46ca5-df81-4f7b-95ab-9ac43d3f4352,CUST014,Delivered,CAR002,LOC-WARE-003,LOC-CUST-12,2026-06-03 15:17:00,2026-06-10 15:17:00,2026-06-12 15:17:00,2026-06-12 15:17:00,2026-06-07 15:17:00
cac87676-6c80-4422-8c34-aca4e7d860c9,CUST014,Delivered,CAR002,LOC-WARE-003,LOC-CUST-12,2026-06-01 15:17:00,2026-06-07 15:17:00,2026-06-07 15:17:00,2026-06-12 15:17:00,2026-06-07 15:17:00
391394d4-0380-4c8a-948b-da809be7a00c,CUST009,Delivered,CAR001,LOC-WARE-003,LOC-CUST-7,2026-05-24 15:17:00,2026-05-30 15:17:00,2026-05-30 15:17:00,2026-05-30 15:17:00,2026-05-30 15:17:00
345e2929-8822-4352-85b8-8f4f5301b800,CUST008,Delivered,CAR003,LOC-WARE-004,LOC-CUST-6,2026-08-06 15:17:00,2026-08-09 15:17:00,2026-08-11 15:17:00,2026-08-11 15:17:00,2026-08-13 15:17:00
babece4d-aded-4fa6-b7a1-c7a8f43713e6,CUST006,Delivered,CAR003,LOC-WARE-003,LOC-CUST-4,2026-03-15 15:17:00,2026-03-20 15:17:00,2026-03-20 15:17:00,2026-03-28 15:17:00,2026-03-24 15:17:00
4a4fcbba-fc6f-4e36-9ebd-d6ac1aa4d9de,CUST006,Delivered,CAR003,LOC-WARE-003,LOC-CUST-4,2026-03-19 15:17:00,2026-03-26 15:17:00,2026-03-28 15:17:00,2026-03-28 15:17:00,2026-03-24 15:17:00
3d5c3bc7-5202-464b-96da-d6d6a2725091,CUST013,Delivered,CAR001,LOC-WARE-003,LOC-CUST-11,2026-07-05 15:17:00,2026-07-13 15:17:00,2026-07-11 15:17:00,2026-07-12 15:17:00,2026-07-12 15:17:00
45f50091-e743-489c-a588-ba21cce09302,CUST013,Delivered,CAR002,LOC-WARE-003,LOC-CUST-11,2026-08-11 15:17:00,2026-08-16 15:17:00,2026-08-16 15:17:00,2026-08-19 15:17:00,2026-08-18 15:17:00
936e0280-807e-4b98-aaab-94a925a4862d,CUST008,Delivered,CAR002,LOC-WARE-003,LOC-CUST-6,2026-03-18 15:17:00,2026-03-24 15:17:00,2026-03-27 15:17:00,2026-03-27 15:17:00,2026-03-20 15:17:00
882b4d8c-886b-4d9e-9bf3-b2fc71efe772,CUST008,Delivered,CAR002,LOC-WARE-003,LOC-CUST-6,2026-03-15 15:17:00,2026-03-24 15:17:00,2026-03-23 15:17:00,2026-03-27 15:17:00,2026-03-20 15:17:00
76fe76ab-dead-423c-9bea-c204ae893a01,CUST007,Delivered,CAR002,LOC-WARE-003,LOC-CUST-5,2026-07-03 15:17:00,2026-07-10 15:17:00,2026-07-12 15:17:00,2026-07-12 15:17:00,2026-07-12 15:17:00
d16d3da2-bbf9-404b-9987-9585033cc2b7,CUST004,Delivered,CAR001,LOC-WARE-004,LOC-CUST-2,2026-07-27 15:17:00,2026-08-01 15:17:00,2026-08-01 15:17:00,2026-08-01 15:17:00,2026-07-31 15:17:00
94ca7081-410e-4b48-b640-ceb039088065,CUST005,Delivered,CAR002,LOC-WARE-003,LOC-CUST-3,2026-05-11 15:17:00,2026-05-15 15:17:00,2026-05-20 15:17:00,2026-05-21 15:17:00,2026-05-18 15:17:00
c8466819-ec9a-4ac9-be61-cfacbc92ed1f,CUST005,Delivered,CAR002,LOC-WARE-003,LOC-CUST-3,2026-05-12 15:17:00,2026-05-13 15:17:00,2026-05-21 15:17:00,2026-05-21 15:17:00,2026-05-18 15:17:00
a710bcff-a38d-4c59-935e-5305323dec3e,CUST015,Delivered,CAR003,LOC-WARE-004,LOC-CUST-13,2026-03-13 15:17:00,2026-03-22 15:17:00,2026-03-21 15:17:00,2026-03-21 15:17:00,2026-03-19 15:17:00
2a48cc0f-a71a-452b-925e-fff8c9171271,CUST008,Delivered,CAR003,LOC-WARE-003,LOC-CUST-6,2026-05-20 15:17:00,2026-05-30 15:17:00,2026-05-28 15:17:00,2026-05-28 15:17:00,2026-05-26 15:17:00
d4752a64-847f-4b29-a810-531cbe666148,CUST010,Delivered,CAR002,LOC-WARE-004,LOC-CUST-8,2026-06-14 15:17:00,2026-06-19 15:17:00,2026-06-23 15:17:00,2026-06-23 15:17:00,2026-06-23 15:17:00
d3baae74-ab96-4ae4-8a14-057514696e8e,CUST010,Delivered,CAR002,LOC-WARE-004,LOC-CUST-8,2026-06-15 15:17:00,2026-06-20 15:17:00,2026-06-22 15:17:00,2026-06-23 15:17:00,2026-06-23 15:17:00
2faae7f5-41c8-45ba-882c-c294f5482cc4,CUST009,Delivered,CAR002,LOC-WARE-004,LOC-CUST-7,2026-03-31 15:17:00,2026-04-11 15:17:00,2026-04-07 15:17:00,2026-04-08 15:17:00,2026-04-07 15:17:00
8981f96a-e417-4a87-8040-a22f7bf62479,CUST006,Delivered,CAR001,LOC-WARE-003,LOC-CUST-4,2026-05-26 15:17:00,2026-05-30 15:17:00,2026-06-04 15:17:00,2026-06-04 15:17:00,2026-06-03 15:17:00
121b1607-a3ca-4d9a-af9e-9907617756e0,CUST007,Delivered,CAR003,LOC-WARE-003,LOC-CUST-5,2026-06-06 15:17:00,2026-06-07 15:17:00,2026-06-14 15:17:00,2026-06-14 15:17:00,2026-06-09 15:17:00
4311b0b3-b3f4-4ab2-9942-9a6fdc699fb9,CUST007,Delivered,CAR003,LOC-WARE-003,LOC-CUST-5,2026-06-06 15:17:00,2026-06-07 15:17:00,2026-06-14 15:17:00,2026-06-14 15:17:00,2026-06-09 15:17:00
b72122ab-3e49-4866-8644-3300e027f9d6,CUST012,Delivered,CAR002,LOC-WARE-003,LOC-CUST-10,2026-03-16 15:17:00,2026-03-21 15:17:00,2026-03-23 15:17:00,2026-03-23 15:17:00,2026-03-22 15:17:00
8b437300-bec8-4f54-be3a-5a3db44f0cfc,CUST015,Delivered,CAR002,LOC-WARE-003,LOC-CUST-13,2026-04-08 15:17:00,2026-04-14 15:17:00,2026-04-14 15:17:00,2026-04-16 15:17:00,2026-04-17 15:17:00
3d6726a4-05e3-41fb-a08f-d69bf14b452d,CUST014,Delivered,CAR003,LOC-WARE-003,LOC-CUST-12,2026-05-30 15:17:00,2026-06-04 15:17:00,2026-06-08 15:17:00,2026-06-08 15:17:00,2026-06-05 15:17:00
d0352f29-969e-4d51-8c9e-acbf17d2a8f6,CUST014,Delivered,CAR003,LOC-WARE-003,LOC-CUST-12,2026-05-31 15:17:00,2026-06-05 15:17:00,2026-06-06 15:17:00,2026-06-08 15:17:00,2026-06-05 15:17:00
fdca78bd-a39d-4db8-8e08-f43e8a13fa91,CUST013,Delivered,CAR003,LOC-WARE-003,LOC-CUST-11,2026-09-02 15:17:00,2026-09-06 15:17:00,2026-09-10 15:17:00,2026-09-10 15:17:00,2026-09-10 15:17:00
71b0991a-e034-4d6c-b829-6a91e90c492e,CUST013,Delivered,CAR002,LOC-WARE-004,LOC-CUST-11,2026-07-04 15:17:00,2026-07-12 15:17:00,2026-07-13 15:17:00,2026-07-13 15:17:00,2026-07-12 15:17:00
6f4e6162-dc66-4a81-b0c8-02201fbd9dfa,CUST011,Delivered,CAR003,LOC-WARE-003,LOC-CUST-9,2026-07-15 15:17:00,2026-07-21 15:17:00,2026-07-20 15:17:00,2026-07-28 15:17:00,2026-07-26 15:17:00
6d9faaa4-e702-4b75-894f-013a07326b15,CUST011,Delivered,CAR003,LOC-WARE-003,LOC-CUST-9,2026-07-19 15:17:00,2026-07-24 15:17:00,2026-07-28 15:17:00,2026-07-28 15:17:00,2026-07-26 15:17:00
b940f99b-6289-4719-af11-5cf48eca21ce,CUST011,Delivered,CAR001,LOC-WARE-004,LOC-CUST-9,2026-08-20 15:17:00,2026-08-27 15:17:00,2026-08-26 15:17:00,2026-08-29 15:17:00,2026-08-27 15:17:00
7609bc4a-d058-49f1-b18c-210fab56ec8c,CUST002,Delivered,CAR003,LOC-WARE-003,LOC-CUST-1,2026-03-22 15:17:00,2026-03-30 15:17:00,2026-03-27 15:17:00,2026-03-30 15:17:00,2026-03-28 15:17:00
0662c4f3-068d-4f12-ab0b-049103c1228e,CUST005,Delivered,CAR001,LOC-WARE-004,LOC-CUST-3,2026-06-13 15:17:00,2026-06-22 15:17:00,2026-06-18 15:17:00,2026-06-20 15:17:00,2026-06-17 15:17:00
3a8a5bb9-4cdc-4f25-bf45-5b41fefcbfe6,CUST005,Delivered,CAR001,LOC-WARE-004,LOC-CUST-3,2026-06-12 15:17:00,2026-06-23 15:17:00,2026-06-19 15:17:00,2026-06-20 15:17:00,2026-06-17 15:17:00
2e19ac68-bcd2-469d-81b4-6fe68eb99888,CUST004,Delivered,CAR001,LOC-WARE-003,LOC-CUST-2,2026-07-11 15:17:00,2026-07-12 15:17:00,2026-07-16 15:17:00,2026-07-16 15:17:00,2026-07-14 15:17:00
b562004c-a161-4f8e-a9af-2212d2505a1f,CUST014,Delivered,CAR002,LOC-WARE-003,LOC-CUST-12,2026-04-03 15:17:00,2026-04-08 15:17:00,2026-04-09 15:17:00,2026-04-09 15:17:00,2026-04-08 15:17:00
2f5824de-fe46-4db1-b385-e49fadd53ba0,CUST004,Delivered,CAR003,LOC-WARE-004,LOC-CUST-2,2026-05-02 15:17:00,2026-05-05 15:17:00,2026-05-08 15:17:00,2026-05-08 15:17:00,2026-05-07 15:17:00
8d1bad57-4f98-406a-b90a-022382f0708a,CUST004,Delivered,CAR003,LOC-WARE-004,LOC-CUST-2,2026-05-02 15:17:00,2026-05-07 15:17:00,2026-05-07 15:17:00,2026-05-08 15:17:00,2026-05-07 15:17:00
04db571f-66a7-4611-9d1e-0cee62b59119,CUST008,Delivered,CAR002,LOC-WARE-003,LOC-CUST-6,2026-06-25 15:17:00,2026-06-29 15:17:00,2026-07-04 15:17:00,2026-07-04 15:17:00,2026-07-01 15:17:00
bfd2fa2b-0b97-4c47-b63f-bf3e58213ef1,CUST008,Delivered,CAR001,LOC-WARE-003,LOC-CUST-6,2026-08-12 15:17:00,2026-08-19 15:17:00,2026-08-19 15:17:00,2026-08-20 15:17:00,2026-08-22 15:17:00
57583c1d-4c84-4c2e-9946-56a991a1105d,CUST008,Delivered,CAR001,LOC-WARE-004,LOC-CUST-6,2026-05-06 15:17:00,2026-05-12 15:17:00,2026-05-13 15:17:00,2026-05-13 15:17:00,2026-05-13 15:17:00
644f1bad-418c-4ee3-b351-e2bfe32a9c62,CUST008,Delivered,CAR001,LOC-WARE-004,LOC-CUST-6,2026-05-06 15:17:00,2026-05-10 15:17:00,2026-05-12 15:17:00,2026-05-13 15:17:00,2026-05-13 15:17:00
d66bb166-b0c6-4925-a28e-8cd90e620384,CUST011,Delivered,CAR002,LOC-WARE-003,LOC-CUST-9,2026-06-16 15:17:00,2026-06-19 15:17:00,2026-06-21 15:17:00,2026-06-22 15:17:00,2026-06-24 15:17:00
4451cff2-1b28-47d9-9dd5-c802e86fba0c,CUST008,Delivered,CAR002,LOC-WARE-004,LOC-CUST-6,2026-06-18 15:17:00,2026-06-25 15:17:00,2026-06-23 15:17:00,2026-06-23 15:17:00,2026-06-23 15:17:00
612a9144-0c7a-4729-8474-edf0193234d3,CUST014,Delivered,CAR001,LOC-WARE-003,LOC-CUST-12,2026-05-15 15:17:00,2026-05-20 15:17:00,2026-05-20 15:17:00,2026-05-22 15:17:00,2026-05-22 15:17:00
db911c02-b3b6-4fc2-81a3-a05e2a88cb41,CUST014,Delivered,CAR001,LOC-WARE-003,LOC-CUST-12,2026-05-13 15:17:00,2026-05-18 15:17:00,2026-05-22 15:17:00,2026-05-22 15:17:00,2026-05-22 15:17:00
54592918-fcdd-4fd8-9a36-a7175f808633,CUST014,Delivered,CAR001,LOC-WARE-004,LOC-CUST-12,2026-04-06 15:17:00,2026-04-07 15:17:00,2026-04-13 15:17:00,2026-04-13 15:17:00,2026-04-10 15:17:00
dc79a550-a449-4a13-8374-5572d284d703,CUST002,Delivered,CAR003,LOC-WARE-003,LOC-CUST-1,2026-04-23 15:17:00,2026-05-02 15:17:00,2026-05-01 15:17:00,2026-05-01 15:17:00,2026-05-03 15:17:00
798fe3fd-228a-4b54-87ec-4c69968c50c8,CUST007,Delivered,CAR003,LOC-WARE-003,LOC-CUST-5,2026-07-01 15:17:00,2026-07-13 15:17:00,2026-07-10 15:17:00,2026-07-11 15:17:00,2026-07-12 15:17:00
3f0bd59f-146f-4183-b65b-643e96cc9c48,CUST007,Delivered,CAR003,LOC-WARE-003,LOC-CUST-5,2026-07-05 15:17:00,2026-07-08 15:17:00,2026-07-11 15:17:00,2026-07-11 15:17:00,2026-07-12 15:17:00
8eb4c03b-a722-40c6-9bca-5bacbcda9b11,CUST012,Delivered,CAR002,LOC-WARE-004,LOC-CUST-10,2026-03-23 15:17:00,2026-04-01 15:17:00,2026-03-31 15:17:00,2026-03-31 15:17:00,2026-03-31 15:17:00
4ba62cb2-643a-414e-82f9-e19ebe1f1773,CUST014,Delivered,CAR003,LOC-WARE-003,LOC-CUST-12,2026-04-13 15:17:00,2026-04-22 15:17:00,2026-04-21 15:17:00,2026-04-21 15:17:00,2026-04-23 15:17:00
1ce44680-a173-42ad-9d00-fd0fcd416d2d,CUST008,Delivered,CAR002,LOC-WARE-004,LOC-CUST-6,2026-07-29 15:17:00,2026-08-01 15:17:00,2026-08-07 15:17:00,2026-08-07 15:17:00,2026-07-31 15:17:00
0af8fea9-9e8a-4878-a644-15a40c54db75,CUST008,Delivered,CAR002,LOC-WARE-004,LOC-CUST-6,2026-07-24 15:17:00,2026-07-30 15:17:00,2026-08-02 15:17:00,2026-08-07 15:17:00,2026-07-31 15:17:00
4c76c1d3-815e-4d5b-9b31-dbe93321f5bb,CUST011,Delivered,CAR001,LOC-WARE-004,LOC-CUST-9,2026-08-03 15:17:00,2026-08-08 15:17:00,2026-08-12 15:17:00,2026-08-12 15:17:00,2026-08-09 15:17:00
358c9396-d144-424a-ab16-213b61653f3d,CUST011,Delivered,CAR002,LOC-WARE-004,LOC-CUST-9,2026-06-03 15:17:00,2026-06-10 15:17:00,2026-06-12 15:17:00,2026-06-12 15:17:00,2026-06-08 15:17:00
e3cf68a5-8125-4c7e-a456-97a92ee6ade4,CUST007,Delivered,CAR001,LOC-WARE-004,LOC-CUST-5,2026-04-08 15:17:00,2026-04-12 15:17:00,2026-04-15 15:17:00,2026-04-15 15:17:00,2026-04-14 15:17:00
0fe1f3ad-5980-4501-af93-92514f2abb21,CUST007,Delivered,CAR001,LOC-WARE-004,LOC-CUST-5,2026-04-08 15:17:00,2026-04-15 15:17:00,2026-04-13 15:17:00,2026-04-15 15:17:00,2026-04-14 15:17:00
a7c5df25-bc31-4716-aa14-aeb9ad6ad750,CUST007,Delivered,CAR002,LOC-WARE-003,LOC-CUST-5,2026-07-26 15:17:00,2026-08-03 15:17:00,2026-08-03 15:17:00,2026-08-03 15:17:00,2026-08-06 15:17:00
3766db94-0c06-49a0-98e0-152380a8b2ff,CUST011,Delivered,CAR002,LOC-WARE-003,LOC-CUST-9,2026-04-04 15:17:00,2026-04-11 15:17:00,2026-04-09 15:17:00,2026-04-09 15:17:00,2026-04-09 15:17:00
6a2ec600-cf82-4e79-af38-5a3a8808c7f7,CUST002,Delivered,CAR002,LOC-WARE-004,LOC-CUST-1,2026-03-14 15:17:00,2026-03-19 15:17:00,2026-03-20 15:17:00,2026-03-22 15:17:00,2026-03-19 15:17:00
e1e5b885-32cf-4a09-bb37-02cf9faf5bdf,CUST002,Delivered,CAR002,LOC-WARE-004,LOC-CUST-1,2026-03-14 15:17:00,2026-03-21 15:17:00,2026-03-22 15:17:00,2026-03-22 15:17:00,2026-03-19 15:17:00
80e99537-568e-4e11-8534-8f5a38bf74d7,CUST014,Delivered,CAR002,LOC-WARE-003,LOC-CUST-12,2026-05-06 15:17:00,2026-05-12 15:17:00,2026-05-11 15:17:00,2026-05-11 15:17:00,2026-05-13 15:17:00
6b78c0b6-b594-4af6-aa27-1df6931895b6,CUST015,Delivered,CAR003,LOC-WARE-004,LOC-CUST-13,2026-06-21 15:17:00,2026-07-01 15:17:00,2026-06-26 15:17:00,2026-06-29 15:17:00,2026-06-30 15:17:00
a11ee1ce-0c00-4f19-ae3c-f143805595e9,CUST009,Delivered,CAR003,LOC-WARE-003,LOC-CUST-7,2026-03-18 15:17:00,2026-03-27 15:17:00,2026-03-24 15:17:00,2026-03-25 15:17:00,2026-03-24 15:17:00
b128e308-a255-414a-bc46-2435f8b21419,CUST009,Delivered,CAR003,LOC-WARE-003,LOC-CUST-7,2026-03-18 15:17:00,2026-03-24 15:17:00,2026-03-25 15:17:00,2026-03-25 15:17:00,2026-03-24 15:17:00
a239371d-0c22-4975-a86d-8c80074f3ff8,CUST005,Delivered,CAR001,LOC-WARE-004,LOC-CUST-3,2026-06-21 15:17:00,2026-07-02 15:17:00,2026-06-26 15:17:00,2026-06-29 15:17:00,2026-06-29 15:17:00
a883c9bb-988d-44d0-b890-1e8f486d5fd5,CUST013,Delivered,CAR002,LOC-WARE-003,LOC-CUST-11,2026-08-13 15:17:00,2026-08-22 15:17:00,2026-08-19 15:17:00,2026-08-21 15:17:00,2026-08-19 15:17:00
910c0289-89b0-4d14-8895-eb7446f22c03,CUST011,Delivered,CAR003,LOC-WARE-004,LOC-CUST-9,2026-04-10 15:17:00,2026-04-17 15:17:00,2026-04-19 15:17:00,2026-04-19 15:17:00,2026-04-17 15:17:00
aa1109df-4157-44e5-963b-b77513a346b8,CUST011,Delivered,CAR003,LOC-WARE-004,LOC-CUST-9,2026-04-12 15:17:00,2026-04-17 15:17:00,2026-04-19 15:17:00,2026-04-19 15:17:00,2026-04-17 15:17:00
2ed2bc95-21c6-4ed9-b961-9d897b45ec0a,CUST008,Delivered,CAR002,LOC-WARE-004,LOC-CUST-6,2026-07-23 15:17:00,2026-07-27 15:17:00,2026-07-30 15:17:00,2026-07-30 15:17:00,2026-07-30 15:17:00
793287c1-93a5-4dda-aec4-32a0d0fe00dc,CUST015,Delivered,CAR002,LOC-WARE-004,LOC-CUST-13,2026-07-02 15:17:00,2026-07-08 15:17:00,2026-07-10 15:17:00,2026-07-10 15:17:00,2026-07-13 15:17:00
3f06da14-848d-404e-aa7f-4528224c259e,CUST006,Delivered,CAR001,LOC-WARE-004,LOC-CUST-4,2026-05-14 15:17:00,2026-05-25 15:17:00,2026-05-20 15:17:00,2026-05-24 15:17:00,2026-05-20 15:17:00
bc394826-4eab-4cfe-bc38-b4ef3dfeaa11,CUST006,Delivered,CAR001,LOC-WARE-004,LOC-CUST-4,2026-05-19 15:17:00,2026-05-26 15:17:00,2026-05-24 15:17:00,2026-05-24 15:17:00,2026-05-20 15:17:00
7b7f9426-e8ad-4e73-b5ac-9cb08a9048b5,CUST002,Delivered,CAR003,LOC-WARE-004,LOC-CUST-1,2026-06-22 15:17:00,2026-06-27 15:17:00,2026-06-28 15:17:00,2026-06-30 15:17:00,2026-06-29 15:17:00
c69a025c-90c3-4fdc-a7f0-9ffc328a7881,CUST007,Delivered,CAR003,LOC-WARE-003,LOC-CUST-5,2026-07-03 15:17:00,2026-07-10 15:17:00,2026-07-11 15:17:00,2026-07-11 15:17:00,2026-07-10 15:17:00
92e11dcc-f275-4f32-b3b3-3333612b3905,CUST006,Delivered,CAR001,LOC-WARE-003,LOC-CUST-4,2026-04-19 15:17:00,2026-04-27 15:17:00,2026-04-26 15:17:00,2026-04-27 15:17:00,2026-04-24 15:17:00
33036358-3f24-4a67-8fbf-9ee0b8769e9a,CUST006,Delivered,CAR001,LOC-WARE-003,LOC-CUST-4,2026-04-21 15:17:00,2026-04-25 15:17:00,2026-04-27 15:17:00,2026-04-27 15:17:00,2026-04-24 15:17:00
3fc627bb-73c4-41ec-afcf-5210f16ab876,CUST002,Delivered,CAR003,LOC-WARE-004,LOC-CUST-1,2026-03-10 15:17:00,2026-03-16 15:17:00,2026-03-19 15:17:00,2026-03-19 15:17:00,2026-03-12 15:17:00
d522eb4f-9a3e-461c-a094-368874b5df68,CUST009,Delivered,CAR001,LOC-WARE-004,LOC-CUST-7,2026-06-29 15:17:00,2026-07-06 15:17:00,2026-07-06 15:17:00,2026-07-06 15:17:00,2026-07-07 15:17:00
9c4d052a-c808-4b77-8a69-ac3afb84f811,CUST005,Delivered,CAR002,LOC-WARE-004,LOC-CUST-3,2026-07-29 15:17:00,2026-08-05 15:17:00,2026-08-04 15:17:00,2026-08-06 15:17:00,2026-08-06 15:17:00
c2286e30-7916-49b0-808b-a5790e6e0cce,CUST005,Delivered,CAR002,LOC-WARE-004,LOC-CUST-3,2026-07-29 15:17:00,2026-08-01 15:17:00,2026-08-06 15:17:00,2026-08-06 15:17:00,2026-08-06 15:17:00
2cde7424-8d55-445b-a3cb-a29f93301916,CUST013,Delivered,CAR002,LOC-WARE-003,LOC-CUST-11,2026-03-14 15:17:00,2026-03-22 15:17:00,2026-03-21 15:17:00,2026-03-22 15:17:00,2026-03-25 15:17:00
0932e72b-764e-412f-9549-dea70ea7f525,CUST002,Delivered,CAR001,LOC-WARE-003,LOC-CUST-1,2026-08-31 15:17:00,2026-09-06 15:17:00,2026-09-05 15:17:00,2026-09-05 15:17:00,2026-09-02 15:17:00
10811af0-2026-4e2c-a0c5-c486b89c415e,CUST007,Delivered,CAR002,LOC-WARE-003,LOC-CUST-5,2026-08-10 15:17:00,2026-08-14 15:17:00,2026-08-15 15:17:00,2026-08-19 15:17:00,2026-08-17 15:17:00
4c294f41-8978-43d1-8a74-e7bdb774b024,CUST007,Delivered,CAR002,LOC-WARE-003,LOC-CUST-5,2026-08-10 15:17:00,2026-08-17 15:17:00,2026-08-19 15:17:00,2026-08-19 15:17:00,2026-08-17 15:17:00
98e1a02d-a20f-4ac0-bce8-ec39570aac8b,CUST004,Delivered,CAR002,LOC-WARE-003,LOC-CUST-2,2026-04-26 15:17:00,2026-05-03 15:17:00,2026-05-03 15:17:00,2026-05-03 15:17:00,2026-05-01 15:17:00
7687f048-e83c-417c-9a8e-8fb096635a56,CUST008,Delivered,CAR001,LOC-WARE-004,LOC-CUST-6,2026-04-06 15:17:00,2026-04-14 15:17:00,2026-04-15 15:17:00,2026-04-15 15:17:00,2026-04-12 15:17:00
a0692461-9836-4f0a-9de4-718d6ca97dce,CUST009,Delivered,CAR003,LOC-WARE-004,LOC-CUST-7,2026-04-15 15:17:00,2026-04-17 15:17:00,2026-04-21 15:17:00,2026-04-23 15:17:00,2026-04-21 15:17:00
2819fd7e-9467-4007-a290-2f4cb552293c,CUST009,Delivered,CAR003,LOC-WARE-004,LOC-CUST-7,2026-04-14 15:17:00,2026-04-17 15:17:00,2026-04-23 15:17:00,2026-04-23 15:17:00,2026-04-21 15:17:00
610b660d-6ea5-4f37-9f17-6f7244218f17,CUST009,Delivered,CAR003,LOC-WARE-004,LOC-CUST-7,2026-06-11 15:17:00,2026-06-17 15:17:00,2026-06-20 15:17:00,2026-06-20 15:17:00,2026-06-20 15:17:00
91a7feaf-f766-4e76-b220-6846785ee514,CUST011,Delivered,CAR003,LOC-WARE-003,LOC-CUST-9,2026-04-08 15:17:00,2026-04-16 15:17:00,2026-04-15 15:17:00,2026-04-15 15:17:00,2026-04-12 15:17:00
87c48684-e1ca-43d1-8aad-f10ab9acd858,CUST008,Delivered,CAR001,LOC-WARE-003,LOC-CUST-6,2026-03-20 15:17:00,2026-03-26 15:17:00,2026-03-28 15:17:00,2026-03-28 15:17:00,2026-03-21 15:17:00
c1f90b8e-e6fb-49a3-a4c5-a96101f320df,CUST008,Delivered,CAR001,LOC-WARE-003,LOC-CUST-6,2026-03-19 15:17:00,2026-03-27 15:17:00,2026-03-25 15:17:00,2026-03-28 15:17:00,2026-03-21 15:17:00
5ccb4fc5-c757-4c65-999a-9c82a42c4ea2,CUST012,Delivered,CAR003,LOC-WARE-004,LOC-CUST-10,2026-05-11 15:17:00,2026-05-17 15:17:00,2026-05-17 15:17:00,2026-05-17 15:17:00,2026-05-18 15:17:00
86d49a26-7077-45ba-89a1-450a10aaf187,CUST002,Delivered,CAR002,LOC-WARE-004,LOC-CUST-1,2026-05-27 15:17:00,2026-06-05 15:17:00,2026-06-04 15:17:00,2026-06-04 15:17:00,2026-06-03 15:17:00
77370807-348f-4378-9c43-50fbc61466fe,CUST004,Delivered,CAR001,LOC-WARE-003,LOC-CUST-2,2026-04-16 15:17:00,2026-04-19 15:17:00,2026-04-24 15:17:00,2026-04-24 15:17:00,2026-04-22 15:17:00
a0eba48b-8e0c-4e20-8af6-64f94df878e2,CUST004,Delivered,CAR001,LOC-WARE-003,LOC-CUST-2,2026-04-13 15:17:00,2026-04-20 15:17:00,2026-04-19 15:17:00,2026-04-24 15:17:00,2026-04-22 15:17:00
ea1d3924-a18c-4e78-ace5-742c51736b1f,CUST014,Delivered,CAR001,LOC-WARE-004,LOC-CUST-12,2026-03-13 15:17:00,2026-03-19 15:17:00,2026-03-22 15:17:00,2026-03-22 15:17:00,2026-03-24 15:17:00
ebb4faa1-7045-4734-92ec-fa81855e4c36,CUST010,Delivered,CAR002,LOC-WARE-003,LOC-CUST-8,2026-03-17 15:17:00,2026-03-22 15:17:00,2026-03-26 15:17:00,2026-03-26 15:17:00,2026-03-23 15:17:00
f22a21bc-3c30-4cf3-b7c8-7e540428146c,CUST005,Delivered,CAR003,LOC-WARE-004,LOC-CUST-3,2026-08-24 15:17:00,2026-08-30 15:17:00,2026-09-02 15:17:00,2026-09-02 15:17:00,2026-09-01 15:17:00
fc13289f-8031-4d64-85b8-fe2be1f1e351,CUST005,Delivered,CAR003,LOC-WARE-004,LOC-CUST-3,2026-08-22 15:17:00,2026-08-31 15:17:00,2026-08-29 15:17:00,2026-09-02 15:17:00,2026-09-01 15:17:00
e06ae491-9bbd-41c4-8851-bb03419a4916,CUST004,Delivered,CAR002,LOC-WARE-003,LOC-CUST-2,2026-07-29 15:17:00,2026-08-08 15:17:00,2026-08-05 15:17:00,2026-08-05 15:17:00,2026-08-04 15:17:00
2a984d43-e331-4a60-8106-6f42a5bcc3b6,CUST002,Delivered,CAR002,LOC-WARE-004,LOC-CUST-1,2026-04-22 15:17:00,2026-04-28 15:17:00,2026-04-27 15:17:00,2026-04-27 15:17:00,2026-04-28 15:17:00
65236043-c5f8-4b93-90f3-54ed43c7aed9,CUST005,Delivered,CAR001,LOC-WARE-003,LOC-CUST-3,2026-07-15 15:17:00,2026-07-24 15:17:00,2026-07-22 15:17:00,2026-07-24 15:17:00,2026-07-23 15:17:00
815ab040-c97f-4e9e-a581-9f260e312a7d,CUST005,Delivered,CAR001,LOC-WARE-003,LOC-CUST-3,2026-07-15 15:17:00,2026-07-26 15:17:00,2026-07-24 15:17:00,2026-07-24 15:17:00,2026-07-23 15:17:00
8164f31d-0ed6-4139-b1f2-2adbd56a9e1f,CUST006,Delivered,CAR001,LOC-WARE-004,LOC-CUST-4,2026-07-09 15:17:00,2026-07-13 15:17:00,2026-07-16 15:17:00,2026-07-16 15:17:00,2026-07-17 15:17:00
5d010455-463e-4714-af98-d12d63dc9347,CUST004,Delivered,CAR003,LOC-WARE-003,LOC-CUST-2,2026-03-28 15:17:00,2026-04-05 15:17:00,2026-04-06 15:17:00,2026-04-06 15:17:00,2026-04-02 15:17:00
da6f0546-d007-4f3d-965e-ffac06388897,CUST007,Delivered,CAR001,LOC-WARE-003,LOC-CUST-5,2026-07-17 15:17:00,2026-07-21 15:17:00,2026-07-24 15:17:00,2026-07-27 15:17:00,2026-07-23 15:17:00
bfae1ac4-337e-4802-ab67-7cb0eaa48169,CUST007,Delivered,CAR001,LOC-WARE-003,LOC-CUST-5,2026-07-18 15:17:00,2026-07-23 15:17:00,2026-07-27 15:17:00,2026-07-27 15:17:00,2026-07-23 15:17:00
651948b6-4940-4e23-b76a-1ef7fefd7b40,CUST014,Delivered,CAR003,LOC-WARE-003,LOC-CUST-12,2026-06-15 15:17:00,2026-06-18 15:17:00,2026-06-20 15:17:00,2026-06-20 15:17:00,2026-06-16 15:17:00
a484c825-0053-4c00-8dc5-2b94fd7318b4,CUST004,Delivered,CAR001,LOC-WARE-004,LOC-CUST-2,2026-07-02 15:17:00,2026-07-05 15:17:00,2026-07-09 15:17:00,2026-07-09 15:17:00,2026-07-04 15:17:00
26974e0d-55a1-4547-9def-ce761fb27215,CUST013,Delivered,CAR003,LOC-WARE-003,LOC-CUST-11,2026-04-23 15:17:00,2026-05-02 15:17:00,2026-05-02 15:17:00,2026-05-02 15:17:00,2026-05-02 15:17:00
eccf2d16-30ac-414d-816f-4e4705958d5b,CUST013,Delivered,CAR003,LOC-WARE-003,LOC-CUST-11,2026-04-21 15:17:00,2026-04-29 15:17:00,2026-04-27 15:17:00,2026-05-02 15:17:00,2026-05-02 15:17:00
cc215150-ada7-46d4-beb0-6bf5daf5dbe9,CUST004,Delivered,CAR001,LOC-WARE-004,LOC-CUST-2,2026-05-26 15:17:00,2026-06-01 15:17:00,2026-06-03 15:17:00,2026-06-03 15:17:00,2026-06-06 15:17:00
dc596781-f863-4a98-8059-62ef485872f8,CUST006,Delivered,CAR001,LOC-WARE-003,LOC-CUST-4,2026-05-05 15:17:00,2026-05-10 15:17:00,2026-05-14 15:17:00,2026-05-14 15:17:00,2026-05-09 15:17:00
bde095f9-a509-4cb8-af03-3f4c13b5d7da,CUST010,Delivered,CAR002,LOC-WARE-004,LOC-CUST-8,2026-04-04 15:17:00,2026-04-14 15:17:00,2026-04-11 15:17:00,2026-04-13 15:17:00,2026-04-12 15:17:00
77a7af34-9a18-4a50-a413-55324e7fa35e,CUST010,Delivered,CAR002,LOC-WARE-004,LOC-CUST-8,2026-04-06 15:17:00,2026-04-10 15:17:00,2026-04-13 15:17:00,2026-04-13 15:17:00,2026-04-12 15:17:00
55ac345e-a2e1-400d-a294-fdbdbd8500e6,CUST004,Delivered,CAR002,LOC-WARE-003,LOC-CUST-2,2026-05-09 15:17:00,2026-05-13 15:17:00,2026-05-15 15:17:00,2026-05-15 15:17:00,2026-05-12 15:17:00
30c99d36-ff68-43c0-b1e6-d85a947679a4,CUST010,Delivered,CAR003,LOC-WARE-004,LOC-CUST-8,2026-08-20 15:17:00,2026-08-25 15:17:00,2026-08-28 15:17:00,2026-08-28 15:17:00,2026-08-25 15:17:00
da0364bd-fc17-4994-a55c-d088a96ed778,CUST004,Delivered,CAR003,LOC-WARE-003,LOC-CUST-2,2026-05-07 15:17:00,2026-05-16 15:17:00,2026-05-13 15:17:00,2026-05-18 15:17:00,2026-05-10 15:17:00
acb882d5-5427-40d2-b2dd-7b1963395ce2,CUST004,Delivered,CAR003,LOC-WARE-003,LOC-CUST-2,2026-05-09 15:17:00,2026-05-15 15:17:00,2026-05-18 15:17:00,2026-05-18 15:17:00,2026-05-10 15:17:00
071d56f8-0f91-40b8-b556-630a835e79a0,CUST006,Delivered,CAR003,LOC-WARE-003,LOC-CUST-4,2026-03-28 15:17:00,2026-04-07 15:17:00,2026-04-04 15:17:00,2026-04-04 15:17:00,2026-04-02 15:17:00
f44be0c3-68c2-4546-b5ec-406d442207b9,CUST007,Delivered,CAR001,LOC-WARE-004,LOC-CUST-5,2026-08-25 15:17:00,2026-09-03 15:17:00,2026-08-30 15:17:00,2026-08-31 15:17:00,2026-08-28 15:17:00
007e3637-4bed-48e6-8b58-fc7fae0de22c,CUST012,Delivered,CAR001,LOC-WARE-004,LOC-CUST-10,2026-03-12 15:17:00,2026-03-17 15:17:00,2026-03-19 15:17:00,2026-03-19 15:17:00,2026-03-19 15:17:00
a0f9f97b-b7d7-4e4a-802c-6fcd182e2ca5,CUST012,Delivered,CAR001,LOC-WARE-004,LOC-CUST-10,2026-03-09 15:17:00,2026-03-16 15:17:00,2026-03-16 15:17:00,2026-03-19 15:17:00,2026-03-19 15:17:00
588d4b29-bb9e-458d-bbc3-4e30ae0c3cab,CUST007,Delivered,CAR003,LOC-WARE-004,LOC-CUST-5,2026-06-02 15:17:00,2026-06-10 15:17:00,2026-06-07 15:17:00,2026-06-11 15:17:00,2026-06-12 15:17:00
bd132ef1-3431-4dac-83e2-22ac9171d5f2,CUST004,Delivered,CAR003,LOC-WARE-004,LOC-CUST-2,2026-04-24 15:17:00,2026-05-01 15:17:00,2026-04-29 15:17:00,2026-05-01 15:17:00,2026-04-28 15:17:00
aaa99d8c-fd18-4215-b91a-06d02070ae01,CUST011,Delivered,CAR002,LOC-WARE-003,LOC-CUST-9,2026-07-17 15:17:00,2026-07-20 15:17:00,2026-07-23 15:17:00,2026-07-23 15:17:00,2026-07-23 15:17:00
59171886-9f1c-4de0-845d-c7b764678d91,CUST011,Delivered,CAR002,LOC-WARE-003,LOC-CUST-9,2026-07-15 15:17:00,2026-07-23 15:17:00,2026-07-20 15:17:00,2026-07-23 15:17:00,2026-07-23 15:17:00
e90f2c34-f578-4488-a3a6-667cf9d78e6f,CUST011,Delivered,CAR001,LOC-WARE-003,LOC-CUST-9,2026-06-30 15:17:00,2026-07-10 15:17:00,2026-07-05 15:17:00,2026-07-08 15:17:00,2026-07-06 15:17:00
2fb44f1b-9ae6-4fdf-8f33-b4650cf81548,CUST002,Delivered,CAR003,LOC-WARE-004,LOC-CUST-1,2026-09-01 15:17:00,2026-09-08 15:17:00,2026-09-10 15:17:00,2026-09-10 15:17:00,2026-09-07 15:17:00
f743a51e-a96f-4d38-9618-6a69d8f19a49,CUST002,Delivered,CAR002,LOC-WARE-003,LOC-CUST-1,2026-04-20 15:17:00,2026-04-29 15:17:00,2026-04-25 15:17:00,2026-05-01 15:17:00,2026-04-25 15:17:00
d34e9c1e-c665-4202-9e2e-1279f268198a,CUST002,Delivered,CAR002,LOC-WARE-003,LOC-CUST-1,2026-04-24 15:17:00,2026-04-26 15:17:00,2026-05-01 15:17:00,2026-05-01 15:17:00,2026-04-25 15:17:00
27201bd6-77ae-478a-be88-71c19272340f,CUST008,Delivered,CAR001,LOC-WARE-004,LOC-CUST-6,2026-07-06 15:17:00,2026-07-12 15:17:00,2026-07-13 15:17:00,2026-07-13 15:17:00,2026-07-13 15:17:00
cc1622f0-f9fa-4ebc-ba8b-333ba4ba00b7,CUST004,Delivered,CAR001,LOC-WARE-004,LOC-CUST-2,2026-08-01 15:17:00,2026-08-06 15:17:00,2026-08-10 15:17:00,2026-08-10 15:17:00,2026-08-06 15:17:00
c1e1f6ef-d2d0-4d6f-917b-d46fccf1aa8f,CUST010,Delivered,CAR002,LOC-WARE-003,LOC-CUST-8,2026-06-07 15:17:00,2026-06-08 15:17:00,2026-06-13 15:17:00,2026-06-13 15:17:00,2026-06-13 15:17:00
f956ea4f-a038-44ff-9f74-90ec20eaa27a,CUST010,Delivered,CAR002,LOC-WARE-003,LOC-CUST-8,2026-06-02 15:17:00,2026-06-10 15:17:00,2026-06-09 15:17:00,2026-06-13 15:17:00,2026-06-13 15:17:00
16eb428d-a3f0-4914-ae1f-c292f68fc18f,CUST010,Delivered,CAR002,LOC-WARE-004,LOC-CUST-8,2026-03-20 15:17:00,2026-04-01 15:17:00,2026-03-27 15:17:00,2026-03-29 15:17:00,2026-03-27 15:17:00
48e9c891-1786-46bf-9b43-d90d76158d5f,CUST012,Delivered,CAR002,LOC-WARE-004,LOC-CUST-10,2026-06-26 15:17:00,2026-07-02 15:17:00,2026-07-03 15:17:00,2026-07-04 15:17:00,2026-07-02 15:17:00
e44b1551-3ccc-4af3-ae90-a7d4a815d799,CUST009,Delivered,CAR003,LOC-WARE-003,LOC-CUST-7,2026-08-12 15:17:00,2026-08-15 15:17:00,2026-08-18 15:17:00,2026-08-18 15:17:00,2026-08-17 15:17:00
19eab17c-3254-4f55-9202-b040f2b3c07e,CUST009,Delivered,CAR003,LOC-WARE-003,LOC-CUST-7,2026-08-11 15:17:00,2026-08-21 15:17:00,2026-08-18 15:17:00,2026-08-18 15:17:00,2026-08-17 15:17:00
c84d5f08-d7b5-4238-9992-931a44fd678a,CUST012,Delivered,CAR001,LOC-WARE-003,LOC-CUST-10,2026-03-13 15:17:00,2026-03-24 15:17:00,2026-03-20 15:17:00,2026-03-22 15:17:00,2026-03-25 15:17:00
eddb4c71-9666-4431-82d4-e97192eadc88,CUST006,Delivered,CAR002,LOC-WARE-003,LOC-CUST-4,2026-07-10 15:17:00,2026-07-11 15:17:00,2026-07-18 15:17:00,2026-07-18 15:17:00,2026-07-11 15:17:00
2700c26e-d0b4-4ddb-a903-0fcf64665153,CUST005,Delivered,CAR001,LOC-WARE-003,LOC-CUST-3,2026-07-25 15:17:00,2026-07-30 15:17:00,2026-08-03 15:17:00,2026-08-03 15:17:00,2026-08-03 15:17:00
dce5fdd5-2308-4c92-9988-7e993ef29fb9,CUST005,Delivered,CAR001,LOC-WARE-003,LOC-CUST-3,2026-07-28 15:17:00,2026-08-01 15:17:00,2026-08-03 15:17:00,2026-08-03 15:17:00,2026-08-03 15:17:00
1631e573-ac71-4fc7-b267-174491c12445,CUST010,Delivered,CAR003,LOC-WARE-003,LOC-CUST-8,2026-06-12 15:17:00,2026-06-16 15:17:00,2026-06-18 15:17:00,2026-06-19 15:17:00,2026-06-21 15:17:00
f9a91737-3113-496e-93b1-2b3922392b5f,CUST013,Delivered,CAR002,LOC-WARE-004,LOC-CUST-11,2026-08-22 15:17:00,2026-08-29 15:17:00,2026-08-28 15:17:00,2026-08-28 15:17:00,2026-08-23 15:17:00
8d25f4ea-a24e-41ae-a30e-536ca0ccd570,CUST008,Delivered,CAR003,LOC-WARE-004,LOC-CUST-6,2026-05-13 15:17:00,2026-05-22 15:17:00,2026-05-20 15:17:00,2026-05-22 15:17:00,2026-05-21 15:17:00
258d8bfa-f968-4faf-9cb6-5ddfb81da085,CUST008,Delivered,CAR003,LOC-WARE-004,LOC-CUST-6,2026-05-13 15:17:00,2026-05-19 15:17:00,2026-05-18 15:17:00,2026-05-22 15:17:00,2026-05-21 15:17:00
4252597e-f405-4aa2-9fd1-dbfdbbdc3037,CUST002,Delivered,CAR002,LOC-WARE-004,LOC-CUST-1,2026-03-31 15:17:00,2026-04-04 15:17:00,2026-04-05 15:17:00,2026-04-06 15:17:00,2026-04-09 15:17:00
a151647b-e349-4249-bca7-143f1f65e6a5,CUST004,Delivered,CAR002,LOC-WARE-003,LOC-CUST-2,2026-08-11 15:17:00,2026-08-18 15:17:00,2026-08-19 15:17:00,2026-08-20 15:17:00,2026-08-20 15:17:00
d3cf67f6-5b33-4a08-a528-07df73f53651,CUST005,Delivered,CAR002,LOC-WARE-004,LOC-CUST-3,2026-03-29 15:17:00,2026-04-08 15:17:00,2026-04-07 15:17:00,2026-04-07 15:17:00,2026-04-05 15:17:00
f3a7d1bb-119b-4789-8179-3543628d4eaf,CUST005,Delivered,CAR002,LOC-WARE-004,LOC-CUST-3,2026-03-29 15:17:00,2026-04-05 15:17:00,2026-04-06 15:17:00,2026-04-07 15:17:00,2026-04-05 15:17:00
55fbbd48-d01b-4324-b20e-0506d4a762e5,CUST010,Delivered,CAR001,LOC-WARE-003,LOC-CUST-8,2026-05-11 15:17:00,2026-05-14 15:17:00,2026-05-16 15:17:00,2026-05-17 15:17:00,2026-05-16 15:17:00
f3bfafee-b822-47ed-b562-92beab23ebba,CUST015,Delivered,CAR003,LOC-WARE-004,LOC-CUST-13,2026-08-01 15:17:00,2026-08-05 15:17:00,2026-08-07 15:17:00,2026-08-07 15:17:00,2026-08-05 15:17:00
640caf76-66e6-465e-b702-d2215e045803,CUST007,Delivered,CAR002,LOC-WARE-003,LOC-CUST-5,2026-08-22 15:17:00,2026-08-28 15:17:00,2026-08-29 15:17:00,2026-08-29 15:17:00,2026-08-27 15:17:00
27889405-2915-4280-8fd8-c3c5ce4a0cb7,CUST007,Delivered,CAR002,LOC-WARE-003,LOC-CUST-5,2026-08-18 15:17:00,2026-08-29 15:17:00,2026-08-26 15:17:00,2026-08-29 15:17:00,2026-08-27 15:17:00
b1317790-79cb-4ebe-9139-e038986ed9b1,CUST012,Delivered,CAR002,LOC-WARE-004,LOC-CUST-10,2026-04-30 15:17:00,2026-05-04 15:17:00,2026-05-05 15:17:00,2026-05-05 15:17:00,2026-05-01 15:17:00
4b96bb3f-cdb2-4749-8af2-4c8f07b8be45,CUST010,Delivered,CAR003,LOC-WARE-004,LOC-CUST-8,2026-04-10 15:17:00,2026-04-17 15:17:00,2026-04-18 15:17:00,2026-04-18 15:17:00,2026-04-13 15:17:00
e53f785d-4ef1-4234-80b3-36442c4d8694,CUST002,Delivered,CAR001,LOC-WARE-003,LOC-CUST-1,2026-05-18 15:17:00,2026-05-22 15:17:00,2026-05-25 15:17:00,2026-05-25 15:17:00,2026-05-21 15:17:00
3b4ff6e0-02d9-45fb-9f1e-cd87980c0e09,CUST002,Delivered,CAR001,LOC-WARE-003,LOC-CUST-1,2026-05-16 15:17:00,2026-05-24 15:17:00,2026-05-23 15:17:00,2026-05-25 15:17:00,2026-05-21 15:17:00
e4d4d389-5a2b-4218-a304-aa8fe000db42,CUST011,Delivered,CAR002,LOC-WARE-003,LOC-CUST-9,2026-07-03 15:17:00,2026-07-05 15:17:00,2026-07-11 15:17:00,2026-07-11 15:17:00,2026-07-09 15:17:00
5bb30c22-5f6b-4a53-b307-40a528196316,CUST002,Delivered,CAR003,LOC-WARE-004,LOC-CUST-1,2026-08-11 15:17:00,2026-08-19 15:17:00,2026-08-17 15:17:00,2026-08-17 15:17:00,2026-08-16 15:17:00
843430a0-0579-4eba-ba89-0bd2295dbc0e,CUST005,Delivered,CAR001,LOC-WARE-004,LOC-CUST-3,2026-08-11 15:17:00,2026-08-18 15:17:00,2026-08-18 15:17:00,2026-08-21 15:17:00,2026-08-19 15:17:00
28d18300-0ccd-474a-ae18-8370adb9ea19,CUST005,Delivered,CAR001,LOC-WARE-004,LOC-CUST-3,2026-08-13 15:17:00,2026-08-20 15:17:00,2026-08-21 15:17:00,2026-08-21 15:17:00,2026-08-19 15:17:00
834328f9-776e-46c4-b523-861c19e5d515,CUST007,Delivered,CAR002,LOC-WARE-004,LOC-CUST-5,2026-07-13 15:17:00,2026-07-16 15:17:00,2026-07-18 15:17:00,2026-07-18 15:17:00,2026-07-16 15:17:00
7d4d4a39-9c2c-4e27-8ffb-f0db85cecba2,CUST005,Delivered,CAR003,LOC-WARE-004,LOC-CUST-3,2026-04-13 15:17:00,2026-04-19 15:17:00,2026-04-19 15:17:00,2026-04-19 15:17:00,2026-04-16 15:17:00
97d7b85f-22d7-4d44-89ef-92f8b4c7026a,CUST012,Delivered,CAR001,LOC-WARE-004,LOC-CUST-10,2026-05-01 15:17:00,2026-05-05 15:17:00,2026-05-06 15:17:00,2026-05-06 15:17:00,2026-05-06 15:17:00
092932b9-3c43-4519-92b8-99cdb4552c9e,CUST012,Delivered,CAR001,LOC-WARE-004,LOC-CUST-10,2026-04-28 15:17:00,2026-05-07 15:17:00,2026-05-04 15:17:00,2026-05-06 15:17:00,2026-05-06 15:17:00
57f17a39-896b-410b-98ff-631c742a18c2,CUST007,Delivered,CAR003,LOC-WARE-004,LOC-CUST-5,2026-05-29 15:17:00,2026-06-02 15:17:00,2026-06-03 15:17:00,2026-06-03 15:17:00,2026-06-02 15:17:00
e66a3177-73a9-49a0-ada5-be7f230b9552,CUST005,Delivered,CAR001,LOC-WARE-004,LOC-CUST-3,2026-05-28 15:17:00,2026-06-07 15:17:00,2026-06-06 15:17:00,2026-06-06 15:17:00,2026-06-05 15:17:00
db5ef58d-92f0-41fa-aff4-5daa491aea4e,CUST004,Delivered,CAR002,LOC-WARE-004,LOC-CUST-2,2026-06-19 15:17:00,2026-06-26 15:17:00,2026-06-25 15:17:00,2026-06-26 15:17:00,2026-06-29 15:17:00
ad5c38f4-0c79-4d29-a0af-edd4c02e6091,CUST004,Delivered,CAR002,LOC-WARE-004,LOC-CUST-2,2026-06-19 15:17:00,2026-06-27 15:17:00,2026-06-24 15:17:00,2026-06-26 15:17:00,2026-06-29 15:17:00
0d1e6c11-4d69-4c3f-8d59-3f4a76a1a336,CUST005,Delivered,CAR002,LOC-WARE-003,LOC-CUST-3,2026-08-24 15:17:00,2026-08-30 15:17:00,2026-08-30 15:17:00,2026-08-30 15:17:00,2026-08-26 15:17:00
2ff755f0-837d-4057-8b4e-4ed34ef475fe,CUST008,Delivered,CAR002,LOC-WARE-003,LOC-CUST-6,2026-03-10 15:17:00,2026-03-17 15:17:00,2026-03-16 15:17:00,2026-03-16 15:17:00,2026-03-16 15:17:00
5c7ddd99-7d03-4b82-8104-a97bf6de00a9,CUST011,Delivered,CAR002,LOC-WARE-003,LOC-CUST-9,2026-07-16 15:17:00,2026-07-24 15:17:00,2026-07-24 15:17:00,2026-07-24 15:17:00,2026-07-20 15:17:00
d997101b-50cb-448b-8f6d-086f0c92ba2c,CUST011,Delivered,CAR002,LOC-WARE-003,LOC-CUST-9,2026-07-16 15:17:00,2026-07-22 15:17:00,2026-07-22 15:17:00,2026-07-24 15:17:00,2026-07-20 15:17:00
3a5f8423-b74b-4638-bd6d-852f6450662d,CUST015,Delivered,CAR001,LOC-WARE-004,LOC-CUST-13,2026-07-07 15:17:00,2026-07-15 15:17:00,2026-07-13 15:17:00,2026-07-13 15:17:00,2026-07-15 15:17:00
4df0ed21-6323-4576-ad8f-7c6dc8861ec2,CUST009,Delivered,CAR001,LOC-WARE-004,LOC-CUST-7,2026-05-06 15:17:00,2026-05-11 15:17:00,2026-05-13 15:17:00,2026-05-13 15:17:00,2026-05-11 15:17:00
5392139f-fa1a-4b36-8662-9028824cd02f,CUST015,Delivered,CAR002,LOC-WARE-004,LOC-CUST-13,2026-07-31 15:17:00,2026-08-11 15:17:00,2026-08-08 15:17:00,2026-08-09 15:17:00,2026-08-11 15:17:00
5e2d9328-52a9-4291-bb75-89ce6dc28b7f,CUST015,Delivered,CAR002,LOC-WARE-004,LOC-CUST-13,2026-07-31 15:17:00,2026-08-08 15:17:00,2026-08-06 15:17:00,2026-08-09 15:17:00,2026-08-11 15:17:00
85e9cc44-b5b5-4abc-8798-a42a87dc2611,CUST010,Delivered,CAR001,LOC-WARE-004,LOC-CUST-8,2026-05-19 15:17:00,2026-05-26 15:17:00,2026-05-28 15:17:00,2026-05-28 15:17:00,2026-05-27 15:17:00
b60d65c5-858a-446d-b919-637b5479c759,CUST014,Delivered,CAR003,LOC-WARE-003,LOC-CUST-12,2026-05-21 15:17:00,2026-05-26 15:17:00,2026-05-27 15:17:00,2026-05-28 15:17:00,2026-05-27 15:17:00
4245b3ed-0bda-4b7d-b6b8-91e07d937011,CUST011,Delivered,CAR001,LOC-WARE-004,LOC-CUST-9,2026-07-09 15:17:00,2026-07-17 15:17:00,2026-07-14 15:17:00,2026-07-17 15:17:00,2026-07-15 15:17:00
cc7cbf84-61e7-4b61-a783-e6ffbb90638a,CUST011,Delivered,CAR001,LOC-WARE-004,LOC-CUST-9,2026-07-09 15:17:00,2026-07-18 15:17:00,2026-07-14 15:17:00,2026-07-17 15:17:00,2026-07-15 15:17:00
3a1b6901-dc55-45d0-944f-96e83f6095dd,CUST013,Delivered,CAR001,LOC-WARE-004,LOC-CUST-11,2026-04-29 15:17:00,2026-05-04 15:17:00,2026-05-04 15:17:00,2026-05-06 15:17:00,2026-05-09 15:17:00
f43fed91-7776-40b1-b1a7-55da82b097da,CUST012,Delivered,CAR002,LOC-WARE-003,LOC-CUST-10,2026-05-28 15:17:00,2026-05-29 15:17:00,2026-06-04 15:17:00,2026-06-04 15:17:00,2026-06-03 15:17:00
7158c3c1-e355-4b36-af34-a7b905e6201a,CUST011,Delivered,CAR002,LOC-WARE-003,LOC-CUST-9,2026-08-06 15:17:00,2026-08-10 15:17:00,2026-08-13 15:17:00,2026-08-13 15:17:00,2026-08-16 15:17:00
ca6cc425-09b3-4b07-a3ff-d9b304fcb4ff,CUST011,Delivered,CAR002,LOC-WARE-003,LOC-CUST-9,2026-08-04 15:17:00,2026-08-10 15:17:00,2026-08-10 15:17:00,2026-08-13 15:17:00,2026-08-16 15:17:00
00c32091-68a5-4b8a-9566-211936eccf88,CUST008,Delivered,CAR001,LOC-WARE-003,LOC-CUST-6,2026-08-06 15:17:00,2026-08-11 15:17:00,2026-08-12 15:17:00,2026-08-12 15:17:00,2026-08-10 15:17:00
85503707-6851-4fe2-a081-1c319c0bcca3,CUST006,Delivered,CAR001,LOC-WARE-004,LOC-CUST-4,2026-05-17 15:17:00,2026-05-23 15:17:00,2026-05-24 15:17:00,2026-05-24 15:17:00,2026-05-23 15:17:00
d3e1ad70-6e71-4a9f-a20f-2a38415e0d4b,CUST004,Delivered,CAR003,LOC-WARE-003,LOC-CUST-2,2026-06-28 15:17:00,2026-07-05 15:17:00,2026-07-06 15:17:00,2026-07-10 15:17:00,2026-07-09 15:17:00
8d284b26-10da-4020-ad73-340624dfbda1,CUST004,Delivered,CAR003,LOC-WARE-003,LOC-CUST-2,2026-07-01 15:17:00,2026-07-07 15:17:00,2026-07-10 15:17:00,2026-07-10 15:17:00,2026-07-09 15:17:00
81616ed7-0d72-42e9-9db7-3a5eeeab536d,CUST007,Delivered,CAR001,LOC-WARE-003,LOC-CUST-5,2026-07-07 15:17:00,2026-07-13 15:17:00,2026-07-14 15:17:00,2026-07-15 15:17:00,2026-07-15 15:17:00
379e44ef-ded9-4f72-97c1-286761d3de52,CUST005,Delivered,CAR001,LOC-WARE-004,LOC-CUST-3,2026-03-19 15:17:00,2026-03-21 15:17:00,2026-03-26 15:17:00,2026-03-26 15:17:00,2026-03-26 15:17:00
489a61f5-e0a0-4204-93ec-3b881deba7bf,CUST010,Delivered,CAR003,LOC-WARE-004,LOC-CUST-8,2026-05-13 15:17:00,2026-05-16 15:17:00,2026-05-21 15:17:00,2026-05-24 15:17:00,2026-05-20 15:17:00
68159592-861a-4e01-bd7d-a23462616d6e,CUST010,Delivered,CAR003,LOC-WARE-004,LOC-CUST-8,2026-05-15 15:17:00,2026-05-21 15:17:00,2026-05-24 15:17:00,2026-05-24 15:17:00,2026-05-20 15:17:00
78ddfb5c-8297-4941-b6fb-d6a6fa8e436e,CUST013,Delivered,CAR003,LOC-WARE-003,LOC-CUST-11,2026-08-06 15:17:00,2026-08-18 15:17:00,2026-08-15 15:17:00,2026-08-15 15:17:00,2026-08-18 15:17:00
a1ba4b39-c029-4396-aa5a-d4d8672f9f11,CUST009,Delivered,CAR002,LOC-WARE-004,LOC-CUST-7,2026-06-15 15:17:00,2026-06-22 15:17:00,2026-06-21 15:17:00,2026-06-21 15:17:00,2026-06-19 15:17:00
858701c9-84a7-4477-a7c3-3fac3e864bde,CUST006,Delivered,CAR002,LOC-WARE-004,LOC-CUST-4,2026-07-25 15:17:00,2026-07-31 15:17:00,2026-08-03 15:17:00,2026-08-03 15:17:00,2026-07-26 15:17:00
2a48d223-fe4a-424f-b2db-bd5f1f28bcc7,CUST006,Delivered,CAR002,LOC-WARE-004,LOC-CUST-4,2026-07-20 15:17:00,2026-07-28 15:17:00,2026-07-29 15:17:00,2026-08-03 15:17:00,2026-07-26 15:17:00
f315fada-5340-4f6c-908f-257be85b83a5,CUST002,Delivered,CAR001,LOC-WARE-003,LOC-CUST-1,2026-06-02 15:17:00,2026-06-12 15:17:00,2026-06-10 15:17:00,2026-06-11 15:17:00,2026-06-11 15:17:00
9061e245-e01d-4a77-853e-7dcba72af988,CUST011,Delivered,CAR002,LOC-WARE-004,LOC-CUST-9,2026-06-11 15:17:00,2026-06-14 15:17:00,2026-06-18 15:17:00,2026-06-18 15:17:00,2026-06-14 15:17:00
bc481ab8-4338-4583-a5c5-679a11ea2e60,CUST011,Delivered,CAR002,LOC-WARE-003,LOC-CUST-9,2026-04-06 15:17:00,2026-04-15 15:17:00,2026-04-14 15:17:00,2026-04-14 15:17:00,2026-04-12 15:17:00
fdd75774-a98e-4e9b-88d8-8b1a818983b8,CUST011,Delivered,CAR002,LOC-WARE-003,LOC-CUST-9,2026-04-07 15:17:00,2026-04-10 15:17:00,2026-04-13 15:17:00,2026-04-14 15:17:00,2026-04-12 15:17:00
0131e670-827b-421d-af97-7dc49f34f13b,CUST015,Delivered,CAR002,LOC-WARE-004,LOC-CUST-13,2026-06-09 15:17:00,2026-06-15 15:17:00,2026-06-14 15:17:00,2026-06-18 15:17:00,2026-06-17 15:17:00
fa3c489e-9e81-4c3d-b0cf-8cb3c0413ee7,CUST009,Delivered,CAR003,LOC-WARE-004,LOC-CUST-7,2026-07-24 15:17:00,2026-08-01 15:17:00,2026-08-01 15:17:00,2026-08-01 15:17:00,2026-07-30 15:17:00
3e6df822-0e5f-467a-a595-9d6c14c7289c,CUST007,Delivered,CAR003,LOC-WARE-004,LOC-CUST-5,2026-04-20 15:17:00,2026-04-29 15:17:00,2026-04-27 15:17:00,2026-04-28 15:17:00,2026-04-25 15:17:00
e0431f39-4569-4249-ad39-7f20666df594,CUST007,Delivered,CAR003,LOC-WARE-004,LOC-CUST-5,2026-04-19 15:17:00,2026-04-26 15:17:00,2026-04-28 15:17:00,2026-04-28 15:17:00,2026-04-25 15:17:00
c42be371-ee32-4581-a342-eef0f3bc8bbc,CUST015,Delivered,CAR001,LOC-WARE-004,LOC-CUST-13,2026-05-06 15:17:00,2026-05-14 15:17:00,2026-05-15 15:17:00,2026-05-15 15:17:00,2026-05-15 15:17:00
392e10fe-8aca-43f3-8def-123d8ffb483d,CUST007,Delivered,CAR001,LOC-WARE-004,LOC-CUST-5,2026-04-16 15:17:00,2026-04-23 15:17:00,2026-04-22 15:17:00,2026-04-22 15:17:00,2026-04-19 15:17:00
af74cdb6-0b7a-4160-8de8-b97d0ba49d46,CUST013,Delivered,CAR001,LOC-WARE-003,LOC-CUST-11,2026-08-29 15:17:00,2026-09-01 15:17:00,2026-09-06 15:17:00,2026-09-06 15:17:00,2026-09-07 15:17:00
9c6774f3-37ef-476d-ba1c-80980136f0ee,CUST013,Delivered,CAR001,LOC-WARE-003,LOC-CUST-11,2026-08-29 15:17:00,2026-09-01 15:17:00,2026-09-03 15:17:00,2026-09-06 15:17:00,2026-09-07 15:17:00
a85eb274-8016-4797-bafb-08d1246e09c4,CUST002,Delivered,CAR002,LOC-WARE-003,LOC-CUST-1,2026-08-10 15:17:00,2026-08-14 15:17:00,2026-08-19 15:17:00,2026-08-19 15:17:00,2026-08-15 15:17:00
aba00a5d-1a67-408c-ab61-f7006ad13b10,CUST002,Delivered,CAR002,LOC-WARE-004,LOC-CUST-1,2026-06-04 15:17:00,2026-06-07 15:17:00,2026-06-09 15:17:00,2026-06-10 15:17:00,2026-06-08 15:17:00
bffa292f-0970-4374-bf8e-66b2f4f5d052,CUST010,Delivered,CAR002,LOC-WARE-004,LOC-CUST-8,2026-04-24 15:17:00,2026-04-27 15:17:00,2026-04-29 15:17:00,2026-05-02 15:17:00,2026-04-30 15:17:00
70524641-404a-44a5-a1f2-499eb3968b29,CUST010,Delivered,CAR002,LOC-WARE-004,LOC-CUST-8,2026-04-24 15:17:00,2026-04-27 15:17:00,2026-05-02 15:17:00,2026-05-02 15:17:00,2026-04-30 15:17:00
141516ae-89c2-4806-99e0-2e8cb91d5e57,CUST010,Delivered,CAR001,LOC-WARE-004,LOC-CUST-8,2026-06-22 15:17:00,2026-06-23 15:17:00,2026-06-29 15:17:00,2026-06-29 15:17:00,2026-06-27 15:17:00
89559582-0321-4dd0-af54-25f36f896d86,CUST010,Delivered,CAR001,LOC-WARE-004,LOC-CUST-8,2026-07-02 15:17:00,2026-07-06 15:17:00,2026-07-11 15:17:00,2026-07-11 15:17:00,2026-07-06 15:17:00
4387ae32-7c5f-4b28-83b4-4a6ab4955b7e,CUST015,Delivered,CAR003,LOC-WARE-004,LOC-CUST-13,2026-08-29 15:17:00,2026-09-04 15:17:00,2026-09-03 15:17:00,2026-09-09 15:17:00,2026-09-03 15:17:00
afcb38cb-7ba2-497f-8fd1-d90a1fc244ab,CUST015,Delivered,CAR003,LOC-WARE-004,LOC-CUST-13,2026-08-31 15:17:00,2026-09-06 15:17:00,2026-09-09 15:17:00,2026-09-09 15:17:00,2026-09-03 15:17:00
87fecb4f-89fe-46af-93e8-a5ebd3a46502,CUST009,Delivered,CAR002,LOC-WARE-004,LOC-CUST-7,2026-04-04 15:17:00,2026-04-07 15:17:00,2026-04-10 15:17:00,2026-04-10 15:17:00,2026-04-08 15:17:00
c3beeda9-7fc0-4a13-b901-88c74c56819b,CUST006,Delivered,CAR002,LOC-WARE-004,LOC-CUST-4,2026-07-19 15:17:00,2026-07-26 15:17:00,2026-07-24 15:17:00,2026-07-25 15:17:00,2026-07-24 15:17:00
01ea972f-98df-44b6-a65c-2f1a6b6b8ee3,CUST006,Delivered,CAR002,LOC-WARE-003,LOC-CUST-4,2026-04-30 15:17:00,2026-05-08 15:17:00,2026-05-09 15:17:00,2026-05-09 15:17:00,2026-05-09 15:17:00
2565809c-e260-48c5-8ad6-459557c33ec2,CUST006,Delivered,CAR002,LOC-WARE-003,LOC-CUST-4,2026-05-02 15:17:00,2026-05-07 15:17:00,2026-05-07 15:17:00,2026-05-09 15:17:00,2026-05-09 15:17:00
52f9031c-45d6-4ae1-91dd-02164d3eac4b,CUST012,Delivered,CAR001,LOC-WARE-004,LOC-CUST-10,2026-04-09 15:17:00,2026-04-17 15:17:00,2026-04-18 15:17:00,2026-04-18 15:17:00,2026-04-18 15:17:00
82c81ef3-fbfc-44a8-8c7e-e26917326b27,CUST010,Delivered,CAR003,LOC-WARE-004,LOC-CUST-8,2026-08-16 15:17:00,2026-08-22 15:17:00,2026-08-23 15:17:00,2026-08-23 15:17:00,2026-08-23 15:17:00
349605e4-0540-4b3c-8de2-8e09d14f4a36,CUST014,Delivered,CAR001,LOC-WARE-003,LOC-CUST-12,2026-03-05 15:17:00,2026-03-15 15:17:00,2026-03-11 15:17:00,2026-03-16 15:17:00,2026-03-15 15:17:00
0edbf917-0d19-4ffa-b3f5-5f9659ca02b3,CUST014,Delivered,CAR001,LOC-WARE-003,LOC-CUST-12,2026-03-10 15:17:00,2026-03-11 15:17:00,2026-03-16 15:17:00,2026-03-16 15:17:00,2026-03-15 15:17:00
6c98ee11-30b9-4068-8dce-c2c668d88fcb,CUST011,Delivered,CAR001,LOC-WARE-004,LOC-CUST-9,2026-05-08 15:17:00,2026-05-14 15:17:00,2026-05-14 15:17:00,2026-05-14 15:17:00,2026-05-10 15:17:00
455b1bfd-ae6f-4e95-b076-4c4b8ce2d7d0,CUST015,Delivered,CAR002,LOC-WARE-003,LOC-CUST-13,2026-06-06 15:17:00,2026-06-15 15:17:00,2026-06-11 15:17:00,2026-06-14 15:17:00,2026-06-12 15:17:00
f374910f-91a5-4374-9645-ac2af5855b21,CUST009,Delivered,CAR003,LOC-WARE-003,LOC-CUST-7,2026-07-07 15:17:00,2026-07-16 15:17:00,2026-07-14 15:17:00,2026-07-16 15:17:00,2026-07-13 15:17:00
ff38b86c-effc-4842-8002-4b2e99fc70d9,CUST009,Delivered,CAR003,LOC-WARE-003,LOC-CUST-7,2026-07-10 15:17:00,2026-07-15 15:17:00,2026-07-16 15:17:00,2026-07-16 15:17:00,2026-07-13 15:17:00
1a71161e-a40f-4341-bc38-47a05600a9d5,CUST013,Delivered,CAR001,LOC-WARE-004,LOC-CUST-11,2026-07-13 15:17:00,2026-07-18 15:17:00,2026-07-18 15:17:00,2026-07-21 15:17:00,2026-07-22 15:17:00
e4f49d8e-850f-4615-a155-50105aaaff8e,CUST004,Delivered,CAR002,LOC-WARE-003,LOC-CUST-2,2026-05-30 15:17:00,2026-06-01 15:17:00,2026-06-06 15:17:00,2026-06-06 15:17:00,2026-06-05 15:17:00
88fa48ba-fcae-4637-b93e-91f3d3f88b0d,CUST005,Delivered,CAR001,LOC-WARE-004,LOC-CUST-3,2026-06-02 15:17:00,2026-06-08 15:17:00,2026-06-10 15:17:00,2026-06-10 15:17:00,2026-06-06 15:17:00
35b77abb-19b8-45cc-9f83-bf17043de616,CUST005,Delivered,CAR001,LOC-WARE-004,LOC-CUST-3,2026-05-31 15:17:00,2026-06-05 15:17:00,2026-06-05 15:17:00,2026-06-10 15:17:00,2026-06-06 15:17:00
bdfb6a55-d78a-47bb-afa3-a95fd1ce72c3,CUST011,Delivered,CAR003,LOC-WARE-004,LOC-CUST-9,2026-08-28 15:17:00,2026-09-05 15:17:00,2026-09-06 15:17:00,2026-09-06 15:17:00,2026-09-03 15:17:00
84ae1db6-b2d1-4e93-bbbe-915d45b76679,CUST006,Delivered,CAR001,LOC-WARE-004,LOC-CUST-4,2026-04-15 15:17:00,2026-04-22 15:17:00,2026-04-21 15:17:00,2026-04-23 15:17:00,2026-04-26 15:17:00
a95ff15d-3228-43f8-854d-6050c2261961,CUST007,Delivered,CAR001,LOC-WARE-003,LOC-CUST-5,2026-04-07 15:17:00,2026-04-19 15:17:00,2026-04-16 15:17:00,2026-04-16 15:17:00,2026-04-18 15:17:00
62966b82-fa89-4aca-8e9c-8bd9add1da72,CUST007,Delivered,CAR001,LOC-WARE-003,LOC-CUST-5,2026-04-09 15:17:00,2026-04-19 15:17:00,2026-04-14 15:17:00,2026-04-16 15:17:00,2026-04-18 15:17:00
a164b2b2-0113-40cf-be83-34a08e1b03f3,CUST006,Delivered,CAR002,LOC-WARE-003,LOC-CUST-4,2026-04-07 15:17:00,2026-04-17 15:17:00,2026-04-14 15:17:00,2026-04-15 15:17:00,2026-04-16 15:17:00
3f7b1190-7026-4ea1-9c84-223e6b391393,CUST012,Delivered,CAR003,LOC-WARE-004,LOC-CUST-10,2026-06-13 15:17:00,2026-06-18 15:17:00,2026-06-18 15:17:00,2026-06-20 15:17:00,2026-06-19 15:17:00
ffc67385-87fe-42a1-a2bf-a626869a0708,CUST015,Delivered,CAR002,LOC-WARE-003,LOC-CUST-13,2026-06-01 15:17:00,2026-06-10 15:17:00,2026-06-06 15:17:00,2026-06-09 15:17:00,2026-06-06 15:17:00
02f5b8c0-03c4-472d-94a5-38dcd3d588d9,CUST015,Delivered,CAR002,LOC-WARE-003,LOC-CUST-13,2026-06-03 15:17:00,2026-06-07 15:17:00,2026-06-08 15:17:00,2026-06-09 15:17:00,2026-06-06 15:17:00
d14b7a9a-c157-4b6b-9cd4-1096c048cac8,CUST005,Delivered,CAR003,LOC-WARE-004,LOC-CUST-3,2026-04-19 15:17:00,2026-04-21 15:17:00,2026-04-25 15:17:00,2026-04-25 15:17:00,2026-04-22 15:17:00
15e23048-2f94-4181-8961-c60e91ab8bc8,CUST005,Delivered,CAR001,LOC-WARE-003,LOC-CUST-3,2026-06-28 15:17:00,2026-07-02 15:17:00,2026-07-03 15:17:00,2026-07-04 15:17:00,2026-07-03 15:17:00
61249ab8-fd49-401e-a72e-8c23137e7094,CUST006,Delivered,CAR003,LOC-WARE-004,LOC-CUST-4,2026-04-07 15:17:00,2026-04-19 15:17:00,2026-04-15 15:17:00,2026-04-16 15:17:00,2026-04-13 15:17:00
4f5b70fb-9e0c-48b9-a49d-564649bd92fa,CUST006,Delivered,CAR003,LOC-WARE-004,LOC-CUST-4,2026-04-09 15:17:00,2026-04-14 15:17:00,2026-04-16 15:17:00,2026-04-16 15:17:00,2026-04-13 15:17:00
3e283ac9-a6c4-4fb9-8152-caf3167e2a10,CUST005,Delivered,CAR002,LOC-WARE-003,LOC-CUST-3,2026-08-02 15:17:00,2026-08-05 15:17:00,2026-08-11 15:17:00,2026-08-11 15:17:00,2026-08-04 15:17:00
b8abe82e-e1e3-4949-92ab-8dbed7eb4741,CUST006,Delivered,CAR002,LOC-WARE-003,LOC-CUST-4,2026-07-14 15:17:00,2026-07-25 15:17:00,2026-07-20 15:17:00,2026-07-22 15:17:00,2026-07-20 15:17:00
5a02dd7d-a83b-4b70-94fc-e3d7222cdf36,CUST011,Delivered,CAR002,LOC-WARE-004,LOC-CUST-9,2026-04-28 15:17:00,2026-05-06 15:17:00,2026-05-03 15:17:00,2026-05-07 15:17:00,2026-05-08 15:17:00
227f8093-9d1a-499a-aa7e-becc62ed4d24,CUST011,Delivered,CAR002,LOC-WARE-004,LOC-CUST-9,2026-04-28 15:17:00,2026-05-04 15:17:00,2026-05-07 15:17:00,2026-05-07 15:17:00,2026-05-08 15:17:00
a3981ba1-08c7-47fa-9e93-26b36e21368a,CUST011,Delivered,CAR003,LOC-WARE-004,LOC-CUST-9,2026-04-22 15:17:00,2026-04-27 15:17:00,2026-04-27 15:17:00,2026-04-27 15:17:00,2026-04-24 15:17:00
bbfb562a-09eb-4543-9af4-1a611a87ac6a,CUST008,Delivered,CAR001,LOC-WARE-003,LOC-CUST-6,2026-06-03 15:17:00,2026-06-09 15:17:00,2026-06-10 15:17:00,2026-06-10 15:17:00,2026-06-06 15:17:00
b59d3bd0-ffe1-4804-b80b-af9c53b0a31d,CUST015,Delivered,CAR001,LOC-WARE-004,LOC-CUST-13,2026-08-13 15:17:00,2026-08-20 15:17:00,2026-08-19 15:17:00,2026-08-23 15:17:00,2026-08-22 15:17:00
65595c30-2823-4d91-99d3-315699419a31,CUST015,Delivered,CAR001,LOC-WARE-004,LOC-CUST-13,2026-08-15 15:17:00,2026-08-18 15:17:00,2026-08-23 15:17:00,2026-08-23 15:17:00,2026-08-22 15:17:00
137a9dae-d4fc-415a-99f5-77a8ce2f9ce3,CUST012,Delivered,CAR003,LOC-WARE-003,LOC-CUST-10,2026-06-18 15:17:00,2026-06-24 15:17:00,2026-06-23 15:17:00,2026-06-24 15:17:00,2026-06-21 15:17:00
46e36a59-c660-48b7-b1f7-d57e0fd7b433,CUST002,Delivered,CAR001,LOC-WARE-004,LOC-CUST-1,2026-06-18 15:17:00,2026-06-26 15:17:00,2026-06-27 15:17:00,2026-06-27 15:17:00,2026-06-22 15:17:00
cec7f405-88d0-4dc4-89bb-d3cd8bd140e6,CUST011,Delivered,CAR001,LOC-WARE-004,LOC-CUST-9,2026-05-15 15:17:00,2026-05-25 15:17:00,2026-05-20 15:17:00,2026-05-26 15:17:00,2026-05-24 15:17:00
25b4c491-0647-41d6-a565-4da9f0150992,CUST011,Delivered,CAR001,LOC-WARE-004,LOC-CUST-9,2026-05-18 15:17:00,2026-05-20 15:17:00,2026-05-26 15:17:00,2026-05-26 15:17:00,2026-05-24 15:17:00
e57b59d8-7e9d-4f2f-9eea-a20391c25c73,CUST007,Delivered,CAR002,LOC-WARE-004,LOC-CUST-5,2026-07-15 15:17:00,2026-07-26 15:17:00,2026-07-23 15:17:00,2026-07-23 15:17:00,2026-07-21 15:17:00
a55e952f-abd9-4108-8369-6ed16d25ae81,CUST008,Delivered,CAR001,LOC-WARE-003,LOC-CUST-6,2026-04-27 15:17:00,2026-05-03 15:17:00,2026-05-05 15:17:00,2026-05-06 15:17:00,2026-05-09 15:17:00
d8ec5e2b-fe21-4797-a3ec-a5dc82c3fdff,CUST005,Delivered,CAR001,LOC-WARE-003,LOC-CUST-3,2026-03-31 15:17:00,2026-04-06 15:17:00,2026-04-09 15:17:00,2026-04-09 15:17:00,2026-04-12 15:17:00
b0165abc-07b8-4ab0-a5a9-bbde4829e4c5,CUST005,Delivered,CAR001,LOC-WARE-003,LOC-CUST-3,2026-04-04 15:17:00,2026-04-10 15:17:00,2026-04-09 15:17:00,2026-04-09 15:17:00,2026-04-12 15:17:00
3c2cbd0d-81a3-42f4-8e12-842788ae264e,CUST013,Delivered,CAR002,LOC-WARE-003,LOC-CUST-11,2026-06-24 15:17:00,2026-06-30 15:17:00,2026-07-01 15:17:00,2026-07-02 15:17:00,2026-07-05 15:17:00
a9d10a3c-e8d8-409d-89b2-409f77c925ac,CUST014,Delivered,CAR003,LOC-WARE-004,LOC-CUST-12,2026-05-19 15:17:00,2026-05-25 15:17:00,2026-05-24 15:17:00,2026-05-25 15:17:00,2026-05-27 15:17:00
b258a322-0fe1-425e-a540-c486ffbe63d6,CUST010,Delivered,CAR001,LOC-WARE-003,LOC-CUST-8,2026-04-07 15:17:00,2026-04-14 15:17:00,2026-04-15 15:17:00,2026-04-16 15:17:00,2026-04-17 15:17:00
52423224-654c-46c1-ba00-4dd1e093da8b,CUST010,Delivered,CAR001,LOC-WARE-003,LOC-CUST-8,2026-04-08 15:17:00,2026-04-11 15:17:00,2026-04-16 15:17:00,2026-04-16 15:17:00,2026-04-17 15:17:00
02349f9c-9876-453f-8d09-64f8bca54260,CUST006,Delivered,CAR002,LOC-WARE-004,LOC-CUST-4,2026-05-03 15:17:00,2026-05-11 15:17:00,2026-05-12 15:17:00,2026-05-12 15:17:00,2026-05-14 15:17:00
063280fe-29ec-4862-a625-bcc791994c4c,CUST005,Delivered,CAR001,LOC-WARE-004,LOC-CUST-3,2026-08-19 15:17:00,2026-08-26 15:17:00,2026-08-27 15:17:00,2026-08-27 15:17:00,2026-08-21 15:17:00
2b5fb066-d4ed-4d16-9344-e3c74689763d,CUST012,Delivered,CAR002,LOC-WARE-004,LOC-CUST-10,2026-08-20 15:17:00,2026-08-24 15:17:00,2026-08-28 15:17:00,2026-08-28 15:17:00,2026-08-24 15:17:00
92214e68-8478-4dda-bace-a0b6143aa4bf,CUST012,Delivered,CAR002,LOC-WARE-004,LOC-CUST-10,2026-08-19 15:17:00,2026-08-28 15:17:00,2026-08-26 15:17:00,2026-08-28 15:17:00,2026-08-24 15:17:00
541732e9-7552-4eb4-a5a6-62df9260c35f,CUST004,Delivered,CAR003,LOC-WARE-004,LOC-CUST-2,2026-08-26 15:17:00,2026-08-31 15:17:00,2026-09-03 15:17:00,2026-09-03 15:17:00,2026-08-31 15:17:00
d7142f72-6027-45a7-b487-40e7c30329cf,CUST005,Delivered,CAR001,LOC-WARE-004,LOC-CUST-3,2026-08-11 15:17:00,2026-08-19 15:17:00,2026-08-20 15:17:00,2026-08-20 15:17:00,2026-08-15 15:17:00
f16acf38-35f5-4e55-b624-c9aefed3870c,CUST008,Delivered,CAR001,LOC-WARE-003,LOC-CUST-6,2026-07-17 15:17:00,2026-07-24 15:17:00,2026-07-23 15:17:00,2026-07-24 15:17:00,2026-07-21 15:17:00
212e5a28-8dec-4a02-ad0b-6ef2055f3c69,CUST008,Delivered,CAR001,LOC-WARE-003,LOC-CUST-6,2026-07-15 15:17:00,2026-07-26 15:17:00,2026-07-24 15:17:00,2026-07-24 15:17:00,2026-07-21 15:17:00
59528d8b-cf31-4daa-b8d7-bd001f50aa9f,CUST015,Delivered,CAR003,LOC-WARE-004,LOC-CUST-13,2026-08-05 15:17:00,2026-08-09 15:17:00,2026-08-10 15:17:00,2026-08-12 15:17:00,2026-08-10 15:17:00
84909936-0abf-41ee-8258-1a2a431413e5,CUST011,Delivered,CAR002,LOC-WARE-003,LOC-CUST-9,2026-07-14 15:17:00,2026-07-19 15:17:00,2026-07-22 15:17:00,2026-07-22 15:17:00,2026-07-22 15:17:00
8bcf99a5-95a4-4d30-9e6e-dd98566cb02c,CUST007,Delivered,CAR001,LOC-WARE-004,LOC-CUST-5,2026-05-17 15:17:00,2026-05-21 15:17:00,2026-05-24 15:17:00,2026-05-24 15:17:00,2026-05-25 15:17:00
4f886e5e-b9ce-474a-934e-eeae79796b5c,CUST007,Delivered,CAR001,LOC-WARE-004,LOC-CUST-5,2026-05-14 15:17:00,2026-05-22 15:17:00,2026-05-22 15:17:00,2026-05-24 15:17:00,2026-05-25 15:17:00
ca6237f0-9866-46f6-ac2e-b5a4ddefae6d,CUST011,Delivered,CAR001,LOC-WARE-004,LOC-CUST-9,2026-03-14 15:17:00,2026-03-23 15:17:00,2026-03-21 15:17:00,2026-03-21 15:17:00,2026-03-19 15:17:00
6fc45861-4855-4444-a2e3-cc9a4887f234,CUST012,Delivered,CAR001,LOC-WARE-004,LOC-CUST-10,2026-08-04 15:17:00,2026-08-08 15:17:00,2026-08-12 15:17:00,2026-08-12 15:17:00,2026-08-12 15:17:00
9bf203ed-202f-4c32-83b9-95bcba1ea2d9,CUST006,Delivered,CAR002,LOC-WARE-003,LOC-CUST-4,2026-07-11 15:17:00,2026-07-17 15:17:00,2026-07-19 15:17:00,2026-07-19 15:17:00,2026-07-14 15:17:00
9ecee4ff-f8f2-4f32-b731-b5d70f116475,CUST006,Delivered,CAR002,LOC-WARE-003,LOC-CUST-4,2026-07-09 15:17:00,2026-07-14 15:17:00,2026-07-17 15:17:00,2026-07-19 15:17:00,2026-07-14 15:17:00
9500feae-5529-4dcb-bf50-f679a50203d1,CUST002,Delivered,CAR003,LOC-WARE-003,LOC-CUST-1,2026-03-12 15:17:00,2026-03-18 15:17:00,2026-03-18 15:17:00,2026-03-20 15:17:00,2026-03-17 15:17:00
94233427-9ae3-439c-96db-c82ef31ba9ee,CUST010,Delivered,CAR001,LOC-WARE-003,LOC-CUST-8,2026-08-21 15:17:00,2026-08-24 15:17:00,2026-08-27 15:17:00,2026-08-27 15:17:00,2026-08-28 15:17:00
a50bda12-a065-433e-a21d-bee8936ad9ea,CUST010,Delivered,CAR003,LOC-WARE-004,LOC-CUST-8,2026-06-11 15:17:00,2026-06-18 15:17:00,2026-06-18 15:17:00,2026-06-18 15:17:00,2026-06-17 15:17:00
ccbd0387-bc3e-43a6-a50a-17cc986118cd,CUST010,Delivered,CAR003,LOC-WARE-004,LOC-CUST-8,2026-06-08 15:17:00,2026-06-16 15:17:00,2026-06-16 15:17:00,2026-06-18 15:17:00,2026-06-17 15:17:00
d4f6aea0-f2d7-4521-b049-f7792b0d54ff,CUST007,Delivered,CAR002,LOC-WARE-004,LOC-CUST-5,2026-07-30 15:17:00,2026-08-05 15:17:00,2026-08-04 15:17:00,2026-08-04 15:17:00,2026-08-04 15:17:00
e85fc716-24f5-4509-8972-4f08bd1a8b50,CUST004,Delivered,CAR001,LOC-WARE-004,LOC-CUST-2,2026-05-01 15:17:00,2026-05-06 15:17:00,2026-05-08 15:17:00,2026-05-08 15:17:00,2026-05-03 15:17:00
44c7824c-a014-4140-8b05-7c19082c03d8,CUST011,Delivered,CAR002,LOC-WARE-004,LOC-CUST-9,2026-05-27 15:17:00,2026-06-04 15:17:00,2026-06-03 15:17:00,2026-06-04 15:17:00,2026-06-01 15:17:00
4d0ff379-22d8-48e2-a2cb-7dd5d2ab8dd1,CUST011,Delivered,CAR002,LOC-WARE-004,LOC-CUST-9,2026-05-28 15:17:00,2026-06-01 15:17:00,2026-06-04 15:17:00,2026-06-04 15:17:00,2026-06-01 15:17:00
0706b340-394c-42a1-8e70-8dbd03eb7bce,CUST004,Delivered,CAR003,LOC-WARE-004,LOC-CUST-2,2026-07-15 15:17:00,2026-07-25 15:17:00,2026-07-24 15:17:00,2026-07-24 15:17:00,2026-07-20 15:17:00
1c98308a-a5f6-40f0-83f4-edb702948e6d,CUST002,Delivered,CAR001,LOC-WARE-004,LOC-CUST-1,2026-05-17 15:17:00,2026-05-20 15:17:00,2026-05-22 15:17:00,2026-05-22 15:17:00,2026-05-24 15:17:00
2e852512-d758-43c0-9d4b-5d223eb0b86f,CUST007,Delivered,CAR002,LOC-WARE-004,LOC-CUST-5,2026-05-01 15:17:00,2026-05-11 15:17:00,2026-05-10 15:17:00,2026-05-10 15:17:00,2026-05-06 15:17:00
ca7f9312-e376-441e-9e8e-6b6c2795b259,CUST007,Delivered,CAR002,LOC-WARE-004,LOC-CUST-5,2026-05-03 15:17:00,2026-05-07 15:17:00,2026-05-10 15:17:00,2026-05-10 15:17:00,2026-05-06 15:17:00
f3f19bdd-65de-4998-9bf4-2b403e9cd18c,CUST015,Delivered,CAR003,LOC-WARE-004,LOC-CUST-13,2026-06-21 15:17:00,2026-06-27 15:17:00,2026-06-26 15:17:00,2026-06-27 15:17:00,2026-06-28 15:17:00
819ac8b0-6f66-487d-9d0e-a81da2629e22,CUST010,Delivered,CAR002,LOC-WARE-003,LOC-CUST-8,2026-07-24 15:17:00,2026-07-27 15:17:00,2026-07-29 15:17:00,2026-07-30 15:17:00,2026-08-01 15:17:00
52f7cc7b-fcb2-4cad-8a9d-7e0ccafe69ee,CUST009,Delivered,CAR002,LOC-WARE-004,LOC-CUST-7,2026-08-14 15:17:00,2026-08-21 15:17:00,2026-08-21 15:17:00,2026-08-22 15:17:00,2026-08-21 15:17:00
e5eee9ef-aa7d-46dc-94ca-a7654af6d213,CUST009,Delivered,CAR002,LOC-WARE-004,LOC-CUST-7,2026-08-13 15:17:00,2026-08-18 15:17:00,2026-08-22 15:17:00,2026-08-22 15:17:00,2026-08-21 15:17:00
b63095ea-8dd9-46e5-8e37-fe1099ca1c48,CUST011,Delivered,CAR003,LOC-WARE-004,LOC-CUST-9,2026-03-23 15:17:00,2026-03-26 15:17:00,2026-04-01 15:17:00,2026-04-01 15:17:00,2026-03-28 15:17:00
85b6e255-6d5d-44aa-b5f5-b3679e4c1751,CUST009,Delivered,CAR001,LOC-WARE-003,LOC-CUST-7,2026-03-21 15:17:00,2026-03-24 15:17:00,2026-03-28 15:17:00,2026-03-28 15:17:00,2026-03-26 15:17:00
8e57d9f9-7f15-4e43-81c9-f0d0dfcb6de6,CUST009,Delivered,CAR002,LOC-WARE-004,LOC-CUST-7,2026-08-24 15:17:00,2026-09-05 15:17:00,2026-09-02 15:17:00,2026-09-03 15:17:00,2026-09-05 15:17:00
e24bb4bf-2669-4721-968d-2c5e7449283f,CUST009,Delivered,CAR002,LOC-WARE-004,LOC-CUST-7,2026-08-28 15:17:00,2026-09-03 15:17:00,2026-09-03 15:17:00,2026-09-03 15:17:00,2026-09-05 15:17:00
86993988-a99e-4d64-86f1-c17376df04cd,CUST006,Delivered,CAR003,LOC-WARE-003,LOC-CUST-4,2026-03-04 15:17:00,2026-03-09 15:17:00,2026-03-13 15:17:00,2026-03-13 15:17:00,2026-03-09 15:17:00
77e11446-fafe-4b77-b978-a1ec34190ad9,CUST002,Delivered,CAR003,LOC-WARE-004,LOC-CUST-1,2026-08-31 15:17:00,2026-09-08 15:17:00,2026-09-07 15:17:00,2026-09-07 15:17:00,2026-09-07 15:17:00
0566ecb8-33b5-4ac3-a4f6-962434a62d02,CUST013,Delivered,CAR001,LOC-WARE-003,LOC-CUST-11,2026-06-29 15:17:00,2026-07-03 15:17:00,2026-07-05 15:17:00,2026-07-05 15:17:00,2026-07-06 15:17:00
2869f9ca-d52b-45d2-a88a-23c161e1726f,CUST013,Delivered,CAR001,LOC-WARE-003,LOC-CUST-11,2026-06-24 15:17:00,2026-07-05 15:17:00,2026-06-30 15:17:00,2026-07-05 15:17:00,2026-07-06 15:17:00
4730a3da-c38e-4db9-a59b-9fd09c3b797c,CUST009,Delivered,CAR002,LOC-WARE-003,LOC-CUST-7,2026-07-11 15:17:00,2026-07-17 15:17:00,2026-07-18 15:17:00,2026-07-18 15:17:00,2026-07-15 15:17:00
dbd1acd9-48f1-4e8e-89c8-4d9215977a9a,CUST002,Delivered,CAR003,LOC-WARE-004,LOC-CUST-1,2026-03-07 15:17:00,2026-03-16 15:17:00,2026-03-12 15:17:00,2026-03-13 15:17:00,2026-03-14 15:17:00
e449508c-9130-49c9-b6c2-8ac1cd73eb95,CUST007,Delivered,CAR003,LOC-WARE-004,LOC-CUST-5,2026-04-27 15:17:00,2026-05-07 15:17:00,2026-05-03 15:17:00,2026-05-06 15:17:00,2026-05-03 15:17:00
8fce9ecd-51f3-4e23-af8b-62b40718b51c,CUST007,Delivered,CAR003,LOC-WARE-004,LOC-CUST-5,2026-04-27 15:17:00,2026-05-06 15:17:00,2026-05-02 15:17:00,2026-05-06 15:17:00,2026-05-03 15:17:00
e92446f5-ee7b-420a-9814-90cff4bbbe11,CUST007,Delivered,CAR003,LOC-WARE-003,LOC-CUST-5,2026-08-24 15:17:00,2026-09-02 15:17:00,2026-08-29 15:17:00,2026-09-01 15:17:00,2026-08-30 15:17:00
42e6b258-3952-4b87-b53a-9825874a5933,CUST004,Delivered,CAR002,LOC-WARE-003,LOC-CUST-2,2026-07-02 15:17:00,2026-07-08 15:17:00,2026-07-11 15:17:00,2026-07-11 15:17:00,2026-07-09 15:17:00
ff12e675-863f-4288-8c35-1cba7f73d0eb,CUST011,Delivered,CAR002,LOC-WARE-004,LOC-CUST-9,2026-07-17 15:17:00,2026-07-25 15:17:00,2026-07-24 15:17:00,2026-07-25 15:17:00,2026-07-25 15:17:00
10ad73b9-ed3b-4132-a44f-80f8845a1556,CUST011,Delivered,CAR002,LOC-WARE-004,LOC-CUST-9,2026-07-16 15:17:00,2026-07-23 15:17:00,2026-07-21 15:17:00,2026-07-25 15:17:00,2026-07-25 15:17:00
2274c775-a358-4734-956d-81434b3ba06c,CUST008,Delivered,CAR002,LOC-WARE-003,LOC-CUST-6,2026-08-27 15:17:00,2026-09-04 15:17:00,2026-09-02 15:17:00,2026-09-03 15:17:00,2026-09-02 15:17:00
143eacca-66b7-4444-ad18-9435e11b1605,CUST006,Delivered,CAR002,LOC-WARE-003,LOC-CUST-4,2026-06-06 15:17:00,2026-06-13 15:17:00,2026-06-14 15:17:00,2026-06-14 15:17:00,2026-06-16 15:17:00
06ac2e38-6924-4c72-bbf2-86acdf657e5f,CUST012,Delivered,CAR001,LOC-WARE-003,LOC-CUST-10,2026-07-27 15:17:00,2026-08-05 15:17:00,2026-08-01 15:17:00,2026-08-08 15:17:00,2026-08-02 15:17:00
8c506d99-0bc3-41f9-9343-bef57f46e7dc,CUST012,Delivered,CAR001,LOC-WARE-003,LOC-CUST-10,2026-07-30 15:17:00,2026-08-02 15:17:00,2026-08-08 15:17:00,2026-08-08 15:17:00,2026-08-02 15:17:00
609c05cf-f40d-4692-b5a6-19525de64652,CUST012,Delivered,CAR001,LOC-WARE-003,LOC-CUST-10,2026-06-01 15:17:00,2026-06-05 15:17:00,2026-06-10 15:17:00,2026-06-10 15:17:00,2026-06-05 15:17:00
8f80f29c-69ea-452a-ae5d-f0a1ec6236f8,CUST002,Delivered,CAR001,LOC-WARE-004,LOC-CUST-1,2026-04-22 15:17:00,2026-05-01 15:17:00,2026-04-30 15:17:00,2026-04-30 15:17:00,2026-04-29 15:17:00
227aa0c0-a2b6-4ab2-b387-461404d7569a,CUST004,Delivered,CAR003,LOC-WARE-003,LOC-CUST-2,2026-04-10 15:17:00,2026-04-17 15:17:00,2026-04-16 15:17:00,2026-04-22 15:17:00,2026-04-14 15:17:00
b3859b3c-1836-4c47-b86a-b42be9358eb3,CUST004,Delivered,CAR003,LOC-WARE-003,LOC-CUST-2,2026-04-13 15:17:00,2026-04-18 15:17:00,2026-04-22 15:17:00,2026-04-22 15:17:00,2026-04-14 15:17:00
aebe790a-4a44-4afd-a4ed-34a3a571ea1b,CUST008,Delivered,CAR002,LOC-WARE-003,LOC-CUST-6,2026-08-05 15:17:00,2026-08-06 15:17:00,2026-08-12 15:17:00,2026-08-12 15:17:00,2026-08-06 15:17:00
33f2335f-cae5-40f0-9b20-b4898ee8ab6c,CUST010,Delivered,CAR003,LOC-WARE-003,LOC-CUST-8,2026-04-29 15:17:00,2026-05-09 15:17:00,2026-05-06 15:17:00,2026-05-06 15:17:00,2026-05-08 15:17:00
3b824d79-0cc7-47ec-95a7-3d96d3fc624b,CUST007,Delivered,CAR001,LOC-WARE-004,LOC-CUST-5,2026-08-27 15:17:00,2026-09-05 15:17:00,2026-09-05 15:17:00,2026-09-05 15:17:00,2026-09-08 15:17:00
92ce73a6-982d-4d44-ab98-e0d85bf090f9,CUST007,Delivered,CAR001,LOC-WARE-004,LOC-CUST-5,2026-08-29 15:17:00,2026-09-04 15:17:00,2026-09-03 15:17:00,2026-09-05 15:17:00,2026-09-08 15:17:00
786db754-3f1d-4402-8de0-e8486fd61397,CUST010,Delivered,CAR001,LOC-WARE-004,LOC-CUST-8,2026-03-16 15:17:00,2026-03-24 15:17:00,2026-03-24 15:17:00,2026-03-24 15:17:00,2026-03-27 15:17:00
6f37de34-5634-487a-b6a9-7f018aee7576,CUST012,Delivered,CAR003,LOC-WARE-004,LOC-CUST-10,2026-08-19 15:17:00,2026-08-25 15:17:00,2026-08-28 15:17:00,2026-08-28 15:17:00,2026-08-20 15:17:00
0f7f312a-42cc-47b3-9d39-030c8b202f79,CUST008,Delivered,CAR002,LOC-WARE-004,LOC-CUST-6,2026-04-22 15:17:00,2026-04-29 15:17:00,2026-04-27 15:17:00,2026-05-02 15:17:00,2026-04-30 15:17:00
c39d0d78-84fa-4aaa-8b47-a0ace04595c7,CUST008,Delivered,CAR002,LOC-WARE-004,LOC-CUST-6,2026-04-23 15:17:00,2026-04-26 15:17:00,2026-05-02 15:17:00,2026-05-02 15:17:00,2026-04-30 15:17:00
e7ba658e-090d-4c49-8614-5157779fecd9,CUST007,Delivered,CAR002,LOC-WARE-004,LOC-CUST-5,2026-06-08 15:17:00,2026-06-14 15:17:00,2026-06-13 15:17:00,2026-06-17 15:17:00,2026-06-15 15:17:00
9455412d-8eb6-454e-aa1f-f17f1bcb756f,CUST006,Delivered,CAR002,LOC-WARE-004,LOC-CUST-4,2026-07-11 15:17:00,2026-07-15 15:17:00,2026-07-17 15:17:00,2026-07-18 15:17:00,2026-07-19 15:17:00
3c33f278-1ff1-4e47-bf87-741a726f50e8,CUST011,Delivered,CAR002,LOC-WARE-004,LOC-CUST-9,2026-07-07 15:17:00,2026-07-14 15:17:00,2026-07-16 15:17:00,2026-07-17 15:17:00,2026-07-14 15:17:00
2e41f743-bf04-47ae-9051-0f138f1bb630,CUST011,Delivered,CAR002,LOC-WARE-004,LOC-CUST-9,2026-07-11 15:17:00,2026-07-12 15:17:00,2026-07-17 15:17:00,2026-07-17 15:17:00,2026-07-14 15:17:00
82a06349-f002-4425-bbff-81c08b09c2fd,CUST007,Delivered,CAR003,LOC-WARE-004,LOC-CUST-5,2026-08-03 15:17:00,2026-08-12 15:17:00,2026-08-12 15:17:00,2026-08-12 15:17:00,2026-08-07 15:17:00
43675e50-f932-462a-81a4-396a6a224d32,CUST009,Delivered,CAR001,LOC-WARE-003,LOC-CUST-7,2026-08-17 15:17:00,2026-08-22 15:17:00,2026-08-25 15:17:00,2026-08-25 15:17:00,2026-08-27 15:17:00
80a7f7f5-35b8-4977-83a3-e6477e38989f,CUST006,Delivered,CAR003,LOC-WARE-003,LOC-CUST-4,2026-07-25 15:17:00,2026-07-28 15:17:00,2026-08-02 15:17:00,2026-08-02 15:17:00,2026-08-01 15:17:00
b83057bc-d09b-4ab3-8175-af04e8adfe77,CUST006,Delivered,CAR003,LOC-WARE-003,LOC-CUST-4,2026-07-21 15:17:00,2026-07-27 15:17:00,2026-07-30 15:17:00,2026-08-02 15:17:00,2026-08-01 15:17:00
859452c1-0248-41cf-9436-7699884d8341,CUST006,Delivered,CAR001,LOC-WARE-004,LOC-CUST-4,2026-07-07 15:17:00,2026-07-16 15:17:00,2026-07-12 15:17:00,2026-07-14 15:17:00,2026-07-16 15:17:00
6c35c883-c7ac-4cb3-85f1-3a54c8abc464,CUST009,Delivered,CAR001,LOC-WARE-003,LOC-CUST-7,2026-07-19 15:17:00,2026-07-24 15:17:00,2026-07-26 15:17:00,2026-07-26 15:17:00,2026-07-21 15:17:00
c5764ac8-b1fb-4a73-83d4-f7d660a803aa,CUST009,Delivered,CAR002,LOC-WARE-003,LOC-CUST-7,2026-08-14 15:17:00,2026-08-18 15:17:00,2026-08-19 15:17:00,2026-08-19 15:17:00,2026-08-15 15:17:00
abceefd7-8250-482a-b1ee-2bb9efa3b949,CUST009,Delivered,CAR002,LOC-WARE-003,LOC-CUST-7,2026-08-11 15:17:00,2026-08-16 15:17:00,2026-08-19 15:17:00,2026-08-19 15:17:00,2026-08-15 15:17:00
582bc3c1-ef87-4cab-8d74-82432a13ae51,CUST009,Delivered,CAR003,LOC-WARE-003,LOC-CUST-7,2026-03-21 15:17:00,2026-03-28 15:17:00,2026-03-26 15:17:00,2026-03-28 15:17:00,2026-03-31 15:17:00
f4587b89-c0a1-4331-9e1f-5836c5035da2,CUST005,Delivered,CAR002,LOC-WARE-004,LOC-CUST-3,2026-03-15 15:17:00,2026-03-23 15:17:00,2026-03-23 15:17:00,2026-03-23 15:17:00,2026-03-24 15:17:00
8898ddf7-937d-47a1-87d4-db475ed5fdd0,CUST002,Delivered,CAR003,LOC-WARE-004,LOC-CUST-1,2026-04-05 15:17:00,2026-04-09 15:17:00,2026-04-13 15:17:00,2026-04-13 15:17:00,2026-04-08 15:17:00
33f52f06-4815-41c7-9c4a-29199d1e3359,CUST002,Delivered,CAR003,LOC-WARE-004,LOC-CUST-1,2026-04-05 15:17:00,2026-04-14 15:17:00,2026-04-12 15:17:00,2026-04-13 15:17:00,2026-04-08 15:17:00
85caf94c-b49e-4d81-b15b-4566b3f112fe,CUST015,Delivered,CAR001,LOC-WARE-004,LOC-CUST-13,2026-08-20 15:17:00,2026-08-26 15:17:00,2026-08-25 15:17:00,2026-08-27 15:17:00,2026-08-29 15:17:00
ab2cd37c-a3a6-40aa-896a-cc1716441e85,CUST008,Delivered,CAR002,LOC-WARE-004,LOC-CUST-6,2026-07-06 15:17:00,2026-07-13 15:17:00,2026-07-12 15:17:00,2026-07-15 15:17:00,2026-07-12 15:17:00
9bc8dbaf-bab2-4390-bcab-089326d47b7e,CUST005,Delivered,CAR002,LOC-WARE-004,LOC-CUST-3,2026-06-11 15:17:00,2026-06-17 15:17:00,2026-06-17 15:17:00,2026-06-21 15:17:00,2026-06-21 15:17:00
0c5f6019-b956-4966-b961-41187dbc34d2,CUST005,Delivered,CAR002,LOC-WARE-004,LOC-CUST-3,2026-06-12 15:17:00,2026-06-20 15:17:00,2026-06-21 15:17:00,2026-06-21 15:17:00,2026-06-21 15:17:00
7fee13cc-7d00-478e-8bf5-b3f3182cb8b8,CUST012,Delivered,CAR002,LOC-WARE-004,LOC-CUST-10,2026-06-21 15:17:00,2026-06-23 15:17:00,2026-06-28 15:17:00,2026-06-28 15:17:00,2026-06-23 15:17:00
f6b16356-5af2-4bff-b850-18aae782ca88,CUST002,Delivered,CAR002,LOC-WARE-004,LOC-CUST-1,2026-06-15 15:17:00,2026-06-20 15:17:00,2026-06-21 15:17:00,2026-06-23 15:17:00,2026-06-23 15:17:00
4f9f0e73-004c-4cc1-865a-0c9a03ee454f,CUST004,Delivered,CAR003,LOC-WARE-003,LOC-CUST-2,2026-05-01 15:17:00,2026-05-09 15:17:00,2026-05-10 15:17:00,2026-05-10 15:17:00,2026-05-06 15:17:00
5569e385-31e9-456a-8c27-53ec56802502,CUST004,Delivered,CAR003,LOC-WARE-003,LOC-CUST-2,2026-04-30 15:17:00,2026-05-12 15:17:00,2026-05-06 15:17:00,2026-05-10 15:17:00,2026-05-06 15:17:00
dcd2cb0a-6816-44c1-b1fe-9b5b64350ef5,CUST011,Delivered,CAR003,LOC-WARE-003,LOC-CUST-9,2026-06-05 15:17:00,2026-06-12 15:17:00,2026-06-11 15:17:00,2026-06-13 15:17:00,2026-06-12 15:17:00
89c1f31d-71c2-41ec-82d0-ed17d8de6311,CUST005,Delivered,CAR001,LOC-WARE-003,LOC-CUST-3,2026-08-19 15:17:00,2026-08-26 15:17:00,2026-08-28 15:17:00,2026-08-28 15:17:00,2026-08-26 15:17:00
5c77eaf2-0d5b-4b9b-905c-890b2c2acfdb,CUST013,Delivered,CAR003,LOC-WARE-003,LOC-CUST-11,2026-03-30 15:17:00,2026-03-31 15:17:00,2026-04-07 15:17:00,2026-04-07 15:17:00,2026-04-03 15:17:00
378fec5e-b6af-425b-a662-45743df840f1,CUST013,Delivered,CAR003,LOC-WARE-003,LOC-CUST-11,2026-03-28 15:17:00,2026-04-04 15:17:00,2026-04-02 15:17:00,2026-04-07 15:17:00,2026-04-03 15:17:00
7c26efcb-2c66-4bf2-9ed9-27f26b32e6af,CUST014,Delivered,CAR003,LOC-WARE-003,LOC-CUST-12,2026-05-31 15:17:00,2026-06-04 15:17:00,2026-06-05 15:17:00,2026-06-05 15:17:00,2026-06-03 15:17:00
bbeb39e0-80ef-4742-a64b-128ad9dd7529,CUST014,Delivered,CAR001,LOC-WARE-004,LOC-CUST-12,2026-03-14 15:17:00,2026-03-19 15:17:00,2026-03-19 15:17:00,2026-03-19 15:17:00,2026-03-18 15:17:00
3e33c354-4aa3-41b5-8728-f489c04e1aa4,CUST009,Delivered,CAR002,LOC-WARE-003,LOC-CUST-7,2026-06-22 15:17:00,2026-06-25 15:17:00,2026-06-29 15:17:00,2026-06-30 15:17:00,2026-06-29 15:17:00
62de2990-7607-46d2-8831-c29e1aa7df8a,CUST009,Delivered,CAR002,LOC-WARE-003,LOC-CUST-7,2026-06-24 15:17:00,2026-06-30 15:17:00,2026-06-30 15:17:00,2026-06-30 15:17:00,2026-06-29 15:17:00
9247205b-aaad-4858-8990-1c30401e00e7,CUST008,Delivered,CAR001,LOC-WARE-003,LOC-CUST-6,2026-04-29 15:17:00,2026-05-08 15:17:00,2026-05-05 15:17:00,2026-05-07 15:17:00,2026-05-06 15:17:00
54430a7b-a3e9-43e8-a58a-809ef89ac1f5,CUST007,Delivered,CAR002,LOC-WARE-004,LOC-CUST-5,2026-05-28 15:17:00,2026-06-02 15:17:00,2026-06-06 15:17:00,2026-06-06 15:17:00,2026-06-01 15:17:00
f2965006-eb25-4173-8fc7-0a36b3850a49,CUST011,Delivered,CAR001,LOC-WARE-003,LOC-CUST-9,2026-07-15 15:17:00,2026-07-26 15:17:00,2026-07-20 15:17:00,2026-07-24 15:17:00,2026-07-24 15:17:00
32720133-055f-4124-8d08-5b819367c08f,CUST011,Delivered,CAR001,LOC-WARE-003,LOC-CUST-9,2026-07-19 15:17:00,2026-07-23 15:17:00,2026-07-24 15:17:00,2026-07-24 15:17:00,2026-07-24 15:17:00
2fba7303-9bad-4643-a463-02a246774f44,CUST005,Delivered,CAR002,LOC-WARE-004,LOC-CUST-3,2026-07-17 15:17:00,2026-07-25 15:17:00,2026-07-25 15:17:00,2026-07-25 15:17:00,2026-07-23 15:17:00
616c2995-4578-4a12-97d0-f6da95bb9bb4,CUST008,Delivered,CAR002,LOC-WARE-004,LOC-CUST-6,2026-07-14 15:17:00,2026-07-24 15:17:00,2026-07-22 15:17:00,2026-07-23 15:17:00,2026-07-24 15:17:00
d732e869-135f-4294-8d03-8b806bbd3b10,CUST004,Delivered,CAR002,LOC-WARE-003,LOC-CUST-2,2026-04-22 15:17:00,2026-04-30 15:17:00,2026-04-28 15:17:00,2026-04-30 15:17:00,2026-04-30 15:17:00
348dc543-b4d5-4487-bb60-8e53d219d467,CUST004,Delivered,CAR002,LOC-WARE-003,LOC-CUST-2,2026-04-21 15:17:00,2026-04-26 15:17:00,2026-04-30 15:17:00,2026-04-30 15:17:00,2026-04-30 15:17:00
b4cfb803-bcd3-48bf-8f8e-b72199fc56a7,CUST004,Delivered,CAR003,LOC-WARE-003,LOC-CUST-2,2026-06-15 15:17:00,2026-06-21 15:17:00,2026-06-21 15:17:00,2026-06-21 15:17:00,2026-06-22 15:17:00
d5c63c3b-c7f2-45d4-ad98-7fa643b1065a,CUST004,Delivered,CAR001,LOC-WARE-003,LOC-CUST-2,2026-04-13 15:17:00,2026-04-15 15:17:00,2026-04-20 15:17:00,2026-04-20 15:17:00,2026-04-21 15:17:00
29393be2-a14d-4fec-a1ce-a6b8fa24ec20,CUST008,Delivered,CAR001,LOC-WARE-004,LOC-CUST-6,2026-06-05 15:17:00,2026-06-11 15:17:00,2026-06-12 15:17:00,2026-06-18 15:17:00,2026-06-15 15:17:00
781f0b35-873c-4f84-9ac5-d1bd153a192f,CUST008,Delivered,CAR001,LOC-WARE-004,LOC-CUST-6,2026-06-09 15:17:00,2026-06-10 15:17:00,2026-06-18 15:17:00,2026-06-18 15:17:00,2026-06-15 15:17:00
4e27886d-0c41-4cee-b20c-e7252f48194b,CUST013,Delivered,CAR003,LOC-WARE-003,LOC-CUST-11,2026-05-05 15:17:00,2026-05-10 15:17:00,2026-05-13 15:17:00,2026-05-13 15:17:00,2026-05-10 15:17:00
c0f5ef97-f873-4c9f-b5e9-d16fc3eedcb3,CUST012,Delivered,CAR001,LOC-WARE-003,LOC-CUST-10,2026-08-13 15:17:00,2026-08-14 15:17:00,2026-08-18 15:17:00,2026-08-18 15:17:00,2026-08-14 15:17:00
b12520bd-ad4c-41bf-aa8d-7c2c3b06ae3b,CUST008,Delivered,CAR003,LOC-WARE-004,LOC-CUST-6,2026-09-01 15:17:00,2026-09-10 15:17:00,2026-09-10 15:17:00,2026-09-10 15:17:00,2026-09-11 15:17:00
77240fc8-4bac-452b-94bd-aa2b0d414f51,CUST008,Delivered,CAR003,LOC-WARE-004,LOC-CUST-6,2026-09-01 15:17:00,2026-09-07 15:17:00,2026-09-10 15:17:00,2026-09-10 15:17:00,2026-09-11 15:17:00
862c98f6-cfa0-4e91-bbbc-f50d9ccb4bf5,CUST015,Delivered,CAR003,LOC-WARE-003,LOC-CUST-13,2026-07-24 15:17:00,2026-08-05 15:17:00,2026-08-01 15:17:00,2026-08-02 15:17:00,2026-08-03 15:17:00
b4cb53d1-b03d-4e75-a496-f60767bfb880,CUST015,Delivered,CAR001,LOC-WARE-004,LOC-CUST-13,2026-04-27 15:17:00,2026-05-01 15:17:00,2026-05-03 15:17:00,2026-05-03 15:17:00,2026-04-30 15:17:00
b16d4eb7-f555-4600-95bc-efc59248f17e,CUST006,Delivered,CAR003,LOC-WARE-004,LOC-CUST-4,2026-06-14 15:17:00,2026-06-21 15:17:00,2026-06-19 15:17:00,2026-06-23 15:17:00,2026-06-21 15:17:00
5a54f834-54a6-4406-a8d7-a017667401d3,CUST006,Delivered,CAR003,LOC-WARE-004,LOC-CUST-4,2026-06-14 15:17:00,2026-06-21 15:17:00,2026-06-21 15:17:00,2026-06-23 15:17:00,2026-06-21 15:17:00
06e8dd8e-72e4-4f1d-bf3e-953af5675450,CUST014,Delivered,CAR003,LOC-WARE-003,LOC-CUST-12,2026-04-16 15:17:00,2026-04-19 15:17:00,2026-04-25 15:17:00,2026-04-25 15:17:00,2026-04-21 15:17:00
d253b354-fe0c-41bd-88f8-3c9242af9418,CUST007,Delivered,CAR003,LOC-WARE-004,LOC-CUST-5,2026-08-30 15:17:00,2026-09-04 15:17:00,2026-09-04 15:17:00,2026-09-06 15:17:00,2026-09-07 15:17:00
aeffb4ba-6af1-4a56-b633-0153f780561b,CUST010,Delivered,CAR002,LOC-WARE-004,LOC-CUST-8,2026-03-22 15:17:00,2026-03-28 15:17:00,2026-03-27 15:17:00,2026-04-02 15:17:00,2026-04-03 15:17:00
e9e23165-f893-466e-8bcf-3da1830427ca,CUST010,Delivered,CAR002,LOC-WARE-004,LOC-CUST-8,2026-03-25 15:17:00,2026-04-01 15:17:00,2026-04-02 15:17:00,2026-04-02 15:17:00,2026-04-03 15:17:00
8e0f314d-8cbd-453e-b13a-495c7666252e,CUST007,Delivered,CAR001,LOC-WARE-004,LOC-CUST-5,2026-05-11 15:17:00,2026-05-17 15:17:00,2026-05-18 15:17:00,2026-05-19 15:17:00,2026-05-20 15:17:00
f0424196-7470-4686-8ef1-234cbbea8577,CUST006,Delivered,CAR003,LOC-WARE-003,LOC-CUST-4,2026-03-08 15:17:00,2026-03-12 15:17:00,2026-03-13 15:17:00,2026-03-13 15:17:00,2026-03-12 15:17:00
954043f0-d8db-4304-979f-97c47719eebf,CUST004,Delivered,CAR003,LOC-WARE-004,LOC-CUST-2,2026-06-21 15:17:00,2026-06-30 15:17:00,2026-06-28 15:17:00,2026-06-29 15:17:00,2026-06-24 15:17:00
60446b33-d610-4927-92f7-0661079cc30d,CUST004,Delivered,CAR003,LOC-WARE-004,LOC-CUST-2,2026-06-21 15:17:00,2026-06-29 15:17:00,2026-06-29 15:17:00,2026-06-29 15:17:00,2026-06-24 15:17:00
e8c3cb5b-7164-4cb7-8613-87605d528059,CUST012,Delivered,CAR002,LOC-WARE-003,LOC-CUST-10,2026-07-25 15:17:00,2026-08-02 15:17:00,2026-08-01 15:17:00,2026-08-01 15:17:00,2026-07-31 15:17:00
5f43416e-5a3d-41e5-a0de-cdf9e0451a6d,CUST011,Delivered,CAR003,LOC-WARE-003,LOC-CUST-9,2026-03-13 15:17:00,2026-03-18 15:17:00,2026-03-22 15:17:00,2026-03-22 15:17:00,2026-03-22 15:17:00
5269d4b9-eb8e-4e6c-9982-efbc6c8337a7,CUST011,Delivered,CAR003,LOC-WARE-003,LOC-CUST-9,2026-07-01 15:17:00,2026-07-10 15:17:00,2026-07-09 15:17:00,2026-07-09 15:17:00,2026-07-10 15:17:00
6841390a-0ca0-4b3e-881a-f6cb5a5cc82b,CUST011,Delivered,CAR003,LOC-WARE-003,LOC-CUST-9,2026-06-30 15:17:00,2026-07-10 15:17:00,2026-07-06 15:17:00,2026-07-09 15:17:00,2026-07-10 15:17:00
31245e8e-9c7e-4ce3-894a-e8caa5fd32be,CUST015,Delivered,CAR003,LOC-WARE-003,LOC-CUST-13,2026-06-04 15:17:00,2026-06-16 15:17:00,2026-06-10 15:17:00,2026-06-13 15:17:00,2026-06-13 15:17:00
700f9401-4a09-4e58-9dea-19d7992058f4,CUST007,Delivered,CAR003,LOC-WARE-004,LOC-CUST-5,2026-06-29 15:17:00,2026-07-06 15:17:00,2026-07-06 15:17:00,2026-07-06 15:17:00,2026-07-01 15:17:00
561ab687-7d04-4b3f-9f5c-d98938708650,CUST007,Delivered,CAR003,LOC-WARE-003,LOC-CUST-5,2026-06-07 15:17:00,2026-06-14 15:17:00,2026-06-15 15:17:00,2026-06-16 15:17:00,2026-06-15 15:17:00
0895cc29-7d3e-4e67-a301-eaa26d5f7a18,CUST007,Delivered,CAR003,LOC-WARE-003,LOC-CUST-5,2026-06-09 15:17:00,2026-06-11 15:17:00,2026-06-16 15:17:00,2026-06-16 15:17:00,2026-06-15 15:17:00
a174a7b5-de17-40df-95ee-965d5cc92520,CUST008,Delivered,CAR002,LOC-WARE-003,LOC-CUST-6,2026-06-08 15:17:00,2026-06-09 15:17:00,2026-06-16 15:17:00,2026-06-16 15:17:00,2026-06-09 15:17:00
1e7e61a5-5d2b-44d2-b455-5561d028530d,CUST009,Delivered,CAR002,LOC-WARE-003,LOC-CUST-7,2026-05-22 15:17:00,2026-05-28 15:17:00,2026-05-28 15:17:00,2026-05-28 15:17:00,2026-05-27 15:17:00
3e685b4e-1bc4-4066-885d-a750419713e1,CUST005,Delivered,CAR002,LOC-WARE-003,LOC-CUST-3,2026-08-10 15:17:00,2026-08-15 15:17:00,2026-08-16 15:17:00,2026-08-16 15:17:00,2026-08-13 15:17:00
e7d2ee45-417a-4fc3-a563-f240564d33f1,CUST005,Delivered,CAR002,LOC-WARE-003,LOC-CUST-3,2026-08-10 15:17:00,2026-08-12 15:17:00,2026-08-16 15:17:00,2026-08-16 15:17:00,2026-08-13 15:17:00
ac768b12-9d00-490b-961f-3adedfe6919d,CUST006,Delivered,CAR002,LOC-WARE-004,LOC-CUST-4,2026-06-30 15:17:00,2026-07-09 15:17:00,2026-07-09 15:17:00,2026-07-09 15:17:00,2026-07-05 15:17:00
ffb05392-d98b-4497-bbed-83432109e899,CUST009,Delivered,CAR003,LOC-WARE-004,LOC-CUST-7,2026-08-28 15:17:00,2026-09-02 15:17:00,2026-09-05 15:17:00,2026-09-05 15:17:00,2026-09-07 15:17:00
0e7b5309-bdd0-444e-a599-1194f9a1f705,CUST004,Delivered,CAR003,LOC-WARE-004,LOC-CUST-2,2026-06-23 15:17:00,2026-06-29 15:17:00,2026-06-29 15:17:00,2026-07-03 15:17:00,2026-07-05 15:17:00
9c428f83-e007-44c8-9929-c44a88230b67,CUST004,Delivered,CAR003,LOC-WARE-004,LOC-CUST-2,2026-06-24 15:17:00,2026-07-05 15:17:00,2026-07-03 15:17:00,2026-07-03 15:17:00,2026-07-05 15:17:00
6c8d7778-dc22-4ac4-a31c-b91892ee8f55,CUST011,Delivered,CAR001,LOC-WARE-003,LOC-CUST-9,2026-09-01 15:17:00,2026-09-07 15:17:00,2026-09-09 15:17:00,2026-09-09 15:17:00,2026-09-11 15:17:00
9576536c-8fe5-468d-8612-fb8989bb114a,CUST007,Delivered,CAR003,LOC-WARE-003,LOC-CUST-5,2026-07-21 15:17:00,2026-07-26 15:17:00,2026-07-27 15:17:00,2026-07-27 15:17:00,2026-07-25 15:17:00
0ad840b8-ebdf-41c4-ad4f-07f1658fdaf7,CUST005,Delivered,CAR001,LOC-WARE-003,LOC-CUST-3,2026-03-21 15:17:00,2026-03-29 15:17:00,2026-03-28 15:17:00,2026-04-02 15:17:00,2026-04-02 15:17:00
78f96fed-acee-40c4-b133-5f86de16f1f8,CUST005,Delivered,CAR001,LOC-WARE-003,LOC-CUST-3,2026-03-24 15:17:00,2026-03-31 15:17:00,2026-04-02 15:17:00,2026-04-02 15:17:00,2026-04-02 15:17:00
bed4dbcd-d61b-4fd3-8dfb-28da22c9813e,CUST008,Delivered,CAR001,LOC-WARE-004,LOC-CUST-6,2026-05-10 15:17:00,2026-05-15 15:17:00,2026-05-19 15:17:00,2026-05-19 15:17:00,2026-05-18 15:17:00
4e26ccec-750b-4f9a-8b19-5334a5e137f1,CUST008,Delivered,CAR003,LOC-WARE-003,LOC-CUST-6,2026-04-25 15:17:00,2026-05-02 15:17:00,2026-04-30 15:17:00,2026-05-03 15:17:00,2026-05-02 15:17:00
ca888038-27a2-4cfd-b13d-e2301a9fa512,CUST002,Delivered,CAR003,LOC-WARE-004,LOC-CUST-1,2026-03-21 15:17:00,2026-03-27 15:17:00,2026-03-27 15:17:00,2026-03-30 15:17:00,2026-04-01 15:17:00
d4e4cdb5-39d3-4af6-aec3-89f3ef2a3e76,CUST002,Delivered,CAR003,LOC-WARE-004,LOC-CUST-1,2026-03-24 15:17:00,2026-03-29 15:17:00,2026-03-30 15:17:00,2026-03-30 15:17:00,2026-04-01 15:17:00
92983b6e-ca21-4ede-a63b-49e93edf2962,CUST006,Delivered,CAR001,LOC-WARE-004,LOC-CUST-4,2026-06-02 15:17:00,2026-06-11 15:17:00,2026-06-09 15:17:00,2026-06-09 15:17:00,2026-06-09 15:17:00
7eddafc1-56b1-4ad9-8805-fa850a757048,CUST011,Delivered,CAR001,LOC-WARE-004,LOC-CUST-9,2026-07-07 15:17:00,2026-07-08 15:17:00,2026-07-16 15:17:00,2026-07-16 15:17:00,2026-07-10 15:17:00
6e043285-0488-4b0e-b85e-76d51e97d91c,CUST014,Delivered,CAR002,LOC-WARE-003,LOC-CUST-12,2026-03-23 15:17:00,2026-03-26 15:17:00,2026-03-28 15:17:00,2026-03-31 15:17:00,2026-04-01 15:17:00
6cb1426e-05d8-418e-bd4d-85616db0f843,CUST014,Delivered,CAR002,LOC-WARE-003,LOC-CUST-12,2026-03-25 15:17:00,2026-03-29 15:17:00,2026-03-31 15:17:00,2026-03-31 15:17:00,2026-04-01 15:17:00
10ab27af-26ea-4c9c-b536-771c74ae204c,CUST010,Delivered,CAR003,LOC-WARE-003,LOC-CUST-8,2026-03-10 15:17:00,2026-03-13 15:17:00,2026-03-17 15:17:00,2026-03-17 15:17:00,2026-03-15 15:17:00
bc923304-9b11-45bc-93a6-5578ba2de7bf,CUST014,Delivered,CAR001,LOC-WARE-003,LOC-CUST-12,2026-04-08 15:17:00,2026-04-10 15:17:00,2026-04-15 15:17:00,2026-04-15 15:17:00,2026-04-11 15:17:00
d6f67ae5-676e-488c-b062-0552414cda23,CUST015,Delivered,CAR001,LOC-WARE-004,LOC-CUST-13,2026-07-29 15:17:00,2026-08-04 15:17:00,2026-08-04 15:17:00,2026-08-06 15:17:00,2026-07-31 15:17:00
ffb701e5-5549-49a3-9b95-f64d3b7aabb6,CUST015,Delivered,CAR001,LOC-WARE-004,LOC-CUST-13,2026-07-30 15:17:00,2026-08-03 15:17:00,2026-08-06 15:17:00,2026-08-06 15:17:00,2026-07-31 15:17:00
c8bec595-25c3-4414-8c97-c5940f6e1aad,CUST015,Delivered,CAR001,LOC-WARE-003,LOC-CUST-13,2026-07-10 15:17:00,2026-07-17 15:17:00,2026-07-17 15:17:00,2026-07-17 15:17:00,2026-07-11 15:17:00
a9edb9d0-871b-43e3-908b-1246c7a1d8bc,CUST012,Delivered,CAR003,LOC-WARE-003,LOC-CUST-10,2026-07-25 15:17:00,2026-08-02 15:17:00,2026-08-03 15:17:00,2026-08-03 15:17:00,2026-07-30 15:17:00
032e87bf-8b35-46f0-b9e5-47ba1f01965b,CUST005,Delivered,CAR002,LOC-WARE-004,LOC-CUST-3,2026-07-14 15:17:00,2026-07-19 15:17:00,2026-07-20 15:17:00,2026-07-20 15:17:00,2026-07-15 15:17:00
8e996e35-6d43-4966-81c6-c21321d5e215,CUST005,Delivered,CAR002,LOC-WARE-004,LOC-CUST-3,2026-07-09 15:17:00,2026-07-19 15:17:00,2026-07-17 15:17:00,2026-07-20 15:17:00,2026-07-15 15:17:00
81846ebd-ad57-4429-b72e-18955f6f7b1d,CUST012,Delivered,CAR002,LOC-WARE-003,LOC-CUST-10,2026-04-16 15:17:00,2026-04-22 15:17:00,2026-04-21 15:17:00,2026-04-25 15:17:00,2026-04-26 15:17:00
44476ae3-7225-45ab-af76-801ca3f6b4f6,CUST012,Delivered,CAR003,LOC-WARE-004,LOC-CUST-10,2026-07-07 15:17:00,2026-07-15 15:17:00,2026-07-13 15:17:00,2026-07-15 15:17:00,2026-07-12 15:17:00
47f23b05-2dab-4fe8-979c-c5fc60282985,CUST004,Delivered,CAR003,LOC-WARE-003,LOC-CUST-2,2026-05-31 15:17:00,2026-06-07 15:17:00,2026-06-05 15:17:00,2026-06-06 15:17:00,2026-06-08 15:17:00
a23a560c-24d5-44e2-b2fc-d3bdafa2c1e8,CUST004,Delivered,CAR003,LOC-WARE-003,LOC-CUST-2,2026-05-29 15:17:00,2026-06-09 15:17:00,2026-06-03 15:17:00,2026-06-06 15:17:00,2026-06-08 15:17:00
574113b6-bf1c-4a84-bd5c-134830640f8e,CUST014,Delivered,CAR001,LOC-WARE-004,LOC-CUST-12,2026-03-24 15:17:00,2026-03-27 15:17:00,2026-04-01 15:17:00,2026-04-01 15:17:00,2026-03-28 15:17:00
ca9d8013-f6f5-4697-acd1-441f484afb16,CUST013,Delivered,CAR003,LOC-WARE-004,LOC-CUST-11,2026-06-19 15:17:00,2026-06-27 15:17:00,2026-06-27 15:17:00,2026-06-27 15:17:00,2026-06-29 15:17:00
60836fb5-78d7-479e-9195-ba0c169e25ed,CUST011,Delivered,CAR001,LOC-WARE-003,LOC-CUST-9,2026-04-19 15:17:00,2026-04-22 15:17:00,2026-04-26 15:17:00,2026-04-26 15:17:00,2026-04-22 15:17:00
892165aa-fb48-4ba3-a29f-0132cc8aeb85,CUST011,Delivered,CAR001,LOC-WARE-003,LOC-CUST-9,2026-04-15 15:17:00,2026-04-26 15:17:00,2026-04-20 15:17:00,2026-04-26 15:17:00,2026-04-22 15:17:00
6041a5a5-8c58-47b2-9e49-27dfaebc7b06,CUST008,Delivered,CAR001,LOC-WARE-004,LOC-CUST-6,2026-04-24 15:17:00,2026-05-04 15:17:00,2026-04-30 15:17:00,2026-05-03 15:17:00,2026-05-06 15:17:00
c2e5928c-dd05-408c-a0d0-0b3f397162c8,CUST013,Delivered,CAR003,LOC-WARE-004,LOC-CUST-11,2026-04-26 15:17:00,2026-05-02 15:17:00,2026-05-04 15:17:00,2026-05-04 15:17:00,2026-04-30 15:17:00
fe4b2387-845b-4451-82a8-9513865b25df,CUST010,Delivered,CAR002,LOC-WARE-003,LOC-CUST-8,2026-06-16 15:17:00,2026-06-17 15:17:00,2026-06-25 15:17:00,2026-06-25 15:17:00,2026-06-20 15:17:00
8e541236-8d40-407b-89c8-626ecbae45b9,CUST010,Delivered,CAR002,LOC-WARE-003,LOC-CUST-8,2026-06-14 15:17:00,2026-06-23 15:17:00,2026-06-23 15:17:00,2026-06-25 15:17:00,2026-06-20 15:17:00
f4082bba-2117-4f47-afe0-c4f74d7c426c,CUST009,Delivered,CAR002,LOC-WARE-003,LOC-CUST-7,2026-03-22 15:17:00,2026-03-25 15:17:00,2026-03-30 15:17:00,2026-03-30 15:17:00,2026-03-24 15:17:00
e75283df-1b55-47e2-abf5-5ffa7f87f9fa,CUST006,Delivered,CAR003,LOC-WARE-004,LOC-CUST-4,2026-04-28 15:17:00,2026-05-09 15:17:00,2026-05-07 15:17:00,2026-05-07 15:17:00,2026-05-04 15:17:00
e6464d91-d0ff-4fa4-8ac3-391a3075c98e,CUST002,Delivered,CAR003,LOC-WARE-004,LOC-CUST-1,2026-05-16 15:17:00,2026-05-26 15:17:00,2026-05-25 15:17:00,2026-05-25 15:17:00,2026-05-26 15:17:00
a22bd776-bc07-4217-b3fc-b24cf1b85f5f,CUST002,Delivered,CAR003,LOC-WARE-004,LOC-CUST-1,2026-05-15 15:17:00,2026-05-24 15:17:00,2026-05-23 15:17:00,2026-05-25 15:17:00,2026-05-26 15:17:00
a19154a9-45d1-490c-a8c1-82df9ee42946,CUST004,Delivered,CAR001,LOC-WARE-004,LOC-CUST-2,2026-06-30 15:17:00,2026-07-11 15:17:00,2026-07-08 15:17:00,2026-07-08 15:17:00,2026-07-07 15:17:00
f43d5fd8-80f5-4af2-ac1f-8972eccbb0f1,CUST014,Delivered,CAR003,LOC-WARE-003,LOC-CUST-12,2026-08-23 15:17:00,2026-08-28 15:17:00,2026-08-30 15:17:00,2026-08-30 15:17:00,2026-08-30 15:17:00
8e7cf9e5-8243-4380-bdd2-a90019655074,CUST006,Delivered,CAR003,LOC-WARE-003,LOC-CUST-4,2026-04-04 15:17:00,2026-04-12 15:17:00,2026-04-11 15:17:00,2026-04-11 15:17:00,2026-04-07 15:17:00
d97dfcd7-7a22-472c-9f46-0c9e08d1856e,CUST006,Delivered,CAR003,LOC-WARE-003,LOC-CUST-4,2026-04-03 15:17:00,2026-04-11 15:17:00,2026-04-08 15:17:00,2026-04-11 15:17:00,2026-04-07 15:17:00
0cefdc42-6c94-4989-b41c-289ba60ab6bd,CUST004,Delivered,CAR003,LOC-WARE-004,LOC-CUST-2,2026-05-11 15:17:00,2026-05-19 15:17:00,2026-05-19 15:17:00,2026-05-19 15:17:00,2026-05-18 15:17:00
bc513bd6-17ed-4b43-87fe-801c4da01afc,CUST006,Delivered,CAR001,LOC-WARE-004,LOC-CUST-4,2026-03-08 15:17:00,2026-03-17 15:17:00,2026-03-14 15:17:00,2026-03-14 15:17:00,2026-03-17 15:17:00
17a47bde-9dba-4608-a7fa-77583f600bc5,CUST006,Delivered,CAR001,LOC-WARE-004,LOC-CUST-4,2026-06-22 15:17:00,2026-06-27 15:17:00,2026-06-29 15:17:00,2026-07-01 15:17:00,2026-06-27 15:17:00
b2e3d2ab-0fc6-4017-bdc2-2118add94399,CUST006,Delivered,CAR001,LOC-WARE-004,LOC-CUST-4,2026-06-25 15:17:00,2026-07-01 15:17:00,2026-07-01 15:17:00,2026-07-01 15:17:00,2026-06-27 15:17:00
d416cfcd-89b8-4d9b-ac22-203985b82667,CUST012,Delivered,CAR001,LOC-WARE-003,LOC-CUST-10,2026-05-02 15:17:00,2026-05-11 15:17:00,2026-05-07 15:17:00,2026-05-11 15:17:00,2026-05-12 15:17:00
7c952329-c2e8-4d5c-8fcb-23126a8ede74,CUST014,Delivered,CAR001,LOC-WARE-003,LOC-CUST-12,2026-08-08 15:17:00,2026-08-17 15:17:00,2026-08-14 15:17:00,2026-08-14 15:17:00,2026-08-16 15:17:00
c6101b5f-a858-4bb2-b5d3-cc0db3c20455,CUST014,Delivered,CAR001,LOC-WARE-003,LOC-CUST-12,2026-07-18 15:17:00,2026-07-22 15:17:00,2026-07-23 15:17:00,2026-07-23 15:17:00,2026-07-22 15:17:00
dbce2ebd-2713-499c-90ae-2e2dee74a6a8,CUST014,Delivered,CAR001,LOC-WARE-003,LOC-CUST-12,2026-07-15 15:17:00,2026-07-23 15:17:00,2026-07-20 15:17:00,2026-07-23 15:17:00,2026-07-22 15:17:00
63ed1387-98f6-4c1b-899b-2e5c8e8b69d9,CUST015,Delivered,CAR003,LOC-WARE-004,LOC-CUST-13,2026-04-19 15:17:00,2026-04-28 15:17:00,2026-04-27 15:17:00,2026-04-27 15:17:00,2026-04-29 15:17:00
44725d35-993d-419e-bb81-4468e86bfe48,CUST008,Delivered,CAR002,LOC-WARE-003,LOC-CUST-6,2026-07-29 15:17:00,2026-08-04 15:17:00,2026-08-06 15:17:00,2026-08-06 15:17:00,2026-08-04 15:17:00
841d1962-da47-43ef-b8d1-2f27fd20d443,CUST011,Delivered,CAR002,LOC-WARE-004,LOC-CUST-9,2026-04-24 15:17:00,2026-05-02 15:17:00,2026-05-01 15:17:00,2026-05-03 15:17:00,2026-04-29 15:17:00
bb6d35ec-8374-42d4-a24b-e831d66b5e8b,CUST011,Delivered,CAR002,LOC-WARE-004,LOC-CUST-9,2026-04-27 15:17:00,2026-04-30 15:17:00,2026-05-03 15:17:00,2026-05-03 15:17:00,2026-04-29 15:17:00
76a595ec-2575-4454-a2d2-1086214c6611,CUST007,Delivered,CAR001,LOC-WARE-004,LOC-CUST-5,2026-06-15 15:17:00,2026-06-19 15:17:00,2026-06-24 15:17:00,2026-06-24 15:17:00,2026-06-22 15:17:00
91592dc3-e888-4de3-9b13-ff0eb8e5124b,CUST006,Delivered,CAR003,LOC-WARE-004,LOC-CUST-4,2026-08-09 15:17:00,2026-08-16 15:17:00,2026-08-15 15:17:00,2026-08-15 15:17:00,2026-08-10 15:17:00
ca3d4b1d-b053-460a-b257-70a5fe7b3857,CUST014,Delivered,CAR003,LOC-WARE-004,LOC-CUST-12,2026-05-18 15:17:00,2026-05-29 15:17:00,2026-05-27 15:17:00,2026-05-31 15:17:00,2026-05-27 15:17:00
76db6dd8-8bf1-4ef1-af7c-37f51afda754,CUST014,Delivered,CAR003,LOC-WARE-004,LOC-CUST-12,2026-05-22 15:17:00,2026-05-27 15:17:00,2026-05-31 15:17:00,2026-05-31 15:17:00,2026-05-27 15:17:00
388e5e85-5cc2-4a7f-b255-0a785cbbf507,CUST010,Delivered,CAR003,LOC-WARE-003,LOC-CUST-8,2026-07-13 15:17:00,2026-07-19 15:17:00,2026-07-21 15:17:00,2026-07-21 15:17:00,2026-07-20 15:17:00
ff3d8e79-d514-4d2f-baa0-d18bd33b8baa,CUST002,Delivered,CAR001,LOC-WARE-004,LOC-CUST-1,2026-03-11 15:17:00,2026-03-21 15:17:00,2026-03-16 15:17:00,2026-03-18 15:17:00,2026-03-17 15:17:00
163f87ee-78ef-4502-9055-4b7154e54c24,CUST007,Delivered,CAR003,LOC-WARE-003,LOC-CUST-5,2026-07-16 15:17:00,2026-07-20 15:17:00,2026-07-23 15:17:00,2026-07-23 15:17:00,2026-07-23 15:17:00
29a23319-6b81-4147-9e59-3affa0459226,CUST007,Delivered,CAR003,LOC-WARE-003,LOC-CUST-5,2026-07-15 15:17:00,2026-07-21 15:17:00,2026-07-21 15:17:00,2026-07-23 15:17:00,2026-07-23 15:17:00
60bb11fd-209d-4d12-be5a-0ce5c22441d2,CUST010,Delivered,CAR002,LOC-WARE-003,LOC-CUST-8,2026-07-02 15:17:00,2026-07-08 15:17:00,2026-07-09 15:17:00,2026-07-09 15:17:00,2026-07-10 15:17:00
466ffe94-698d-4010-8f55-92da9f3da5e1,CUST015,Delivered,CAR003,LOC-WARE-004,LOC-CUST-13,2026-09-01 15:17:00,2026-09-07 15:17:00,2026-09-08 15:17:00,2026-09-08 15:17:00,2026-09-07 15:17:00
c3510b9e-4fac-4297-b46f-085222242a70,CUST005,Delivered,CAR003,LOC-WARE-004,LOC-CUST-3,2026-06-13 15:17:00,2026-06-23 15:17:00,2026-06-20 15:17:00,2026-06-20 15:17:00,2026-06-21 15:17:00
4d68aacf-cd46-47b4-b50f-1c70faddcddf,CUST005,Delivered,CAR003,LOC-WARE-004,LOC-CUST-3,2026-06-14 15:17:00,2026-06-22 15:17:00,2026-06-20 15:17:00,2026-06-20 15:17:00,2026-06-21 15:17:00
4d863bcf-38ac-4ab8-8dc6-2215ccc0a480,CUST010,Delivered,CAR002,LOC-WARE-004,LOC-CUST-8,2026-06-20 15:17:00,2026-06-25 15:17:00,2026-06-28 15:17:00,2026-06-28 15:17:00,2026-06-25 15:17:00
667a2da0-8fd7-415a-bfc1-c1d10b2ac4ac,CUST014,Delivered,CAR003,LOC-WARE-004,LOC-CUST-12,2026-04-06 15:17:00,2026-04-09 15:17:00,2026-04-12 15:17:00,2026-04-12 15:17:00,2026-04-12 15:17:00
8f3d3e78-236a-4646-80a9-e5ec1e7e6f7b,CUST006,Delivered,CAR001,LOC-WARE-004,LOC-CUST-4,2026-04-21 15:17:00,2026-04-26 15:17:00,2026-04-28 15:17:00,2026-04-28 15:17:00,2026-04-25 15:17:00
614e4128-a4cc-4530-9883-d9fba7349308,CUST006,Delivered,CAR001,LOC-WARE-004,LOC-CUST-4,2026-04-21 15:17:00,2026-04-23 15:17:00,2026-04-26 15:17:00,2026-04-28 15:17:00,2026-04-25 15:17:00
8750a5d0-1b6f-4477-89d7-638de69af0ee,CUST015,Delivered,CAR001,LOC-WARE-003,LOC-CUST-13,2026-05-19 15:17:00,2026-05-26 15:17:00,2026-05-25 15:17:00,2026-05-25 15:17:00,2026-05-21 15:17:00
79529740-5a1c-4469-aa38-c628fa4725a2,CUST002,Delivered,CAR002,LOC-WARE-004,LOC-CUST-1,2026-04-04 15:17:00,2026-04-08 15:17:00,2026-04-11 15:17:00,2026-04-11 15:17:00,2026-04-12 15:17:00
b3a9791e-bcd0-47cf-b958-8f2eb7ef88dd,CUST007,Delivered,CAR001,LOC-WARE-003,LOC-CUST-5,2026-06-30 15:17:00,2026-07-05 15:17:00,2026-07-07 15:17:00,2026-07-10 15:17:00,2026-07-05 15:17:00
c54130b7-61bb-4358-91fd-30902a68c8a9,CUST007,Delivered,CAR001,LOC-WARE-003,LOC-CUST-5,2026-07-04 15:17:00,2026-07-06 15:17:00,2026-07-10 15:17:00,2026-07-10 15:17:00,2026-07-05 15:17:00
5286c805-cecb-41cb-9819-d57a17fdcb48,CUST007,Delivered,CAR003,LOC-WARE-004,LOC-CUST-5,2026-05-04 15:17:00,2026-05-12 15:17:00,2026-05-13 15:17:00,2026-05-13 15:17:00,2026-05-11 15:17:00
0b0eebd2-3114-4a6d-b312-921b47d56c72,CUST008,Delivered,CAR003,LOC-WARE-003,LOC-CUST-6,2026-05-30 15:17:00,2026-06-06 15:17:00,2026-06-04 15:17:00,2026-06-04 15:17:00,2026-06-04 15:17:00
286c5b98-f611-4a8d-bcc0-ad5b5c23695b,CUST011,Delivered,CAR001,LOC-WARE-004,LOC-CUST-9,2026-07-08 15:17:00,2026-07-15 15:17:00,2026-07-14 15:17:00,2026-07-14 15:17:00,2026-07-11 15:17:00
f6721176-5b54-4c97-a749-bba6714472ad,CUST011,Delivered,CAR001,LOC-WARE-004,LOC-CUST-9,2026-07-06 15:17:00,2026-07-13 15:17:00,2026-07-14 15:17:00,2026-07-14 15:17:00,2026-07-11 15:17:00
03ea74ed-7ba3-4b4a-a9fc-6712ad826617,CUST015,Delivered,CAR002,LOC-WARE-003,LOC-CUST-13,2026-07-11 15:17:00,2026-07-17 15:17:00,2026-07-16 15:17:00,2026-07-16 15:17:00,2026-07-14 15:17:00
c696cce4-bde6-40fa-9cd3-20bea9a8153a,CUST014,Delivered,CAR002,LOC-WARE-003,LOC-CUST-12,2026-05-19 15:17:00,2026-05-28 15:17:00,2026-05-26 15:17:00,2026-05-27 15:17:00,2026-05-27 15:17:00
c88cf128-f385-427d-be94-b283a1d22cdb,CUST014,Delivered,CAR001,LOC-WARE-004,LOC-CUST-12,2026-05-25 15:17:00,2026-06-02 15:17:00,2026-05-31 15:17:00,2026-06-01 15:17:00,2026-06-01 15:17:00
d304ac96-e0a2-4dd9-b468-b1cc264a6463,CUST014,Delivered,CAR001,LOC-WARE-004,LOC-CUST-12,2026-05-27 15:17:00,2026-06-04 15:17:00,2026-06-01 15:17:00,2026-06-01 15:17:00,2026-06-01 15:17:00
a2b55ee4-24d6-4273-9cbc-509ace5c841b,CUST007,Delivered,CAR001,LOC-WARE-004,LOC-CUST-5,2026-08-20 15:17:00,2026-08-28 15:17:00,2026-08-29 15:17:00,2026-08-29 15:17:00,2026-08-28 15:17:00
474fc351-a611-45d6-be15-0c98102ad70f,CUST004,Delivered,CAR003,LOC-WARE-004,LOC-CUST-2,2026-06-06 15:17:00,2026-06-13 15:17:00,2026-06-12 15:17:00,2026-06-12 15:17:00,2026-06-09 15:17:00
5d685f05-411f-4e5b-b311-449cd3936432,CUST006,Delivered,CAR002,LOC-WARE-003,LOC-CUST-4,2026-06-23 15:17:00,2026-06-28 15:17:00,2026-06-30 15:17:00,2026-07-02 15:17:00,2026-07-01 15:17:00
5f5e7d49-a193-40ab-8b37-6a31335d8ba1,CUST006,Delivered,CAR002,LOC-WARE-003,LOC-CUST-4,2026-06-26 15:17:00,2026-06-27 15:17:00,2026-07-02 15:17:00,2026-07-02 15:17:00,2026-07-01 15:17:00
48718bad-2cff-4ae6-b62f-2e38889b6ce3,CUST005,Delivered,CAR001,LOC-WARE-003,LOC-CUST-3,2026-04-30 15:17:00,2026-05-10 15:17:00,2026-05-08 15:17:00,2026-05-09 15:17:00,2026-05-11 15:17:00
dc054e38-a324-495d-8da9-f113e3820a64,CUST015,Delivered,CAR001,LOC-WARE-004,LOC-CUST-13,2026-09-01 15:17:00,2026-09-06 15:17:00,2026-09-09 15:17:00,2026-09-09 15:17:00,2026-09-02 15:17:00
eded3a87-ab64-451f-bcf7-b8d0580a7e2e,CUST002,Delivered,CAR001,LOC-WARE-003,LOC-CUST-1,2026-06-20 15:17:00,2026-06-30 15:17:00,2026-06-25 15:17:00,2026-06-28 15:17:00,2026-06-25 15:17:00
31463c66-a533-48ad-a229-9298abc09236,CUST002,Delivered,CAR001,LOC-WARE-003,LOC-CUST-1,2026-06-22 15:17:00,2026-06-26 15:17:00,2026-06-27 15:17:00,2026-06-28 15:17:00,2026-06-25 15:17:00
2c47f3f8-9e96-4f0a-a165-c2c9996e7295,CUST007,Delivered,CAR001,LOC-WARE-004,LOC-CUST-5,2026-06-08 15:17:00,2026-06-14 15:17:00,2026-06-15 15:17:00,2026-06-16 15:17:00,2026-06-19 15:17:00
1819658e-a938-443c-a34f-172d5ea958f4,CUST007,Delivered,CAR003,LOC-WARE-003,LOC-CUST-5,2026-03-23 15:17:00,2026-04-01 15:17:00,2026-04-01 15:17:00,2026-04-01 15:17:00,2026-03-30 15:17:00
c9d65690-a30d-4768-bb2b-343baef9bc4c,CUST007,Delivered,CAR003,LOC-WARE-003,LOC-CUST-5,2026-04-13 15:17:00,2026-04-18 15:17:00,2026-04-21 15:17:00,2026-04-21 15:17:00,2026-04-21 15:17:00
d440064c-c134-4fdd-93fa-adcbb28954a2,CUST007,Delivered,CAR003,LOC-WARE-003,LOC-CUST-5,2026-04-09 15:17:00,2026-04-16 15:17:00,2026-04-15 15:17:00,2026-04-21 15:17:00,2026-04-21 15:17:00
21e5bcd9-0bbb-47c5-94b0-b91a95cfa1b9,CUST007,Delivered,CAR002,LOC-WARE-004,LOC-CUST-5,2026-04-09 15:17:00,2026-04-16 15:17:00,2026-04-17 15:17:00,2026-04-17 15:17:00,2026-04-13 15:17:00
4b25a6eb-5ccc-4e94-8984-a5f2313da031,CUST015,Delivered,CAR001,LOC-WARE-004,LOC-CUST-13,2026-06-06 15:17:00,2026-06-18 15:17:00,2026-06-13 15:17:00,2026-06-15 15:17:00,2026-06-15 15:17:00
586c52bd-fa99-46a0-a7ae-b3ac653d5ea5,CUST012,Delivered,CAR002,LOC-WARE-003,LOC-CUST-10,2026-08-23 15:17:00,2026-08-26 15:17:00,2026-08-28 15:17:00,2026-08-28 15:17:00,2026-08-29 15:17:00
2c168bc4-7a86-45a7-88f7-3b8fa36f0544,CUST012,Delivered,CAR002,LOC-WARE-003,LOC-CUST-10,2026-08-20 15:17:00,2026-08-24 15:17:00,2026-08-26 15:17:00,2026-08-28 15:17:00,2026-08-29 15:17:00
f69f1a10-f6ce-4ecd-82d0-2806f7bd8b97,CUST004,Delivered,CAR001,LOC-WARE-004,LOC-CUST-2,2026-05-15 15:17:00,2026-05-22 15:17:00,2026-05-22 15:17:00,2026-05-22 15:17:00,2026-05-20 15:17:00
9f3941d9-6b26-49b5-84ea-46e3204f1166,CUST002,Delivered,CAR002,LOC-WARE-003,LOC-CUST-1,2026-07-18 15:17:00,2026-07-28 15:17:00,2026-07-24 15:17:00,2026-07-25 15:17:00,2026-07-28 15:17:00
d9be5b90-a89b-4226-a301-ad57372d9cd5,CUST002,Delivered,CAR002,LOC-WARE-003,LOC-CUST-1,2026-03-07 15:17:00,2026-03-14 15:17:00,2026-03-13 15:17:00,2026-03-16 15:17:00,2026-03-14 15:17:00
9dea0ed0-a5cf-4ff8-930b-72663f57d1a3,CUST002,Delivered,CAR002,LOC-WARE-003,LOC-CUST-1,2026-03-08 15:17:00,2026-03-14 15:17:00,2026-03-16 15:17:00,2026-03-16 15:17:00,2026-03-14 15:17:00
d1f7ca40-07db-4c99-9298-a931fc2ec8c5,CUST004,Delivered,CAR001,LOC-WARE-004,LOC-CUST-2,2026-04-02 15:17:00,2026-04-08 15:17:00,2026-04-08 15:17:00,2026-04-08 15:17:00,2026-04-06 15:17:00
fb9b68a1-9991-42fc-bfcd-b0e9015f13e2,CUST007,Delivered,CAR003,LOC-WARE-004,LOC-CUST-5,2026-05-10 15:17:00,2026-05-20 15:17:00,2026-05-15 15:17:00,2026-05-19 15:17:00,2026-05-21 15:17:00
88475419-0bb0-43df-84c4-656e22c5e40e,CUST008,Delivered,CAR003,LOC-WARE-003,LOC-CUST-6,2026-08-28 15:17:00,2026-09-02 15:17:00,2026-09-04 15:17:00,2026-09-05 15:17:00,2026-09-08 15:17:00
e9deb9ae-2f4c-49c6-b2fc-3c2a73e3b64b,CUST008,Delivered,CAR003,LOC-WARE-003,LOC-CUST-6,2026-08-31 15:17:00,2026-09-07 15:17:00,2026-09-05 15:17:00,2026-09-05 15:17:00,2026-09-08 15:17:00
67a3b24f-220d-493d-a94a-aa6c2d320689,CUST013,Delivered,CAR003,LOC-WARE-003,LOC-CUST-11,2026-08-23 15:17:00,2026-08-30 15:17:00,2026-08-30 15:17:00,2026-08-30 15:17:00,2026-08-26 15:17:00
f556b75b-6ca5-463c-9c1a-ce7bc03e1271,CUST013,Delivered,CAR001,LOC-WARE-004,LOC-CUST-11,2026-07-08 15:17:00,2026-07-13 15:17:00,2026-07-13 15:17:00,2026-07-13 15:17:00,2026-07-15 15:17:00
ca45d873-8272-436c-a300-6c1f5e4990e1,CUST007,Delivered,CAR002,LOC-WARE-003,LOC-CUST-5,2026-06-11 15:17:00,2026-06-15 15:17:00,2026-06-17 15:17:00,2026-06-21 15:17:00,2026-06-16 15:17:00
1ac4e409-8548-4116-8d83-2e365cfbb7c9,CUST007,Delivered,CAR002,LOC-WARE-003,LOC-CUST-5,2026-06-14 15:17:00,2026-06-20 15:17:00,2026-06-21 15:17:00,2026-06-21 15:17:00,2026-06-16 15:17:00
ec9d8d73-a015-4a50-a46d-972e2b0d45a8,CUST002,Delivered,CAR003,LOC-WARE-003,LOC-CUST-1,2026-08-04 15:17:00,2026-08-07 15:17:00,2026-08-11 15:17:00,2026-08-11 15:17:00,2026-08-11 15:17:00
a7da19b1-c631-4c53-a4c8-31ac06484516,CUST013,Delivered,CAR003,LOC-WARE-003,LOC-CUST-11,2026-06-29 15:17:00,2026-07-10 15:17:00,2026-07-08 15:17:00,2026-07-08 15:17:00,2026-07-08 15:17:00
d6b1eae8-e0a0-49be-b069-9f9ea4f9f7e4,CUST005,Delivered,CAR003,LOC-WARE-004,LOC-CUST-3,2026-07-25 15:17:00,2026-07-29 15:17:00,2026-07-31 15:17:00,2026-08-03 15:17:00,2026-08-04 15:17:00
597dbb38-7a0a-4367-b8e1-14f8959f7ab4,CUST005,Delivered,CAR003,LOC-WARE-004,LOC-CUST-3,2026-07-26 15:17:00,2026-08-04 15:17:00,2026-08-03 15:17:00,2026-08-03 15:17:00,2026-08-04 15:17:00
5e515bfb-cf34-4317-a153-c0a8f378d58d,CUST009,Delivered,CAR001,LOC-WARE-003,LOC-CUST-7,2026-05-21 15:17:00,2026-05-28 15:17:00,2026-05-30 15:17:00,2026-05-30 15:17:00,2026-05-29 15:17:00
bbf7bb26-42b7-4b45-a0e4-ef77be7bd648,CUST014,Delivered,CAR003,LOC-WARE-003,LOC-CUST-12,2026-03-26 15:17:00,2026-03-27 15:17:00,2026-04-02 15:17:00,2026-04-02 15:17:00,2026-04-02 15:17:00
a06d4433-58ae-4875-91a5-b915a60d7ee3,CUST012,Delivered,CAR003,LOC-WARE-004,LOC-CUST-10,2026-04-03 15:17:00,2026-04-04 15:17:00,2026-04-09 15:17:00,2026-04-09 15:17:00,2026-04-07 15:17:00
e8df1f67-71d0-429c-ac56-e204fa236835,CUST012,Delivered,CAR003,LOC-WARE-004,LOC-CUST-10,2026-03-30 15:17:00,2026-04-05 15:17:00,2026-04-06 15:17:00,2026-04-09 15:17:00,2026-04-07 15:17:00
1c479239-a84c-4764-9891-b59cd44a4445,CUST015,Delivered,CAR001,LOC-WARE-003,LOC-CUST-13,2026-04-15 15:17:00,2026-04-21 15:17:00,2026-04-22 15:17:00,2026-04-22 15:17:00,2026-04-20 15:17:00
2fb67019-b938-454b-89a4-837b6bf97ec8,CUST006,Delivered,CAR002,LOC-WARE-003,LOC-CUST-4,2026-08-21 15:17:00,2026-08-25 15:17:00,2026-08-28 15:17:00,2026-08-28 15:17:00,2026-08-26 15:17:00
c470b606-e85f-4a78-825e-b6e10a381776,CUST005,Delivered,CAR003,LOC-WARE-003,LOC-CUST-3,2026-08-26 15:17:00,2026-09-06 15:17:00,2026-09-04 15:17:00,2026-09-07 15:17:00,2026-09-05 15:17:00
ea175274-411f-4096-a842-15fd28d2ba00,CUST005,Delivered,CAR003,LOC-WARE-003,LOC-CUST-3,2026-08-30 15:17:00,2026-09-01 15:17:00,2026-09-07 15:17:00,2026-09-07 15:17:00,2026-09-05 15:17:00
dc1cde30-e334-47ec-9ab4-3cb785f85329,CUST010,Delivered,CAR003,LOC-WARE-004,LOC-CUST-8,2026-04-02 15:17:00,2026-04-07 15:17:00,2026-04-11 15:17:00,2026-04-11 15:17:00,2026-04-10 15:17:00
3d4e8a09-0ed1-4417-bdf7-553d5936b072,CUST011,Delivered,CAR002,LOC-WARE-004,LOC-CUST-9,2026-05-20 15:17:00,2026-05-27 15:17:00,2026-05-25 15:17:00,2026-05-27 15:17:00,2026-05-27 15:17:00
459fe3b9-efdc-4893-9397-6746032e5a55,CUST002,Delivered,CAR003,LOC-WARE-004,LOC-CUST-1,2026-05-05 15:17:00,2026-05-10 15:17:00,2026-05-14 15:17:00,2026-05-14 15:17:00,2026-05-11 15:17:00
8e1a2d04-55cc-42a2-ae11-8da00eddbe1e,CUST002,Delivered,CAR003,LOC-WARE-004,LOC-CUST-1,2026-05-04 15:17:00,2026-05-07 15:17:00,2026-05-12 15:17:00,2026-05-14 15:17:00,2026-05-11 15:17:00
920a3431-6d8a-42f4-8aa7-fa527505b50b,CUST004,Delivered,CAR001,LOC-WARE-003,LOC-CUST-2,2026-04-23 15:17:00,2026-04-28 15:17:00,2026-04-30 15:17:00,2026-04-30 15:17:00,2026-05-01 15:17:00
02d00902-8b28-4979-ac88-2a806efdf4c5,CUST006,Delivered,CAR003,LOC-WARE-004,LOC-CUST-4,2026-05-26 15:17:00,2026-06-02 15:17:00,2026-06-03 15:17:00,2026-06-03 15:17:00,2026-06-05 15:17:00
3909000d-8275-4227-90c9-802f3a9d2270,CUST005,Delivered,CAR003,LOC-WARE-003,LOC-CUST-3,2026-03-10 15:17:00,2026-03-15 15:17:00,2026-03-17 15:17:00,2026-03-17 15:17:00,2026-03-20 15:17:00
ff86edf4-6ca5-4452-a336-230db7d64c58,CUST005,Delivered,CAR003,LOC-WARE-003,LOC-CUST-3,2026-03-08 15:17:00,2026-03-18 15:17:00,2026-03-17 15:17:00,2026-03-17 15:17:00,2026-03-20 15:17:00
c5d5d153-0028-46ab-8a8b-21ceb59a2713,CUST005,Delivered,CAR002,LOC-WARE-004,LOC-CUST-3,2026-05-17 15:17:00,2026-05-28 15:17:00,2026-05-26 15:17:00,2026-05-26 15:17:00,2026-05-27 15:17:00
a8bf5ded-a16e-4cb8-a4bf-cd07f00b68d9,CUST013,Delivered,CAR003,LOC-WARE-003,LOC-CUST-11,2026-08-24 15:17:00,2026-08-28 15:17:00,2026-09-02 15:17:00,2026-09-02 15:17:00,2026-08-27 15:17:00
c52c1adf-da9a-477d-975f-e54daf6e070f,CUST011,Delivered,CAR003,LOC-WARE-004,LOC-CUST-9,2026-06-07 15:17:00,2026-06-08 15:17:00,2026-06-14 15:17:00,2026-06-14 15:17:00,2026-06-09 15:17:00
96121f07-b4cc-47e1-bb1c-338495b1ac45,CUST011,Delivered,CAR003,LOC-WARE-004,LOC-CUST-9,2026-06-05 15:17:00,2026-06-11 15:17:00,2026-06-10 15:17:00,2026-06-14 15:17:00,2026-06-09 15:17:00
27c207df-16ca-4e09-bb54-e0f35fd80aa2,CUST015,Delivered,CAR001,LOC-WARE-004,LOC-CUST-13,2026-04-15 15:17:00,2026-04-25 15:17:00,2026-04-24 15:17:00,2026-04-24 15:17:00,2026-04-23 15:17:00
96a0ef2b-9edb-47fa-89b1-44bd4b42c1b6,CUST012,Delivered,CAR001,LOC-WARE-004,LOC-CUST-10,2026-07-01 15:17:00,2026-07-13 15:17:00,2026-07-07 15:17:00,2026-07-10 15:17:00,2026-07-10 15:17:00
d94ac4e8-49a5-4ac7-90f0-d6e94ed53120,CUST009,Delivered,CAR001,LOC-WARE-003,LOC-CUST-7,2026-09-02 15:17:00,2026-09-03 15:17:00,2026-09-09 15:17:00,2026-09-10 15:17:00,2026-09-05 15:17:00
a72d0b76-1235-46a7-ac7c-6707ef16440a,CUST009,Delivered,CAR001,LOC-WARE-003,LOC-CUST-7,2026-09-02 15:17:00,2026-09-09 15:17:00,2026-09-10 15:17:00,2026-09-10 15:17:00,2026-09-05 15:17:00
a7986242-961d-4844-ac01-13686b3ee1a8,CUST005,Delivered,CAR003,LOC-WARE-003,LOC-CUST-3,2026-06-15 15:17:00,2026-06-19 15:17:00,2026-06-24 15:17:00,2026-06-24 15:17:00,2026-06-21 15:17:00
d4d34312-07f2-4c88-909f-36c743b3f473,CUST012,Delivered,CAR003,LOC-WARE-003,LOC-CUST-10,2026-04-18 15:17:00,2026-04-25 15:17:00,2026-04-25 15:17:00,2026-04-25 15:17:00,2026-04-23 15:17:00
b24e6b62-a032-4b28-9c18-9adc6acdcd7f,CUST004,Delivered,CAR003,LOC-WARE-004,LOC-CUST-2,2026-06-27 15:17:00,2026-06-30 15:17:00,2026-07-04 15:17:00,2026-07-04 15:17:00,2026-07-04 15:17:00
584209a9-472f-4e41-ba1a-48b50f5c54ef,CUST004,Delivered,CAR003,LOC-WARE-004,LOC-CUST-2,2026-06-26 15:17:00,2026-07-01 15:17:00,2026-07-04 15:17:00,2026-07-04 15:17:00,2026-07-04 15:17:00
007b77b3-a736-4c9c-be09-3f86e57c623d,CUST015,Delivered,CAR003,LOC-WARE-004,LOC-CUST-13,2026-08-05 15:17:00,2026-08-08 15:17:00,2026-08-14 15:17:00,2026-08-14 15:17:00,2026-08-07 15:17:00
8d6a4699-d51e-4478-abb9-3e6d6b307ea4,CUST002,Delivered,CAR001,LOC-WARE-004,LOC-CUST-1,2026-04-24 15:17:00,2026-04-29 15:17:00,2026-04-29 15:17:00,2026-04-29 15:17:00,2026-04-29 15:17:00
646bcc91-3319-4fbf-a51b-6a107cf86a65,CUST008,Delivered,CAR002,LOC-WARE-004,LOC-CUST-6,2026-04-18 15:17:00,2026-04-24 15:17:00,2026-04-26 15:17:00,2026-04-26 15:17:00,2026-04-26 15:17:00
f84ac02a-e1cc-47e8-98d5-1d247e9e829c,CUST008,Delivered,CAR002,LOC-WARE-004,LOC-CUST-6,2026-04-18 15:17:00,2026-04-21 15:17:00,2026-04-24 15:17:00,2026-04-26 15:17:00,2026-04-26 15:17:00
1f12cf5c-f38c-40c6-adac-f2030ef6b83b,CUST002,Delivered,CAR002,LOC-WARE-003,LOC-CUST-1,2026-07-01 15:17:00,2026-07-04 15:17:00,2026-07-09 15:17:00,2026-07-09 15:17:00,2026-07-05 15:17:00
01b8e31f-f23b-49ae-88f9-4d3149010904,CUST007,Delivered,CAR001,LOC-WARE-004,LOC-CUST-5,2026-08-13 15:17:00,2026-08-20 15:17:00,2026-08-22 15:17:00,2026-08-22 15:17:00,2026-08-23 15:17:00
a9134be0-d6d4-4f22-8c24-79403003d821,CUST004,Delivered,CAR001,LOC-WARE-003,LOC-CUST-2,2026-06-28 15:17:00,2026-07-04 15:17:00,2026-07-03 15:17:00,2026-07-05 15:17:00,2026-07-07 15:17:00
012f46b5-ce49-4b68-aa1b-40caa4723b50,CUST004,Delivered,CAR001,LOC-WARE-003,LOC-CUST-2,2026-06-26 15:17:00,2026-07-08 15:17:00,2026-07-02 15:17:00,2026-07-05 15:17:00,2026-07-07 15:17:00
3a407d16-3717-4e4a-abb8-d89abb50b581,CUST004,Delivered,CAR002,LOC-WARE-004,LOC-CUST-2,2026-05-14 15:17:00,2026-05-20 15:17:00,2026-05-21 15:17:00,2026-05-21 15:17:00,2026-05-19 15:17:00
8f6d649b-5042-48c6-97cb-572fd822e583,CUST010,Delivered,CAR003,LOC-WARE-004,LOC-CUST-8,2026-03-18 15:17:00,2026-03-23 15:17:00,2026-03-23 15:17:00,2026-03-24 15:17:00,2026-03-27 15:17:00
386c1735-17e0-4818-9bdd-58b644059b3a,CUST004,Delivered,CAR001,LOC-WARE-003,LOC-CUST-2,2026-04-07 15:17:00,2026-04-15 15:17:00,2026-04-13 15:17:00,2026-04-17 15:17:00,2026-04-17 15:17:00
75c6d653-f2ab-4f2b-b2b0-71f7810f339f,CUST004,Delivered,CAR001,LOC-WARE-003,LOC-CUST-2,2026-04-10 15:17:00,2026-04-18 15:17:00,2026-04-17 15:17:00,2026-04-17 15:17:00,2026-04-17 15:17:00
3a41f962-e045-4075-9c99-70cb6f08fd4a,CUST013,Delivered,CAR003,LOC-WARE-004,LOC-CUST-11,2026-06-17 15:17:00,2026-06-26 15:17:00,2026-06-22 15:17:00,2026-06-24 15:17:00,2026-06-27 15:17:00
ddef4378-dfe3-4865-8600-f17e41c722ac,CUST013,Delivered,CAR001,LOC-WARE-004,LOC-CUST-11,2026-08-02 15:17:00,2026-08-06 15:17:00,2026-08-07 15:17:00,2026-08-07 15:17:00,2026-08-03 15:17:00
e6f76315-e7d3-4271-ab64-acefb4ad87b6,CUST005,Delivered,CAR003,LOC-WARE-003,LOC-CUST-3,2026-03-20 15:17:00,2026-03-27 15:17:00,2026-03-27 15:17:00,2026-03-27 15:17:00,2026-03-24 15:17:00
81e5437c-7628-4259-9b9f-361d8cb9b875,CUST005,Delivered,CAR003,LOC-WARE-003,LOC-CUST-3,2026-03-17 15:17:00,2026-03-24 15:17:00,2026-03-26 15:17:00,2026-03-27 15:17:00,2026-03-24 15:17:00
e4125851-70ed-4723-8a86-f710eea1f7f0,CUST010,Delivered,CAR002,LOC-WARE-004,LOC-CUST-8,2026-04-04 15:17:00,2026-04-11 15:17:00,2026-04-13 15:17:00,2026-04-13 15:17:00,2026-04-14 15:17:00
2b6d38ce-ae25-42db-9f93-3af49630b8e1,CUST008,Delivered,CAR002,LOC-WARE-003,LOC-CUST-6,2026-05-29 15:17:00,2026-05-30 15:17:00,2026-06-04 15:17:00,2026-06-04 15:17:00,2026-06-03 15:17:00
f0bf7e69-2478-46b9-ae6d-8a6320a74b5a,CUST010,Delivered,CAR003,LOC-WARE-004,LOC-CUST-8,2026-05-29 15:17:00,2026-06-02 15:17:00,2026-06-06 15:17:00,2026-06-06 15:17:00,2026-06-06 15:17:00
99bc0051-ddde-4bc6-a20f-713ce52761aa,CUST010,Delivered,CAR003,LOC-WARE-004,LOC-CUST-8,2026-05-28 15:17:00,2026-06-06 15:17:00,2026-06-06 15:17:00,2026-06-06 15:17:00,2026-06-06 15:17:00
44873cba-72be-4b88-a411-2105a113cdfb,CUST007,Delivered,CAR002,LOC-WARE-004,LOC-CUST-5,2026-07-11 15:17:00,2026-07-15 15:17:00,2026-07-16 15:17:00,2026-07-16 15:17:00,2026-07-18 15:17:00
e8f49aa9-ddaf-464c-aab8-a6ef1f3093d2,CUST004,Delivered,CAR001,LOC-WARE-004,LOC-CUST-2,2026-06-27 15:17:00,2026-07-02 15:17:00,2026-07-02 15:17:00,2026-07-02 15:17:00,2026-07-01 15:17:00
293aa7ff-46cd-42e6-b9ae-efa5faba8eb2,CUST006,Delivered,CAR003,LOC-WARE-003,LOC-CUST-4,2026-07-16 15:17:00,2026-07-23 15:17:00,2026-07-23 15:17:00,2026-07-24 15:17:00,2026-07-21 15:17:00
1026022d-961e-4cb5-91dc-47591b9dbad0,CUST006,Delivered,CAR003,LOC-WARE-003,LOC-CUST-4,2026-07-15 15:17:00,2026-07-18 15:17:00,2026-07-24 15:17:00,2026-07-24 15:17:00,2026-07-21 15:17:00
517634b0-7bfc-4a94-85b5-ecdd1654dce3,CUST013,Delivered,CAR003,LOC-WARE-004,LOC-CUST-11,2026-04-19 15:17:00,2026-04-28 15:17:00,2026-04-24 15:17:00,2026-04-25 15:17:00,2026-04-23 15:17:00
516c6dc4-c0da-432c-bbed-50a6ea260dae,CUST007,Delivered,CAR001,LOC-WARE-003,LOC-CUST-5,2026-06-24 15:17:00,2026-07-03 15:17:00,2026-07-03 15:17:00,2026-07-03 15:17:00,2026-07-05 15:17:00
f3db44d5-3074-4fb9-81d4-97b92a52e28f,CUST012,Delivered,CAR002,LOC-WARE-003,LOC-CUST-10,2026-06-15 15:17:00,2026-06-19 15:17:00,2026-06-21 15:17:00,2026-06-22 15:17:00,2026-06-21 15:17:00
3c76306e-a654-43aa-ba5d-bd41c8936da1,CUST012,Delivered,CAR002,LOC-WARE-003,LOC-CUST-10,2026-06-13 15:17:00,2026-06-17 15:17:00,2026-06-22 15:17:00,2026-06-22 15:17:00,2026-06-21 15:17:00
73cbf2cc-8af8-4d7b-8a6f-f0fae6146c39,CUST008,Delivered,CAR003,LOC-WARE-003,LOC-CUST-6,2026-05-13 15:17:00,2026-05-21 15:17:00,2026-05-19 15:17:00,2026-05-20 15:17:00,2026-05-22 15:17:00
9c960cea-66aa-4d17-879e-6cd85dada436,CUST011,Delivered,CAR001,LOC-WARE-004,LOC-CUST-9,2026-03-27 15:17:00,2026-04-03 15:17:00,2026-04-01 15:17:00,2026-04-02 15:17:00,2026-04-01 15:17:00
27d83f75-7396-4398-b3b8-3066bc1edfaf,CUST004,Delivered,CAR001,LOC-WARE-004,LOC-CUST-2,2026-06-13 15:17:00,2026-06-17 15:17:00,2026-06-19 15:17:00,2026-06-20 15:17:00,2026-06-22 15:17:00
faf31471-8357-42e0-ac6a-c7a8f44d9952,CUST004,Delivered,CAR001,LOC-WARE-004,LOC-CUST-2,2026-06-12 15:17:00,2026-06-18 15:17:00,2026-06-19 15:17:00,2026-06-20 15:17:00,2026-06-22 15:17:00
44b582f8-0e6f-4d2b-99cd-a50d8bee28b3,CUST012,Delivered,CAR001,LOC-WARE-003,LOC-CUST-10,2026-09-03 15:17:00,2026-09-10 15:17:00,2026-09-10 15:17:00,2026-09-10 15:17:00,2026-09-08 15:17:00
65ade85f-a9ba-42f3-89c4-581e1a2fe5de,CUST011,Delivered,CAR002,LOC-WARE-003,LOC-CUST-9,2026-07-11 15:17:00,2026-07-12 15:17:00,2026-07-16 15:17:00,2026-07-16 15:17:00,2026-07-17 15:17:00
07e2a250-91c0-4af4-96ea-94e8fa0e6bf6,CUST014,Delivered,CAR001,LOC-WARE-003,LOC-CUST-12,2026-07-09 15:17:00,2026-07-16 15:17:00,2026-07-17 15:17:00,2026-07-18 15:17:00,2026-07-15 15:17:00
e03180c3-3004-462d-85e2-9a15a6beb724,CUST014,Delivered,CAR001,LOC-WARE-003,LOC-CUST-12,2026-07-11 15:17:00,2026-07-18 15:17:00,2026-07-17 15:17:00,2026-07-18 15:17:00,2026-07-15 15:17:00
412dad8d-f63b-4986-84b4-ce39f9f19858,CUST014,Delivered,CAR003,LOC-WARE-004,LOC-CUST-12,2026-07-01 15:17:00,2026-07-04 15:17:00,2026-07-06 15:17:00,2026-07-06 15:17:00,2026-07-08 15:17:00
1171de93-11f3-4319-9f30-2ad6b210435e,CUST002,Delivered,CAR002,LOC-WARE-003,LOC-CUST-1,2026-07-08 15:17:00,2026-07-16 15:17:00,2026-07-16 15:17:00,2026-07-16 15:17:00,2026-07-12 15:17:00
f6769f12-7d9b-4760-9d92-aa089a09b17a,CUST008,Delivered,CAR003,LOC-WARE-004,LOC-CUST-6,2026-08-22 15:17:00,2026-09-01 15:17:00,2026-08-29 15:17:00,2026-08-31 15:17:00,2026-08-27 15:17:00
1644fdb8-a543-4e14-81d4-4f06f3c34c44,CUST008,Delivered,CAR003,LOC-WARE-004,LOC-CUST-6,2026-08-24 15:17:00,2026-08-30 15:17:00,2026-08-31 15:17:00,2026-08-31 15:17:00,2026-08-27 15:17:00
37416262-8604-4382-95b1-3d90fe744db9,CUST012,Delivered,CAR001,LOC-WARE-003,LOC-CUST-10,2026-08-03 15:17:00,2026-08-07 15:17:00,2026-08-08 15:17:00,2026-08-09 15:17:00,2026-08-12 15:17:00
09e62ca2-e280-45f8-af3d-50d51a44c1db,CUST012,Delivered,CAR002,LOC-WARE-004,LOC-CUST-10,2026-07-04 15:17:00,2026-07-12 15:17:00,2026-07-12 15:17:00,2026-07-12 15:17:00,2026-07-10 15:17:00
2e89510a-cdd4-4bab-bacd-5f18803cc960,CUST007,Delivered,CAR001,LOC-WARE-003,LOC-CUST-5,2026-04-06 15:17:00,2026-04-09 15:17:00,2026-04-15 15:17:00,2026-04-15 15:17:00,2026-04-11 15:17:00
1d6fa342-9cc2-444f-b581-c37a55d5b3a4,CUST007,Delivered,CAR001,LOC-WARE-003,LOC-CUST-5,2026-04-05 15:17:00,2026-04-11 15:17:00,2026-04-12 15:17:00,2026-04-15 15:17:00,2026-04-11 15:17:00
5c1b3eeb-4281-4947-8bef-160e7e62dcaa,CUST013,Delivered,CAR003,LOC-WARE-004,LOC-CUST-11,2026-08-24 15:17:00,2026-08-29 15:17:00,2026-09-02 15:17:00,2026-09-02 15:17:00,2026-08-31 15:17:00
b4406a92-9763-473f-8a5f-1d4b968cba21,CUST013,Delivered,CAR001,LOC-WARE-003,LOC-CUST-11,2026-03-25 15:17:00,2026-04-03 15:17:00,2026-04-01 15:17:00,2026-04-01 15:17:00,2026-04-04 15:17:00
3d638aa6-68c2-423f-8446-d7564a362d70,CUST006,Delivered,CAR003,LOC-WARE-004,LOC-CUST-4,2026-05-18 15:17:00,2026-05-19 15:17:00,2026-05-25 15:17:00,2026-05-25 15:17:00,2026-05-19 15:17:00
97fbe6fa-3b3a-4235-a09c-8da313ec3515,CUST006,Delivered,CAR003,LOC-WARE-004,LOC-CUST-4,2026-05-18 15:17:00,2026-05-21 15:17:00,2026-05-23 15:17:00,2026-05-25 15:17:00,2026-05-19 15:17:00
eac4e625-40b5-40c0-af86-2d6c69ba6ba2,CUST015,Delivered,CAR003,LOC-WARE-003,LOC-CUST-13,2026-04-11 15:17:00,2026-04-18 15:17:00,2026-04-20 15:17:00,2026-04-20 15:17:00,2026-04-19 15:17:00
f244ea8f-aed2-453e-a732-3f775d4b6e01,CUST008,Delivered,CAR003,LOC-WARE-003,LOC-CUST-6,2026-06-24 15:17:00,2026-06-30 15:17:00,2026-07-01 15:17:00,2026-07-01 15:17:00,2026-06-27 15:17:00
e3525964-47d8-480e-9154-243a01358a93,CUST006,Delivered,CAR001,LOC-WARE-004,LOC-CUST-4,2026-09-01 15:17:00,2026-09-04 15:17:00,2026-09-09 15:17:00,2026-09-09 15:17:00,2026-09-07 15:17:00
f792dedf-bb26-45d8-8b62-8dd9e46674d2,CUST006,Delivered,CAR001,LOC-WARE-004,LOC-CUST-4,2026-09-02 15:17:00,2026-09-10 15:17:00,2026-09-07 15:17:00,2026-09-09 15:17:00,2026-09-07 15:17:00
a676ee11-0264-4bfb-83e9-3bf5ec7b83c9,CUST007,Delivered,CAR001,LOC-WARE-004,LOC-CUST-5,2026-05-02 15:17:00,2026-05-09 15:17:00,2026-05-10 15:17:00,2026-05-10 15:17:00,2026-05-07 15:17:00
1a714aea-a383-4b85-be4b-55673a1d507f,CUST008,Delivered,CAR001,LOC-WARE-004,LOC-CUST-6,2026-05-22 15:17:00,2026-05-25 15:17:00,2026-05-29 15:17:00,2026-05-29 15:17:00,2026-05-26 15:17:00
839768ed-572a-456b-91b7-b497310898d1,CUST007,Delivered,CAR003,LOC-WARE-004,LOC-CUST-5,2026-06-24 15:17:00,2026-06-29 15:17:00,2026-07-02 15:17:00,2026-07-02 15:17:00,2026-07-03 15:17:00
7140ac4b-2a7a-43f7-9392-f328fdcc947f,CUST007,Delivered,CAR003,LOC-WARE-004,LOC-CUST-5,2026-06-26 15:17:00,2026-06-29 15:17:00,2026-07-01 15:17:00,2026-07-02 15:17:00,2026-07-03 15:17:00
30f1ed01-a93c-45d1-83c0-096d4f744c79,CUST014,Delivered,CAR001,LOC-WARE-004,LOC-CUST-12,2026-04-07 15:17:00,2026-04-17 15:17:00,2026-04-13 15:17:00,2026-04-14 15:17:00,2026-04-14 15:17:00
6351c65f-050a-4b1d-928c-50f6c4926b9d,CUST006,Delivered,CAR002,LOC-WARE-003,LOC-CUST-4,2026-07-13 15:17:00,2026-07-19 15:17:00,2026-07-18 15:17:00,2026-07-18 15:17:00,2026-07-19 15:17:00
346a5d87-64b8-4c2c-b245-76170177c5d7,CUST013,Delivered,CAR003,LOC-WARE-003,LOC-CUST-11,2026-08-01 15:17:00,2026-08-02 15:17:00,2026-08-06 15:17:00,2026-08-06 15:17:00,2026-08-03 15:17:00
37d087b1-e00b-455f-b4ee-ea0be0831bf2,CUST013,Delivered,CAR003,LOC-WARE-003,LOC-CUST-11,2026-07-27 15:17:00,2026-08-02 15:17:00,2026-08-01 15:17:00,2026-08-06 15:17:00,2026-08-03 15:17:00
1f0d3d59-9692-450e-9c63-c64a5ef5dac3,CUST010,Delivered,CAR001,LOC-WARE-003,LOC-CUST-8,2026-05-28 15:17:00,2026-06-02 15:17:00,2026-06-05 15:17:00,2026-06-05 15:17:00,2026-06-06 15:17:00
bbc8619b-6112-431b-954e-e51ca9198235,CUST008,Delivered,CAR002,LOC-WARE-004,LOC-CUST-6,2026-03-07 15:17:00,2026-03-15 15:17:00,2026-03-13 15:17:00,2026-03-15 15:17:00,2026-03-13 15:17:00
377d9e57-02d2-4b13-b78c-907028393022,CUST008,Delivered,CAR001,LOC-WARE-003,LOC-CUST-6,2026-03-29 15:17:00,2026-04-01 15:17:00,2026-04-07 15:17:00,2026-04-07 15:17:00,2026-04-02 15:17:00
dd1779ef-fdb4-47a0-a9e1-7c14fe9f0947,CUST008,Delivered,CAR001,LOC-WARE-003,LOC-CUST-6,2026-03-26 15:17:00,2026-04-04 15:17:00,2026-04-02 15:17:00,2026-04-07 15:17:00,2026-04-02 15:17:00
26b1f095-b361-41f8-8103-956c36fed738,CUST015,Delivered,CAR001,LOC-WARE-003,LOC-CUST-13,2026-04-25 15:17:00,2026-05-02 15:17:00,2026-05-03 15:17:00,2026-05-03 15:17:00,2026-04-29 15:17:00
cfabb63f-30f1-4ad8-969b-1c831a35cd19,CUST005,Delivered,CAR002,LOC-WARE-003,LOC-CUST-3,2026-05-14 15:17:00,2026-05-20 15:17:00,2026-05-21 15:17:00,2026-05-21 15:17:00,2026-05-20 15:17:00
3902b21e-0a41-406e-a275-cb0bbf242a50,CUST013,Delivered,CAR001,LOC-WARE-003,LOC-CUST-11,2026-07-04 15:17:00,2026-07-14 15:17:00,2026-07-09 15:17:00,2026-07-17 15:17:00,2026-07-11 15:17:00
9f006ddf-608c-4485-9154-d88f7f1712c2,CUST013,Delivered,CAR001,LOC-WARE-003,LOC-CUST-11,2026-07-08 15:17:00,2026-07-13 15:17:00,2026-07-17 15:17:00,2026-07-17 15:17:00,2026-07-11 15:17:00
a34308f8-ac72-4b3d-8f7b-a2f631904c46,CUST010,Delivered,CAR001,LOC-WARE-003,LOC-CUST-8,2026-07-08 15:17:00,2026-07-15 15:17:00,2026-07-16 15:17:00,2026-07-16 15:17:00,2026-07-16 15:17:00
dedfb020-0024-4ca7-b084-0985d4d50539,CUST014,Delivered,CAR003,LOC-WARE-003,LOC-CUST-12,2026-08-21 15:17:00,2026-08-29 15:17:00,2026-08-29 15:17:00,2026-08-29 15:17:00,2026-08-28 15:17:00
e2d75566-8cdd-4ee9-a01c-704af054417c,CUST005,Delivered,CAR002,LOC-WARE-003,LOC-CUST-3,2026-05-28 15:17:00,2026-06-09 15:17:00,2026-06-04 15:17:00,2026-06-07 15:17:00,2026-06-06 15:17:00
7e7ae3a9-3081-4767-bd9c-b147354706d9,CUST005,Delivered,CAR002,LOC-WARE-003,LOC-CUST-3,2026-05-30 15:17:00,2026-06-09 15:17:00,2026-06-07 15:17:00,2026-06-07 15:17:00,2026-06-06 15:17:00
08979e6c-a1ee-4c9f-935f-2f9c338f9ab8,CUST006,Delivered,CAR002,LOC-WARE-004,LOC-CUST-4,2026-07-14 15:17:00,2026-07-21 15:17:00,2026-07-22 15:17:00,2026-07-22 15:17:00,2026-07-22 15:17:00
865720fa-d33a-4ad4-aa61-1eb859fec14b,CUST010,Delivered,CAR002,LOC-WARE-003,LOC-CUST-8,2026-05-27 15:17:00,2026-05-30 15:17:00,2026-06-01 15:17:00,2026-06-01 15:17:00,2026-06-04 15:17:00
837c98e6-09aa-45d7-86d3-c050546b1a2c,CUST015,Delivered,CAR001,LOC-WARE-003,LOC-CUST-13,2026-03-05 15:17:00,2026-03-12 15:17:00,2026-03-12 15:17:00,2026-03-12 15:17:00,2026-03-13 15:17:00
edc9632e-9f4a-4cda-8b19-1cead1f31e97,CUST015,Delivered,CAR001,LOC-WARE-003,LOC-CUST-13,2026-03-04 15:17:00,2026-03-09 15:17:00,2026-03-11 15:17:00,2026-03-12 15:17:00,2026-03-13 15:17:00
748a98cd-856d-4654-83d2-043f8bc81860,CUST013,Delivered,CAR001,LOC-WARE-004,LOC-CUST-11,2026-03-28 15:17:00,2026-04-02 15:17:00,2026-04-04 15:17:00,2026-04-04 15:17:00,2026-04-01 15:17:00
32c33f7b-b31f-49f1-a203-97c1ce633df3,CUST014,Delivered,CAR001,LOC-WARE-004,LOC-CUST-12,2026-07-31 15:17:00,2026-08-04 15:17:00,2026-08-08 15:17:00,2026-08-08 15:17:00,2026-08-07 15:17:00
59302ab0-d75e-4f82-ae1b-a18391a190fe,CUST004,Delivered,CAR003,LOC-WARE-003,LOC-CUST-2,2026-06-17 15:17:00,2026-06-25 15:17:00,2026-06-23 15:17:00,2026-06-29 15:17:00,2026-06-22 15:17:00
a6b79b19-78e1-4d34-a16a-c31d887241a9,CUST004,Delivered,CAR003,LOC-WARE-003,LOC-CUST-2,2026-06-21 15:17:00,2026-06-25 15:17:00,2026-06-29 15:17:00,2026-06-29 15:17:00,2026-06-22 15:17:00
3fbb1160-c80d-43be-92ba-f4626dc688af,CUST011,Delivered,CAR001,LOC-WARE-003,LOC-CUST-9,2026-07-17 15:17:00,2026-07-25 15:17:00,2026-07-24 15:17:00,2026-07-25 15:17:00,2026-07-23 15:17:00
99c35294-d463-4ff1-bf70-1bcb070a4e55,CUST009,Delivered,CAR003,LOC-WARE-003,LOC-CUST-7,2026-06-04 15:17:00,2026-06-13 15:17:00,2026-06-11 15:17:00,2026-06-11 15:17:00,2026-06-13 15:17:00
d527652e-ed5b-4ee2-ae91-3e3b3c5792e6,CUST008,Delivered,CAR001,LOC-WARE-003,LOC-CUST-6,2026-03-18 15:17:00,2026-03-23 15:17:00,2026-03-25 15:17:00,2026-03-25 15:17:00,2026-03-20 15:17:00
0cabc366-6eca-4209-b8b4-9625f3d9063c,CUST008,Delivered,CAR001,LOC-WARE-003,LOC-CUST-6,2026-03-16 15:17:00,2026-03-19 15:17:00,2026-03-23 15:17:00,2026-03-25 15:17:00,2026-03-20 15:17:00
53d07db7-e790-4b06-b9cf-3aba341c5e85,CUST004,Delivered,CAR002,LOC-WARE-004,LOC-CUST-2,2026-04-18 15:17:00,2026-04-26 15:17:00,2026-04-24 15:17:00,2026-04-24 15:17:00,2026-04-24 15:17:00
70bd053c-25ae-48d5-baf3-a8b1d577ce26,CUST013,Delivered,CAR001,LOC-WARE-003,LOC-CUST-11,2026-06-26 15:17:00,2026-07-02 15:17:00,2026-07-04 15:17:00,2026-07-04 15:17:00,2026-07-01 15:17:00
2cdebca9-e427-40b7-8933-98df78a3ebea,CUST002,Delivered,CAR003,LOC-WARE-003,LOC-CUST-1,2026-06-17 15:17:00,2026-06-19 15:17:00,2026-06-23 15:17:00,2026-06-25 15:17:00,2026-06-24 15:17:00
50938b60-ae1c-4adc-be92-9260355c53d8,CUST002,Delivered,CAR003,LOC-WARE-003,LOC-CUST-1,2026-06-17 15:17:00,2026-06-23 15:17:00,2026-06-25 15:17:00,2026-06-25 15:17:00,2026-06-24 15:17:00
73ec22c7-95bf-435d-b9e2-4fe1850f38d0,CUST013,Delivered,CAR001,LOC-WARE-004,LOC-CUST-11,2026-07-09 15:17:00,2026-07-19 15:17:00,2026-07-17 15:17:00,2026-07-17 15:17:00,2026-07-15 15:17:00
dd1cda84-6a4c-4558-a0f1-5cc62cd7531c,CUST010,Delivered,CAR002,LOC-WARE-003,LOC-CUST-8,2026-07-24 15:17:00,2026-07-30 15:17:00,2026-08-02 15:17:00,2026-08-02 15:17:00,2026-08-01 15:17:00
641c8401-25a3-451f-a3c5-4efe0e83301c,CUST002,Delivered,CAR001,LOC-WARE-003,LOC-CUST-1,2026-03-18 15:17:00,2026-03-19 15:17:00,2026-03-23 15:17:00,2026-03-24 15:17:00,2026-03-23 15:17:00
f451148d-c79c-4304-957d-88ed394507ad,CUST002,Delivered,CAR001,LOC-WARE-003,LOC-CUST-1,2026-03-18 15:17:00,2026-03-22 15:17:00,2026-03-24 15:17:00,2026-03-24 15:17:00,2026-03-23 15:17:00
927d6089-b096-4e3d-a82c-f0f0e415c6e5,CUST006,Delivered,CAR001,LOC-WARE-004,LOC-CUST-4,2026-04-30 15:17:00,2026-05-05 15:17:00,2026-05-08 15:17:00,2026-05-08 15:17:00,2026-05-09 15:17:00
f19ec1be-6ca3-4698-a37c-b3701ae30b75,CUST004,Delivered,CAR003,LOC-WARE-004,LOC-CUST-2,2026-05-19 15:17:00,2026-05-21 15:17:00,2026-05-26 15:17:00,2026-05-26 15:17:00,2026-05-22 15:17:00
87f019a5-696a-432d-a474-276f7d7e77de,CUST010,Delivered,CAR003,LOC-WARE-003,LOC-CUST-8,2026-05-30 15:17:00,2026-06-08 15:17:00,2026-06-04 15:17:00,2026-06-07 15:17:00,2026-06-08 15:17:00
671fafea-d6f6-4209-9362-514d852ecb84,CUST010,Delivered,CAR003,LOC-WARE-003,LOC-CUST-8,2026-06-02 15:17:00,2026-06-06 15:17:00,2026-06-07 15:17:00,2026-06-07 15:17:00,2026-06-08 15:17:00
50204896-b739-407e-92db-e45e0ffdf532,CUST011,Delivered,CAR003,LOC-WARE-003,LOC-CUST-9,2026-08-21 15:17:00,2026-08-26 15:17:00,2026-08-26 15:17:00,2026-08-29 15:17:00,2026-09-01 15:17:00
5bcee315-fba3-45a8-a2ed-b43ea3047020,CUST004,Delivered,CAR003,LOC-WARE-003,LOC-CUST-2,2026-04-05 15:17:00,2026-04-10 15:17:00,2026-04-14 15:17:00,2026-04-14 15:17:00,2026-04-11 15:17:00
21208199-a320-4e0a-9c9d-d732863c7204,CUST002,Delivered,CAR002,LOC-WARE-003,LOC-CUST-1,2026-06-19 15:17:00,2026-06-26 15:17:00,2026-06-25 15:17:00,2026-06-29 15:17:00,2026-06-27 15:17:00
be08af12-fa47-4772-b87d-74ad39a31fab,CUST002,Delivered,CAR002,LOC-WARE-003,LOC-CUST-1,2026-06-22 15:17:00,2026-06-27 15:17:00,2026-06-29 15:17:00,2026-06-29 15:17:00,2026-06-27 15:17:00
be4f90b3-2d45-4776-8cb1-348dea81e386,CUST005,Delivered,CAR003,LOC-WARE-004,LOC-CUST-3,2026-05-20 15:17:00,2026-05-28 15:17:00,2026-05-28 15:17:00,2026-05-28 15:17:00,2026-05-27 15:17:00
9ce83548-930d-4324-a393-3183cf9c4ea6,CUST005,Delivered,CAR002,LOC-WARE-004,LOC-CUST-3,2026-05-09 15:17:00,2026-05-20 15:17:00,2026-05-14 15:17:00,2026-05-17 15:17:00,2026-05-15 15:17:00
33e000c8-524f-4078-ab23-df3642f11615,CUST010,Delivered,CAR002,LOC-WARE-004,LOC-CUST-8,2026-07-13 15:17:00,2026-07-18 15:17:00,2026-07-18 15:17:00,2026-07-18 15:17:00,2026-07-15 15:17:00
1e14e58c-c7bf-473e-b8c8-c70d9f9b9f29,CUST010,Delivered,CAR002,LOC-WARE-004,LOC-CUST-8,2026-07-10 15:17:00,2026-07-16 15:17:00,2026-07-16 15:17:00,2026-07-18 15:17:00,2026-07-15 15:17:00
fde4cf4f-f3ae-4323-ac8f-00057daecaf7,CUST002,Delivered,CAR001,LOC-WARE-004,LOC-CUST-1,2026-04-30 15:17:00,2026-05-06 15:17:00,2026-05-08 15:17:00,2026-05-08 15:17:00,2026-05-03 15:17:00
ec9049b4-7967-42aa-912e-fb80f450f93b,CUST010,Delivered,CAR001,LOC-WARE-004,LOC-CUST-8,2026-05-03 15:17:00,2026-05-10 15:17:00,2026-05-08 15:17:00,2026-05-08 15:17:00,2026-05-09 15:17:00
40f88855-6e1b-4e2e-a7d8-97e50530fcae,CUST004,Delivered,CAR003,LOC-WARE-003,LOC-CUST-2,2026-08-28 15:17:00,2026-09-03 15:17:00,2026-09-04 15:17:00,2026-09-04 15:17:00,2026-08-31 15:17:00
be9942d8-54cd-4793-91eb-8bef680fe66b,CUST004,Delivered,CAR003,LOC-WARE-003,LOC-CUST-2,2026-08-26 15:17:00,2026-09-02 15:17:00,2026-09-03 15:17:00,2026-09-04 15:17:00,2026-08-31 15:17:00
b1730d88-71c5-44ca-84ae-02ed8d51ca86,CUST008,Delivered,CAR002,LOC-WARE-004,LOC-CUST-6,2026-08-12 15:17:00,2026-08-19 15:17:00,2026-08-17 15:17:00,2026-08-17 15:17:00,2026-08-17 15:17:00
71aa7c69-f961-487a-892f-66e06cd9c73a,CUST007,Delivered,CAR001,LOC-WARE-003,LOC-CUST-5,2026-04-04 15:17:00,2026-04-09 15:17:00,2026-04-12 15:17:00,2026-04-12 15:17:00,2026-04-09 15:17:00
15bb6ed7-8d3a-4855-bdf8-9b0bb144f96d,CUST006,Delivered,CAR002,LOC-WARE-004,LOC-CUST-4,2026-08-17 15:17:00,2026-08-21 15:17:00,2026-08-22 15:17:00,2026-08-25 15:17:00,2026-08-19 15:17:00
078934a9-f37d-4653-aef4-0dbcb7ce4293,CUST006,Delivered,CAR002,LOC-WARE-004,LOC-CUST-4,2026-08-17 15:17:00,2026-08-24 15:17:00,2026-08-25 15:17:00,2026-08-25 15:17:00,2026-08-19 15:17:00
a5ac7d16-cd07-4d71-a1dc-be71aad90009,CUST009,Delivered,CAR002,LOC-WARE-003,LOC-CUST-7,2026-08-25 15:17:00,2026-08-31 15:17:00,2026-09-01 15:17:00,2026-09-01 15:17:00,2026-08-29 15:17:00
374e8afd-d820-4714-b3bc-ca1b22c0ac95,CUST009,Delivered,CAR003,LOC-WARE-004,LOC-CUST-7,2026-03-14 15:17:00,2026-03-22 15:17:00,2026-03-20 15:17:00,2026-03-20 15:17:00,2026-03-21 15:17:00
f10a86cd-7eda-4a80-a249-b2f54d37bfef,CUST009,Delivered,CAR003,LOC-WARE-004,LOC-CUST-7,2026-07-26 15:17:00,2026-08-05 15:17:00,2026-08-01 15:17:00,2026-08-06 15:17:00,2026-08-05 15:17:00
2f3750f9-a794-46de-8426-89c249f5973c,CUST009,Delivered,CAR003,LOC-WARE-004,LOC-CUST-7,2026-07-28 15:17:00,2026-08-04 15:17:00,2026-08-06 15:17:00,2026-08-06 15:17:00,2026-08-05 15:17:00
25869c4a-5387-48aa-a25f-b5a73dec18a4,CUST012,Delivered,CAR002,LOC-WARE-003,LOC-CUST-10,2026-03-15 15:17:00,2026-03-17 15:17:00,2026-03-20 15:17:00,2026-03-20 15:17:00,2026-03-20 15:17:00
e0e52274-cdfb-460c-b51a-9511948cf92b,CUST002,Delivered,CAR001,LOC-WARE-003,LOC-CUST-1,2026-06-02 15:17:00,2026-06-08 15:17:00,2026-06-07 15:17:00,2026-06-10 15:17:00,2026-06-07 15:17:00
dbf4e098-7c6c-4fbd-bb6b-b05e4323077a,CUST014,Delivered,CAR001,LOC-WARE-004,LOC-CUST-12,2026-04-28 15:17:00,2026-05-06 15:17:00,2026-05-04 15:17:00,2026-05-06 15:17:00,2026-05-06 15:17:00
63337a89-1717-46b6-bb62-77a205898abf,CUST014,Delivered,CAR001,LOC-WARE-004,LOC-CUST-12,2026-04-29 15:17:00,2026-05-01 15:17:00,2026-05-06 15:17:00,2026-05-06 15:17:00,2026-05-06 15:17:00
b09aa622-e2fb-4c32-9dfb-f8bb8d36b44e,CUST005,Delivered,CAR002,LOC-WARE-003,LOC-CUST-3,2026-08-11 15:17:00,2026-08-18 15:17:00,2026-08-17 15:17:00,2026-08-20 15:17:00,2026-08-20 15:17:00
83e30c30-feef-43a3-a52c-633f9a288d34,CUST012,Delivered,CAR002,LOC-WARE-004,LOC-CUST-10,2026-05-09 15:17:00,2026-05-16 15:17:00,2026-05-16 15:17:00,2026-05-16 15:17:00,2026-05-18 15:17:00
1a9b1f28-6773-42e7-afba-578309eef3b5,CUST004,Delivered,CAR001,LOC-WARE-003,LOC-CUST-2,2026-03-30 15:17:00,2026-04-07 15:17:00,2026-04-05 15:17:00,2026-04-05 15:17:00,2026-04-07 15:17:00
1863be8f-74db-4eb8-81d8-01acd2c04a27,CUST004,Delivered,CAR001,LOC-WARE-003,LOC-CUST-2,2026-03-28 15:17:00,2026-04-08 15:17:00,2026-04-02 15:17:00,2026-04-05 15:17:00,2026-04-07 15:17:00
38685c09-5153-49e3-987c-f01b0deadf65,CUST011,Delivered,CAR001,LOC-WARE-004,LOC-CUST-9,2026-08-20 15:17:00,2026-08-24 15:17:00,2026-08-27 15:17:00,2026-08-27 15:17:00,2026-08-26 15:17:00
29037a2d-d8cc-4699-93b0-0d4ed226587c,CUST010,Delivered,CAR002,LOC-WARE-004,LOC-CUST-8,2026-05-05 15:17:00,2026-05-09 15:17:00,2026-05-13 15:17:00,2026-05-13 15:17:00,2026-05-13 15:17:00
4b107284-6fc7-4df0-8299-e833320593c3,CUST005,Delivered,CAR003,LOC-WARE-003,LOC-CUST-3,2026-07-16 15:17:00,2026-07-22 15:17:00,2026-07-21 15:17:00,2026-07-24 15:17:00,2026-07-17 15:17:00
190c475e-1a8b-4757-bb96-165c85d258b7,CUST005,Delivered,CAR003,LOC-WARE-003,LOC-CUST-3,2026-07-15 15:17:00,2026-07-23 15:17:00,2026-07-24 15:17:00,2026-07-24 15:17:00,2026-07-17 15:17:00
57f28ac2-46f5-4d1e-90d3-eb7f8361e745,CUST005,Delivered,CAR002,LOC-WARE-003,LOC-CUST-3,2026-04-27 15:17:00,2026-05-03 15:17:00,2026-05-03 15:17:00,2026-05-05 15:17:00,2026-05-07 15:17:00
8ec6e068-083c-44ef-ada3-8581e6e24d3b,CUST011,Delivered,CAR002,LOC-WARE-003,LOC-CUST-9,2026-04-15 15:17:00,2026-04-18 15:17:00,2026-04-23 15:17:00,2026-04-23 15:17:00,2026-04-23 15:17:00
2b00e717-cb7f-49f5-bbd2-9812094313f1,CUST009,Delivered,CAR002,LOC-WARE-004,LOC-CUST-7,2026-07-21 15:17:00,2026-07-26 15:17:00,2026-07-30 15:17:00,2026-07-30 15:17:00,2026-07-27 15:17:00
fc1fd32f-e4e4-481b-a991-37ab2d49dd6c,CUST009,Delivered,CAR002,LOC-WARE-004,LOC-CUST-7,2026-07-20 15:17:00,2026-07-27 15:17:00,2026-07-29 15:17:00,2026-07-30 15:17:00,2026-07-27 15:17:00
9af60954-bbeb-440a-9f75-55a76ab63102,CUST005,Delivered,CAR002,LOC-WARE-003,LOC-CUST-3,2026-05-02 15:17:00,2026-05-09 15:17:00,2026-05-08 15:17:00,2026-05-08 15:17:00,2026-05-06 15:17:00
fda560d7-5b06-4c47-814b-51b2220a4cd3,CUST004,Delivered,CAR002,LOC-WARE-004,LOC-CUST-2,2026-05-10 15:17:00,2026-05-18 15:17:00,2026-05-18 15:17:00,2026-05-18 15:17:00,2026-05-16 15:17:00
452c58f8-4cc8-4ecd-9d62-616c7701c15a,CUST012,Delivered,CAR001,LOC-WARE-003,LOC-CUST-10,2026-06-04 15:17:00,2026-06-06 15:17:00,2026-06-13 15:17:00,2026-06-13 15:17:00,2026-06-10 15:17:00
804524a4-1b6c-41d4-b7a2-8e736d3aba28,CUST012,Delivered,CAR001,LOC-WARE-003,LOC-CUST-10,2026-06-04 15:17:00,2026-06-12 15:17:00,2026-06-10 15:17:00,2026-06-13 15:17:00,2026-06-10 15:17:00
896afe66-420f-4bd7-a700-a21ae98a6a26,CUST004,Delivered,CAR002,LOC-WARE-003,LOC-CUST-2,2026-07-20 15:17:00,2026-07-26 15:17:00,2026-07-25 15:17:00,2026-07-25 15:17:00,2026-07-27 15:17:00
945f3fd8-c5ac-40e5-b9a5-df9c53c60245,CUST013,Delivered,CAR002,LOC-WARE-004,LOC-CUST-11,2026-03-26 15:17:00,2026-04-01 15:17:00,2026-04-03 15:17:00,2026-04-03 15:17:00,2026-04-02 15:17:00
cbef0c1b-a0ca-4c5d-b94b-be252d4367e1,CUST005,Delivered,CAR003,LOC-WARE-004,LOC-CUST-3,2026-08-14 15:17:00,2026-08-22 15:17:00,2026-08-23 15:17:00,2026-08-24 15:17:00,2026-08-21 15:17:00
4ec117c2-59b3-436d-8d67-c0951a6e2ea9,CUST005,Delivered,CAR003,LOC-WARE-004,LOC-CUST-3,2026-08-17 15:17:00,2026-08-25 15:17:00,2026-08-24 15:17:00,2026-08-24 15:17:00,2026-08-21 15:17:00
87f0a4dc-d76e-4040-bff9-ab7907314a01,CUST005,Delivered,CAR001,LOC-WARE-004,LOC-CUST-3,2026-08-02 15:17:00,2026-08-07 15:17:00,2026-08-10 15:17:00,2026-08-10 15:17:00,2026-08-09 15:17:00
b580e60a-ec93-4503-8191-38e4add7adac,CUST009,Delivered,CAR003,LOC-WARE-004,LOC-CUST-7,2026-07-28 15:17:00,2026-07-31 15:17:00,2026-08-03 15:17:00,2026-08-03 15:17:00,2026-07-31 15:17:00
37f4d152-13ea-4874-8f92-dccf7558fe6c,CUST012,Delivered,CAR003,LOC-WARE-004,LOC-CUST-10,2026-03-25 15:17:00,2026-04-02 15:17:00,2026-04-02 15:17:00,2026-04-02 15:17:00,2026-03-31 15:17:00
b1cdb772-6acf-4249-bbeb-7057d0f6d53b,CUST012,Delivered,CAR003,LOC-WARE-004,LOC-CUST-10,2026-03-24 15:17:00,2026-04-04 15:17:00,2026-03-30 15:17:00,2026-04-02 15:17:00,2026-03-31 15:17:00
62a1a02b-e805-422e-b06c-8efd19166734,CUST011,Delivered,CAR003,LOC-WARE-003,LOC-CUST-9,2026-08-07 15:17:00,2026-08-13 15:17:00,2026-08-16 15:17:00,2026-08-16 15:17:00,2026-08-15 15:17:00
62b8780b-3821-4b30-99a0-a543f0f31722,CUST007,Delivered,CAR001,LOC-WARE-004,LOC-CUST-5,2026-06-21 15:17:00,2026-06-24 15:17:00,2026-06-27 15:17:00,2026-06-27 15:17:00,2026-06-27 15:17:00
7d13289d-6165-40fb-bbcc-bd9c9b21252e,CUST005,Delivered,CAR002,LOC-WARE-004,LOC-CUST-3,2026-04-20 15:17:00,2026-04-28 15:17:00,2026-04-25 15:17:00,2026-04-28 15:17:00,2026-04-27 15:17:00
6f16c415-8b44-4d2c-a935-84d294b46ee5,CUST005,Delivered,CAR002,LOC-WARE-004,LOC-CUST-3,2026-04-22 15:17:00,2026-04-29 15:17:00,2026-04-28 15:17:00,2026-04-28 15:17:00,2026-04-27 15:17:00
a51396ce-5e49-4deb-a1ea-9645c8c2466e,CUST015,Delivered,CAR002,LOC-WARE-003,LOC-CUST-13,2026-08-29 15:17:00,2026-09-02 15:17:00,2026-09-04 15:17:00,2026-09-04 15:17:00,2026-09-02 15:17:00
e6ba607d-1b4a-4487-81cf-1b5e8b29e12e,CUST011,Delivered,CAR001,LOC-WARE-004,LOC-CUST-9,2026-04-16 15:17:00,2026-04-20 15:17:00,2026-04-22 15:17:00,2026-04-22 15:17:00,2026-04-18 15:17:00
042fc757-a3a4-4ebf-8627-be36bc0d598b,CUST015,Delivered,CAR003,LOC-WARE-003,LOC-CUST-13,2026-04-14 15:17:00,2026-04-18 15:17:00,2026-04-23 15:17:00,2026-04-23 15:17:00,2026-04-20 15:17:00
09b7eb7d-a4c1-4058-986c-80819f5dc96a,CUST015,Delivered,CAR003,LOC-WARE-003,LOC-CUST-13,2026-04-14 15:17:00,2026-04-21 15:17:00,2026-04-22 15:17:00,2026-04-23 15:17:00,2026-04-20 15:17:00
7438552f-5e1f-42bd-8acc-07cc34b3457b,CUST012,Delivered,CAR001,LOC-WARE-003,LOC-CUST-10,2026-05-14 15:17:00,2026-05-17 15:17:00,2026-05-20 15:17:00,2026-05-20 15:17:00,2026-05-23 15:17:00
906af5db-dce1-4dad-94e0-cd4567c627cd,CUST002,Delivered,CAR002,LOC-WARE-003,LOC-CUST-1,2026-06-15 15:17:00,2026-06-24 15:17:00,2026-06-21 15:17:00,2026-06-22 15:17:00,2026-06-19 15:17:00
82eb49ee-a3e7-4354-9b08-c24bc41d281c,CUST005,Delivered,CAR002,LOC-WARE-003,LOC-CUST-3,2026-05-27 15:17:00,2026-05-30 15:17:00,2026-06-03 15:17:00,2026-06-03 15:17:00,2026-05-30 15:17:00
d71aed08-4d6b-4efc-b3ff-ff14443c5b97,CUST005,Delivered,CAR002,LOC-WARE-003,LOC-CUST-3,2026-05-26 15:17:00,2026-06-01 15:17:00,2026-06-03 15:17:00,2026-06-03 15:17:00,2026-05-30 15:17:00
445698e6-9864-4d0f-b36e-fbd2b254f866,CUST002,Delivered,CAR003,LOC-WARE-004,LOC-CUST-1,2026-06-01 15:17:00,2026-06-08 15:17:00,2026-06-09 15:17:00,2026-06-09 15:17:00,2026-06-05 15:17:00
64b22ea6-2c01-4836-a629-30d5745806e1,CUST008,Delivered,CAR003,LOC-WARE-004,LOC-CUST-6,2026-03-18 15:17:00,2026-03-22 15:17:00,2026-03-26 15:17:00,2026-03-26 15:17:00,2026-03-20 15:17:00
ea7d4b85-2580-47f5-a41e-f6739fe23506,CUST002,Delivered,CAR002,LOC-WARE-004,LOC-CUST-1,2026-03-18 15:17:00,2026-03-24 15:17:00,2026-03-27 15:17:00,2026-03-27 15:17:00,2026-03-24 15:17:00
ff03417c-5d43-457b-a1a6-ee6300cee772,CUST002,Delivered,CAR002,LOC-WARE-004,LOC-CUST-1,2026-03-19 15:17:00,2026-03-26 15:17:00,2026-03-27 15:17:00,2026-03-27 15:17:00,2026-03-24 15:17:00
30bdcdb3-c98b-4638-80e6-c10ce57c167f,CUST014,Delivered,CAR002,LOC-WARE-004,LOC-CUST-12,2026-07-16 15:17:00,2026-07-26 15:17:00,2026-07-25 15:17:00,2026-07-25 15:17:00,2026-07-22 15:17:00
ead121af-c9c5-4828-8653-c320f9a68923,CUST008,Delivered,CAR003,LOC-WARE-003,LOC-CUST-6,2026-03-25 15:17:00,2026-04-02 15:17:00,2026-03-31 15:17:00,2026-03-31 15:17:00,2026-04-02 15:17:00
7b4e16a4-ede0-4bc9-bedd-d5a4a985270f,CUST004,Delivered,CAR002,LOC-WARE-003,LOC-CUST-2,2026-08-14 15:17:00,2026-08-26 15:17:00,2026-08-22 15:17:00,2026-08-23 15:17:00,2026-08-21 15:17:00
3e33ae6e-70a3-43c6-9333-a2e55928bcb7,CUST004,Delivered,CAR002,LOC-WARE-003,LOC-CUST-2,2026-08-15 15:17:00,2026-08-25 15:17:00,2026-08-21 15:17:00,2026-08-23 15:17:00,2026-08-21 15:17:00
7df3ce5a-6b75-4447-aa8d-eb3a822f8c78,CUST010,Delivered,CAR003,LOC-WARE-003,LOC-CUST-8,2026-05-19 15:17:00,2026-05-28 15:17:00,2026-05-27 15:17:00,2026-05-28 15:17:00,2026-05-29 15:17:00
21f07213-0702-49df-895d-143403bc2bbd,CUST002,Delivered,CAR002,LOC-WARE-004,LOC-CUST-1,2026-07-21 15:17:00,2026-07-26 15:17:00,2026-07-28 15:17:00,2026-07-29 15:17:00,2026-07-28 15:17:00
6860ef0b-50a7-4d8a-b5da-f5cf1d76347c,CUST008,Delivered,CAR003,LOC-WARE-004,LOC-CUST-6,2026-06-13 15:17:00,2026-06-22 15:17:00,2026-06-18 15:17:00,2026-06-22 15:17:00,2026-06-20 15:17:00
c3cd21e3-7dea-4212-80b7-c0f0ca5f6ef1,CUST008,Delivered,CAR003,LOC-WARE-004,LOC-CUST-6,2026-06-14 15:17:00,2026-06-23 15:17:00,2026-06-22 15:17:00,2026-06-22 15:17:00,2026-06-20 15:17:00
f1654c71-1234-4d72-98bb-dc94c8d73084,CUST004,Delivered,CAR001,LOC-WARE-004,LOC-CUST-2,2026-08-20 15:17:00,2026-08-28 15:17:00,2026-08-29 15:17:00,2026-08-29 15:17:00,2026-08-30 15:17:00
adf7d2b9-362c-4e9c-be2f-5f1bfc5d1cde,CUST009,Delivered,CAR003,LOC-WARE-003,LOC-CUST-7,2026-04-30 15:17:00,2026-05-11 15:17:00,2026-05-06 15:17:00,2026-05-08 15:17:00,2026-05-09 15:17:00
87a13ba3-0f5f-4460-b7d2-851050c23ac6,CUST007,Delivered,CAR002,LOC-WARE-003,LOC-CUST-5,2026-07-24 15:17:00,2026-08-03 15:17:00,2026-07-31 15:17:00,2026-07-31 15:17:00,2026-08-02 15:17:00
e1d91b10-fb1d-48dd-91c8-c769155b887a,CUST007,Delivered,CAR002,LOC-WARE-003,LOC-CUST-5,2026-07-26 15:17:00,2026-08-01 15:17:00,2026-07-31 15:17:00,2026-07-31 15:17:00,2026-08-02 15:17:00
504c5721-4dba-41fd-a5f4-4c6685ec0969,CUST012,Delivered,CAR001,LOC-WARE-004,LOC-CUST-10,2026-07-21 15:17:00,2026-07-22 15:17:00,2026-07-30 15:17:00,2026-07-30 15:17:00,2026-07-28 15:17:00
ddf59fae-da6f-472a-9c16-2278fedb6541,CUST014,Delivered,CAR003,LOC-WARE-003,LOC-CUST-12,2026-06-20 15:17:00,2026-06-27 15:17:00,2026-06-29 15:17:00,2026-06-29 15:17:00,2026-06-27 15:17:00
9dc304fa-faa6-47c7-a293-12a3eab8deb1,CUST005,Delivered,CAR003,LOC-WARE-003,LOC-CUST-3,2026-05-24 15:17:00,2026-05-30 15:17:00,2026-05-29 15:17:00,2026-05-31 15:17:00,2026-05-27 15:17:00
3b5dc0f2-af0d-4558-81d1-e14738adc585,CUST005,Delivered,CAR003,LOC-WARE-003,LOC-CUST-3,2026-05-26 15:17:00,2026-06-02 15:17:00,2026-05-31 15:17:00,2026-05-31 15:17:00,2026-05-27 15:17:00
c446a3a1-a747-4217-a9cd-ad0e39795c17,CUST014,Delivered,CAR003,LOC-WARE-004,LOC-CUST-12,2026-04-25 15:17:00,2026-04-28 15:17:00,2026-05-04 15:17:00,2026-05-04 15:17:00,2026-04-27 15:17:00
69d094a7-fce0-464d-b437-a61ecb791f0c,CUST010,Delivered,CAR003,LOC-WARE-004,LOC-CUST-8,2026-04-05 15:17:00,2026-04-11 15:17:00,2026-04-12 15:17:00,2026-04-13 15:17:00,2026-04-10 15:17:00
7b7c8866-cc39-4476-a07a-bba56ca6fbad,CUST004,Delivered,CAR003,LOC-WARE-003,LOC-CUST-2,2026-04-29 15:17:00,2026-05-03 15:17:00,2026-05-07 15:17:00,2026-05-07 15:17:00,2026-05-02 15:17:00
f564b0b1-e1a8-4776-b71b-e8fa58f90a16,CUST004,Delivered,CAR003,LOC-WARE-003,LOC-CUST-2,2026-04-27 15:17:00,2026-05-05 15:17:00,2026-05-03 15:17:00,2026-05-07 15:17:00,2026-05-02 15:17:00
d81f383b-4573-4a41-8d28-a51e55386fb7,CUST010,Delivered,CAR002,LOC-WARE-003,LOC-CUST-8,2026-07-17 15:17:00,2026-07-26 15:17:00,2026-07-26 15:17:00,2026-07-26 15:17:00,2026-07-26 15:17:00
56087af6-e3f6-49fd-96b1-0a2af3bf64b6,CUST005,Delivered,CAR002,LOC-WARE-003,LOC-CUST-3,2026-09-01 15:17:00,2026-09-05 15:17:00,2026-09-06 15:17:00,2026-09-08 15:17:00,2026-09-11 15:17:00
9335ecfa-0f1c-4cf1-ace1-8882f39f7d84,CUST007,Delivered,CAR001,LOC-WARE-003,LOC-CUST-5,2026-06-17 15:17:00,2026-06-20 15:17:00,2026-06-25 15:17:00,2026-06-25 15:17:00,2026-06-24 15:17:00
2effebb5-8303-4812-848d-ddc69873f0cf,CUST007,Delivered,CAR001,LOC-WARE-003,LOC-CUST-5,2026-06-16 15:17:00,2026-06-21 15:17:00,2026-06-24 15:17:00,2026-06-25 15:17:00,2026-06-24 15:17:00
8a599773-8cbc-4822-9903-5b74ee7f2707,CUST010,Delivered,CAR003,LOC-WARE-003,LOC-CUST-8,2026-05-16 15:17:00,2026-05-23 15:17:00,2026-05-25 15:17:00,2026-05-25 15:17:00,2026-05-21 15:17:00
78e61c91-4763-443a-862f-9c098e3efb31,CUST009,Delivered,CAR001,LOC-WARE-004,LOC-CUST-7,2026-04-17 15:17:00,2026-04-28 15:17:00,2026-04-24 15:17:00,2026-04-25 15:17:00,2026-04-28 15:17:00
5e7d2b77-bb3c-4d0d-b35c-8ca5104f516c,CUST014,Delivered,CAR002,LOC-WARE-003,LOC-CUST-12,2026-04-09 15:17:00,2026-04-20 15:17:00,2026-04-17 15:17:00,2026-04-17 15:17:00,2026-04-16 15:17:00
498ebd4a-e0bf-4234-b422-3c499d9407bf,CUST014,Delivered,CAR002,LOC-WARE-003,LOC-CUST-12,2026-04-09 15:17:00,2026-04-15 15:17:00,2026-04-17 15:17:00,2026-04-17 15:17:00,2026-04-16 15:17:00
3f28cd71-5bd6-46f9-aa09-5b5ab37a7991,CUST012,Delivered,CAR001,LOC-WARE-003,LOC-CUST-10,2026-06-02 15:17:00,2026-06-07 15:17:00,2026-06-09 15:17:00,2026-06-10 15:17:00,2026-06-09 15:17:00
5696051f-e07f-4ae1-969f-d8e9124bb945,CUST007,Delivered,CAR003,LOC-WARE-003,LOC-CUST-5,2026-03-12 15:17:00,2026-03-16 15:17:00,2026-03-21 15:17:00,2026-03-21 15:17:00,2026-03-21 15:17:00
bb87a634-6274-48ee-9149-2e6597617b21,CUST006,Delivered,CAR003,LOC-WARE-004,LOC-CUST-4,2026-05-14 15:17:00,2026-05-18 15:17:00,2026-05-22 15:17:00,2026-05-22 15:17:00,2026-05-16 15:17:00
da3dd98e-a42b-42bb-b1a0-a32ff80a2d03,CUST006,Delivered,CAR003,LOC-WARE-004,LOC-CUST-4,2026-05-12 15:17:00,2026-05-17 15:17:00,2026-05-17 15:17:00,2026-05-22 15:17:00,2026-05-16 15:17:00
6bf4d596-a5e3-46dd-928b-002f9e0972e6,CUST006,Delivered,CAR002,LOC-WARE-003,LOC-CUST-4,2026-08-03 15:17:00,2026-08-12 15:17:00,2026-08-12 15:17:00,2026-08-12 15:17:00,2026-08-09 15:17:00
8cf7afe6-691a-4fda-94a3-2b1e7c3d807f,CUST012,Delivered,CAR003,LOC-WARE-003,LOC-CUST-10,2026-04-20 15:17:00,2026-04-27 15:17:00,2026-04-28 15:17:00,2026-04-28 15:17:00,2026-04-23 15:17:00
4483bced-b63f-4c3a-b8d7-78302da57c1d,CUST006,Delivered,CAR002,LOC-WARE-003,LOC-CUST-4,2026-08-31 15:17:00,2026-09-05 15:17:00,2026-09-05 15:17:00,2026-09-10 15:17:00,2026-09-07 15:17:00
e42755e9-8405-4dd1-8568-b2b63c181dc9,CUST006,Delivered,CAR002,LOC-WARE-003,LOC-CUST-4,2026-09-01 15:17:00,2026-09-04 15:17:00,2026-09-10 15:17:00,2026-09-10 15:17:00,2026-09-07 15:17:00
56a90b38-a47d-4224-9336-f2f61ce90c8c,CUST010,Delivered,CAR002,LOC-WARE-003,LOC-CUST-8,2026-05-19 15:17:00,2026-05-29 15:17:00,2026-05-25 15:17:00,2026-05-27 15:17:00,2026-05-30 15:17:00
61507f0c-30f5-4407-b8c6-16633f1748e3,CUST015,Delivered,CAR003,LOC-WARE-004,LOC-CUST-13,2026-07-27 15:17:00,2026-08-01 15:17:00,2026-08-01 15:17:00,2026-08-01 15:17:00,2026-07-30 15:17:00
9b618e7b-ecd6-4144-9dbe-41efbe3ca4d2,CUST005,Delivered,CAR002,LOC-WARE-003,LOC-CUST-3,2026-08-26 15:17:00,2026-09-03 15:17:00,2026-09-01 15:17:00,2026-09-05 15:17:00,2026-09-05 15:17:00
4fe45360-b79d-4944-b60f-7948f4259d0c,CUST005,Delivered,CAR002,LOC-WARE-003,LOC-CUST-3,2026-08-27 15:17:00,2026-09-01 15:17:00,2026-09-05 15:17:00,2026-09-05 15:17:00,2026-09-05 15:17:00
b3dd8ce6-5dec-40ec-a945-60fa0ed04522,CUST011,Delivered,CAR001,LOC-WARE-004,LOC-CUST-9,2026-07-02 15:17:00,2026-07-09 15:17:00,2026-07-08 15:17:00,2026-07-08 15:17:00,2026-07-06 15:17:00
94849c42-cbfa-4e5e-a93e-98f996d09236,CUST010,Delivered,CAR003,LOC-WARE-004,LOC-CUST-8,2026-07-01 15:17:00,2026-07-06 15:17:00,2026-07-10 15:17:00,2026-07-10 15:17:00,2026-07-08 15:17:00
021cff94-01aa-489e-8749-afb2223160a5,CUST007,Delivered,CAR002,LOC-WARE-004,LOC-CUST-5,2026-04-09 15:17:00,2026-04-19 15:17:00,2026-04-15 15:17:00,2026-04-17 15:17:00,2026-04-13 15:17:00
d26ae148-663b-491c-8837-2a23f9f7068f,CUST007,Delivered,CAR002,LOC-WARE-004,LOC-CUST-5,2026-04-08 15:17:00,2026-04-19 15:17:00,2026-04-17 15:17:00,2026-04-17 15:17:00,2026-04-13 15:17:00
45b902f4-7971-46cc-87f1-c13a9e0b357a,CUST006,Delivered,CAR003,LOC-WARE-004,LOC-CUST-4,2026-08-31 15:17:00,2026-09-06 15:17:00,2026-09-07 15:17:00,2026-09-07 15:17:00,2026-09-04 15:17:00
252685a6-8e14-4f3f-80a5-5f14da03dec6,CUST002,Delivered,CAR002,LOC-WARE-003,LOC-CUST-1,2026-07-23 15:17:00,2026-07-27 15:17:00,2026-07-28 15:17:00,2026-07-28 15:17:00,2026-07-28 15:17:00
5f64f40c-5dfe-46a0-a139-e9016046eb12,CUST009,Delivered,CAR003,LOC-WARE-004,LOC-CUST-7,2026-08-15 15:17:00,2026-08-21 15:17:00,2026-08-20 15:17:00,2026-08-23 15:17:00,2026-08-26 15:17:00
71bc21f6-ce76-489e-92e7-b58b35447a7d,CUST009,Delivered,CAR003,LOC-WARE-004,LOC-CUST-7,2026-08-16 15:17:00,2026-08-24 15:17:00,2026-08-21 15:17:00,2026-08-23 15:17:00,2026-08-26 15:17:00
f3aa51e7-101f-45c5-9bef-639cdfcb87b0,CUST007,Delivered,CAR002,LOC-WARE-004,LOC-CUST-5,2026-03-16 15:17:00,2026-03-23 15:17:00,2026-03-23 15:17:00,2026-03-24 15:17:00,2026-03-21 15:17:00
0a23b144-7ae3-40da-bbf4-b00e718be15f,CUST015,Delivered,CAR001,LOC-WARE-003,LOC-CUST-13,2026-07-11 15:17:00,2026-07-18 15:17:00,2026-07-16 15:17:00,2026-07-16 15:17:00,2026-07-15 15:17:00
f200ce87-f232-474a-8f6c-489c6d5fb001,CUST008,Delivered,CAR002,LOC-WARE-004,LOC-CUST-6,2026-07-04 15:17:00,2026-07-14 15:17:00,2026-07-10 15:17:00,2026-07-11 15:17:00,2026-07-08 15:17:00
e07753ad-4ed2-46fa-a679-ca484b69a050,CUST008,Delivered,CAR002,LOC-WARE-004,LOC-CUST-6,2026-07-04 15:17:00,2026-07-12 15:17:00,2026-07-10 15:17:00,2026-07-11 15:17:00,2026-07-08 15:17:00
0bb141f5-9ed8-44c9-8e75-5348fd411a27,CUST010,Delivered,CAR003,LOC-WARE-004,LOC-CUST-8,2026-08-06 15:17:00,2026-08-09 15:17:00,2026-08-15 15:17:00,2026-08-15 15:17:00,2026-08-13 15:17:00
f2403094-0ee0-4e5c-bd0d-2cc167a6a096,CUST007,Delivered,CAR001,LOC-WARE-004,LOC-CUST-5,2026-04-27 15:17:00,2026-05-03 15:17:00,2026-05-03 15:17:00,2026-05-03 15:17:00,2026-05-01 15:17:00
c3d1b8fc-8715-41b4-a2f7-a0569599cdea,CUST012,Delivered,CAR001,LOC-WARE-003,LOC-CUST-10,2026-04-17 15:17:00,2026-04-22 15:17:00,2026-04-24 15:17:00,2026-04-24 15:17:00,2026-04-23 15:17:00
07f5234d-1936-41cd-9bd9-56c1be219ad4,CUST012,Delivered,CAR001,LOC-WARE-003,LOC-CUST-10,2026-04-17 15:17:00,2026-04-24 15:17:00,2026-04-24 15:17:00,2026-04-24 15:17:00,2026-04-23 15:17:00
a1df33d1-e921-493c-b41e-45a83cb3deec,CUST007,Delivered,CAR003,LOC-WARE-004,LOC-CUST-5,2026-04-16 15:17:00,2026-04-25 15:17:00,2026-04-23 15:17:00,2026-04-25 15:17:00,2026-04-27 15:17:00
e1b22b2e-13be-4ae2-ad92-cf577ce0678a,CUST012,Delivered,CAR001,LOC-WARE-003,LOC-CUST-10,2026-08-12 15:17:00,2026-08-22 15:17:00,2026-08-21 15:17:00,2026-08-21 15:17:00,2026-08-21 15:17:00
c2e0a7e7-f228-4287-b223-415789dd2b40,CUST004,Delivered,CAR002,LOC-WARE-003,LOC-CUST-2,2026-08-14 15:17:00,2026-08-17 15:17:00,2026-08-22 15:17:00,2026-08-22 15:17:00,2026-08-15 15:17:00
130a2986-bd33-465d-a4a2-cd6bf5c3f58a,CUST004,Delivered,CAR002,LOC-WARE-003,LOC-CUST-2,2026-08-10 15:17:00,2026-08-18 15:17:00,2026-08-18 15:17:00,2026-08-22 15:17:00,2026-08-15 15:17:00
7edb784e-ba04-4c8c-ab16-9e05711f4dcd,CUST007,Delivered,CAR002,LOC-WARE-004,LOC-CUST-5,2026-08-27 15:17:00,2026-09-01 15:17:00,2026-09-03 15:17:00,2026-09-04 15:17:00,2026-09-01 15:17:00
68fd44ce-6592-4a9a-b9aa-0288c46a05d5,CUST015,Delivered,CAR002,LOC-WARE-003,LOC-CUST-13,2026-06-08 15:17:00,2026-06-15 15:17:00,2026-06-17 15:17:00,2026-06-17 15:17:00,2026-06-13 15:17:00
caa9eb0b-44c4-4841-a0b1-5c93521a9c74,CUST002,Delivered,CAR002,LOC-WARE-004,LOC-CUST-1,2026-03-18 15:17:00,2026-03-26 15:17:00,2026-03-25 15:17:00,2026-03-25 15:17:00,2026-03-21 15:17:00
72a1addf-3123-419f-a266-94c8b67408ad,CUST002,Delivered,CAR002,LOC-WARE-004,LOC-CUST-1,2026-03-16 15:17:00,2026-03-22 15:17:00,2026-03-21 15:17:00,2026-03-25 15:17:00,2026-03-21 15:17:00
fb333ec2-b07c-4bb8-91a6-fa2636085d7e,CUST007,Delivered,CAR002,LOC-WARE-004,LOC-CUST-5,2026-04-20 15:17:00,2026-04-30 15:17:00,2026-04-26 15:17:00,2026-04-27 15:17:00,2026-04-30 15:17:00
aacb317a-5514-4c4b-9723-e65cba384a70,CUST015,Delivered,CAR003,LOC-WARE-004,LOC-CUST-13,2026-05-25 15:17:00,2026-05-30 15:17:00,2026-06-01 15:17:00,2026-06-02 15:17:00,2026-06-03 15:17:00
40200de1-7ebc-4a20-87d3-23f10fa6727a,CUST015,Delivered,CAR001,LOC-WARE-004,LOC-CUST-13,2026-03-17 15:17:00,2026-03-23 15:17:00,2026-03-22 15:17:00,2026-03-27 15:17:00,2026-03-28 15:17:00
38ff808a-4d76-4181-9ebc-f5ec2ed37c47,CUST015,Delivered,CAR001,LOC-WARE-004,LOC-CUST-13,2026-03-20 15:17:00,2026-03-26 15:17:00,2026-03-27 15:17:00,2026-03-27 15:17:00,2026-03-28 15:17:00
c9bca07a-8b13-4a65-9635-bea197026ae0,CUST008,Delivered,CAR003,LOC-WARE-003,LOC-CUST-6,2026-06-06 15:17:00,2026-06-13 15:17:00,2026-06-11 15:17:00,2026-06-13 15:17:00,2026-06-11 15:17:00
a64fa69d-037f-458e-bf42-8076301f225e,CUST010,Delivered,CAR003,LOC-WARE-004,LOC-CUST-8,2026-05-06 15:17:00,2026-05-16 15:17:00,2026-05-14 15:17:00,2026-05-14 15:17:00,2026-05-15 15:17:00
66630e97-5f63-4482-b25a-3344fa2dda0b,CUST012,Delivered,CAR003,LOC-WARE-003,LOC-CUST-10,2026-03-15 15:17:00,2026-03-20 15:17:00,2026-03-23 15:17:00,2026-03-24 15:17:00,2026-03-22 15:17:00
1202fa8e-db01-4c29-b038-dcd85d8b41fc,CUST012,Delivered,CAR003,LOC-WARE-003,LOC-CUST-10,2026-03-15 15:17:00,2026-03-22 15:17:00,2026-03-24 15:17:00,2026-03-24 15:17:00,2026-03-22 15:17:00
62da50bf-a176-47fe-8805-6c39dc249b6f,CUST008,Delivered,CAR002,LOC-WARE-003,LOC-CUST-6,2026-04-25 15:17:00,2026-05-05 15:17:00,2026-05-03 15:17:00,2026-05-03 15:17:00,2026-05-02 15:17:00
79112530-4086-4dbf-a690-05338c02d502,CUST012,Delivered,CAR001,LOC-WARE-004,LOC-CUST-10,2026-07-10 15:17:00,2026-07-16 15:17:00,2026-07-15 15:17:00,2026-07-19 15:17:00,2026-07-17 15:17:00
36bf8930-0203-4f4a-a7b3-8938466be079,CUST013,Delivered,CAR003,LOC-WARE-003,LOC-CUST-11,2026-04-15 15:17:00,2026-04-20 15:17:00,2026-04-20 15:17:00,2026-04-21 15:17:00,2026-04-19 15:17:00
15e92dc6-f1a4-4b3d-8882-6a381fb5755a,CUST013,Delivered,CAR003,LOC-WARE-003,LOC-CUST-11,2026-04-13 15:17:00,2026-04-21 15:17:00,2026-04-21 15:17:00,2026-04-21 15:17:00,2026-04-19 15:17:00
bdc87a18-18f2-4388-ac51-7372a4f31fe3,CUST012,Delivered,CAR001,LOC-WARE-004,LOC-CUST-10,2026-04-04 15:17:00,2026-04-15 15:17:00,2026-04-10 15:17:00,2026-04-13 15:17:00,2026-04-11 15:17:00
88acf239-fda0-46b5-a375-33288a5631a9,CUST009,Delivered,CAR003,LOC-WARE-004,LOC-CUST-7,2026-03-19 15:17:00,2026-03-28 15:17:00,2026-03-26 15:17:00,2026-03-26 15:17:00,2026-03-23 15:17:00
5404998b-0f83-4956-b460-8887cdd9e8a0,CUST015,Delivered,CAR003,LOC-WARE-003,LOC-CUST-13,2026-07-23 15:17:00,2026-07-26 15:17:00,2026-08-01 15:17:00,2026-08-01 15:17:00,2026-07-28 15:17:00
b49b8c0f-557d-4e48-b40c-baa63f3ed666,CUST015,Delivered,CAR003,LOC-WARE-003,LOC-CUST-13,2026-07-24 15:17:00,2026-07-30 15:17:00,2026-07-30 15:17:00,2026-08-01 15:17:00,2026-07-28 15:17:00
56b26988-b15a-4f6c-bc29-2724e6976e44,CUST005,Delivered,CAR002,LOC-WARE-003,LOC-CUST-3,2026-07-13 15:17:00,2026-07-18 15:17:00,2026-07-21 15:17:00,2026-07-21 15:17:00,2026-07-15 15:17:00
8602b44c-7544-45db-8c7b-a8f3dbc469e3,CUST007,Delivered,CAR003,LOC-WARE-004,LOC-CUST-5,2026-03-12 15:17:00,2026-03-22 15:17:00,2026-03-18 15:17:00,2026-03-21 15:17:00,2026-03-23 15:17:00
ad3fcc00-ac37-4652-9808-e96a2c64500d,CUST005,Delivered,CAR002,LOC-WARE-004,LOC-CUST-3,2026-05-04 15:17:00,2026-05-12 15:17:00,2026-05-10 15:17:00,2026-05-12 15:17:00,2026-05-09 15:17:00
7263bc88-0cfb-40c8-a087-2595c07dd7fc,CUST005,Delivered,CAR002,LOC-WARE-004,LOC-CUST-3,2026-05-04 15:17:00,2026-05-13 15:17:00,2026-05-12 15:17:00,2026-05-12 15:17:00,2026-05-09 15:17:00
e7595025-a18f-4636-908a-a8421029a0a4,CUST013,Delivered,CAR003,LOC-WARE-004,LOC-CUST-11,2026-04-16 15:17:00,2026-04-22 15:17:00,2026-04-23 15:17:00,2026-04-23 15:17:00,2026-04-20 15:17:00
0803fbca-850d-441a-afd9-24eed8c8bfdf,CUST002,Delivered,CAR003,LOC-WARE-003,LOC-CUST-1,2026-03-06 15:17:00,2026-03-17 15:17:00,2026-03-13 15:17:00,2026-03-14 15:17:00,2026-03-14 15:17:00
669201cb-25f4-4792-b2ad-0c3d12126d75,CUST005,Delivered,CAR001,LOC-WARE-004,LOC-CUST-3,2026-07-14 15:17:00,2026-07-19 15:17:00,2026-07-20 15:17:00,2026-07-21 15:17:00,2026-07-21 15:17:00
ff35d340-907f-4068-8d75-53e89eae13d2,CUST005,Delivered,CAR001,LOC-WARE-004,LOC-CUST-3,2026-07-15 15:17:00,2026-07-24 15:17:00,2026-07-21 15:17:00,2026-07-21 15:17:00,2026-07-21 15:17:00
4f5d5003-6db4-4ad2-9e25-154265bb963f,CUST004,Delivered,CAR001,LOC-WARE-003,LOC-CUST-2,2026-03-15 15:17:00,2026-03-21 15:17:00,2026-03-23 15:17:00,2026-03-23 15:17:00,2026-03-22 15:17:00
fab12d60-3e34-4631-9a79-213e1332e815,CUST012,Delivered,CAR001,LOC-WARE-003,LOC-CUST-10,2026-06-20 15:17:00,2026-06-27 15:17:00,2026-06-26 15:17:00,2026-06-28 15:17:00,2026-06-30 15:17:00
aedb712e-96c3-40c8-88f9-66e94f9ac51f,CUST002,Delivered,CAR002,LOC-WARE-003,LOC-CUST-1,2026-03-10 15:17:00,2026-03-18 15:17:00,2026-03-16 15:17:00,2026-03-18 15:17:00,2026-03-13 15:17:00
08ded778-db9d-4952-bc59-cc7548c609a4,CUST002,Delivered,CAR002,LOC-WARE-003,LOC-CUST-1,2026-03-09 15:17:00,2026-03-13 15:17:00,2026-03-18 15:17:00,2026-03-18 15:17:00,2026-03-13 15:17:00
392b2c81-9958-4d3b-aa2b-80636bf14ba2,CUST015,Delivered,CAR002,LOC-WARE-004,LOC-CUST-13,2026-08-07 15:17:00,2026-08-14 15:17:00,2026-08-12 15:17:00,2026-08-13 15:17:00,2026-08-16 15:17:00
0bb74767-41be-4eea-80cd-51d5dbff5887,CUST002,Delivered,CAR003,LOC-WARE-004,LOC-CUST-1,2026-04-21 15:17:00,2026-04-30 15:17:00,2026-04-27 15:17:00,2026-04-29 15:17:00,2026-04-26 15:17:00
8c650ec1-1f60-4ead-9f49-961faccf39e8,CUST009,Delivered,CAR001,LOC-WARE-003,LOC-CUST-7,2026-07-16 15:17:00,2026-07-19 15:17:00,2026-07-24 15:17:00,2026-07-24 15:17:00,2026-07-19 15:17:00
0c0d8753-ac26-4e7f-b866-5e593da05d18,CUST009,Delivered,CAR001,LOC-WARE-003,LOC-CUST-7,2026-07-13 15:17:00,2026-07-23 15:17:00,2026-07-18 15:17:00,2026-07-24 15:17:00,2026-07-19 15:17:00
d0505a04-7e6a-48d1-90e4-ba8fa84b04e4,CUST015,Delivered,CAR001,LOC-WARE-004,LOC-CUST-13,2026-05-30 15:17:00,2026-06-05 15:17:00,2026-06-08 15:17:00,2026-06-08 15:17:00,2026-06-07 15:17:00
a914fa31-0dc3-4e11-8f44-39b638a8e2dd,CUST013,Delivered,CAR002,LOC-WARE-004,LOC-CUST-11,2026-07-09 15:17:00,2026-07-16 15:17:00,2026-07-15 15:17:00,2026-07-15 15:17:00,2026-07-15 15:17:00
88c400fc-d0d4-4fd2-b737-dfd7a9fdc281,CUST004,Delivered,CAR003,LOC-WARE-003,LOC-CUST-2,2026-04-10 15:17:00,2026-04-15 15:17:00,2026-04-16 15:17:00,2026-04-16 15:17:00,2026-04-16 15:17:00
5ec192e8-3c65-4a45-82e5-fe55ae7ae962,CUST004,Delivered,CAR003,LOC-WARE-003,LOC-CUST-2,2026-04-07 15:17:00,2026-04-14 15:17:00,2026-04-14 15:17:00,2026-04-16 15:17:00,2026-04-16 15:17:00
a3c310f8-967c-410d-a310-a1f06677c9fe,CUST008,Delivered,CAR001,LOC-WARE-003,LOC-CUST-6,2026-05-31 15:17:00,2026-06-07 15:17:00,2026-06-09 15:17:00,2026-06-09 15:17:00,2026-06-08 15:17:00
2d41c0a4-fbfd-46b7-abdc-2478b5ff1eba,CUST009,Delivered,CAR003,LOC-WARE-004,LOC-CUST-7,2026-06-28 15:17:00,2026-07-04 15:17:00,2026-07-06 15:17:00,2026-07-06 15:17:00,2026-07-06 15:17:00
0cc20203-50d0-485a-a271-b0d4e2f727c4,CUST013,Delivered,CAR002,LOC-WARE-004,LOC-CUST-11,2026-05-29 15:17:00,2026-06-10 15:17:00,2026-06-04 15:17:00,2026-06-08 15:17:00,2026-06-10 15:17:00
a78227a3-f6da-4f2b-a143-02579b31fd22,CUST013,Delivered,CAR002,LOC-WARE-004,LOC-CUST-11,2026-06-03 15:17:00,2026-06-06 15:17:00,2026-06-08 15:17:00,2026-06-08 15:17:00,2026-06-10 15:17:00
8f51a945-327e-42bf-9a25-b316daed3a96,CUST007,Delivered,CAR001,LOC-WARE-003,LOC-CUST-5,2026-08-10 15:17:00,2026-08-17 15:17:00,2026-08-16 15:17:00,2026-08-19 15:17:00,2026-08-18 15:17:00
122eb0d4-7b6b-43ec-8d38-5967a817e3b9,CUST013,Delivered,CAR002,LOC-WARE-004,LOC-CUST-11,2026-03-13 15:17:00,2026-03-17 15:17:00,2026-03-22 15:17:00,2026-03-22 15:17:00,2026-03-20 15:17:00
5729a968-2ade-4707-b20b-379f0b77486d,CUST004,Delivered,CAR002,LOC-WARE-004,LOC-CUST-2,2026-06-10 15:17:00,2026-06-15 15:17:00,2026-06-18 15:17:00,2026-06-18 15:17:00,2026-06-14 15:17:00
6313b3a9-8c66-452c-87d5-5d7a0cc6e554,CUST004,Delivered,CAR002,LOC-WARE-004,LOC-CUST-2,2026-06-05 15:17:00,2026-06-16 15:17:00,2026-06-10 15:17:00,2026-06-18 15:17:00,2026-06-14 15:17:00
13d88eba-3404-468f-9793-53ad7e4a5772,CUST009,Delivered,CAR001,LOC-WARE-004,LOC-CUST-7,2026-08-02 15:17:00,2026-08-09 15:17:00,2026-08-07 15:17:00,2026-08-07 15:17:00,2026-08-06 15:17:00
db4f525c-af70-4237-bbfd-df2bcb328304,CUST007,Delivered,CAR003,LOC-WARE-004,LOC-CUST-5,2026-08-16 15:17:00,2026-08-22 15:17:00,2026-08-23 15:17:00,2026-08-24 15:17:00,2026-08-21 15:17:00
3093d45f-5035-403d-b4ec-0020f9ec1252,CUST015,Delivered,CAR002,LOC-WARE-003,LOC-CUST-13,2026-03-14 15:17:00,2026-03-23 15:17:00,2026-03-21 15:17:00,2026-03-24 15:17:00,2026-03-22 15:17:00
58d3b731-c600-4a09-b17c-11347f4a584a,CUST015,Delivered,CAR002,LOC-WARE-003,LOC-CUST-13,2026-03-16 15:17:00,2026-03-20 15:17:00,2026-03-24 15:17:00,2026-03-24 15:17:00,2026-03-22 15:17:00
3eb80173-d32b-421f-8979-3ee64bffb96e,CUST015,Delivered,CAR001,LOC-WARE-003,LOC-CUST-13,2026-08-14 15:17:00,2026-08-19 15:17:00,2026-08-20 15:17:00,2026-08-21 15:17:00,2026-08-23 15:17:00
8e9f1b26-f37e-400d-98fa-4560ea2002a0,CUST008,Delivered,CAR001,LOC-WARE-004,LOC-CUST-6,2026-03-09 15:17:00,2026-03-18 15:17:00,2026-03-14 15:17:00,2026-03-16 15:17:00,2026-03-17 15:17:00
65e95352-49b8-489b-b653-96e6102cbf06,CUST015,Delivered,CAR002,LOC-WARE-003,LOC-CUST-13,2026-07-16 15:17:00,2026-07-22 15:17:00,2026-07-24 15:17:00,2026-07-24 15:17:00,2026-07-25 15:17:00
b3f2e974-44bb-4b4c-a1f2-dc1db770ef5b,CUST015,Delivered,CAR002,LOC-WARE-003,LOC-CUST-13,2026-07-14 15:17:00,2026-07-19 15:17:00,2026-07-20 15:17:00,2026-07-24 15:17:00,2026-07-25 15:17:00
e0141c51-4366-4fa6-9a87-5e8fe5f3942a,CUST004,Delivered,CAR002,LOC-WARE-003,LOC-CUST-2,2026-06-07 15:17:00,2026-06-17 15:17:00,2026-06-12 15:17:00,2026-06-16 15:17:00,2026-06-13 15:17:00
ba204af1-275b-4305-ae55-6689c6708bbb,CUST010,Delivered,CAR002,LOC-WARE-004,LOC-CUST-8,2026-07-05 15:17:00,2026-07-11 15:17:00,2026-07-11 15:17:00,2026-07-11 15:17:00,2026-07-10 15:17:00
d208d70e-5ada-48cc-b016-e1322e263afe,CUST006,Delivered,CAR003,LOC-WARE-003,LOC-CUST-4,2026-04-20 15:17:00,2026-04-22 15:17:00,2026-04-25 15:17:00,2026-04-27 15:17:00,2026-04-23 15:17:00
853d9d9e-dd82-4b14-a057-dc5d6aa41573,CUST006,Delivered,CAR003,LOC-WARE-003,LOC-CUST-4,2026-04-19 15:17:00,2026-04-23 15:17:00,2026-04-27 15:17:00,2026-04-27 15:17:00,2026-04-23 15:17:00
6d65121d-fd04-407e-b27a-6c7af413f158,CUST012,Delivered,CAR003,LOC-WARE-004,LOC-CUST-10,2026-06-24 15:17:00,2026-07-02 15:17:00,2026-07-01 15:17:00,2026-07-02 15:17:00,2026-06-29 15:17:00
afa55ffe-3309-47b9-be0b-6578c28cfb44,CUST012,Delivered,CAR003,LOC-WARE-004,LOC-CUST-10,2026-06-16 15:17:00,2026-06-19 15:17:00,2026-06-25 15:17:00,2026-06-25 15:17:00,2026-06-18 15:17:00
69e80f33-58b1-43ff-bd20-85442e97327f,CUST002,Delivered,CAR003,LOC-WARE-004,LOC-CUST-1,2026-07-03 15:17:00,2026-07-08 15:17:00,2026-07-12 15:17:00,2026-07-12 15:17:00,2026-07-09 15:17:00
13cb7e3e-401c-4a15-b9eb-0052b14b7401,CUST002,Delivered,CAR003,LOC-WARE-004,LOC-CUST-1,2026-07-06 15:17:00,2026-07-10 15:17:00,2026-07-12 15:17:00,2026-07-12 15:17:00,2026-07-09 15:17:00
fe11dc39-05cf-41c9-810e-6a2ef043e5fb,CUST012,Delivered,CAR002,LOC-WARE-004,LOC-CUST-10,2026-05-01 15:17:00,2026-05-04 15:17:00,2026-05-06 15:17:00,2026-05-07 15:17:00,2026-05-05 15:17:00
7ad67c8b-7a7c-4b95-8872-c2fa0a217443,CUST012,Delivered,CAR003,LOC-WARE-003,LOC-CUST-10,2026-07-11 15:17:00,2026-07-14 15:17:00,2026-07-17 15:17:00,2026-07-17 15:17:00,2026-07-16 15:17:00
a469b13a-8e6a-4620-9d2e-f295e588cce4,CUST011,Delivered,CAR002,LOC-WARE-003,LOC-CUST-9,2026-08-12 15:17:00,2026-08-18 15:17:00,2026-08-20 15:17:00,2026-08-21 15:17:00,2026-08-19 15:17:00
1159d342-be5a-4a7e-8e2d-73a87d4b41a2,CUST011,Delivered,CAR002,LOC-WARE-003,LOC-CUST-9,2026-08-15 15:17:00,2026-08-19 15:17:00,2026-08-21 15:17:00,2026-08-21 15:17:00,2026-08-19 15:17:00
88222d3f-6272-43e3-8a2e-e687d7b6c4c6,CUST008,Delivered,CAR001,LOC-WARE-003,LOC-CUST-6,2026-03-17 15:17:00,2026-03-20 15:17:00,2026-03-22 15:17:00,2026-03-22 15:17:00,2026-03-19 15:17:00
281a3587-a70a-4726-8ffc-51261efd16b2,CUST006,Delivered,CAR002,LOC-WARE-003,LOC-CUST-4,2026-05-03 15:17:00,2026-05-07 15:17:00,2026-05-08 15:17:00,2026-05-10 15:17:00,2026-05-07 15:17:00
7e736ec7-6ccf-4df3-8549-2da0913f62a0,CUST014,Delivered,CAR003,LOC-WARE-004,LOC-CUST-12,2026-07-28 15:17:00,2026-07-30 15:17:00,2026-08-02 15:17:00,2026-08-02 15:17:00,2026-08-01 15:17:00
152aba63-8e86-4ff0-b3d3-0dcec6e0524d,CUST014,Delivered,CAR003,LOC-WARE-004,LOC-CUST-12,2026-07-26 15:17:00,2026-08-01 15:17:00,2026-07-31 15:17:00,2026-08-02 15:17:00,2026-08-01 15:17:00
7b4bbb6e-258e-43c4-8525-afe66ecb52fd,CUST011,Delivered,CAR002,LOC-WARE-004,LOC-CUST-9,2026-04-20 15:17:00,2026-04-24 15:17:00,2026-04-26 15:17:00,2026-04-26 15:17:00,2026-04-27 15:17:00
0d20eb19-c7bf-44b5-8af4-b225573d593c,CUST002,Delivered,CAR001,LOC-WARE-004,LOC-CUST-1,2026-05-20 15:17:00,2026-05-23 15:17:00,2026-05-25 15:17:00,2026-05-26 15:17:00,2026-05-26 15:17:00
f851b7df-6ad3-40d5-bbb1-993844bb9e69,CUST014,Delivered,CAR002,LOC-WARE-003,LOC-CUST-12,2026-06-15 15:17:00,2026-06-26 15:17:00,2026-06-24 15:17:00,2026-06-24 15:17:00,2026-06-23 15:17:00
68acec6d-681c-4a39-ba4f-c72774506d9c,CUST014,Delivered,CAR002,LOC-WARE-003,LOC-CUST-12,2026-06-16 15:17:00,2026-06-21 15:17:00,2026-06-22 15:17:00,2026-06-24 15:17:00,2026-06-23 15:17:00
016d399c-6b61-4ef2-8332-0e0a1824ccde,CUST008,Delivered,CAR002,LOC-WARE-003,LOC-CUST-6,2026-05-03 15:17:00,2026-05-05 15:17:00,2026-05-12 15:17:00,2026-05-12 15:17:00,2026-05-05 15:17:00
b34504d2-3d07-42bb-9312-7f391f7440d8,CUST008,Delivered,CAR001,LOC-WARE-004,LOC-CUST-6,2026-08-20 15:17:00,2026-09-01 15:17:00,2026-08-29 15:17:00,2026-08-29 15:17:00,2026-08-29 15:17:00
da3ccf5e-1a8e-432e-b631-3c0d213ea148,CUST011,Delivered,CAR002,LOC-WARE-004,LOC-CUST-9,2026-07-08 15:17:00,2026-07-15 15:17:00,2026-07-16 15:17:00,2026-07-16 15:17:00,2026-07-16 15:17:00
1415a640-41fc-4ede-ac5e-a7e51c573806,CUST011,Delivered,CAR002,LOC-WARE-004,LOC-CUST-9,2026-07-08 15:17:00,2026-07-16 15:17:00,2026-07-13 15:17:00,2026-07-16 15:17:00,2026-07-16 15:17:00
21fe4163-cfb8-44af-b984-6e1c035d2865,CUST015,Delivered,CAR001,LOC-WARE-004,LOC-CUST-13,2026-05-02 15:17:00,2026-05-05 15:17:00,2026-05-08 15:17:00,2026-05-08 15:17:00,2026-05-10 15:17:00
7a1c2a64-6f97-4060-a487-d0e53920ce28,CUST005,Delivered,CAR001,LOC-WARE-003,LOC-CUST-3,2026-08-22 15:17:00,2026-08-27 15:17:00,2026-08-29 15:17:00,2026-08-30 15:17:00,2026-08-29 15:17:00
7931b427-2ae5-411e-a306-cb6fb608cc5c,CUST014,Delivered,CAR001,LOC-WARE-003,LOC-CUST-12,2026-06-02 15:17:00,2026-06-09 15:17:00,2026-06-11 15:17:00,2026-06-11 15:17:00,2026-06-09 15:17:00
67f961b6-5ab8-4bd9-9b39-5cd77376a52e,CUST014,Delivered,CAR001,LOC-WARE-003,LOC-CUST-12,2026-06-04 15:17:00,2026-06-11 15:17:00,2026-06-09 15:17:00,2026-06-11 15:17:00,2026-06-09 15:17:00
1d714aa5-7424-4c51-846b-b8df80a7ac6c,CUST009,Delivered,CAR002,LOC-WARE-004,LOC-CUST-7,2026-05-26 15:17:00,2026-06-06 15:17:00,2026-05-31 15:17:00,2026-06-04 15:17:00,2026-06-05 15:17:00
efaed3aa-bee8-49a4-9c68-b23829ea6361,CUST012,Delivered,CAR003,LOC-WARE-004,LOC-CUST-10,2026-08-29 15:17:00,2026-09-02 15:17:00,2026-09-06 15:17:00,2026-09-06 15:17:00,2026-09-01 15:17:00
8364baa6-50a6-4dc2-836c-91a90d71afdf,CUST007,Delivered,CAR002,LOC-WARE-003,LOC-CUST-5,2026-06-10 15:17:00,2026-06-16 15:17:00,2026-06-18 15:17:00,2026-06-18 15:17:00,2026-06-19 15:17:00
48714d24-4ffd-49c2-9aab-cc6cc5cf83ea,CUST007,Delivered,CAR002,LOC-WARE-003,LOC-CUST-5,2026-06-11 15:17:00,2026-06-14 15:17:00,2026-06-16 15:17:00,2026-06-18 15:17:00,2026-06-19 15:17:00
fd8b622d-5244-4bdd-ae48-8fb8c12395d1,CUST008,Delivered,CAR003,LOC-WARE-004,LOC-CUST-6,2026-06-23 15:17:00,2026-06-30 15:17:00,2026-07-01 15:17:00,2026-07-01 15:17:00,2026-06-30 15:17:00
e4e8dd02-fd0e-4261-96fe-4dd8ed5fb30b,CUST002,Delivered,CAR002,LOC-WARE-003,LOC-CUST-1,2026-07-20 15:17:00,2026-07-22 15:17:00,2026-07-28 15:17:00,2026-07-28 15:17:00,2026-07-27 15:17:00
d7db2181-ded2-417a-8981-aabb1db759c5,CUST005,Delivered,CAR003,LOC-WARE-003,LOC-CUST-3,2026-07-31 15:17:00,2026-08-07 15:17:00,2026-08-06 15:17:00,2026-08-07 15:17:00,2026-08-07 15:17:00
d8702dab-6dab-47e6-b9e7-9374937b2521,CUST005,Delivered,CAR003,LOC-WARE-003,LOC-CUST-3,2026-07-31 15:17:00,2026-08-08 15:17:00,2026-08-07 15:17:00,2026-08-07 15:17:00,2026-08-07 15:17:00
52a874c6-fc23-49d6-830b-910d4b958064,CUST014,Delivered,CAR003,LOC-WARE-003,LOC-CUST-12,2026-04-23 15:17:00,2026-04-30 15:17:00,2026-05-02 15:17:00,2026-05-02 15:17:00,2026-05-04 15:17:00
6abe68d8-b235-43de-b5ed-56d056bf5526,CUST012,Delivered,CAR003,LOC-WARE-003,LOC-CUST-10,2026-06-24 15:17:00,2026-06-29 15:17:00,2026-06-29 15:17:00,2026-07-01 15:17:00,2026-07-04 15:17:00
51d8b4e2-fc12-4927-b26c-3a42dddb3cbe,CUST004,Delivered,CAR001,LOC-WARE-003,LOC-CUST-2,2026-08-08 15:17:00,2026-08-11 15:17:00,2026-08-15 15:17:00,2026-08-15 15:17:00,2026-08-13 15:17:00
4786f24f-4e4c-4a03-b340-3d9481999f54,CUST004,Delivered,CAR001,LOC-WARE-003,LOC-CUST-2,2026-08-07 15:17:00,2026-08-10 15:17:00,2026-08-12 15:17:00,2026-08-15 15:17:00,2026-08-13 15:17:00
400ce61e-9cb8-455c-aba9-d3b47097c633,CUST002,Delivered,CAR003,LOC-WARE-003,LOC-CUST-1,2026-04-23 15:17:00,2026-04-30 15:17:00,2026-04-28 15:17:00,2026-04-28 15:17:00,2026-04-28 15:17:00
68ca5b42-d9bb-4ac8-8451-829b04787917,CUST008,Delivered,CAR001,LOC-WARE-003,LOC-CUST-6,2026-06-14 15:17:00,2026-06-20 15:17:00,2026-06-19 15:17:00,2026-06-22 15:17:00,2026-06-22 15:17:00
7d7f4d0f-3cd9-4b06-95c8-2d3d8fdf0a7c,CUST011,Delivered,CAR002,LOC-WARE-004,LOC-CUST-9,2026-04-16 15:17:00,2026-04-21 15:17:00,2026-04-21 15:17:00,2026-04-21 15:17:00,2026-04-22 15:17:00
9eed69e5-8ed7-4095-bfe7-9414562d4c97,CUST011,Delivered,CAR002,LOC-WARE-004,LOC-CUST-9,2026-04-16 15:17:00,2026-04-21 15:17:00,2026-04-21 15:17:00,2026-04-21 15:17:00,2026-04-22 15:17:00
8cc97207-518b-440e-9c71-a145ac8b16fe,CUST002,Delivered,CAR003,LOC-WARE-003,LOC-CUST-1,2026-05-18 15:17:00,2026-05-23 15:17:00,2026-05-25 15:17:00,2026-05-25 15:17:00,2026-05-26 15:17:00
13299ab0-1566-42fe-9cd3-162e6bc60963,CUST015,Delivered,CAR002,LOC-WARE-003,LOC-CUST-13,2026-06-09 15:17:00,2026-06-15 15:17:00,2026-06-17 15:17:00,2026-06-17 15:17:00,2026-06-13 15:17:00
15f4a6c2-cea4-412f-b69c-145406a699ea,CUST009,Delivered,CAR001,LOC-WARE-004,LOC-CUST-7,2026-04-25 15:17:00,2026-05-03 15:17:00,2026-05-03 15:17:00,2026-05-03 15:17:00,2026-04-29 15:17:00
56eb7a39-e424-45a5-9d21-1bb9a88d524b,CUST009,Delivered,CAR001,LOC-WARE-004,LOC-CUST-7,2026-04-24 15:17:00,2026-05-01 15:17:00,2026-05-01 15:17:00,2026-05-03 15:17:00,2026-04-29 15:17:00
08a1084a-2b74-4936-8e26-f25f6e658d11,CUST014,Delivered,CAR002,LOC-WARE-003,LOC-CUST-12,2026-03-06 15:17:00,2026-03-12 15:17:00,2026-03-13 15:17:00,2026-03-13 15:17:00,2026-03-09 15:17:00
2f9c68bd-cb8c-4bc4-a3c4-f454abd305fa,CUST015,Delivered,CAR001,LOC-WARE-003,LOC-CUST-13,2026-07-30 15:17:00,2026-08-03 15:17:00,2026-08-07 15:17:00,2026-08-07 15:17:00,2026-08-05 15:17:00
de1685ea-a01f-413d-89d0-2712f3cbedb3,CUST002,Delivered,CAR002,LOC-WARE-003,LOC-CUST-1,2026-05-29 15:17:00,2026-06-03 15:17:00,2026-06-03 15:17:00,2026-06-03 15:17:00,2026-06-02 15:17:00
f4f161c8-8327-4dee-8788-c25bd93dfdcd,CUST002,Delivered,CAR002,LOC-WARE-003,LOC-CUST-1,2026-05-27 15:17:00,2026-06-05 15:17:00,2026-06-02 15:17:00,2026-06-03 15:17:00,2026-06-02 15:17:00
8ee40590-9b04-4b9d-9a25-5ea025dca457,CUST013,Delivered,CAR001,LOC-WARE-004,LOC-CUST-11,2026-05-22 15:17:00,2026-05-27 15:17:00,2026-05-31 15:17:00,2026-05-31 15:17:00,2026-05-27 15:17:00
d87b37a2-933e-4e6a-8682-1238feff792a,CUST013,Delivered,CAR001,LOC-WARE-003,LOC-CUST-11,2026-04-10 15:17:00,2026-04-12 15:17:00,2026-04-18 15:17:00,2026-04-18 15:17:00,2026-04-15 15:17:00
11835a0b-9542-4b75-885c-7b1721f43b21,CUST015,Delivered,CAR002,LOC-WARE-004,LOC-CUST-13,2026-07-27 15:17:00,2026-07-31 15:17:00,2026-08-04 15:17:00,2026-08-04 15:17:00,2026-08-05 15:17:00
dc196080-c2a7-4c76-8d51-8fea5ecbd5dc,CUST015,Delivered,CAR002,LOC-WARE-004,LOC-CUST-13,2026-07-28 15:17:00,2026-08-04 15:17:00,2026-08-04 15:17:00,2026-08-04 15:17:00,2026-08-05 15:17:00
c72b9ad8-6e03-4eaf-aa0d-54dd3d3dd188,CUST007,Delivered,CAR003,LOC-WARE-004,LOC-CUST-5,2026-05-06 15:17:00,2026-05-11 15:17:00,2026-05-13 15:17:00,2026-05-13 15:17:00,2026-05-13 15:17:00
fe648a21-359d-47cb-9f00-b6360e6e5e2e,CUST006,Delivered,CAR003,LOC-WARE-003,LOC-CUST-4,2026-03-24 15:17:00,2026-03-29 15:17:00,2026-03-29 15:17:00,2026-03-29 15:17:00,2026-03-26 15:17:00
1243706f-f885-4114-baf5-11e1c0474033,CUST012,Delivered,CAR002,LOC-WARE-003,LOC-CUST-10,2026-06-19 15:17:00,2026-06-25 15:17:00,2026-06-24 15:17:00,2026-06-26 15:17:00,2026-06-21 15:17:00
940f24c0-695a-4b64-9bb9-10a64a46e44c,CUST012,Delivered,CAR002,LOC-WARE-003,LOC-CUST-10,2026-06-20 15:17:00,2026-06-27 15:17:00,2026-06-26 15:17:00,2026-06-26 15:17:00,2026-06-21 15:17:00
1f0d2397-6f28-41b6-bdf9-cd4709edfaeb,CUST009,Delivered,CAR003,LOC-WARE-004,LOC-CUST-7,2026-06-24 15:17:00,2026-06-29 15:17:00,2026-06-30 15:17:00,2026-06-30 15:17:00,2026-06-29 15:17:00
abd6499a-bcaa-418c-9236-72d5d7bca328,CUST013,Delivered,CAR003,LOC-WARE-004,LOC-CUST-11,2026-06-19 15:17:00,2026-06-25 15:17:00,2026-06-26 15:17:00,2026-06-26 15:17:00,2026-06-22 15:17:00
89bfc585-9222-494b-b2ca-69fc8353546d,CUST014,Delivered,CAR003,LOC-WARE-004,LOC-CUST-12,2026-07-28 15:17:00,2026-08-04 15:17:00,2026-08-02 15:17:00,2026-08-04 15:17:00,2026-08-03 15:17:00
1234bffc-e3dc-43dc-98b8-7c4deed4e68f,CUST014,Delivered,CAR003,LOC-WARE-004,LOC-CUST-12,2026-07-26 15:17:00,2026-07-31 15:17:00,2026-08-04 15:17:00,2026-08-04 15:17:00,2026-08-03 15:17:00
c02210d9-d088-44ba-b311-376d7576612a,CUST002,Delivered,CAR002,LOC-WARE-004,LOC-CUST-1,2026-05-12 15:17:00,2026-05-14 15:17:00,2026-05-17 15:17:00,2026-05-17 15:17:00,2026-05-17 15:17:00
06fe6062-5026-4adf-ab7c-7b94735ac803,CUST011,Delivered,CAR002,LOC-WARE-004,LOC-CUST-9,2026-07-29 15:17:00,2026-08-05 15:17:00,2026-08-03 15:17:00,2026-08-06 15:17:00,2026-08-05 15:17:00
1648949d-e77e-4631-a141-c8eae460f4eb,CUST005,Delivered,CAR003,LOC-WARE-004,LOC-CUST-3,2026-05-22 15:17:00,2026-05-26 15:17:00,2026-05-27 15:17:00,2026-06-01 15:17:00,2026-05-27 15:17:00
89ebe09b-09c1-4050-9faf-ebc237ebcf9b,CUST005,Delivered,CAR003,LOC-WARE-004,LOC-CUST-3,2026-05-25 15:17:00,2026-05-26 15:17:00,2026-06-01 15:17:00,2026-06-01 15:17:00,2026-05-27 15:17:00
61fbd311-b80c-436b-b2c9-a8c2ac5b6549,CUST008,Delivered,CAR002,LOC-WARE-003,LOC-CUST-6,2026-03-14 15:17:00,2026-03-22 15:17:00,2026-03-22 15:17:00,2026-03-22 15:17:00,2026-03-24 15:17:00
62023004-bfb2-425f-b23a-d30da8835f7a,CUST013,Delivered,CAR001,LOC-WARE-004,LOC-CUST-11,2026-07-01 15:17:00,2026-07-07 15:17:00,2026-07-08 15:17:00,2026-07-08 15:17:00,2026-07-05 15:17:00
77b1df46-b85c-4fb7-9d7c-8d1e528c2d4b,CUST012,Delivered,CAR003,LOC-WARE-004,LOC-CUST-10,2026-03-24 15:17:00,2026-03-29 15:17:00,2026-04-02 15:17:00,2026-04-02 15:17:00,2026-04-02 15:17:00
9be78820-4fad-49e0-9e5d-ded62875b8b2,CUST012,Delivered,CAR003,LOC-WARE-004,LOC-CUST-10,2026-03-23 15:17:00,2026-03-28 15:17:00,2026-04-01 15:17:00,2026-04-02 15:17:00,2026-04-02 15:17:00
76c49bb0-671d-4378-9974-71a5327b80d4,CUST006,Delivered,CAR002,LOC-WARE-003,LOC-CUST-4,2026-08-09 15:17:00,2026-08-20 15:17:00,2026-08-14 15:17:00,2026-08-17 15:17:00,2026-08-19 15:17:00
173cb2b3-da51-4597-888b-05f21c50ac95,CUST007,Delivered,CAR001,LOC-WARE-003,LOC-CUST-5,2026-05-05 15:17:00,2026-05-07 15:17:00,2026-05-14 15:17:00,2026-05-14 15:17:00,2026-05-09 15:17:00
ae408ef2-e3f7-4f74-bfa3-9d8a4501b2f2,CUST007,Delivered,CAR002,LOC-WARE-003,LOC-CUST-5,2026-04-01 15:17:00,2026-04-06 15:17:00,2026-04-09 15:17:00,2026-04-09 15:17:00,2026-04-05 15:17:00
c7cf357e-7f78-4064-a35f-a78427797fe8,CUST007,Delivered,CAR002,LOC-WARE-003,LOC-CUST-5,2026-04-01 15:17:00,2026-04-05 15:17:00,2026-04-09 15:17:00,2026-04-09 15:17:00,2026-04-05 15:17:00
f17fb9af-da70-4068-a9a9-003462c64705,CUST013,Delivered,CAR003,LOC-WARE-004,LOC-CUST-11,2026-04-29 15:17:00,2026-05-03 15:17:00,2026-05-08 15:17:00,2026-05-08 15:17:00,2026-05-09 15:17:00
eb400e70-b823-461a-b29e-4657a2ff0c2a,CUST005,Delivered,CAR002,LOC-WARE-004,LOC-CUST-3,2026-03-11 15:17:00,2026-03-22 15:17:00,2026-03-17 15:17:00,2026-03-19 15:17:00,2026-03-19 15:17:00
cf22a021-4af6-4db2-bf06-e6e9351cfef2,CUST007,Delivered,CAR001,LOC-WARE-003,LOC-CUST-5,2026-05-05 15:17:00,2026-05-15 15:17:00,2026-05-10 15:17:00,2026-05-12 15:17:00,2026-05-13 15:17:00
08a83c78-e546-49be-87fa-215c24f58eac,CUST007,Delivered,CAR001,LOC-WARE-003,LOC-CUST-5,2026-05-04 15:17:00,2026-05-12 15:17:00,2026-05-11 15:17:00,2026-05-12 15:17:00,2026-05-13 15:17:00
8a9b3787-b720-44e0-914d-e611608e8011,CUST012,Delivered,CAR002,LOC-WARE-004,LOC-CUST-10,2026-08-31 15:17:00,2026-09-07 15:17:00,2026-09-05 15:17:00,2026-09-08 15:17:00,2026-09-08 15:17:00
d47e5320-a071-4f79-9704-240c0229d733,CUST013,Delivered,CAR001,LOC-WARE-003,LOC-CUST-11,2026-08-18 15:17:00,2026-08-22 15:17:00,2026-08-24 15:17:00,2026-08-24 15:17:00,2026-08-20 15:17:00
c8914228-6960-4220-9fa7-f137946a39e0,CUST013,Delivered,CAR001,LOC-WARE-004,LOC-CUST-11,2026-06-27 15:17:00,2026-07-02 15:17:00,2026-07-02 15:17:00,2026-07-06 15:17:00,2026-06-30 15:17:00
7b7941ef-8d47-4b4d-8cef-3680fa4ae89b,CUST013,Delivered,CAR001,LOC-WARE-004,LOC-CUST-11,2026-06-27 15:17:00,2026-07-01 15:17:00,2026-07-06 15:17:00,2026-07-06 15:17:00,2026-06-30 15:17:00
b9379b9b-069a-49e4-845f-1b0825f3a194,CUST002,Delivered,CAR003,LOC-WARE-003,LOC-CUST-1,2026-05-15 15:17:00,2026-05-18 15:17:00,2026-05-24 15:17:00,2026-05-24 15:17:00,2026-05-22 15:17:00
6c8cf68a-ca95-47cd-9d77-a6b65493d1f1,CUST011,Delivered,CAR001,LOC-WARE-004,LOC-CUST-9,2026-05-24 15:17:00,2026-06-05 15:17:00,2026-06-01 15:17:00,2026-06-02 15:17:00,2026-05-31 15:17:00
2bd2cd00-4d1f-4e85-93f3-942bb57336f2,CUST005,Delivered,CAR001,LOC-WARE-003,LOC-CUST-3,2026-03-31 15:17:00,2026-04-07 15:17:00,2026-04-06 15:17:00,2026-04-07 15:17:00,2026-04-08 15:17:00
5380e917-7843-4c95-9181-f304fffe227f,CUST005,Delivered,CAR001,LOC-WARE-003,LOC-CUST-3,2026-04-01 15:17:00,2026-04-05 15:17:00,2026-04-06 15:17:00,2026-04-07 15:17:00,2026-04-08 15:17:00
33e62bc6-2e6c-4152-9d91-3fba6f236d4c,CUST010,Delivered,CAR003,LOC-WARE-003,LOC-CUST-8,2026-08-12 15:17:00,2026-08-16 15:17:00,2026-08-18 15:17:00,2026-08-18 15:17:00,2026-08-16 15:17:00
a24fc6ad-12c5-40f1-8bad-dcbb8a7eaada,CUST006,Delivered,CAR002,LOC-WARE-003,LOC-CUST-4,2026-07-12 15:17:00,2026-07-17 15:17:00,2026-07-21 15:17:00,2026-07-21 15:17:00,2026-07-21 15:17:00
e77b9520-7a5c-43b5-89a8-d826b4d42ae4,CUST009,Delivered,CAR002,LOC-WARE-004,LOC-CUST-7,2026-08-25 15:17:00,2026-09-01 15:17:00,2026-09-01 15:17:00,2026-09-01 15:17:00,2026-09-03 15:17:00
5b9f0e83-1352-49ec-8d3a-0ac3d617c612,CUST009,Delivered,CAR002,LOC-WARE-004,LOC-CUST-7,2026-08-23 15:17:00,2026-09-02 15:17:00,2026-09-01 15:17:00,2026-09-01 15:17:00,2026-09-03 15:17:00
6ebbdec7-35c5-479a-8478-4b05c91a079d,CUST013,Delivered,CAR003,LOC-WARE-004,LOC-CUST-11,2026-09-02 15:17:00,2026-09-06 15:17:00,2026-09-07 15:17:00,2026-09-08 15:17:00,2026-09-09 15:17:00
5b61ac6f-5500-4858-990d-881f2f783739,CUST010,Delivered,CAR001,LOC-WARE-004,LOC-CUST-8,2026-08-20 15:17:00,2026-08-21 15:17:00,2026-08-25 15:17:00,2026-08-25 15:17:00,2026-08-22 15:17:00
64cf10a6-e78c-48eb-a734-6116e6b1e7f1,CUST004,Delivered,CAR001,LOC-WARE-004,LOC-CUST-2,2026-03-23 15:17:00,2026-03-30 15:17:00,2026-04-01 15:17:00,2026-04-01 15:17:00,2026-03-30 15:17:00
bd16cb4f-f5a2-48e8-957c-bf1320b03176,CUST004,Delivered,CAR001,LOC-WARE-004,LOC-CUST-2,2026-03-22 15:17:00,2026-03-29 15:17:00,2026-03-28 15:17:00,2026-04-01 15:17:00,2026-03-30 15:17:00
aba4d841-df30-4806-bf3f-822a133e0c26,CUST008,Delivered,CAR001,LOC-WARE-004,LOC-CUST-6,2026-03-21 15:17:00,2026-03-30 15:17:00,2026-03-28 15:17:00,2026-03-28 15:17:00,2026-03-26 15:17:00
4a0e1104-d76d-484f-9631-8f5a7ddd0063,CUST014,Delivered,CAR002,LOC-WARE-004,LOC-CUST-12,2026-08-03 15:17:00,2026-08-09 15:17:00,2026-08-11 15:17:00,2026-08-11 15:17:00,2026-08-13 15:17:00
869fd087-a202-4b7b-b43d-29baa0b0eb81,CUST012,Delivered,CAR001,LOC-WARE-004,LOC-CUST-10,2026-04-27 15:17:00,2026-05-03 15:17:00,2026-05-04 15:17:00,2026-05-04 15:17:00,2026-04-29 15:17:00
cbed5697-5c5c-4934-b69e-c935ac347b8f,CUST012,Delivered,CAR001,LOC-WARE-004,LOC-CUST-10,2026-04-24 15:17:00,2026-04-30 15:17:00,2026-05-02 15:17:00,2026-05-04 15:17:00,2026-04-29 15:17:00
d4a20982-6447-4769-a042-5398dc56c361,CUST015,Delivered,CAR001,LOC-WARE-003,LOC-CUST-13,2026-05-23 15:17:00,2026-05-27 15:17:00,2026-05-28 15:17:00,2026-05-28 15:17:00,2026-05-27 15:17:00
ecf1f2cc-b732-4334-accc-6b4067f2c72a,CUST012,Delivered,CAR003,LOC-WARE-004,LOC-CUST-10,2026-04-20 15:17:00,2026-04-27 15:17:00,2026-04-27 15:17:00,2026-04-27 15:17:00,2026-04-26 15:17:00
8bfbd923-5370-4058-821b-f7da1f452a36,CUST015,Delivered,CAR002,LOC-WARE-004,LOC-CUST-13,2026-08-23 15:17:00,2026-08-31 15:17:00,2026-08-29 15:17:00,2026-08-30 15:17:00,2026-08-25 15:17:00
ff2c268c-a4cd-411f-9556-10a1a1c9781f,CUST015,Delivered,CAR002,LOC-WARE-004,LOC-CUST-13,2026-08-22 15:17:00,2026-08-28 15:17:00,2026-08-30 15:17:00,2026-08-30 15:17:00,2026-08-25 15:17:00
59591eb5-2514-4e0c-8939-be18b9428fee,CUST009,Delivered,CAR001,LOC-WARE-004,LOC-CUST-7,2026-06-09 15:17:00,2026-06-11 15:17:00,2026-06-15 15:17:00,2026-06-15 15:17:00,2026-06-10 15:17:00
84c155cc-1d58-4212-b94b-fcef07f59219,CUST002,Delivered,CAR002,LOC-WARE-004,LOC-CUST-1,2026-08-07 15:17:00,2026-08-12 15:17:00,2026-08-13 15:17:00,2026-08-14 15:17:00,2026-08-15 15:17:00
33dbcd47-6203-4040-9064-1b9047913f61,CUST008,Delivered,CAR003,LOC-WARE-004,LOC-CUST-6,2026-03-24 15:17:00,2026-04-01 15:17:00,2026-03-30 15:17:00,2026-04-01 15:17:00,2026-03-28 15:17:00
676fb664-a86a-45c0-85b3-31ed39bdcff4,CUST008,Delivered,CAR003,LOC-WARE-004,LOC-CUST-6,2026-03-26 15:17:00,2026-04-02 15:17:00,2026-04-01 15:17:00,2026-04-01 15:17:00,2026-03-28 15:17:00
0dd8c131-60b7-49e0-b70c-9deefa164fb1,CUST014,Delivered,CAR002,LOC-WARE-003,LOC-CUST-12,2026-08-18 15:17:00,2026-08-20 15:17:00,2026-08-23 15:17:00,2026-08-23 15:17:00,2026-08-19 15:17:00
02045238-9876-4bf7-9b15-1ec626dbfc60,CUST011,Delivered,CAR003,LOC-WARE-004,LOC-CUST-9,2026-08-12 15:17:00,2026-08-18 15:17:00,2026-08-18 15:17:00,2026-08-20 15:17:00,2026-08-18 15:17:00
d9384b7f-d89f-4384-a2d8-586dc60ce709,CUST006,Delivered,CAR003,LOC-WARE-003,LOC-CUST-4,2026-05-18 15:17:00,2026-05-27 15:17:00,2026-05-24 15:17:00,2026-06-01 15:17:00,2026-05-29 15:17:00
27dce0bb-3c29-49e6-84b9-9e133068d780,CUST006,Delivered,CAR003,LOC-WARE-003,LOC-CUST-4,2026-05-23 15:17:00,2026-05-29 15:17:00,2026-06-01 15:17:00,2026-06-01 15:17:00,2026-05-29 15:17:00
f57f0534-3646-49b0-aac8-f5d04956498e,CUST006,Delivered,CAR001,LOC-WARE-003,LOC-CUST-4,2026-04-16 15:17:00,2026-04-23 15:17:00,2026-04-25 15:17:00,2026-04-25 15:17:00,2026-04-24 15:17:00
041dc34f-879a-4441-ab8a-cba6e4368c62,CUST006,Delivered,CAR002,LOC-WARE-004,LOC-CUST-4,2026-08-31 15:17:00,2026-09-09 15:17:00,2026-09-05 15:17:00,2026-09-06 15:17:00,2026-09-03 15:17:00
39638e03-ac56-4c85-804b-aacfd85ca11b,CUST015,Delivered,CAR001,LOC-WARE-004,LOC-CUST-13,2026-04-05 15:17:00,2026-04-08 15:17:00,2026-04-10 15:17:00,2026-04-10 15:17:00,2026-04-09 15:17:00
88c56351-9540-48e4-aaf1-46b05bd23b41,CUST015,Delivered,CAR001,LOC-WARE-004,LOC-CUST-13,2026-04-01 15:17:00,2026-04-10 15:17:00,2026-04-08 15:17:00,2026-04-10 15:17:00,2026-04-09 15:17:00
8b60ba33-6f67-4365-9f43-8e725722058a,CUST005,Delivered,CAR003,LOC-WARE-003,LOC-CUST-3,2026-08-11 15:17:00,2026-08-16 15:17:00,2026-08-16 15:17:00,2026-08-19 15:17:00,2026-08-21 15:17:00
be730c3f-14c3-4f1b-8b4f-0ba477a970d7,CUST006,Delivered,CAR002,LOC-WARE-003,LOC-CUST-4,2026-03-25 15:17:00,2026-04-04 15:17:00,2026-03-31 15:17:00,2026-04-02 15:17:00,2026-04-04 15:17:00
327978ed-d801-45af-8f0e-24c4727d95c7,CUST004,Delivered,CAR001,LOC-WARE-003,LOC-CUST-2,2026-03-22 15:17:00,2026-03-30 15:17:00,2026-03-30 15:17:00,2026-03-30 15:17:00,2026-03-25 15:17:00
142e9331-09ba-4925-b6c4-c81d7272d72d,CUST004,Delivered,CAR001,LOC-WARE-003,LOC-CUST-2,2026-03-21 15:17:00,2026-03-27 15:17:00,2026-03-29 15:17:00,2026-03-30 15:17:00,2026-03-25 15:17:00
bed3f47b-878f-41ff-bfd6-ecf6e7a96b82,CUST015,Delivered,CAR003,LOC-WARE-003,LOC-CUST-13,2026-08-08 15:17:00,2026-08-15 15:17:00,2026-08-15 15:17:00,2026-08-15 15:17:00,2026-08-12 15:17:00
3c5c9c07-ae08-4673-93c3-3baee2de51c2,CUST014,Delivered,CAR003,LOC-WARE-003,LOC-CUST-12,2026-08-24 15:17:00,2026-08-25 15:17:00,2026-08-31 15:17:00,2026-08-31 15:17:00,2026-08-31 15:17:00
b372b2b9-09ae-4883-8d97-305e97e5c9cb,CUST009,Delivered,CAR001,LOC-WARE-003,LOC-CUST-7,2026-07-24 15:17:00,2026-07-29 15:17:00,2026-08-02 15:17:00,2026-08-02 15:17:00,2026-07-31 15:17:00
d5bb1dae-db1c-42d8-989f-152120434702,CUST009,Delivered,CAR001,LOC-WARE-003,LOC-CUST-7,2026-07-25 15:17:00,2026-07-29 15:17:00,2026-07-30 15:17:00,2026-08-02 15:17:00,2026-07-31 15:17:00
ed453d9d-f64c-4170-9648-4daa3365f089,CUST005,Delivered,CAR003,LOC-WARE-004,LOC-CUST-3,2026-07-10 15:17:00,2026-07-15 15:17:00,2026-07-19 15:17:00,2026-07-19 15:17:00,2026-07-16 15:17:00
3880778d-736d-4603-9c0d-9ee222b2488a,CUST013,Delivered,CAR002,LOC-WARE-003,LOC-CUST-11,2026-07-02 15:17:00,2026-07-07 15:17:00,2026-07-07 15:17:00,2026-07-10 15:17:00,2026-07-07 15:17:00
0c84470c-b0ea-43a1-bf28-0132373c312f,CUST004,Delivered,CAR002,LOC-WARE-004,LOC-CUST-2,2026-05-10 15:17:00,2026-05-19 15:17:00,2026-05-18 15:17:00,2026-05-18 15:17:00,2026-05-19 15:17:00
169256b8-7b59-4667-ae4c-83d7106683a4,CUST004,Delivered,CAR002,LOC-WARE-004,LOC-CUST-2,2026-05-10 15:17:00,2026-05-15 15:17:00,2026-05-16 15:17:00,2026-05-18 15:17:00,2026-05-19 15:17:00
01de9373-176b-4def-bc5b-66a7cbc90162,CUST006,Delivered,CAR002,LOC-WARE-004,LOC-CUST-4,2026-04-24 15:17:00,2026-04-28 15:17:00,2026-05-01 15:17:00,2026-05-01 15:17:00,2026-04-28 15:17:00
d89672de-9b7a-4c8f-b5a9-d2ca1af99135,CUST008,Delivered,CAR001,LOC-WARE-004,LOC-CUST-6,2026-04-19 15:17:00,2026-04-22 15:17:00,2026-04-24 15:17:00,2026-04-24 15:17:00,2026-04-21 15:17:00
a92b0923-bbb2-4729-ad7a-2978e0efdc80,CUST012,Delivered,CAR002,LOC-WARE-004,LOC-CUST-10,2026-07-07 15:17:00,2026-07-13 15:17:00,2026-07-14 15:17:00,2026-07-20 15:17:00,2026-07-13 15:17:00
0f6eeded-ff65-4c8d-bded-ea845b7f4583,CUST012,Delivered,CAR002,LOC-WARE-004,LOC-CUST-10,2026-07-11 15:17:00,2026-07-16 15:17:00,2026-07-20 15:17:00,2026-07-20 15:17:00,2026-07-13 15:17:00
de39d440-38c9-4cf1-85f5-f0dd0d94e7c9,CUST006,Delivered,CAR002,LOC-WARE-003,LOC-CUST-4,2026-07-21 15:17:00,2026-07-26 15:17:00,2026-07-27 15:17:00,2026-07-27 15:17:00,2026-07-28 15:17:00
a1ea102b-02ed-4b73-ae7f-48b8e7da4b46,CUST004,Delivered,CAR003,LOC-WARE-004,LOC-CUST-2,2026-06-08 15:17:00,2026-06-18 15:17:00,2026-06-13 15:17:00,2026-06-16 15:17:00,2026-06-16 15:17:00
9de7f9b5-53f9-4d7a-ab3e-ad533e4347f5,CUST011,Delivered,CAR002,LOC-WARE-004,LOC-CUST-9,2026-08-23 15:17:00,2026-08-31 15:17:00,2026-08-29 15:17:00,2026-08-31 15:17:00,2026-09-02 15:17:00
dc7f53e9-c307-41e5-84f0-dd4b5864f733,CUST011,Delivered,CAR002,LOC-WARE-004,LOC-CUST-9,2026-08-22 15:17:00,2026-09-01 15:17:00,2026-08-31 15:17:00,2026-08-31 15:17:00,2026-09-02 15:17:00
9513cfb8-fd71-4287-9ece-0837bdd17070,CUST008,Delivered,CAR001,LOC-WARE-003,LOC-CUST-6,2026-06-27 15:17:00,2026-07-09 15:17:00,2026-07-05 15:17:00,2026-07-06 15:17:00,2026-07-04 15:17:00
37c0dccc-d6ab-4142-881f-3434c55280b2,CUST011,Delivered,CAR003,LOC-WARE-004,LOC-CUST-9,2026-03-10 15:17:00,2026-03-18 15:17:00,2026-03-18 15:17:00,2026-03-18 15:17:00,2026-03-17 15:17:00
5d44c568-2f70-4b46-959b-efdbc72defb5,CUST004,Delivered,CAR002,LOC-WARE-003,LOC-CUST-2,2026-06-06 15:17:00,2026-06-13 15:17:00,2026-06-11 15:17:00,2026-06-13 15:17:00,2026-06-14 15:17:00
14bb515f-e1d1-41df-a499-232151d383b7,CUST004,Delivered,CAR002,LOC-WARE-003,LOC-CUST-2,2026-06-06 15:17:00,2026-06-12 15:17:00,2026-06-13 15:17:00,2026-06-13 15:17:00,2026-06-14 15:17:00
7a5f9f59-79f4-4297-a281-bbc9300a96e0,CUST008,Delivered,CAR002,LOC-WARE-004,LOC-CUST-6,2026-07-25 15:17:00,2026-07-29 15:17:00,2026-08-01 15:17:00,2026-08-01 15:17:00,2026-08-03 15:17:00
ea8fefe6-d834-471b-bbe1-0e42173ca9dc,CUST011,Delivered,CAR002,LOC-WARE-004,LOC-CUST-9,2026-08-25 15:17:00,2026-09-04 15:17:00,2026-09-02 15:17:00,2026-09-02 15:17:00,2026-09-04 15:17:00
5ffb265e-314e-4637-9099-b3e04c928955,CUST007,Delivered,CAR001,LOC-WARE-003,LOC-CUST-5,2026-08-17 15:17:00,2026-08-19 15:17:00,2026-08-25 15:17:00,2026-08-25 15:17:00,2026-08-23 15:17:00
71c20178-7211-4a13-9a22-a69d72225128,CUST007,Delivered,CAR001,LOC-WARE-003,LOC-CUST-5,2026-08-15 15:17:00,2026-08-24 15:17:00,2026-08-20 15:17:00,2026-08-25 15:17:00,2026-08-23 15:17:00
a3c6abe1-8db3-4b79-bcb2-b2133386ab8c,CUST006,Delivered,CAR001,LOC-WARE-004,LOC-CUST-4,2026-06-27 15:17:00,2026-07-06 15:17:00,2026-07-04 15:17:00,2026-07-05 15:17:00,2026-07-03 15:17:00
057e1a8b-abf4-4c03-9429-c5f8c194def5,CUST009,Delivered,CAR002,LOC-WARE-003,LOC-CUST-7,2026-07-03 15:17:00,2026-07-11 15:17:00,2026-07-09 15:17:00,2026-07-12 15:17:00,2026-07-14 15:17:00
388a2455-5c48-472b-ad45-a451d323e549,CUST013,Delivered,CAR002,LOC-WARE-004,LOC-CUST-11,2026-08-28 15:17:00,2026-09-01 15:17:00,2026-09-06 15:17:00,2026-09-06 15:17:00,2026-09-01 15:17:00
51b818c5-9e30-4e42-9fd9-61d8f8667fd9,CUST013,Delivered,CAR002,LOC-WARE-004,LOC-CUST-11,2026-08-29 15:17:00,2026-09-05 15:17:00,2026-09-06 15:17:00,2026-09-06 15:17:00,2026-09-01 15:17:00
0541286a-ef6c-4003-af10-2133a59cb2b9,CUST002,Delivered,CAR002,LOC-WARE-004,LOC-CUST-1,2026-08-29 15:17:00,2026-09-04 15:17:00,2026-09-07 15:17:00,2026-09-07 15:17:00,2026-09-03 15:17:00
8a629719-b0e2-4c45-8c42-1e6351bf4203,CUST012,Delivered,CAR002,LOC-WARE-004,LOC-CUST-10,2026-05-24 15:17:00,2026-06-04 15:17:00,2026-05-29 15:17:00,2026-06-02 15:17:00,2026-06-05 15:17:00
65804db7-843f-4f11-a2c6-20ab2370a5fd,CUST010,Delivered,CAR003,LOC-WARE-003,LOC-CUST-8,2026-04-29 15:17:00,2026-05-07 15:17:00,2026-05-06 15:17:00,2026-05-06 15:17:00,2026-05-07 15:17:00
84a025b7-6ce9-40bf-b32c-d2621274be39,CUST010,Delivered,CAR003,LOC-WARE-003,LOC-CUST-8,2026-04-26 15:17:00,2026-05-03 15:17:00,2026-05-02 15:17:00,2026-05-06 15:17:00,2026-05-07 15:17:00
5cfb8d6d-ed58-44e6-86fd-b543ac044067,CUST002,Delivered,CAR002,LOC-WARE-004,LOC-CUST-1,2026-03-28 15:17:00,2026-03-30 15:17:00,2026-04-05 15:17:00,2026-04-05 15:17:00,2026-03-31 15:17:00
2572de9a-b823-412a-90d4-00d0ca201e7a,CUST009,Delivered,CAR002,LOC-WARE-003,LOC-CUST-7,2026-04-26 15:17:00,2026-04-29 15:17:00,2026-05-01 15:17:00,2026-05-01 15:17:00,2026-04-30 15:17:00
1ca705a0-2578-44cb-be9d-6d717e2560c6,CUST015,Delivered,CAR002,LOC-WARE-003,LOC-CUST-13,2026-05-09 15:17:00,2026-05-12 15:17:00,2026-05-17 15:17:00,2026-05-17 15:17:00,2026-05-15 15:17:00
b46c8ef6-d825-4850-9695-0dd7fde189a5,CUST015,Delivered,CAR002,LOC-WARE-003,LOC-CUST-13,2026-05-05 15:17:00,2026-05-15 15:17:00,2026-05-11 15:17:00,2026-05-17 15:17:00,2026-05-15 15:17:00
4bb2e447-6c76-48c8-aa5e-6e056597e4f0,CUST008,Delivered,CAR003,LOC-WARE-004,LOC-CUST-6,2026-04-18 15:17:00,2026-04-26 15:17:00,2026-04-26 15:17:00,2026-04-26 15:17:00,2026-04-22 15:17:00
7b52d567-5c9a-4a6a-9543-d5bd7a8636d5,CUST015,Delivered,CAR003,LOC-WARE-003,LOC-CUST-13,2026-04-11 15:17:00,2026-04-16 15:17:00,2026-04-17 15:17:00,2026-04-17 15:17:00,2026-04-14 15:17:00
e651b799-1ed7-4101-8ee6-d28092bd1fa8,CUST011,Delivered,CAR001,LOC-WARE-003,LOC-CUST-9,2026-05-16 15:17:00,2026-05-27 15:17:00,2026-05-24 15:17:00,2026-05-26 15:17:00,2026-05-24 15:17:00
fd48b231-cd3d-43c6-9e44-40d5a3388fed,CUST011,Delivered,CAR001,LOC-WARE-003,LOC-CUST-9,2026-05-20 15:17:00,2026-05-21 15:17:00,2026-05-26 15:17:00,2026-05-26 15:17:00,2026-05-24 15:17:00
808e5084-d832-4359-b47a-9a7cc9b83e24,CUST002,Delivered,CAR003,LOC-WARE-004,LOC-CUST-1,2026-05-27 15:17:00,2026-05-28 15:17:00,2026-06-01 15:17:00,2026-06-01 15:17:00,2026-06-01 15:17:00
aa122f99-08ea-430a-a13d-b7ad368069a2,CUST007,Delivered,CAR001,LOC-WARE-003,LOC-CUST-5,2026-04-14 15:17:00,2026-04-22 15:17:00,2026-04-22 15:17:00,2026-04-22 15:17:00,2026-04-23 15:17:00
1a2b8173-ece8-4e72-907d-ea7ce066e90c,CUST011,Delivered,CAR002,LOC-WARE-004,LOC-CUST-9,2026-04-25 15:17:00,2026-05-05 15:17:00,2026-05-03 15:17:00,2026-05-03 15:17:00,2026-04-29 15:17:00
f629937b-d858-4975-8aa5-6838fbe499a8,CUST011,Delivered,CAR002,LOC-WARE-004,LOC-CUST-9,2026-04-25 15:17:00,2026-05-03 15:17:00,2026-05-03 15:17:00,2026-05-03 15:17:00,2026-04-29 15:17:00
e78740a7-31f2-462d-b67c-b3969849ce18,CUST015,Delivered,CAR001,LOC-WARE-003,LOC-CUST-13,2026-05-24 15:17:00,2026-05-28 15:17:00,2026-06-01 15:17:00,2026-06-01 15:17:00,2026-05-27 15:17:00
c19b6ac7-efb6-4307-aa70-fcafaf2b04b6,CUST002,Delivered,CAR001,LOC-WARE-003,LOC-CUST-1,2026-04-28 15:17:00,2026-05-02 15:17:00,2026-05-04 15:17:00,2026-05-04 15:17:00,2026-04-30 15:17:00
94151b8d-c324-42f9-9766-7428313081bc,CUST013,Delivered,CAR001,LOC-WARE-003,LOC-CUST-11,2026-03-15 15:17:00,2026-03-19 15:17:00,2026-03-23 15:17:00,2026-03-23 15:17:00,2026-03-22 15:17:00
6a803ed2-4453-41db-9f9c-0ae93ec16e38,CUST013,Delivered,CAR001,LOC-WARE-003,LOC-CUST-11,2026-03-14 15:17:00,2026-03-23 15:17:00,2026-03-22 15:17:00,2026-03-23 15:17:00,2026-03-22 15:17:00
313eb5b9-1802-4a62-aa2b-a818e8c15c47,CUST015,Delivered,CAR002,LOC-WARE-004,LOC-CUST-13,2026-08-11 15:17:00,2026-08-15 15:17:00,2026-08-17 15:17:00,2026-08-17 15:17:00,2026-08-18 15:17:00
f36b4267-529f-42cc-9792-dfe1fbf402d1,CUST005,Delivered,CAR001,LOC-WARE-003,LOC-CUST-3,2026-03-26 15:17:00,2026-04-05 15:17:00,2026-03-31 15:17:00,2026-04-04 15:17:00,2026-04-02 15:17:00
709efac0-f663-45d7-aff6-63e944d850bc,CUST011,Delivered,CAR001,LOC-WARE-003,LOC-CUST-9,2026-06-29 15:17:00,2026-07-06 15:17:00,2026-07-07 15:17:00,2026-07-07 15:17:00,2026-07-04 15:17:00
ba1003cb-4b20-46eb-9c69-fd3de9276206,CUST011,Delivered,CAR001,LOC-WARE-003,LOC-CUST-9,2026-06-27 15:17:00,2026-07-08 15:17:00,2026-07-02 15:17:00,2026-07-07 15:17:00,2026-07-04 15:17:00
2ea76964-bf68-4183-a52b-f538efcaa301,CUST008,Delivered,CAR003,LOC-WARE-003,LOC-CUST-6,2026-04-07 15:17:00,2026-04-16 15:17:00,2026-04-13 15:17:00,2026-04-15 15:17:00,2026-04-13 15:17:00
56839b20-8d6c-40ce-9bcd-63ea458ce83a,CUST011,Delivered,CAR003,LOC-WARE-003,LOC-CUST-9,2026-03-22 15:17:00,2026-03-31 15:17:00,2026-03-28 15:17:00,2026-03-28 15:17:00,2026-03-28 15:17:00
17ed08eb-6fd3-48d6-bbbf-f14d7f4eba83,CUST010,Delivered,CAR001,LOC-WARE-003,LOC-CUST-8,2026-08-08 15:17:00,2026-08-19 15:17:00,2026-08-17 15:17:00,2026-08-17 15:17:00,2026-08-15 15:17:00
245c9569-5e44-4983-b00e-ede076b8bdfc,CUST010,Delivered,CAR001,LOC-WARE-003,LOC-CUST-8,2026-08-08 15:17:00,2026-08-19 15:17:00,2026-08-16 15:17:00,2026-08-17 15:17:00,2026-08-15 15:17:00
91f2735a-b483-4ad4-944a-00a56ebc67d0,CUST015,Delivered,CAR003,LOC-WARE-003,LOC-CUST-13,2026-07-23 15:17:00,2026-07-29 15:17:00,2026-08-01 15:17:00,2026-08-01 15:17:00,2026-07-27 15:17:00
d837d9ce-41f7-4d60-86fa-c702e2736c9d,CUST002,Delivered,CAR001,LOC-WARE-004,LOC-CUST-1,2026-06-21 15:17:00,2026-06-26 15:17:00,2026-06-27 15:17:00,2026-06-29 15:17:00,2026-06-26 15:17:00
753e5a55-4559-40de-8399-486fa8731a28,CUST010,Delivered,CAR001,LOC-WARE-004,LOC-CUST-8,2026-04-23 15:17:00,2026-04-27 15:17:00,2026-05-02 15:17:00,2026-05-02 15:17:00,2026-04-28 15:17:00
2bd00dfa-b718-47f5-af7f-4012d5084928,CUST010,Delivered,CAR001,LOC-WARE-004,LOC-CUST-8,2026-04-23 15:17:00,2026-05-02 15:17:00,2026-05-02 15:17:00,2026-05-02 15:17:00,2026-04-28 15:17:00
7ab585e2-fce6-4b8b-b953-a4e85426befe,CUST004,Delivered,CAR001,LOC-WARE-004,LOC-CUST-2,2026-07-24 15:17:00,2026-07-30 15:17:00,2026-08-02 15:17:00,2026-08-02 15:17:00,2026-07-31 15:17:00
6aa12d76-03ec-461a-bd6d-3b91c61e111f,CUST002,Delivered,CAR002,LOC-WARE-004,LOC-CUST-1,2026-05-21 15:17:00,2026-05-22 15:17:00,2026-05-28 15:17:00,2026-05-28 15:17:00,2026-05-26 15:17:00
7172bb48-0267-4c36-a4e4-ff4d01f46742,CUST013,Delivered,CAR001,LOC-WARE-003,LOC-CUST-11,2026-06-04 15:17:00,2026-06-12 15:17:00,2026-06-11 15:17:00,2026-06-12 15:17:00,2026-06-11 15:17:00
07035543-a542-487a-b1bf-315eec764123,CUST013,Delivered,CAR001,LOC-WARE-003,LOC-CUST-11,2026-06-07 15:17:00,2026-06-12 15:17:00,2026-06-12 15:17:00,2026-06-12 15:17:00,2026-06-11 15:17:00
505bb238-cc8f-4bb2-8fc4-9881d466275b,CUST014,Delivered,CAR002,LOC-WARE-003,LOC-CUST-12,2026-04-16 15:17:00,2026-04-21 15:17:00,2026-04-22 15:17:00,2026-04-22 15:17:00,2026-04-25 15:17:00
a71dfb27-36c4-41e5-bef8-1693cc97b8e0,CUST009,Delivered,CAR001,LOC-WARE-004,LOC-CUST-7,2026-04-19 15:17:00,2026-04-29 15:17:00,2026-04-27 15:17:00,2026-04-27 15:17:00,2026-04-23 15:17:00
0f16635b-4372-4910-8b43-c99d77b5cec9,CUST004,Delivered,CAR003,LOC-WARE-004,LOC-CUST-2,2026-06-23 15:17:00,2026-06-28 15:17:00,2026-07-01 15:17:00,2026-07-01 15:17:00,2026-06-30 15:17:00
a8cc06ec-e3b1-4fd8-a2d0-280a2824cf54,CUST004,Delivered,CAR003,LOC-WARE-004,LOC-CUST-2,2026-06-22 15:17:00,2026-07-01 15:17:00,2026-07-01 15:17:00,2026-07-01 15:17:00,2026-06-30 15:17:00
00ef4a28-95c0-4b08-b0ef-76bf0789926e,CUST007,Delivered,CAR003,LOC-WARE-003,LOC-CUST-5,2026-08-27 15:17:00,2026-09-05 15:17:00,2026-09-04 15:17:00,2026-09-05 15:17:00,2026-09-04 15:17:00
98acae1f-e3ad-4e6f-b3d7-cf5482a9d5f3,CUST015,Delivered,CAR003,LOC-WARE-004,LOC-CUST-13,2026-03-27 15:17:00,2026-04-05 15:17:00,2026-04-03 15:17:00,2026-04-04 15:17:00,2026-04-07 15:17:00
c399d6fa-05bf-4f0b-8355-9e3b9618cf4f,CUST015,Delivered,CAR002,LOC-WARE-003,LOC-CUST-13,2026-07-06 15:17:00,2026-07-12 15:17:00,2026-07-13 15:17:00,2026-07-14 15:17:00,2026-07-09 15:17:00
82390590-1351-496f-81f6-072b1be9000d,CUST015,Delivered,CAR002,LOC-WARE-003,LOC-CUST-13,2026-07-06 15:17:00,2026-07-13 15:17:00,2026-07-14 15:17:00,2026-07-14 15:17:00,2026-07-09 15:17:00
7ca13a50-1c8c-412d-af1d-49ed7e2bd74d,CUST005,Delivered,CAR001,LOC-WARE-003,LOC-CUST-3,2026-05-07 15:17:00,2026-05-16 15:17:00,2026-05-14 15:17:00,2026-05-14 15:17:00,2026-05-10 15:17:00
860539f5-e93e-471d-9c8b-e92419c08160,CUST011,Delivered,CAR001,LOC-WARE-003,LOC-CUST-9,2026-08-20 15:17:00,2026-08-29 15:17:00,2026-08-25 15:17:00,2026-08-27 15:17:00,2026-08-29 15:17:00
7e806773-343b-4109-bbcd-05d040330ce5,CUST010,Delivered,CAR002,LOC-WARE-004,LOC-CUST-8,2026-05-12 15:17:00,2026-05-19 15:17:00,2026-05-21 15:17:00,2026-05-21 15:17:00,2026-05-23 15:17:00
a04097f9-13ac-4d6c-a2d3-e72290cdf05d,CUST010,Delivered,CAR002,LOC-WARE-004,LOC-CUST-8,2026-05-12 15:17:00,2026-05-19 15:17:00,2026-05-17 15:17:00,2026-05-21 15:17:00,2026-05-23 15:17:00
b2d52bc5-1102-4d71-86f6-8ee250994695,CUST010,Delivered,CAR001,LOC-WARE-003,LOC-CUST-8,2026-04-08 15:17:00,2026-04-17 15:17:00,2026-04-16 15:17:00,2026-04-17 15:17:00,2026-04-20 15:17:00
ada2a60d-cb5e-4700-9c91-a94527676d58,CUST005,Delivered,CAR003,LOC-WARE-004,LOC-CUST-3,2026-07-07 15:17:00,2026-07-13 15:17:00,2026-07-12 15:17:00,2026-07-15 15:17:00,2026-07-12 15:17:00
fb11e1a6-0ebd-4b9e-b30a-6f31bbc81db4,CUST002,Delivered,CAR003,LOC-WARE-004,LOC-CUST-1,2026-03-16 15:17:00,2026-03-22 15:17:00,2026-03-25 15:17:00,2026-03-25 15:17:00,2026-03-22 15:17:00
4ca9dc19-a036-43fa-8174-385da1901a9c,CUST002,Delivered,CAR003,LOC-WARE-004,LOC-CUST-1,2026-03-17 15:17:00,2026-03-24 15:17:00,2026-03-23 15:17:00,2026-03-25 15:17:00,2026-03-22 15:17:00
2c125101-ccc8-440a-a832-17e5e90342b7,CUST010,Delivered,CAR002,LOC-WARE-004,LOC-CUST-8,2026-06-13 15:17:00,2026-06-22 15:17:00,2026-06-21 15:17:00,2026-06-21 15:17:00,2026-06-20 15:17:00
df6b022e-6797-41c3-a06e-e3778548738f,CUST015,Delivered,CAR002,LOC-WARE-003,LOC-CUST-13,2026-04-09 15:17:00,2026-04-14 15:17:00,2026-04-17 15:17:00,2026-04-17 15:17:00,2026-04-19 15:17:00
e4de72b9-fded-4c1e-802b-cdeae6e63717,CUST004,Delivered,CAR002,LOC-WARE-004,LOC-CUST-2,2026-05-14 15:17:00,2026-05-20 15:17:00,2026-05-20 15:17:00,2026-05-20 15:17:00,2026-05-19 15:17:00
40149189-8512-40d7-bc6c-560306a53cc9,CUST004,Delivered,CAR002,LOC-WARE-004,LOC-CUST-2,2026-05-12 15:17:00,2026-05-20 15:17:00,2026-05-20 15:17:00,2026-05-20 15:17:00,2026-05-19 15:17:00
4db6331f-19db-447e-abc9-45111aeab03c,CUST012,Delivered,CAR002,LOC-WARE-004,LOC-CUST-10,2026-07-15 15:17:00,2026-07-20 15:17:00,2026-07-24 15:17:00,2026-07-24 15:17:00,2026-07-25 15:17:00
22f5ee26-7418-424b-bd44-0b5eaaff5517,CUST013,Delivered,CAR001,LOC-WARE-003,LOC-CUST-11,2026-07-31 15:17:00,2026-08-07 15:17:00,2026-08-08 15:17:00,2026-08-08 15:17:00,2026-08-06 15:17:00
d0ad4d73-d53b-4700-b6db-24d26dff7631,CUST005,Delivered,CAR001,LOC-WARE-003,LOC-CUST-3,2026-03-31 15:17:00,2026-04-06 15:17:00,2026-04-07 15:17:00,2026-04-08 15:17:00,2026-04-08 15:17:00
a222e550-4fd0-43fe-8b3d-f1c70045ac6c,CUST005,Delivered,CAR001,LOC-WARE-003,LOC-CUST-3,2026-03-30 15:17:00,2026-04-07 15:17:00,2026-04-08 15:17:00,2026-04-08 15:17:00,2026-04-08 15:17:00
7dff2970-b282-4706-8330-a8b8313a5339,CUST014,Delivered,CAR001,LOC-WARE-003,LOC-CUST-12,2026-07-16 15:17:00,2026-07-22 15:17:00,2026-07-25 15:17:00,2026-07-25 15:17:00,2026-07-19 15:17:00
687a4fc9-9f00-4e64-9bbc-33cf40fae2de,CUST005,Delivered,CAR002,LOC-WARE-003,LOC-CUST-3,2026-05-26 15:17:00,2026-06-02 15:17:00,2026-05-31 15:17:00,2026-06-03 15:17:00,2026-06-06 15:17:00
0e6f002f-c28a-4bce-ba47-6ed87fc8a874,CUST013,Delivered,CAR003,LOC-WARE-004,LOC-CUST-11,2026-08-18 15:17:00,2026-08-23 15:17:00,2026-08-27 15:17:00,2026-08-27 15:17:00,2026-08-24 15:17:00
6de44a6f-b71b-4ae6-8e76-1e90e97fe60a,CUST013,Delivered,CAR003,LOC-WARE-004,LOC-CUST-11,2026-08-18 15:17:00,2026-08-26 15:17:00,2026-08-24 15:17:00,2026-08-27 15:17:00,2026-08-24 15:17:00
a03b2169-7867-49d7-a33a-f84740d6d93f,CUST002,Delivered,CAR003,LOC-WARE-003,LOC-CUST-1,2026-05-12 15:17:00,2026-05-19 15:17:00,2026-05-19 15:17:00,2026-05-21 15:17:00,2026-05-23 15:17:00
8e6d8cb2-cec9-4ccd-8e73-a6c92611d5eb,CUST013,Delivered,CAR001,LOC-WARE-004,LOC-CUST-11,2026-05-06 15:17:00,2026-05-11 15:17:00,2026-05-12 15:17:00,2026-05-13 15:17:00,2026-05-13 15:17:00
82af27c0-e729-4030-8743-e99544c84d39,CUST015,Delivered,CAR003,LOC-WARE-003,LOC-CUST-13,2026-08-08 15:17:00,2026-08-16 15:17:00,2026-08-14 15:17:00,2026-08-15 15:17:00,2026-08-17 15:17:00
7b548dc3-2ea9-4e79-b4c0-027ef4c3a05f,CUST015,Delivered,CAR003,LOC-WARE-003,LOC-CUST-13,2026-08-09 15:17:00,2026-08-12 15:17:00,2026-08-15 15:17:00,2026-08-15 15:17:00,2026-08-17 15:17:00
bfcf69d9-f3d7-4985-b877-66bf69f6b97a,CUST012,Delivered,CAR003,LOC-WARE-004,LOC-CUST-10,2026-08-12 15:17:00,2026-08-17 15:17:00,2026-08-19 15:17:00,2026-08-19 15:17:00,2026-08-18 15:17:00
8ed42df5-1d77-4a3f-a3af-7ba71c8f7cc2,CUST008,Delivered,CAR003,LOC-WARE-003,LOC-CUST-6,2026-05-16 15:17:00,2026-05-25 15:17:00,2026-05-25 15:17:00,2026-05-25 15:17:00,2026-05-22 15:17:00
26c3da4d-3b5d-41c0-bd9b-636b67cababe,CUST008,Delivered,CAR001,LOC-WARE-003,LOC-CUST-6,2026-07-26 15:17:00,2026-07-31 15:17:00,2026-08-01 15:17:00,2026-08-02 15:17:00,2026-08-05 15:17:00
809881f7-0d22-4e39-832b-e1923a86e474,CUST008,Delivered,CAR001,LOC-WARE-003,LOC-CUST-6,2026-07-28 15:17:00,2026-08-01 15:17:00,2026-08-02 15:17:00,2026-08-02 15:17:00,2026-08-05 15:17:00
92d16de6-7ec0-46ac-b203-f74ec39cb039,CUST002,Delivered,CAR001,LOC-WARE-004,LOC-CUST-1,2026-06-23 15:17:00,2026-07-01 15:17:00,2026-06-30 15:17:00,2026-06-30 15:17:00,2026-06-28 15:17:00
bf0b4999-5e59-44ac-b7b5-1382d3fea8a8,CUST015,Delivered,CAR003,LOC-WARE-004,LOC-CUST-13,2026-03-14 15:17:00,2026-03-21 15:17:00,2026-03-21 15:17:00,2026-03-21 15:17:00,2026-03-20 15:17:00
fe9e1186-b431-42db-88eb-24050554e4ae,CUST005,Delivered,CAR001,LOC-WARE-003,LOC-CUST-3,2026-03-18 15:17:00,2026-03-28 15:17:00,2026-03-27 15:17:00,2026-03-29 15:17:00,2026-03-22 15:17:00
0024ffc9-5b45-4ba6-b714-23aebfab50ce,CUST005,Delivered,CAR001,LOC-WARE-003,LOC-CUST-3,2026-03-21 15:17:00,2026-03-25 15:17:00,2026-03-29 15:17:00,2026-03-29 15:17:00,2026-03-22 15:17:00
d84aae4d-900f-4fa8-bdf6-f23228a89554,CUST011,Delivered,CAR002,LOC-WARE-003,LOC-CUST-9,2026-05-07 15:17:00,2026-05-16 15:17:00,2026-05-12 15:17:00,2026-05-13 15:17:00,2026-05-13 15:17:00
59573bfc-cad0-4a87-bfe2-b91d6974a65b,CUST015,Delivered,CAR002,LOC-WARE-004,LOC-CUST-13,2026-08-11 15:17:00,2026-08-16 15:17:00,2026-08-16 15:17:00,2026-08-16 15:17:00,2026-08-15 15:17:00
6ce6ff8d-58fa-4e0d-9972-8b27c100c196,CUST013,Delivered,CAR003,LOC-WARE-003,LOC-CUST-11,2026-08-25 15:17:00,2026-08-30 15:17:00,2026-09-02 15:17:00,2026-09-02 15:17:00,2026-08-30 15:17:00
4a2aab17-55db-49e2-8cfd-a6e05ae5d13e,CUST013,Delivered,CAR003,LOC-WARE-003,LOC-CUST-11,2026-08-25 15:17:00,2026-09-03 15:17:00,2026-08-31 15:17:00,2026-09-02 15:17:00,2026-08-30 15:17:00
b3a37ad1-fcd7-428c-8ba7-a8f557460bb7,CUST004,Delivered,CAR003,LOC-WARE-003,LOC-CUST-2,2026-06-01 15:17:00,2026-06-08 15:17:00,2026-06-10 15:17:00,2026-06-10 15:17:00,2026-06-07 15:17:00
6c6d4e4c-b53c-4a43-b549-e3d7cc814a5c,CUST005,Delivered,CAR002,LOC-WARE-003,LOC-CUST-3,2026-08-27 15:17:00,2026-08-31 15:17:00,2026-09-04 15:17:00,2026-09-04 15:17:00,2026-08-31 15:17:00
7f7b3270-3689-4f50-af42-77bf233b1db6,CUST006,Delivered,CAR001,LOC-WARE-004,LOC-CUST-4,2026-04-15 15:17:00,2026-04-23 15:17:00,2026-04-23 15:17:00,2026-04-23 15:17:00,2026-04-21 15:17:00
7f8745a8-9078-4bfa-877c-d2bb15b364f2,CUST006,Delivered,CAR001,LOC-WARE-004,LOC-CUST-4,2026-04-17 15:17:00,2026-04-18 15:17:00,2026-04-23 15:17:00,2026-04-23 15:17:00,2026-04-21 15:17:00
f985b2e2-b9a9-4a98-b66e-fcbfa38bbcf8,CUST004,Delivered,CAR001,LOC-WARE-003,LOC-CUST-2,2026-04-05 15:17:00,2026-04-09 15:17:00,2026-04-10 15:17:00,2026-04-10 15:17:00,2026-04-10 15:17:00
d9cb15a6-7d77-4b7e-8e19-46997a751703,CUST010,Delivered,CAR002,LOC-WARE-003,LOC-CUST-8,2026-03-26 15:17:00,2026-03-30 15:17:00,2026-04-03 15:17:00,2026-04-03 15:17:00,2026-04-01 15:17:00
01c2ef43-5287-4a33-860b-a1651f0b867a,CUST004,Delivered,CAR002,LOC-WARE-004,LOC-CUST-2,2026-05-26 15:17:00,2026-05-31 15:17:00,2026-06-04 15:17:00,2026-06-04 15:17:00,2026-05-31 15:17:00
27d123fa-427f-4d7c-af03-1a47e139f88a,CUST004,Delivered,CAR002,LOC-WARE-004,LOC-CUST-2,2026-05-25 15:17:00,2026-05-31 15:17:00,2026-06-03 15:17:00,2026-06-04 15:17:00,2026-05-31 15:17:00
df873944-50f9-43e2-9d45-d1232e7c88e4,CUST009,Delivered,CAR002,LOC-WARE-004,LOC-CUST-7,2026-08-12 15:17:00,2026-08-23 15:17:00,2026-08-19 15:17:00,2026-08-20 15:17:00,2026-08-20 15:17:00
985e053d-d27d-4592-b873-c3a228d45aea,CUST013,Delivered,CAR002,LOC-WARE-004,LOC-CUST-11,2026-08-26 15:17:00,2026-08-27 15:17:00,2026-09-02 15:17:00,2026-09-02 15:17:00,2026-08-27 15:17:00
3a6fc467-7241-4a35-94bc-4e588d7532ac,CUST013,Delivered,CAR003,LOC-WARE-003,LOC-CUST-11,2026-05-09 15:17:00,2026-05-21 15:17:00,2026-05-15 15:17:00,2026-05-22 15:17:00,2026-05-21 15:17:00
716f334d-c9b5-460b-bb0d-df1e5976b698,CUST013,Delivered,CAR003,LOC-WARE-003,LOC-CUST-11,2026-05-13 15:17:00,2026-05-18 15:17:00,2026-05-22 15:17:00,2026-05-22 15:17:00,2026-05-21 15:17:00
61f7fb41-5d2b-4cf6-a88e-5ce061d99410,CUST015,Delivered,CAR001,LOC-WARE-003,LOC-CUST-13,2026-06-12 15:17:00,2026-06-21 15:17:00,2026-06-20 15:17:00,2026-06-20 15:17:00,2026-06-17 15:17:00
39697710-8ab4-4cb0-9d06-54af707b0acc,CUST013,Delivered,CAR003,LOC-WARE-003,LOC-CUST-11,2026-03-26 15:17:00,2026-04-04 15:17:00,2026-04-04 15:17:00,2026-04-04 15:17:00,2026-04-03 15:17:00
f66e0d48-8b1f-4944-91b5-dd193def5da6,CUST002,Delivered,CAR002,LOC-WARE-004,LOC-CUST-1,2026-04-19 15:17:00,2026-04-24 15:17:00,2026-04-25 15:17:00,2026-04-28 15:17:00,2026-04-24 15:17:00
741ba71e-6b18-4e80-ae14-5e00ab69874b,CUST002,Delivered,CAR002,LOC-WARE-004,LOC-CUST-1,2026-04-22 15:17:00,2026-04-26 15:17:00,2026-04-28 15:17:00,2026-04-28 15:17:00,2026-04-24 15:17:00
a51b227c-755c-48c4-b533-e0b77207791a,CUST007,Delivered,CAR001,LOC-WARE-004,LOC-CUST-5,2026-03-27 15:17:00,2026-03-30 15:17:00,2026-04-03 15:17:00,2026-04-03 15:17:00,2026-04-04 15:17:00
260298ab-7c36-4998-b2d4-1e81b9c1781a,CUST009,Delivered,CAR003,LOC-WARE-003,LOC-CUST-7,2026-08-01 15:17:00,2026-08-09 15:17:00,2026-08-09 15:17:00,2026-08-09 15:17:00,2026-08-05 15:17:00
668c6922-f921-4750-b9ff-1bc192384513,CUST006,Delivered,CAR003,LOC-WARE-003,LOC-CUST-4,2026-04-07 15:17:00,2026-04-12 15:17:00,2026-04-16 15:17:00,2026-04-16 15:17:00,2026-04-12 15:17:00
57f81c1b-1851-4180-938f-6b130b5591a8,CUST006,Delivered,CAR003,LOC-WARE-003,LOC-CUST-4,2026-04-04 15:17:00,2026-04-10 15:17:00,2026-04-12 15:17:00,2026-04-16 15:17:00,2026-04-12 15:17:00
5d5761ac-b2a2-4b59-9237-84da74624fd9,CUST010,Delivered,CAR003,LOC-WARE-003,LOC-CUST-8,2026-06-17 15:17:00,2026-06-24 15:17:00,2026-06-25 15:17:00,2026-06-25 15:17:00,2026-06-25 15:17:00
829fa4f0-6215-4b26-959b-47e72ffe86a7,CUST008,Delivered,CAR003,LOC-WARE-004,LOC-CUST-6,2026-07-09 15:17:00,2026-07-13 15:17:00,2026-07-17 15:17:00,2026-07-17 15:17:00,2026-07-16 15:17:00
95011305-1fa3-4e1d-b2dd-035d39d9688c,CUST013,Delivered,CAR001,LOC-WARE-004,LOC-CUST-11,2026-05-17 15:17:00,2026-05-24 15:17:00,2026-05-23 15:17:00,2026-05-25 15:17:00,2026-05-22 15:17:00
f65cbd09-85f6-45b1-8fd3-665c3d8100fd,CUST013,Delivered,CAR001,LOC-WARE-004,LOC-CUST-11,2026-05-16 15:17:00,2026-05-23 15:17:00,2026-05-25 15:17:00,2026-05-25 15:17:00,2026-05-22 15:17:00
7a143e28-e656-4db4-abf7-6522c870c7a4,CUST012,Delivered,CAR001,LOC-WARE-003,LOC-CUST-10,2026-06-20 15:17:00,2026-06-27 15:17:00,2026-06-25 15:17:00,2026-06-25 15:17:00,2026-06-26 15:17:00
cf840ffb-c9a2-4502-b71c-da5c824abfd5,CUST012,Delivered,CAR002,LOC-WARE-003,LOC-CUST-10,2026-04-18 15:17:00,2026-04-24 15:17:00,2026-04-27 15:17:00,2026-04-27 15:17:00,2026-04-27 15:17:00
dad85ec1-654f-4a79-a326-bf13a6dc8977,CUST014,Delivered,CAR001,LOC-WARE-003,LOC-CUST-12,2026-06-12 15:17:00,2026-06-24 15:17:00,2026-06-18 15:17:00,2026-06-22 15:17:00,2026-06-18 15:17:00
7bc89a19-f39c-42a6-ade3-cd7a31da1213,CUST014,Delivered,CAR001,LOC-WARE-003,LOC-CUST-12,2026-06-13 15:17:00,2026-06-23 15:17:00,2026-06-22 15:17:00,2026-06-22 15:17:00,2026-06-18 15:17:00
451227f4-f066-4012-98bb-8244cd5ad3b0,CUST006,Delivered,CAR001,LOC-WARE-003,LOC-CUST-4,2026-06-02 15:17:00,2026-06-07 15:17:00,2026-06-10 15:17:00,2026-06-10 15:17:00,2026-06-10 15:17:00
36bbc620-0c7c-48b6-b065-06dcc2214646,CUST005,Delivered,CAR003,LOC-WARE-004,LOC-CUST-3,2026-08-19 15:17:00,2026-08-24 15:17:00,2026-08-24 15:17:00,2026-08-25 15:17:00,2026-08-22 15:17:00
76a80dad-a4fa-4ad9-a5cd-ade89c29b1ee,CUST006,Delivered,CAR003,LOC-WARE-003,LOC-CUST-4,2026-03-24 15:17:00,2026-03-31 15:17:00,2026-04-02 15:17:00,2026-04-02 15:17:00,2026-03-31 15:17:00
3ca44a1c-46ba-4079-854e-065c5de8fe26,CUST006,Delivered,CAR003,LOC-WARE-003,LOC-CUST-4,2026-03-22 15:17:00,2026-04-01 15:17:00,2026-03-31 15:17:00,2026-04-02 15:17:00,2026-03-31 15:17:00
2fb9af04-5d29-4daa-99c1-0dda84495521,CUST002,Delivered,CAR002,LOC-WARE-003,LOC-CUST-1,2026-04-08 15:17:00,2026-04-15 15:17:00,2026-04-14 15:17:00,2026-04-14 15:17:00,2026-04-10 15:17:00
78b88f32-b028-4c05-99cf-cece904f04fb,CUST009,Delivered,CAR002,LOC-WARE-003,LOC-CUST-7,2026-05-24 15:17:00,2026-05-31 15:17:00,2026-05-31 15:17:00,2026-05-31 15:17:00,2026-05-27 15:17:00
c7dcadbe-da3e-4512-82a6-d967e07db7a9,CUST002,Delivered,CAR001,LOC-WARE-003,LOC-CUST-1,2026-08-06 15:17:00,2026-08-12 15:17:00,2026-08-15 15:17:00,2026-08-16 15:17:00,2026-08-15 15:17:00
c1685e0d-f43b-4935-ac14-b05e7c6002de,CUST002,Delivered,CAR001,LOC-WARE-003,LOC-CUST-1,2026-08-08 15:17:00,2026-08-14 15:17:00,2026-08-16 15:17:00,2026-08-16 15:17:00,2026-08-15 15:17:00
f74196c2-16cb-4dfc-ac09-c3fcecc3e445,CUST005,Delivered,CAR002,LOC-WARE-004,LOC-CUST-3,2026-04-18 15:17:00,2026-04-29 15:17:00,2026-04-24 15:17:00,2026-04-26 15:17:00,2026-04-25 15:17:00
f8adfec7-fcc9-4970-b80d-ec44eba649b1,CUST014,Delivered,CAR001,LOC-WARE-003,LOC-CUST-12,2026-04-09 15:17:00,2026-04-16 15:17:00,2026-04-14 15:17:00,2026-04-16 15:17:00,2026-04-17 15:17:00
8cd44255-2984-4d27-9c1c-7d8f184d9ab0,CUST011,Delivered,CAR003,LOC-WARE-003,LOC-CUST-9,2026-04-16 15:17:00,2026-04-19 15:17:00,2026-04-24 15:17:00,2026-04-24 15:17:00,2026-04-22 15:17:00
af1a2b11-98ac-447d-80c2-9678c7d2767a,CUST011,Delivered,CAR003,LOC-WARE-003,LOC-CUST-9,2026-04-12 15:17:00,2026-04-23 15:17:00,2026-04-20 15:17:00,2026-04-24 15:17:00,2026-04-22 15:17:00
2320724f-b179-4046-beae-4a36e82310f0,CUST008,Delivered,CAR001,LOC-WARE-004,LOC-CUST-6,2026-06-15 15:17:00,2026-06-26 15:17:00,2026-06-22 15:17:00,2026-06-23 15:17:00,2026-06-24 15:17:00
caa2e90a-a1f7-4d9c-8fcd-da0ad578da94,CUST012,Delivered,CAR003,LOC-WARE-003,LOC-CUST-10,2026-04-23 15:17:00,2026-05-01 15:17:00,2026-05-02 15:17:00,2026-05-02 15:17:00,2026-05-01 15:17:00
ce1c6344-2c6a-4d67-ad65-e67b89223ddf,CUST007,Delivered,CAR002,LOC-WARE-003,LOC-CUST-5,2026-05-26 15:17:00,2026-06-02 15:17:00,2026-06-02 15:17:00,2026-06-03 15:17:00,2026-06-03 15:17:00
b3bcbb53-f30a-46a2-b4f4-1bafd0cbdc76,CUST007,Delivered,CAR002,LOC-WARE-003,LOC-CUST-5,2026-05-25 15:17:00,2026-05-30 15:17:00,2026-06-03 15:17:00,2026-06-03 15:17:00,2026-06-03 15:17:00
8e01ab7f-43e8-425e-93d8-d36dd26005ad,CUST008,Delivered,CAR003,LOC-WARE-003,LOC-CUST-6,2026-07-02 15:17:00,2026-07-05 15:17:00,2026-07-09 15:17:00,2026-07-09 15:17:00,2026-07-11 15:17:00
01fb945c-a65b-4668-8caa-c7987ad16c17,CUST008,Delivered,CAR001,LOC-WARE-004,LOC-CUST-6,2026-03-29 15:17:00,2026-04-06 15:17:00,2026-04-05 15:17:00,2026-04-05 15:17:00,2026-04-03 15:17:00
1563110d-9fb9-4ac5-b4a6-67b65d25e1d0,CUST008,Delivered,CAR002,LOC-WARE-003,LOC-CUST-6,2026-08-27 15:17:00,2026-09-06 15:17:00,2026-09-04 15:17:00,2026-09-05 15:17:00,2026-08-31 15:17:00
ec2c7926-70c5-4d84-b515-678bd1cfbdbb,CUST008,Delivered,CAR002,LOC-WARE-003,LOC-CUST-6,2026-08-30 15:17:00,2026-09-01 15:17:00,2026-09-05 15:17:00,2026-09-05 15:17:00,2026-08-31 15:17:00
7d8f0e7f-6e71-4ee3-8f70-a705a1715b6d,CUST002,Delivered,CAR003,LOC-WARE-004,LOC-CUST-1,2026-06-03 15:17:00,2026-06-12 15:17:00,2026-06-12 15:17:00,2026-06-12 15:17:00,2026-06-11 15:17:00
f120ab9a-32c4-4444-8644-021fadd549b9,CUST008,Delivered,CAR001,LOC-WARE-004,LOC-CUST-6,2026-05-06 15:17:00,2026-05-15 15:17:00,2026-05-13 15:17:00,2026-05-14 15:17:00,2026-05-12 15:17:00
0466d82a-7bf1-4c58-b41d-ac5a2e57bf97,CUST006,Delivered,CAR002,LOC-WARE-003,LOC-CUST-4,2026-04-25 15:17:00,2026-05-01 15:17:00,2026-04-30 15:17:00,2026-05-03 15:17:00,2026-05-01 15:17:00
6f84af6b-110d-4620-96c1-923f4ffbc869,CUST006,Delivered,CAR002,LOC-WARE-003,LOC-CUST-4,2026-04-25 15:17:00,2026-05-03 15:17:00,2026-05-03 15:17:00,2026-05-03 15:17:00,2026-05-01 15:17:00
71bcb1df-9efe-4357-85ca-7fb7c28a276a,CUST010,Delivered,CAR002,LOC-WARE-004,LOC-CUST-8,2026-05-09 15:17:00,2026-05-14 15:17:00,2026-05-18 15:17:00,2026-05-18 15:17:00,2026-05-16 15:17:00
57f00d1b-bf8b-4b71-abe3-c74a69c2f55e,CUST014,Delivered,CAR001,LOC-WARE-004,LOC-CUST-12,2026-05-10 15:17:00,2026-05-18 15:17:00,2026-05-18 15:17:00,2026-05-18 15:17:00,2026-05-14 15:17:00
84158273-c39a-4704-b0b9-1289fd684476,CUST013,Delivered,CAR001,LOC-WARE-004,LOC-CUST-11,2026-08-16 15:17:00,2026-08-23 15:17:00,2026-08-24 15:17:00,2026-08-24 15:17:00,2026-08-21 15:17:00
22e7b9d2-bf94-4c94-b633-823ee45eefb0,CUST013,Delivered,CAR001,LOC-WARE-004,LOC-CUST-11,2026-08-15 15:17:00,2026-08-17 15:17:00,2026-08-24 15:17:00,2026-08-24 15:17:00,2026-08-21 15:17:00
794ffaf1-a1ad-4b92-bcda-26584c9152a0,CUST007,Delivered,CAR002,LOC-WARE-003,LOC-CUST-5,2026-03-23 15:17:00,2026-03-27 15:17:00,2026-03-28 15:17:00,2026-03-29 15:17:00,2026-03-26 15:17:00
9c5fb649-f0f6-453e-8792-5400917fad46,CUST011,Delivered,CAR003,LOC-WARE-004,LOC-CUST-9,2026-05-02 15:17:00,2026-05-03 15:17:00,2026-05-11 15:17:00,2026-05-11 15:17:00,2026-05-08 15:17:00
8caa399a-b4cc-4b23-9638-b813db2c7ad1,CUST012,Delivered,CAR001,LOC-WARE-004,LOC-CUST-10,2026-05-04 15:17:00,2026-05-11 15:17:00,2026-05-09 15:17:00,2026-05-09 15:17:00,2026-05-10 15:17:00
58557972-dcf4-4c6f-9665-292dabfd4f37,CUST012,Delivered,CAR001,LOC-WARE-004,LOC-CUST-10,2026-05-02 15:17:00,2026-05-05 15:17:00,2026-05-07 15:17:00,2026-05-09 15:17:00,2026-05-10 15:17:00
536ba354-432e-44e7-acc6-5904a9c49f1b,CUST011,Delivered,CAR003,LOC-WARE-004,LOC-CUST-9,2026-04-23 15:17:00,2026-05-05 15:17:00,2026-04-30 15:17:00,2026-05-02 15:17:00,2026-05-04 15:17:00
297278e8-1ed5-4a73-9a4a-046ab78cfe61,CUST014,Delivered,CAR002,LOC-WARE-004,LOC-CUST-12,2026-03-28 15:17:00,2026-04-03 15:17:00,2026-04-06 15:17:00,2026-04-06 15:17:00,2026-04-03 15:17:00
5b574259-b409-4be7-bb79-0e328849bfb7,CUST013,Delivered,CAR002,LOC-WARE-004,LOC-CUST-11,2026-06-23 15:17:00,2026-06-28 15:17:00,2026-07-02 15:17:00,2026-07-02 15:17:00,2026-06-27 15:17:00
5c455735-0635-4692-a8ac-0e2338d4f8e6,CUST013,Delivered,CAR002,LOC-WARE-004,LOC-CUST-11,2026-06-20 15:17:00,2026-06-25 15:17:00,2026-06-25 15:17:00,2026-07-02 15:17:00,2026-06-27 15:17:00
3e6389b0-a446-4a38-a5b3-7757d3ff07d1,CUST004,Delivered,CAR003,LOC-WARE-004,LOC-CUST-2,2026-08-23 15:17:00,2026-08-29 15:17:00,2026-08-30 15:17:00,2026-08-30 15:17:00,2026-09-02 15:17:00
19958631-ee03-4e84-b5c3-d13109790fa9,CUST006,Delivered,CAR003,LOC-WARE-003,LOC-CUST-4,2026-07-18 15:17:00,2026-07-27 15:17:00,2026-07-27 15:17:00,2026-07-27 15:17:00,2026-07-25 15:17:00
4d38ff95-b179-4b74-8359-80218896d77d,CUST006,Delivered,CAR001,LOC-WARE-003,LOC-CUST-4,2026-04-06 15:17:00,2026-04-10 15:17:00,2026-04-12 15:17:00,2026-04-12 15:17:00,2026-04-15 15:17:00
7a2cf283-0044-4a5f-8eed-4046adee1ce1,CUST006,Delivered,CAR001,LOC-WARE-003,LOC-CUST-4,2026-04-04 15:17:00,2026-04-14 15:17:00,2026-04-11 15:17:00,2026-04-12 15:17:00,2026-04-15 15:17:00
c070ec37-e0a1-4189-92a7-0d340ecafe3a,CUST010,Delivered,CAR003,LOC-WARE-004,LOC-CUST-8,2026-05-27 15:17:00,2026-05-31 15:17:00,2026-06-02 15:17:00,2026-06-02 15:17:00,2026-05-29 15:17:00
ffe97de0-fcb9-40b5-b97b-66c2ce38363c,CUST002,Delivered,CAR001,LOC-WARE-004,LOC-CUST-1,2026-06-06 15:17:00,2026-06-13 15:17:00,2026-06-15 15:17:00,2026-06-15 15:17:00,2026-06-10 15:17:00
473e672b-73b2-4bed-adba-0c1a16309402,CUST002,Delivered,CAR003,LOC-WARE-004,LOC-CUST-1,2026-04-08 15:17:00,2026-04-12 15:17:00,2026-04-14 15:17:00,2026-04-18 15:17:00,2026-04-12 15:17:00
ba70f421-3add-4cb7-b8af-a4f54a25794b,CUST002,Delivered,CAR003,LOC-WARE-004,LOC-CUST-1,2026-04-11 15:17:00,2026-04-18 15:17:00,2026-04-18 15:17:00,2026-04-18 15:17:00,2026-04-12 15:17:00
70ee3b8b-8f36-45bf-81c1-6e29fea832a0,CUST008,Delivered,CAR003,LOC-WARE-004,LOC-CUST-6,2026-06-21 15:17:00,2026-06-28 15:17:00,2026-06-30 15:17:00,2026-06-30 15:17:00,2026-06-24 15:17:00
e841510c-72a0-437a-85aa-cee8ece581d6,CUST005,Delivered,CAR001,LOC-WARE-004,LOC-CUST-3,2026-03-15 15:17:00,2026-03-18 15:17:00,2026-03-23 15:17:00,2026-03-23 15:17:00,2026-03-19 15:17:00
cfedbd03-a272-498a-84de-fa995ff83e4e,CUST006,Delivered,CAR003,LOC-WARE-003,LOC-CUST-4,2026-05-10 15:17:00,2026-05-14 15:17:00,2026-05-18 15:17:00,2026-05-18 15:17:00,2026-05-12 15:17:00
fe3f994a-7ad1-48a7-b2ca-e205c3f49cdf,CUST006,Delivered,CAR003,LOC-WARE-003,LOC-CUST-4,2026-05-10 15:17:00,2026-05-13 15:17:00,2026-05-15 15:17:00,2026-05-18 15:17:00,2026-05-12 15:17:00
e072da62-e5ad-4077-9755-3d4d65dcaeee,CUST004,Delivered,CAR001,LOC-WARE-003,LOC-CUST-2,2026-07-22 15:17:00,2026-07-30 15:17:00,2026-07-30 15:17:00,2026-07-30 15:17:00,2026-07-27 15:17:00
ea420225-3196-4069-b714-5a255814be48,CUST002,Delivered,CAR002,LOC-WARE-003,LOC-CUST-1,2026-04-17 15:17:00,2026-04-23 15:17:00,2026-04-26 15:17:00,2026-04-26 15:17:00,2026-04-19 15:17:00
40e84e41-8705-4c5e-aa1a-b6fe81e13d52,CUST009,Delivered,CAR001,LOC-WARE-004,LOC-CUST-7,2026-03-26 15:17:00,2026-04-04 15:17:00,2026-03-31 15:17:00,2026-04-02 15:17:00,2026-04-01 15:17:00
582d3530-4b57-42b6-9220-110d6a268049,CUST009,Delivered,CAR001,LOC-WARE-004,LOC-CUST-7,2026-03-25 15:17:00,2026-03-30 15:17:00,2026-04-02 15:17:00,2026-04-02 15:17:00,2026-04-01 15:17:00
5b37efdb-9704-4873-b79b-cade68921600,CUST004,Delivered,CAR001,LOC-WARE-004,LOC-CUST-2,2026-03-26 15:17:00,2026-03-28 15:17:00,2026-04-04 15:17:00,2026-04-04 15:17:00,2026-03-31 15:17:00
13990852-9d54-4256-847f-ed49ab247c70,CUST006,Delivered,CAR003,LOC-WARE-003,LOC-CUST-4,2026-04-25 15:17:00,2026-05-03 15:17:00,2026-05-02 15:17:00,2026-05-02 15:17:00,2026-05-04 15:17:00
e672818f-536b-4acb-b2eb-de46bd6658d9,CUST014,Delivered,CAR002,LOC-WARE-003,LOC-CUST-12,2026-05-01 15:17:00,2026-05-08 15:17:00,2026-05-10 15:17:00,2026-05-11 15:17:00,2026-05-13 15:17:00
5ab06bde-0e94-409d-9c74-ac10411b857e,CUST014,Delivered,CAR002,LOC-WARE-003,LOC-CUST-12,2026-05-06 15:17:00,2026-05-07 15:17:00,2026-05-11 15:17:00,2026-05-11 15:17:00,2026-05-13 15:17:00
791bee20-1f7a-4eef-9eee-ab96695a655a,CUST002,Delivered,CAR002,LOC-WARE-004,LOC-CUST-1,2026-03-09 15:17:00,2026-03-15 15:17:00,2026-03-18 15:17:00,2026-03-18 15:17:00,2026-03-16 15:17:00
f3f91138-9bcc-40a9-a32b-3222d4b8d6f8,CUST002,Delivered,CAR002,LOC-WARE-004,LOC-CUST-1,2026-08-15 15:17:00,2026-08-19 15:17:00,2026-08-24 15:17:00,2026-08-24 15:17:00,2026-08-24 15:17:00
f4fc8697-8e1c-4da5-a212-dc14445262c6,CUST011,Delivered,CAR002,LOC-WARE-003,LOC-CUST-9,2026-04-24 15:17:00,2026-05-01 15:17:00,2026-04-30 15:17:00,2026-05-01 15:17:00,2026-04-30 15:17:00
bb8c62a2-e647-47be-972c-1cbbac261030,CUST011,Delivered,CAR002,LOC-WARE-003,LOC-CUST-9,2026-04-22 15:17:00,2026-05-01 15:17:00,2026-05-01 15:17:00,2026-05-01 15:17:00,2026-04-30 15:17:00
5aea6e2f-fc95-4109-be74-7514c58986b8,CUST002,Delivered,CAR001,LOC-WARE-004,LOC-CUST-1,2026-03-10 15:17:00,2026-03-16 15:17:00,2026-03-15 15:17:00,2026-03-18 15:17:00,2026-03-15 15:17:00
bb307f67-4229-4b38-abc4-bfc04ed8cf87,CUST008,Delivered,CAR001,LOC-WARE-003,LOC-CUST-6,2026-07-02 15:17:00,2026-07-07 15:17:00,2026-07-10 15:17:00,2026-07-10 15:17:00,2026-07-09 15:17:00
9c130589-ed15-4b49-92c8-ed8f5eed7dd3,CUST002,Delivered,CAR001,LOC-WARE-003,LOC-CUST-1,2026-07-21 15:17:00,2026-07-25 15:17:00,2026-07-26 15:17:00,2026-07-28 15:17:00,2026-07-29 15:17:00
98ffa043-d0b7-417b-9d67-8a4f95f0f993,CUST002,Delivered,CAR001,LOC-WARE-003,LOC-CUST-1,2026-07-20 15:17:00,2026-07-30 15:17:00,2026-07-27 15:17:00,2026-07-28 15:17:00,2026-07-29 15:17:00
ca5d5ccc-427c-4f69-b50f-dfa9dbb61672,CUST015,Delivered,CAR001,LOC-WARE-003,LOC-CUST-13,2026-07-12 15:17:00,2026-07-21 15:17:00,2026-07-19 15:17:00,2026-07-19 15:17:00,2026-07-22 15:17:00
8b388e4a-4c9b-4417-bf84-c6b01c353789,CUST012,Delivered,CAR001,LOC-WARE-004,LOC-CUST-10,2026-05-21 15:17:00,2026-05-26 15:17:00,2026-05-28 15:17:00,2026-05-28 15:17:00,2026-05-29 15:17:00
567ddab6-2f04-4a25-a2a8-03f767c3ae45,CUST015,Delivered,CAR003,LOC-WARE-004,LOC-CUST-13,2026-04-16 15:17:00,2026-04-22 15:17:00,2026-04-21 15:17:00,2026-04-25 15:17:00,2026-04-25 15:17:00
7f19a6ca-5ddb-47f4-91cf-53c7cfc288f6,CUST015,Delivered,CAR003,LOC-WARE-004,LOC-CUST-13,2026-04-17 15:17:00,2026-04-23 15:17:00,2026-04-24 15:17:00,2026-04-25 15:17:00,2026-04-25 15:17:00
46fabb7d-51e3-4d43-ac9f-b159bba2b300,CUST015,Delivered,CAR002,LOC-WARE-004,LOC-CUST-13,2026-04-07 15:17:00,2026-04-15 15:17:00,2026-04-13 15:17:00,2026-04-14 15:17:00,2026-04-14 15:17:00
caf3ecb4-2345-43be-ba91-2f3edd71b54f,CUST011,Delivered,CAR001,LOC-WARE-003,LOC-CUST-9,2026-08-16 15:17:00,2026-08-21 15:17:00,2026-08-21 15:17:00,2026-08-23 15:17:00,2026-08-23 15:17:00
ad73c14f-db60-4230-a0d5-7f137e1eff50,CUST010,Delivered,CAR002,LOC-WARE-003,LOC-CUST-8,2026-04-06 15:17:00,2026-04-13 15:17:00,2026-04-11 15:17:00,2026-04-15 15:17:00,2026-04-12 15:17:00
df1dd44e-1565-4b53-8102-e13107a05fd9,CUST010,Delivered,CAR002,LOC-WARE-003,LOC-CUST-8,2026-04-07 15:17:00,2026-04-11 15:17:00,2026-04-15 15:17:00,2026-04-15 15:17:00,2026-04-12 15:17:00
905e1ed5-e926-43ec-8ebc-59d8ea017ae5,CUST015,Delivered,CAR003,LOC-WARE-003,LOC-CUST-13,2026-07-07 15:17:00,2026-07-16 15:17:00,2026-07-16 15:17:00,2026-07-16 15:17:00,2026-07-14 15:17:00
8bd0be79-28e6-4f6f-9a4d-e5ccef9e67ff,CUST002,Delivered,CAR001,LOC-WARE-003,LOC-CUST-1,2026-03-30 15:17:00,2026-04-08 15:17:00,2026-04-04 15:17:00,2026-04-05 15:17:00,2026-04-06 15:17:00
77b27cae-de66-4f2b-9a24-e961580da641,CUST007,Delivered,CAR001,LOC-WARE-004,LOC-CUST-5,2026-06-14 15:17:00,2026-06-17 15:17:00,2026-06-22 15:17:00,2026-06-22 15:17:00,2026-06-21 15:17:00
fe5aba4e-7e10-4f2c-aa3f-1c1cd93bf055,CUST007,Delivered,CAR001,LOC-WARE-004,LOC-CUST-5,2026-06-11 15:17:00,2026-06-18 15:17:00,2026-06-18 15:17:00,2026-06-22 15:17:00,2026-06-21 15:17:00
ce92c19a-c951-4989-9e3d-632b4abf0abe,CUST005,Delivered,CAR003,LOC-WARE-003,LOC-CUST-3,2026-04-05 15:17:00,2026-04-15 15:17:00,2026-04-13 15:17:00,2026-04-14 15:17:00,2026-04-12 15:17:00
e9a6c9f3-168b-46a0-a206-c25b83fd6693,CUST007,Delivered,CAR003,LOC-WARE-003,LOC-CUST-5,2026-03-27 15:17:00,2026-03-29 15:17:00,2026-04-05 15:17:00,2026-04-05 15:17:00,2026-03-29 15:17:00
fcd78a11-0c06-421e-a6f3-825ecf766dfc,CUST007,Delivered,CAR003,LOC-WARE-003,LOC-CUST-5,2026-07-26 15:17:00,2026-08-04 15:17:00,2026-07-31 15:17:00,2026-08-03 15:17:00,2026-08-05 15:17:00
72339c15-ccca-4902-8567-d018558b894f,CUST007,Delivered,CAR003,LOC-WARE-003,LOC-CUST-5,2026-07-26 15:17:00,2026-08-05 15:17:00,2026-08-03 15:17:00,2026-08-03 15:17:00,2026-08-05 15:17:00
7169871e-552c-4f14-ae8f-ccf477a2dc9e,CUST013,Delivered,CAR002,LOC-WARE-004,LOC-CUST-11,2026-07-29 15:17:00,2026-08-01 15:17:00,2026-08-05 15:17:00,2026-08-05 15:17:00,2026-08-03 15:17:00
ff4c6db5-e0de-4398-8d51-f26030d0aafa,CUST015,Delivered,CAR001,LOC-WARE-004,LOC-CUST-13,2026-08-13 15:17:00,2026-08-19 15:17:00,2026-08-18 15:17:00,2026-08-22 15:17:00,2026-08-24 15:17:00
6181b28e-8c0c-4b16-818e-52133f6a602c,CUST015,Delivered,CAR003,LOC-WARE-003,LOC-CUST-13,2026-08-04 15:17:00,2026-08-09 15:17:00,2026-08-09 15:17:00,2026-08-09 15:17:00,2026-08-07 15:17:00
9a0ec3d4-2864-4872-b116-6d6c7b8f0a90,CUST015,Delivered,CAR003,LOC-WARE-003,LOC-CUST-13,2026-07-31 15:17:00,2026-08-09 15:17:00,2026-08-09 15:17:00,2026-08-09 15:17:00,2026-08-07 15:17:00
7accb691-2647-4150-8850-6c1bff45e47e,CUST014,Delivered,CAR001,LOC-WARE-004,LOC-CUST-12,2026-06-04 15:17:00,2026-06-06 15:17:00,2026-06-12 15:17:00,2026-06-12 15:17:00,2026-06-06 15:17:00
1fb70ed1-c3f3-4d8e-9930-095c41f14fbd,CUST007,Delivered,CAR003,LOC-WARE-004,LOC-CUST-5,2026-05-02 15:17:00,2026-05-04 15:17:00,2026-05-10 15:17:00,2026-05-10 15:17:00,2026-05-10 15:17:00
6d9bb55b-986b-4e69-b632-1748b1347465,CUST014,Delivered,CAR002,LOC-WARE-004,LOC-CUST-12,2026-07-19 15:17:00,2026-07-26 15:17:00,2026-07-28 15:17:00,2026-07-28 15:17:00,2026-07-29 15:17:00
d078db57-5148-4bae-808c-0731ac606deb,CUST014,Delivered,CAR002,LOC-WARE-004,LOC-CUST-12,2026-07-20 15:17:00,2026-07-24 15:17:00,2026-07-27 15:17:00,2026-07-28 15:17:00,2026-07-29 15:17:00
81b42caa-7604-4e77-8df5-2389280213a5,CUST004,Delivered,CAR001,LOC-WARE-003,LOC-CUST-2,2026-05-17 15:17:00,2026-05-23 15:17:00,2026-05-23 15:17:00,2026-05-26 15:17:00,2026-05-24 15:17:00
5bb6cfe0-ec6d-4e76-b792-3c695f5a2bdb,CUST004,Delivered,CAR002,LOC-WARE-003,LOC-CUST-2,2026-04-04 15:17:00,2026-04-09 15:17:00,2026-04-10 15:17:00,2026-04-10 15:17:00,2026-04-09 15:17:00
2507a71c-4ec5-4264-82e2-f0775412e019,CUST004,Delivered,CAR001,LOC-WARE-003,LOC-CUST-2,2026-08-06 15:17:00,2026-08-16 15:17:00,2026-08-11 15:17:00,2026-08-14 15:17:00,2026-08-15 15:17:00
b2f76989-c09d-49e1-a753-1f295532582c,CUST004,Delivered,CAR001,LOC-WARE-003,LOC-CUST-2,2026-08-07 15:17:00,2026-08-17 15:17:00,2026-08-12 15:17:00,2026-08-14 15:17:00,2026-08-15 15:17:00
fee1407d-d0c5-478f-9176-1aec9451da3a,CUST004,Delivered,CAR003,LOC-WARE-003,LOC-CUST-2,2026-05-02 15:17:00,2026-05-06 15:17:00,2026-05-09 15:17:00,2026-05-09 15:17:00,2026-05-10 15:17:00
22775cd7-f58d-4373-b398-c12de029283a,CUST015,Delivered,CAR003,LOC-WARE-003,LOC-CUST-13,2026-03-30 15:17:00,2026-04-10 15:17:00,2026-04-06 15:17:00,2026-04-07 15:17:00,2026-04-06 15:17:00
79845737-16f0-477c-9f78-a16aa189ffe1,CUST004,Delivered,CAR001,LOC-WARE-003,LOC-CUST-2,2026-04-09 15:17:00,2026-04-13 15:17:00,2026-04-17 15:17:00,2026-04-17 15:17:00,2026-04-11 15:17:00
a55c27a8-7ef2-4064-bd92-fd0a528f9e9d,CUST004,Delivered,CAR001,LOC-WARE-003,LOC-CUST-2,2026-04-05 15:17:00,2026-04-12 15:17:00,2026-04-12 15:17:00,2026-04-17 15:17:00,2026-04-11 15:17:00
f4adac96-ffa7-40a6-8ef0-dce9eb2cd40b,CUST007,Delivered,CAR002,LOC-WARE-003,LOC-CUST-5,2026-06-26 15:17:00,2026-07-02 15:17:00,2026-07-01 15:17:00,2026-07-01 15:17:00,2026-07-01 15:17:00
3972940b-3e92-4bf5-8a8e-d9bc8a5d0bcd,CUST011,Delivered,CAR003,LOC-WARE-004,LOC-CUST-9,2026-03-11 15:17:00,2026-03-14 15:17:00,2026-03-19 15:17:00,2026-03-19 15:17:00,2026-03-17 15:17:00
cb446e57-aa95-4137-a4e6-38826972ebc6,CUST005,Delivered,CAR003,LOC-WARE-004,LOC-CUST-3,2026-08-11 15:17:00,2026-08-16 15:17:00,2026-08-20 15:17:00,2026-08-22 15:17:00,2026-08-16 15:17:00
2a146b02-061f-42bf-878b-23e236d9975e,CUST005,Delivered,CAR003,LOC-WARE-004,LOC-CUST-3,2026-08-14 15:17:00,2026-08-18 15:17:00,2026-08-22 15:17:00,2026-08-22 15:17:00,2026-08-16 15:17:00
39f6db1d-4bd7-4694-9b77-89a1701cdf4b,CUST006,Delivered,CAR003,LOC-WARE-003,LOC-CUST-4,2026-04-30 15:17:00,2026-05-09 15:17:00,2026-05-09 15:17:00,2026-05-09 15:17:00,2026-05-06 15:17:00
1000ac77-5293-400f-9dae-ab04fcc9e2ab,CUST015,Delivered,CAR003,LOC-WARE-004,LOC-CUST-13,2026-08-22 15:17:00,2026-08-27 15:17:00,2026-08-31 15:17:00,2026-08-31 15:17:00,2026-08-23 15:17:00
ac2ce7a4-91e8-4ad7-9fbd-83d37ef5ca10,CUST007,Delivered,CAR001,LOC-WARE-003,LOC-CUST-5,2026-04-18 15:17:00,2026-04-28 15:17:00,2026-04-27 15:17:00,2026-04-27 15:17:00,2026-04-28 15:17:00
a7a7d2bf-cc24-4553-afa1-d18fffd0599b,CUST007,Delivered,CAR001,LOC-WARE-003,LOC-CUST-5,2026-04-20 15:17:00,2026-04-28 15:17:00,2026-04-26 15:17:00,2026-04-27 15:17:00,2026-04-28 15:17:00
b3c77916-65b9-461f-8a55-cd37b2a0d539,CUST010,Delivered,CAR002,LOC-WARE-004,LOC-CUST-8,2026-04-24 15:17:00,2026-04-29 15:17:00,2026-05-03 15:17:00,2026-05-03 15:17:00,2026-04-29 15:17:00
5f5fa449-d8cb-454a-a27b-6c7b9f9b8bc0,CUST014,Delivered,CAR003,LOC-WARE-004,LOC-CUST-12,2026-06-15 15:17:00,2026-06-18 15:17:00,2026-06-20 15:17:00,2026-06-20 15:17:00,2026-06-17 15:17:00
3484acdb-152d-4375-b338-1e6f026eacf7,CUST010,Delivered,CAR001,LOC-WARE-004,LOC-CUST-8,2026-03-22 15:17:00,2026-03-29 15:17:00,2026-03-31 15:17:00,2026-03-31 15:17:00,2026-03-26 15:17:00
10a16faa-83ed-4f38-9b32-d32f1fab9e6c,CUST010,Delivered,CAR001,LOC-WARE-004,LOC-CUST-8,2026-03-19 15:17:00,2026-03-29 15:17:00,2026-03-28 15:17:00,2026-03-31 15:17:00,2026-03-26 15:17:00
ef9b8f63-108a-492b-9774-5401166eb4c5,CUST013,Delivered,CAR002,LOC-WARE-004,LOC-CUST-11,2026-04-13 15:17:00,2026-04-14 15:17:00,2026-04-21 15:17:00,2026-04-21 15:17:00,2026-04-16 15:17:00
4928ad21-59c6-4c9f-89b7-e480e6f67055,CUST005,Delivered,CAR001,LOC-WARE-004,LOC-CUST-3,2026-07-24 15:17:00,2026-07-29 15:17:00,2026-08-01 15:17:00,2026-08-01 15:17:00,2026-07-29 15:17:00
5773fd31-83eb-4c25-9ef4-cfbc7e5c9a9e,CUST009,Delivered,CAR001,LOC-WARE-003,LOC-CUST-7,2026-04-07 15:17:00,2026-04-17 15:17:00,2026-04-14 15:17:00,2026-04-18 15:17:00,2026-04-17 15:17:00
b5606a1e-fd5e-42a9-8903-b476ef1707a0,CUST009,Delivered,CAR001,LOC-WARE-003,LOC-CUST-7,2026-04-12 15:17:00,2026-04-17 15:17:00,2026-04-18 15:17:00,2026-04-18 15:17:00,2026-04-17 15:17:00
cbd036f5-c008-45f6-b162-de3a2a4355d7,CUST004,Delivered,CAR002,LOC-WARE-004,LOC-CUST-2,2026-05-19 15:17:00,2026-05-26 15:17:00,2026-05-27 15:17:00,2026-05-27 15:17:00,2026-05-25 15:17:00
6f7f85e5-fed2-4d07-85ff-94bda3fa36f0,CUST004,Delivered,CAR002,LOC-WARE-004,LOC-CUST-2,2026-07-26 15:17:00,2026-08-05 15:17:00,2026-08-04 15:17:00,2026-08-04 15:17:00,2026-08-04 15:17:00
d4e8d822-0dc6-493b-980a-1034864154fe,CUST005,Delivered,CAR002,LOC-WARE-003,LOC-CUST-3,2026-05-28 15:17:00,2026-06-01 15:17:00,2026-06-02 15:17:00,2026-06-04 15:17:00,2026-06-07 15:17:00
54ff7724-0c0e-4ec3-802c-95245896d7b7,CUST005,Delivered,CAR002,LOC-WARE-003,LOC-CUST-3,2026-05-26 15:17:00,2026-06-05 15:17:00,2026-06-04 15:17:00,2026-06-04 15:17:00,2026-06-07 15:17:00
d09db56f-22b4-4c60-82aa-3dc5b2a2ada4,CUST015,Delivered,CAR002,LOC-WARE-003,LOC-CUST-13,2026-06-09 15:17:00,2026-06-18 15:17:00,2026-06-15 15:17:00,2026-06-16 15:17:00,2026-06-14 15:17:00
8889e87b-8b31-4999-a458-33f91989ef17,CUST006,Delivered,CAR001,LOC-WARE-003,LOC-CUST-4,2026-03-20 15:17:00,2026-03-22 15:17:00,2026-03-27 15:17:00,2026-03-27 15:17:00,2026-03-24 15:17:00
cb5de34d-b10b-4cd8-8a04-5ec836ddde65,CUST015,Delivered,CAR001,LOC-WARE-004,LOC-CUST-13,2026-07-06 15:17:00,2026-07-13 15:17:00,2026-07-14 15:17:00,2026-07-17 15:17:00,2026-07-11 15:17:00
953ce158-5689-490b-a2e9-07b56832b838,CUST015,Delivered,CAR001,LOC-WARE-004,LOC-CUST-13,2026-07-10 15:17:00,2026-07-14 15:17:00,2026-07-17 15:17:00,2026-07-17 15:17:00,2026-07-11 15:17:00
190f056a-f80a-4248-95f3-5011f251b0c5,CUST015,Delivered,CAR003,LOC-WARE-003,LOC-CUST-13,2026-03-06 15:17:00,2026-03-14 15:17:00,2026-03-14 15:17:00,2026-03-14 15:17:00,2026-03-16 15:17:00
b79d1eb9-9a6b-4e70-a0f4-8c357a947859,CUST002,Delivered,CAR003,LOC-WARE-004,LOC-CUST-1,2026-04-20 15:17:00,2026-04-27 15:17:00,2026-04-29 15:17:00,2026-04-29 15:17:00,2026-04-24 15:17:00
19de86eb-9b05-4b14-8428-5f931c844b04,CUST006,Delivered,CAR003,LOC-WARE-004,LOC-CUST-4,2026-05-01 15:17:00,2026-05-11 15:17:00,2026-05-09 15:17:00,2026-05-09 15:17:00,2026-05-08 15:17:00
33b79faf-4872-4833-9308-082c0639ecd0,CUST006,Delivered,CAR003,LOC-WARE-004,LOC-CUST-4,2026-05-04 15:17:00,2026-05-06 15:17:00,2026-05-09 15:17:00,2026-05-09 15:17:00,2026-05-08 15:17:00
d81abd76-0347-4eb8-9aa8-f84e90085911,CUST014,Delivered,CAR001,LOC-WARE-003,LOC-CUST-12,2026-03-30 15:17:00,2026-04-08 15:17:00,2026-04-07 15:17:00,2026-04-07 15:17:00,2026-04-05 15:17:00
c9655ca8-b02d-4697-ba84-0e56f15711cc,CUST011,Delivered,CAR003,LOC-WARE-003,LOC-CUST-9,2026-07-01 15:17:00,2026-07-04 15:17:00,2026-07-07 15:17:00,2026-07-07 15:17:00,2026-07-08 15:17:00
cd7fbd94-0a47-431d-a504-b25ee3bcad20,CUST002,Delivered,CAR001,LOC-WARE-003,LOC-CUST-1,2026-07-09 15:17:00,2026-07-16 15:17:00,2026-07-14 15:17:00,2026-07-16 15:17:00,2026-07-15 15:17:00
25917935-0095-49fd-a307-a39d59a92d0b,CUST002,Delivered,CAR001,LOC-WARE-003,LOC-CUST-1,2026-07-08 15:17:00,2026-07-19 15:17:00,2026-07-13 15:17:00,2026-07-16 15:17:00,2026-07-15 15:17:00
08b23013-74ab-483e-95cf-39ad55376f9d,CUST014,Delivered,CAR002,LOC-WARE-003,LOC-CUST-12,2026-04-05 15:17:00,2026-04-14 15:17:00,2026-04-11 15:17:00,2026-04-13 15:17:00,2026-04-15 15:17:00
c32d1319-b036-423e-92a6-f90c038b0c37,CUST008,Delivered,CAR002,LOC-WARE-004,LOC-CUST-6,2026-04-20 15:17:00,2026-04-22 15:17:00,2026-04-26 15:17:00,2026-04-26 15:17:00,2026-04-23 15:17:00
b12102b6-a600-4af4-b1e4-a577af2befd2,CUST006,Delivered,CAR002,LOC-WARE-003,LOC-CUST-4,2026-04-12 15:17:00,2026-04-19 15:17:00,2026-04-19 15:17:00,2026-04-19 15:17:00,2026-04-17 15:17:00
6d90c4da-6c91-4cfa-b7a5-d051dde0c922,CUST006,Delivered,CAR002,LOC-WARE-003,LOC-CUST-4,2026-04-11 15:17:00,2026-04-15 15:17:00,2026-04-18 15:17:00,2026-04-19 15:17:00,2026-04-17 15:17:00
b1c4c616-468c-4720-9db1-951ec738c390,CUST005,Delivered,CAR003,LOC-WARE-004,LOC-CUST-3,2026-05-09 15:17:00,2026-05-16 15:17:00,2026-05-14 15:17:00,2026-05-16 15:17:00,2026-05-18 15:17:00
c3c86c91-7916-4b93-9ea4-d79197ac3ce4,CUST006,Delivered,CAR002,LOC-WARE-004,LOC-CUST-4,2026-03-21 15:17:00,2026-03-24 15:17:00,2026-03-27 15:17:00,2026-03-27 15:17:00,2026-03-25 15:17:00
99d27928-a4a6-4c7d-8581-a73b9df51fcc,CUST007,Delivered,CAR002,LOC-WARE-003,LOC-CUST-5,2026-06-28 15:17:00,2026-07-06 15:17:00,2026-07-05 15:17:00,2026-07-06 15:17:00,2026-07-02 15:17:00
ca0c3bb7-9187-448d-b350-260db8bff3d6,CUST007,Delivered,CAR002,LOC-WARE-003,LOC-CUST-5,2026-06-30 15:17:00,2026-07-05 15:17:00,2026-07-06 15:17:00,2026-07-06 15:17:00,2026-07-02 15:17:00
fe677345-69d7-4883-9214-844edf79a5f6,CUST004,Delivered,CAR001,LOC-WARE-004,LOC-CUST-2,2026-08-28 15:17:00,2026-09-08 15:17:00,2026-09-06 15:17:00,2026-09-06 15:17:00,2026-09-06 15:17:00
2e2e1a17-643c-4ea2-af93-90b4a6bd5634,CUST007,Delivered,CAR002,LOC-WARE-004,LOC-CUST-5,2026-05-20 15:17:00,2026-05-24 15:17:00,2026-05-25 15:17:00,2026-05-26 15:17:00,2026-05-28 15:17:00
f0413293-7d00-4412-b001-99c25033bda9,CUST014,Delivered,CAR001,LOC-WARE-004,LOC-CUST-12,2026-05-07 15:17:00,2026-05-13 15:17:00,2026-05-15 15:17:00,2026-05-19 15:17:00,2026-05-18 15:17:00
be668dfa-c82e-46d3-9706-a24d1fc2aa24,CUST014,Delivered,CAR001,LOC-WARE-004,LOC-CUST-12,2026-05-11 15:17:00,2026-05-16 15:17:00,2026-05-19 15:17:00,2026-05-19 15:17:00,2026-05-18 15:17:00
194a3b5f-66de-40ea-b19b-d4df9d96fac1,CUST004,Delivered,CAR001,LOC-WARE-004,LOC-CUST-2,2026-04-07 15:17:00,2026-04-14 15:17:00,2026-04-13 15:17:00,2026-04-15 15:17:00,2026-04-15 15:17:00
a6d3bc95-1dd3-41cd-ad21-59fe16b78594,CUST002,Delivered,CAR003,LOC-WARE-003,LOC-CUST-1,2026-07-31 15:17:00,2026-08-09 15:17:00,2026-08-07 15:17:00,2026-08-07 15:17:00,2026-08-07 15:17:00
f6220358-b15c-4d4a-92fd-2bc70a648497,CUST010,Delivered,CAR003,LOC-WARE-004,LOC-CUST-8,2026-06-18 15:17:00,2026-06-24 15:17:00,2026-06-27 15:17:00,2026-06-27 15:17:00,2026-06-26 15:17:00
be9a6ad8-7662-4534-b87f-5012269af812,CUST010,Delivered,CAR003,LOC-WARE-004,LOC-CUST-8,2026-06-19 15:17:00,2026-06-22 15:17:00,2026-06-26 15:17:00,2026-06-27 15:17:00,2026-06-26 15:17:00
a2f2fc0a-4ab2-46b8-a279-1bbd9a2ec79b,CUST006,Delivered,CAR001,LOC-WARE-003,LOC-CUST-4,2026-08-29 15:17:00,2026-09-05 15:17:00,2026-09-06 15:17:00,2026-09-06 15:17:00,2026-08-31 15:17:00
f7301f7d-192d-4a6f-842e-0f54aa541d62,CUST004,Delivered,CAR001,LOC-WARE-003,LOC-CUST-2,2026-03-28 15:17:00,2026-04-03 15:17:00,2026-04-02 15:17:00,2026-04-03 15:17:00,2026-04-01 15:17:00
d13675a9-a19f-4794-ba6f-b53fcf71480a,CUST006,Delivered,CAR001,LOC-WARE-004,LOC-CUST-4,2026-04-18 15:17:00,2026-04-19 15:17:00,2026-04-27 15:17:00,2026-04-27 15:17:00,2026-04-19 15:17:00
6cb84faa-819b-418e-bc3f-99d4e6423a1a,CUST006,Delivered,CAR001,LOC-WARE-004,LOC-CUST-4,2026-04-15 15:17:00,2026-04-19 15:17:00,2026-04-24 15:17:00,2026-04-27 15:17:00,2026-04-19 15:17:00
78a56a4b-581f-43ff-bd5b-0ae1c25df9d9,CUST006,Delivered,CAR003,LOC-WARE-004,LOC-CUST-4,2026-05-21 15:17:00,2026-05-29 15:17:00,2026-05-28 15:17:00,2026-05-28 15:17:00,2026-05-28 15:17:00
c2cb9894-66b9-45c2-879b-6b348af8ebbc,CUST010,Delivered,CAR003,LOC-WARE-004,LOC-CUST-8,2026-09-02 15:17:00,2026-09-11 15:17:00,2026-09-07 15:17:00,2026-09-08 15:17:00,2026-09-09 15:17:00
b9acc445-7729-44fb-8346-52260793267e,CUST004,Delivered,CAR003,LOC-WARE-003,LOC-CUST-2,2026-06-20 15:17:00,2026-06-22 15:17:00,2026-06-28 15:17:00,2026-06-28 15:17:00,2026-06-27 15:17:00
8f76ff2e-66ef-4215-b561-a3eeae92b358,CUST004,Delivered,CAR003,LOC-WARE-003,LOC-CUST-2,2026-06-20 15:17:00,2026-06-27 15:17:00,2026-06-28 15:17:00,2026-06-28 15:17:00,2026-06-27 15:17:00
051074df-ca23-4d87-870b-4b5df98f69c9,CUST012,Delivered,CAR002,LOC-WARE-003,LOC-CUST-10,2026-07-03 15:17:00,2026-07-06 15:17:00,2026-07-12 15:17:00,2026-07-12 15:17:00,2026-07-12 15:17:00
06f22969-5bf2-45bb-bed8-bcbca9152179,CUST004,Delivered,CAR002,LOC-WARE-004,LOC-CUST-2,2026-06-23 15:17:00,2026-07-01 15:17:00,2026-07-02 15:17:00,2026-07-02 15:17:00,2026-06-29 15:17:00
a7f48ff4-4e30-458b-9aee-26da573505bf,CUST005,Delivered,CAR003,LOC-WARE-004,LOC-CUST-3,2026-04-24 15:17:00,2026-05-04 15:17:00,2026-05-03 15:17:00,2026-05-03 15:17:00,2026-05-03 15:17:00
3b67d63a-860b-4a58-b9de-e1f5830fd203,CUST005,Delivered,CAR003,LOC-WARE-004,LOC-CUST-3,2026-04-23 15:17:00,2026-05-02 15:17:00,2026-05-02 15:17:00,2026-05-03 15:17:00,2026-05-03 15:17:00
71e8918e-b8bc-4b58-8658-aba36fbabe50,CUST015,Delivered,CAR003,LOC-WARE-004,LOC-CUST-13,2026-06-11 15:17:00,2026-06-19 15:17:00,2026-06-20 15:17:00,2026-06-20 15:17:00,2026-06-14 15:17:00
e7ad21f5-950f-4bed-8126-8e7a7824f822,CUST013,Delivered,CAR002,LOC-WARE-004,LOC-CUST-11,2026-03-18 15:17:00,2026-03-25 15:17:00,2026-03-27 15:17:00,2026-03-27 15:17:00,2026-03-26 15:17:00
2a9ca083-2f1c-4a3e-9adb-7d87d949d3e6,CUST006,Delivered,CAR001,LOC-WARE-004,LOC-CUST-4,2026-08-21 15:17:00,2026-08-30 15:17:00,2026-08-29 15:17:00,2026-09-01 15:17:00,2026-08-27 15:17:00
a44bc9a0-22d5-47d9-8238-528ceba60be6,CUST006,Delivered,CAR001,LOC-WARE-004,LOC-CUST-4,2026-08-23 15:17:00,2026-08-29 15:17:00,2026-09-01 15:17:00,2026-09-01 15:17:00,2026-08-27 15:17:00
9468f710-264a-417a-8094-1243846c962c,CUST010,Delivered,CAR002,LOC-WARE-003,LOC-CUST-8,2026-08-08 15:17:00,2026-08-13 15:17:00,2026-08-13 15:17:00,2026-08-14 15:17:00,2026-08-17 15:17:00
bd13b89e-aa8b-405f-9a69-ff6e9c5950a9,CUST004,Delivered,CAR002,LOC-WARE-003,LOC-CUST-2,2026-06-18 15:17:00,2026-06-25 15:17:00,2026-06-25 15:17:00,2026-06-25 15:17:00,2026-06-21 15:17:00
fa94591c-4539-43e4-8aed-75ce24eb50bd,CUST013,Delivered,CAR001,LOC-WARE-004,LOC-CUST-11,2026-06-13 15:17:00,2026-06-21 15:17:00,2026-06-18 15:17:00,2026-06-24 15:17:00,2026-06-19 15:17:00
775a0922-1524-48a4-b8fa-3c9b270f4eff,CUST013,Delivered,CAR001,LOC-WARE-004,LOC-CUST-11,2026-06-15 15:17:00,2026-06-18 15:17:00,2026-06-24 15:17:00,2026-06-24 15:17:00,2026-06-19 15:17:00
872b93b5-cd92-4a9b-a7c1-082cad8df326,CUST011,Delivered,CAR001,LOC-WARE-004,LOC-CUST-9,2026-05-25 15:17:00,2026-06-01 15:17:00,2026-05-30 15:17:00,2026-05-30 15:17:00,2026-05-28 15:17:00
4cf63ba9-abcf-4e3f-aa97-080187988caa,CUST015,Delivered,CAR001,LOC-WARE-003,LOC-CUST-13,2026-05-24 15:17:00,2026-06-02 15:17:00,2026-06-01 15:17:00,2026-06-01 15:17:00,2026-06-01 15:17:00
af2d7f26-5352-4242-ba59-cc5bcae5a3c3,CUST005,Delivered,CAR003,LOC-WARE-004,LOC-CUST-3,2026-04-21 15:17:00,2026-05-02 15:17:00,2026-04-30 15:17:00,2026-04-30 15:17:00,2026-05-02 15:17:00
cf76133f-dcbe-4890-a1f9-fbd37a9221b4,CUST005,Delivered,CAR003,LOC-WARE-004,LOC-CUST-3,2026-04-23 15:17:00,2026-05-02 15:17:00,2026-04-28 15:17:00,2026-04-30 15:17:00,2026-05-02 15:17:00
f38e4730-dabe-4148-9354-e26d25f161c8,CUST006,Delivered,CAR002,LOC-WARE-003,LOC-CUST-4,2026-05-28 15:17:00,2026-06-05 15:17:00,2026-06-04 15:17:00,2026-06-04 15:17:00,2026-06-05 15:17:00
0a496d93-572a-45ba-a894-2fc121907b20,CUST006,Delivered,CAR001,LOC-WARE-003,LOC-CUST-4,2026-05-23 15:17:00,2026-05-24 15:17:00,2026-05-30 15:17:00,2026-05-30 15:17:00,2026-05-25 15:17:00
16d13e8a-233d-48d3-afec-3b49f0cf3146,CUST007,Delivered,CAR002,LOC-WARE-004,LOC-CUST-5,2026-06-18 15:17:00,2026-06-21 15:17:00,2026-06-23 15:17:00,2026-06-24 15:17:00,2026-06-25 15:17:00
675e3ac1-a5d0-46e8-9b7d-b987c4ffe564,CUST007,Delivered,CAR002,LOC-WARE-004,LOC-CUST-5,2026-06-18 15:17:00,2026-06-22 15:17:00,2026-06-24 15:17:00,2026-06-24 15:17:00,2026-06-25 15:17:00
5bae2b9d-218e-457f-b211-a1419f66c79c,CUST004,Delivered,CAR001,LOC-WARE-003,LOC-CUST-2,2026-03-10 15:17:00,2026-03-19 15:17:00,2026-03-19 15:17:00,2026-03-19 15:17:00,2026-03-16 15:17:00
be667b3d-be37-4c56-91c6-3cb2f6be3c77,CUST002,Delivered,CAR001,LOC-WARE-003,LOC-CUST-1,2026-05-18 15:17:00,2026-05-20 15:17:00,2026-05-25 15:17:00,2026-05-25 15:17:00,2026-05-20 15:17:00
dae05431-d807-4f8f-a68d-6e88fc5f37b7,CUST005,Delivered,CAR002,LOC-WARE-003,LOC-CUST-3,2026-04-06 15:17:00,2026-04-08 15:17:00,2026-04-11 15:17:00,2026-04-11 15:17:00,2026-04-10 15:17:00
a4637b11-f25b-42eb-b255-61521e461930,CUST005,Delivered,CAR002,LOC-WARE-003,LOC-CUST-3,2026-04-05 15:17:00,2026-04-08 15:17:00,2026-04-11 15:17:00,2026-04-11 15:17:00,2026-04-10 15:17:00
bd479982-e6c9-429c-91c1-fdec682e65b3,CUST013,Delivered,CAR002,LOC-WARE-004,LOC-CUST-11,2026-08-08 15:17:00,2026-08-12 15:17:00,2026-08-17 15:17:00,2026-08-17 15:17:00,2026-08-11 15:17:00
d218d074-8b01-4f4b-9dbc-4a5b93353f15,CUST013,Delivered,CAR003,LOC-WARE-003,LOC-CUST-11,2026-06-06 15:17:00,2026-06-13 15:17:00,2026-06-15 15:17:00,2026-06-15 15:17:00,2026-06-12 15:17:00
7b820aed-3280-456c-875c-43cb4424e09f,CUST006,Delivered,CAR002,LOC-WARE-003,LOC-CUST-4,2026-05-27 15:17:00,2026-06-05 15:17:00,2026-06-01 15:17:00,2026-06-02 15:17:00,2026-06-04 15:17:00
68f8c93d-3b2d-42c7-ba93-96266034f135,CUST006,Delivered,CAR002,LOC-WARE-003,LOC-CUST-4,2026-05-25 15:17:00,2026-06-05 15:17:00,2026-05-30 15:17:00,2026-06-02 15:17:00,2026-06-04 15:17:00
1335d2a2-776e-4f35-bd98-df7a7d168a2d,CUST013,Delivered,CAR001,LOC-WARE-003,LOC-CUST-11,2026-07-23 15:17:00,2026-08-03 15:17:00,2026-07-28 15:17:00,2026-07-31 15:17:00,2026-07-29 15:17:00
07d304ca-9db9-4513-8775-60a2f1c021e9,CUST006,Delivered,CAR001,LOC-WARE-003,LOC-CUST-4,2026-07-16 15:17:00,2026-07-21 15:17:00,2026-07-22 15:17:00,2026-07-23 15:17:00,2026-07-26 15:17:00
62776b19-eb12-46f1-a954-98a7db9215bb,CUST010,Delivered,CAR003,LOC-WARE-004,LOC-CUST-8,2026-08-26 15:17:00,2026-09-02 15:17:00,2026-09-01 15:17:00,2026-09-03 15:17:00,2026-09-02 15:17:00
d574357a-c3cb-446c-b185-77122cf6f85b,CUST010,Delivered,CAR003,LOC-WARE-004,LOC-CUST-8,2026-08-26 15:17:00,2026-08-31 15:17:00,2026-09-03 15:17:00,2026-09-03 15:17:00,2026-09-02 15:17:00
bc9e7baf-0c27-4e8a-8a7d-da1ecb8c402e,CUST015,Delivered,CAR002,LOC-WARE-003,LOC-CUST-13,2026-07-14 15:17:00,2026-07-22 15:17:00,2026-07-21 15:17:00,2026-07-22 15:17:00,2026-07-19 15:17:00
d0d46864-b687-4b6d-bd67-b997e0005abd,CUST007,Delivered,CAR002,LOC-WARE-004,LOC-CUST-5,2026-07-20 15:17:00,2026-07-24 15:17:00,2026-07-27 15:17:00,2026-07-27 15:17:00,2026-07-22 15:17:00
9204b60e-9d65-4bb6-aa3c-1c0d089fa472,CUST011,Delivered,CAR001,LOC-WARE-003,LOC-CUST-9,2026-06-23 15:17:00,2026-07-02 15:17:00,2026-06-29 15:17:00,2026-07-05 15:17:00,2026-07-01 15:17:00
dc147a7d-e824-46c4-a7c5-6506f58d6515,CUST011,Delivered,CAR001,LOC-WARE-003,LOC-CUST-9,2026-06-26 15:17:00,2026-06-29 15:17:00,2026-07-05 15:17:00,2026-07-05 15:17:00,2026-07-01 15:17:00
09acb4fd-afe0-49a2-a14f-5680d7595faf,CUST008,Delivered,CAR003,LOC-WARE-004,LOC-CUST-6,2026-08-20 15:17:00,2026-08-27 15:17:00,2026-08-28 15:17:00,2026-08-28 15:17:00,2026-08-31 15:17:00
3c7118eb-176e-4016-8b45-66e09c191eaa,CUST011,Delivered,CAR002,LOC-WARE-003,LOC-CUST-9,2026-03-12 15:17:00,2026-03-21 15:17:00,2026-03-18 15:17:00,2026-03-19 15:17:00,2026-03-16 15:17:00
d4df9e85-de60-4ea9-b675-20f4769ced5e,CUST011,Delivered,CAR001,LOC-WARE-004,LOC-CUST-9,2026-05-09 15:17:00,2026-05-15 15:17:00,2026-05-17 15:17:00,2026-05-17 15:17:00,2026-05-18 15:17:00
c3c1d8f3-6439-4cc4-a78d-4bb14ffa6d07,CUST011,Delivered,CAR001,LOC-WARE-004,LOC-CUST-9,2026-05-09 15:17:00,2026-05-13 15:17:00,2026-05-16 15:17:00,2026-05-17 15:17:00,2026-05-18 15:17:00
89c5eadf-b8e2-459a-a93c-d96019e5611a,CUST002,Delivered,CAR003,LOC-WARE-004,LOC-CUST-1,2026-06-29 15:17:00,2026-07-03 15:17:00,2026-07-06 15:17:00,2026-07-06 15:17:00,2026-06-30 15:17:00
72e2d330-becb-4e0b-8c76-718ab23011f6,CUST008,Delivered,CAR001,LOC-WARE-003,LOC-CUST-6,2026-07-10 15:17:00,2026-07-19 15:17:00,2026-07-15 15:17:00,2026-07-18 15:17:00,2026-07-20 15:17:00
cb3c438c-83c4-49c6-9081-6fe2fbd71794,CUST010,Delivered,CAR001,LOC-WARE-004,LOC-CUST-8,2026-03-24 15:17:00,2026-04-01 15:17:00,2026-04-01 15:17:00,2026-04-03 15:17:00,2026-04-01 15:17:00
09b51586-4814-4f92-a382-cece19402270,CUST010,Delivered,CAR001,LOC-WARE-004,LOC-CUST-8,2026-03-28 15:17:00,2026-04-04 15:17:00,2026-04-03 15:17:00,2026-04-03 15:17:00,2026-04-01 15:17:00
f2c3de59-1ff4-413b-b802-cfb1fd67ca3e,CUST005,Delivered,CAR002,LOC-WARE-003,LOC-CUST-3,2026-05-20 15:17:00,2026-05-24 15:17:00,2026-05-25 15:17:00,2026-05-25 15:17:00,2026-05-27 15:17:00
c79ab553-1336-4d29-9858-82608313ba37,CUST007,Delivered,CAR001,LOC-WARE-003,LOC-CUST-5,2026-05-16 15:17:00,2026-05-24 15:17:00,2026-05-22 15:17:00,2026-05-22 15:17:00,2026-05-19 15:17:00
297dabc7-0e5b-4c39-b363-044b50797f7d,CUST005,Delivered,CAR003,LOC-WARE-004,LOC-CUST-3,2026-08-26 15:17:00,2026-08-31 15:17:00,2026-08-31 15:17:00,2026-09-02 15:17:00,2026-09-02 15:17:00
dbdfeb9d-f457-4467-8a08-4cd741b5ea8c,CUST005,Delivered,CAR003,LOC-WARE-004,LOC-CUST-3,2026-08-28 15:17:00,2026-09-04 15:17:00,2026-09-02 15:17:00,2026-09-02 15:17:00,2026-09-02 15:17:00
98532cf6-3cf1-446d-8b7f-24059c26044c,CUST014,Delivered,CAR003,LOC-WARE-003,LOC-CUST-12,2026-05-30 15:17:00,2026-06-04 15:17:00,2026-06-06 15:17:00,2026-06-06 15:17:00,2026-06-07 15:17:00
aef6914d-312d-4a45-8037-bf7e84609a76,CUST010,Delivered,CAR003,LOC-WARE-003,LOC-CUST-8,2026-08-30 15:17:00,2026-09-07 15:17:00,2026-09-04 15:17:00,2026-09-05 15:17:00,2026-09-05 15:17:00
0ef4059c-cab1-4c06-b84c-fcc68acb8df1,CUST009,Delivered,CAR002,LOC-WARE-003,LOC-CUST-7,2026-04-30 15:17:00,2026-05-06 15:17:00,2026-05-09 15:17:00,2026-05-09 15:17:00,2026-05-06 15:17:00
f11a531e-5ce7-4f38-a50f-7ced18f7621e,CUST009,Delivered,CAR002,LOC-WARE-003,LOC-CUST-7,2026-04-29 15:17:00,2026-05-09 15:17:00,2026-05-08 15:17:00,2026-05-09 15:17:00,2026-05-06 15:17:00
472b0112-8ae7-4330-aa6a-86fffbf9504c,CUST008,Delivered,CAR001,LOC-WARE-003,LOC-CUST-6,2026-05-11 15:17:00,2026-05-17 15:17:00,2026-05-20 15:17:00,2026-05-20 15:17:00,2026-05-16 15:17:00
4a0a9bab-132a-47db-b38b-30c1531bcc33,CUST013,Delivered,CAR003,LOC-WARE-004,LOC-CUST-11,2026-07-21 15:17:00,2026-07-26 15:17:00,2026-07-30 15:17:00,2026-07-30 15:17:00,2026-07-24 15:17:00
4cc4951e-2bdf-437e-856f-d546873d250e,CUST004,Delivered,CAR002,LOC-WARE-004,LOC-CUST-2,2026-03-12 15:17:00,2026-03-18 15:17:00,2026-03-18 15:17:00,2026-03-20 15:17:00,2026-03-22 15:17:00
ad39e15e-9338-4802-9475-bc6d11821ae2,CUST004,Delivered,CAR002,LOC-WARE-004,LOC-CUST-2,2026-03-12 15:17:00,2026-03-19 15:17:00,2026-03-17 15:17:00,2026-03-20 15:17:00,2026-03-22 15:17:00
2801a949-3c54-4694-b0af-f9da0f6ef05e,CUST014,Delivered,CAR002,LOC-WARE-004,LOC-CUST-12,2026-06-19 15:17:00,2026-06-23 15:17:00,2026-06-28 15:17:00,2026-06-28 15:17:00,2026-06-22 15:17:00
c07ab99f-a7d9-453f-93bb-a3951dd1ec36,CUST015,Delivered,CAR003,LOC-WARE-003,LOC-CUST-13,2026-05-23 15:17:00,2026-05-30 15:17:00,2026-05-29 15:17:00,2026-05-31 15:17:00,2026-05-30 15:17:00
4f2bcde0-14fd-4416-85d9-f746c29b74d9,CUST005,Delivered,CAR003,LOC-WARE-003,LOC-CUST-3,2026-08-16 15:17:00,2026-08-19 15:17:00,2026-08-24 15:17:00,2026-08-24 15:17:00,2026-08-23 15:17:00
96769886-bf09-4fd2-9f9b-10d450f1e2b9,CUST005,Delivered,CAR003,LOC-WARE-003,LOC-CUST-3,2026-08-13 15:17:00,2026-08-23 15:17:00,2026-08-18 15:17:00,2026-08-24 15:17:00,2026-08-23 15:17:00
bfba17ac-fa77-4263-9342-51d4ad5ccb43,CUST011,Delivered,CAR002,LOC-WARE-003,LOC-CUST-9,2026-07-07 15:17:00,2026-07-11 15:17:00,2026-07-12 15:17:00,2026-07-14 15:17:00,2026-07-16 15:17:00
2a266ed8-cee7-4ce7-8fbe-9421e13ba195,CUST013,Delivered,CAR003,LOC-WARE-003,LOC-CUST-11,2026-03-22 15:17:00,2026-03-27 15:17:00,2026-03-28 15:17:00,2026-03-29 15:17:00,2026-03-28 15:17:00
24d76845-f5c7-4d5e-a981-0bd67c04e163,CUST015,Delivered,CAR003,LOC-WARE-004,LOC-CUST-13,2026-08-21 15:17:00,2026-08-27 15:17:00,2026-08-29 15:17:00,2026-08-29 15:17:00,2026-08-27 15:17:00
875c0594-98f7-4a38-8d54-d5e8a68fa80f,CUST015,Delivered,CAR003,LOC-WARE-004,LOC-CUST-13,2026-08-18 15:17:00,2026-08-24 15:17:00,2026-08-23 15:17:00,2026-08-29 15:17:00,2026-08-27 15:17:00
32d29d9b-8796-47e8-a42c-859e26a28b9c,CUST002,Delivered,CAR003,LOC-WARE-004,LOC-CUST-1,2026-04-26 15:17:00,2026-05-04 15:17:00,2026-05-02 15:17:00,2026-05-03 15:17:00,2026-05-06 15:17:00
148baa7c-d6a9-4cbd-84cd-3f882744044e,CUST007,Delivered,CAR003,LOC-WARE-003,LOC-CUST-5,2026-06-11 15:17:00,2026-06-17 15:17:00,2026-06-17 15:17:00,2026-06-17 15:17:00,2026-06-14 15:17:00
7708731f-62ac-4286-9ba1-4d740c0f99eb,CUST002,Delivered,CAR002,LOC-WARE-003,LOC-CUST-1,2026-05-18 15:17:00,2026-05-27 15:17:00,2026-05-26 15:17:00,2026-05-27 15:17:00,2026-05-27 15:17:00
eb7a2d8f-e912-4ba5-b9e3-8ee6661a2d59,CUST002,Delivered,CAR002,LOC-WARE-003,LOC-CUST-1,2026-05-21 15:17:00,2026-05-28 15:17:00,2026-05-27 15:17:00,2026-05-27 15:17:00,2026-05-27 15:17:00
4b09699f-d563-4492-84ec-013e556e9cc1,CUST005,Delivered,CAR001,LOC-WARE-004,LOC-CUST-3,2026-04-20 15:17:00,2026-04-28 15:17:00,2026-04-25 15:17:00,2026-04-29 15:17:00,2026-04-30 15:17:00
77343e23-f946-4f2f-859d-f2a91ba963d6,CUST015,Delivered,CAR001,LOC-WARE-004,LOC-CUST-13,2026-08-13 15:17:00,2026-08-19 15:17:00,2026-08-18 15:17:00,2026-08-21 15:17:00,2026-08-22 15:17:00
a3ff33ca-ac45-4bd5-bd11-c1091f43aba0,CUST008,Delivered,CAR001,LOC-WARE-004,LOC-CUST-6,2026-08-25 15:17:00,2026-08-30 15:17:00,2026-08-30 15:17:00,2026-08-30 15:17:00,2026-08-31 15:17:00
68671759-3fb2-452b-a4f7-eb129f557da3,CUST008,Delivered,CAR001,LOC-WARE-004,LOC-CUST-6,2026-08-22 15:17:00,2026-09-01 15:17:00,2026-08-27 15:17:00,2026-08-30 15:17:00,2026-08-31 15:17:00
14cb11ad-2cab-4c30-9cde-7ba0c0525ed5,CUST008,Delivered,CAR001,LOC-WARE-004,LOC-CUST-6,2026-07-21 15:17:00,2026-07-31 15:17:00,2026-07-26 15:17:00,2026-07-28 15:17:00,2026-07-29 15:17:00
bdb3e507-232a-48a2-a4f1-4d081ae410e9,CUST005,Delivered,CAR001,LOC-WARE-004,LOC-CUST-3,2026-07-06 15:17:00,2026-07-15 15:17:00,2026-07-12 15:17:00,2026-07-15 15:17:00,2026-07-17 15:17:00
7dda1c0d-e8d4-4099-938d-44672e558d5a,CUST012,Delivered,CAR003,LOC-WARE-004,LOC-CUST-10,2026-06-29 15:17:00,2026-07-03 15:17:00,2026-07-06 15:17:00,2026-07-06 15:17:00,2026-07-08 15:17:00
4010d8d1-b21d-4e10-aec7-07308031069c,CUST012,Delivered,CAR003,LOC-WARE-004,LOC-CUST-10,2026-06-26 15:17:00,2026-07-05 15:17:00,2026-07-03 15:17:00,2026-07-06 15:17:00,2026-07-08 15:17:00
8054a963-e941-4a11-9513-9c837d3ab7d2,CUST006,Delivered,CAR003,LOC-WARE-003,LOC-CUST-4,2026-04-23 15:17:00,2026-04-30 15:17:00,2026-05-01 15:17:00,2026-05-01 15:17:00,2026-04-28 15:17:00
2587e97a-79d7-4e2d-b4af-3e18a914c9d1,CUST008,Delivered,CAR002,LOC-WARE-003,LOC-CUST-6,2026-07-25 15:17:00,2026-08-05 15:17:00,2026-08-02 15:17:00,2026-08-02 15:17:00,2026-07-31 15:17:00
71042488-0374-472d-a133-2bc42f63be41,CUST015,Delivered,CAR001,LOC-WARE-004,LOC-CUST-13,2026-06-23 15:17:00,2026-06-26 15:17:00,2026-06-29 15:17:00,2026-06-29 15:17:00,2026-06-26 15:17:00
f914e144-69b4-42cf-8718-0639ff71710d,CUST015,Delivered,CAR001,LOC-WARE-004,LOC-CUST-13,2026-06-20 15:17:00,2026-06-27 15:17:00,2026-06-25 15:17:00,2026-06-29 15:17:00,2026-06-26 15:17:00
bf7aa346-d2f9-42d7-97eb-309b20caa08c,CUST011,Delivered,CAR002,LOC-WARE-004,LOC-CUST-9,2026-08-17 15:17:00,2026-08-23 15:17:00,2026-08-24 15:17:00,2026-08-24 15:17:00,2026-08-21 15:17:00
8f7a18e6-9ed3-43f8-b919-7dfb91cbacba,CUST011,Delivered,CAR001,LOC-WARE-004,LOC-CUST-9,2026-06-22 15:17:00,2026-06-28 15:17:00,2026-06-29 15:17:00,2026-06-29 15:17:00,2026-06-26 15:17:00
eca8dc4d-3fa6-4c29-8aa8-b35ba48269a1,CUST004,Delivered,CAR001,LOC-WARE-004,LOC-CUST-2,2026-03-21 15:17:00,2026-03-26 15:17:00,2026-03-30 15:17:00,2026-03-30 15:17:00,2026-03-28 15:17:00
9920ba09-5fde-4ced-bbc7-fb675770051c,CUST004,Delivered,CAR001,LOC-WARE-004,LOC-CUST-2,2026-03-22 15:17:00,2026-03-25 15:17:00,2026-03-27 15:17:00,2026-03-30 15:17:00,2026-03-28 15:17:00
fae5bb0c-fb30-4627-9fbe-413d8da42e5f,CUST004,Delivered,CAR001,LOC-WARE-003,LOC-CUST-2,2026-06-16 15:17:00,2026-06-19 15:17:00,2026-06-25 15:17:00,2026-06-25 15:17:00,2026-06-21 15:17:00
fc75072c-0046-4b54-9193-6df0c964297b,CUST014,Delivered,CAR003,LOC-WARE-004,LOC-CUST-12,2026-05-31 15:17:00,2026-06-08 15:17:00,2026-06-06 15:17:00,2026-06-08 15:17:00,2026-06-07 15:17:00
aa740487-d544-47b6-a913-b4371ffc0f74,CUST004,Delivered,CAR001,LOC-WARE-004,LOC-CUST-2,2026-08-15 15:17:00,2026-08-19 15:17:00,2026-08-24 15:17:00,2026-08-24 15:17:00,2026-08-17 15:17:00
2e228157-945c-45b8-a619-f0c304123d07,CUST004,Delivered,CAR001,LOC-WARE-004,LOC-CUST-2,2026-08-13 15:17:00,2026-08-20 15:17:00,2026-08-20 15:17:00,2026-08-24 15:17:00,2026-08-17 15:17:00
2f604206-6d89-4907-97ad-fdbdfb3b1fd8,CUST013,Delivered,CAR001,LOC-WARE-004,LOC-CUST-11,2026-06-13 15:17:00,2026-06-20 15:17:00,2026-06-22 15:17:00,2026-06-22 15:17:00,2026-06-21 15:17:00
628f5af2-05d6-401d-bd01-f57982dacae8,CUST015,Delivered,CAR003,LOC-WARE-004,LOC-CUST-13,2026-07-10 15:17:00,2026-07-19 15:17:00,2026-07-16 15:17:00,2026-07-18 15:17:00,2026-07-15 15:17:00
4eb19aa2-da3b-409f-a83a-3d598007d614,CUST004,Delivered,CAR002,LOC-WARE-003,LOC-CUST-2,2026-04-20 15:17:00,2026-04-27 15:17:00,2026-04-28 15:17:00,2026-04-30 15:17:00,2026-04-29 15:17:00
36c6accc-d6e9-48fe-b4c3-2a3d39a971bf,CUST004,Delivered,CAR002,LOC-WARE-003,LOC-CUST-2,2026-04-23 15:17:00,2026-05-01 15:17:00,2026-04-30 15:17:00,2026-04-30 15:17:00,2026-04-29 15:17:00
852f1788-ad26-446f-95b2-967120ae3f3a,CUST002,Delivered,CAR001,LOC-WARE-003,LOC-CUST-1,2026-08-14 15:17:00,2026-08-18 15:17:00,2026-08-20 15:17:00,2026-08-20 15:17:00,2026-08-20 15:17:00
2ef7082a-bf78-4b87-993d-e91945e26cc0,CUST007,Delivered,CAR002,LOC-WARE-004,LOC-CUST-5,2026-07-26 15:17:00,2026-07-31 15:17:00,2026-08-04 15:17:00,2026-08-04 15:17:00,2026-08-04 15:17:00
c4a86692-aa71-438d-87f0-3589ee102ba7,CUST012,Delivered,CAR002,LOC-WARE-003,LOC-CUST-10,2026-08-31 15:17:00,2026-09-07 15:17:00,2026-09-08 15:17:00,2026-09-08 15:17:00,2026-09-05 15:17:00
3cc03909-3da2-4d85-9c2a-dc7d9334fdd7,CUST012,Delivered,CAR002,LOC-WARE-003,LOC-CUST-10,2026-08-30 15:17:00,2026-09-10 15:17:00,2026-09-08 15:17:00,2026-09-08 15:17:00,2026-09-05 15:17:00
3490fdf4-03ed-40fc-97ce-c3591f72cee1,CUST008,Delivered,CAR002,LOC-WARE-004,LOC-CUST-6,2026-09-03 15:17:00,2026-09-06 15:17:00,2026-09-10 15:17:00,2026-09-10 15:17:00,2026-09-09 15:17:00
886e0597-b4fe-4423-b016-1620f619cb3d,CUST012,Delivered,CAR002,LOC-WARE-004,LOC-CUST-10,2026-03-25 15:17:00,2026-03-30 15:17:00,2026-03-30 15:17:00,2026-03-31 15:17:00,2026-03-28 15:17:00
6564f4f0-ad7a-4cf0-9364-2cb995a31dd6,CUST005,Delivered,CAR003,LOC-WARE-004,LOC-CUST-3,2026-03-12 15:17:00,2026-03-24 15:17:00,2026-03-20 15:17:00,2026-03-22 15:17:00,2026-03-22 15:17:00
2cfa07ac-22e5-4888-b6b7-01b3ba0652f2,CUST005,Delivered,CAR003,LOC-WARE-004,LOC-CUST-3,2026-03-13 15:17:00,2026-03-23 15:17:00,2026-03-22 15:17:00,2026-03-22 15:17:00,2026-03-22 15:17:00
65e1914a-81bf-4139-99b0-efc37d460603,CUST002,Delivered,CAR001,LOC-WARE-003,LOC-CUST-1,2026-08-28 15:17:00,2026-09-01 15:17:00,2026-09-03 15:17:00,2026-09-04 15:17:00,2026-09-07 15:17:00
185735d7-a53e-423c-a456-d6962830bab7,CUST011,Delivered,CAR002,LOC-WARE-004,LOC-CUST-9,2026-04-25 15:17:00,2026-05-05 15:17:00,2026-04-30 15:17:00,2026-05-02 15:17:00,2026-05-01 15:17:00
de5f15dd-1a6c-4934-94d2-9d066b283b96,CUST009,Delivered,CAR003,LOC-WARE-003,LOC-CUST-7,2026-05-31 15:17:00,2026-06-03 15:17:00,2026-06-09 15:17:00,2026-06-09 15:17:00,2026-06-07 15:17:00
b3dda7ba-6b74-4474-b947-b9e9fb8da1f7,CUST009,Delivered,CAR003,LOC-WARE-003,LOC-CUST-7,2026-05-30 15:17:00,2026-06-03 15:17:00,2026-06-04 15:17:00,2026-06-09 15:17:00,2026-06-07 15:17:00
73bde19a-5798-4480-822e-72f1f749aeea,CUST012,Delivered,CAR001,LOC-WARE-003,LOC-CUST-10,2026-05-22 15:17:00,2026-05-26 15:17:00,2026-05-30 15:17:00,2026-05-30 15:17:00,2026-05-26 15:17:00
852435cc-1a29-45db-9a03-c02439ebec45,CUST007,Delivered,CAR002,LOC-WARE-004,LOC-CUST-5,2026-03-06 15:17:00,2026-03-15 15:17:00,2026-03-14 15:17:00,2026-03-14 15:17:00,2026-03-11 15:17:00
2c79b495-b7f4-434c-94d4-5952eef7b4b9,CUST008,Delivered,CAR002,LOC-WARE-004,LOC-CUST-6,2026-06-13 15:17:00,2026-06-15 15:17:00,2026-06-18 15:17:00,2026-06-18 15:17:00,2026-06-16 15:17:00
cd1a4b9e-9801-43ec-a625-c93778f3eb5b,CUST008,Delivered,CAR002,LOC-WARE-004,LOC-CUST-6,2026-06-13 15:17:00,2026-06-21 15:17:00,2026-06-18 15:17:00,2026-06-18 15:17:00,2026-06-16 15:17:00
29428c29-5894-4232-91d1-7b4fad414b52,CUST013,Delivered,CAR003,LOC-WARE-003,LOC-CUST-11,2026-05-24 15:17:00,2026-06-03 15:17:00,2026-06-01 15:17:00,2026-06-01 15:17:00,2026-05-29 15:17:00
f1a184fe-6652-4640-9547-0c9e6c4109cf,CUST012,Delivered,CAR002,LOC-WARE-004,LOC-CUST-10,2026-05-24 15:17:00,2026-05-28 15:17:00,2026-06-01 15:17:00,2026-06-01 15:17:00,2026-05-27 15:17:00
edbced31-ca65-4152-8f94-7107c8300390,CUST007,Delivered,CAR002,LOC-WARE-003,LOC-CUST-5,2026-07-30 15:17:00,2026-08-05 15:17:00,2026-08-06 15:17:00,2026-08-06 15:17:00,2026-08-05 15:17:00
adb017b7-1b1c-479e-8e92-2eaeda47faeb,CUST007,Delivered,CAR002,LOC-WARE-003,LOC-CUST-5,2026-07-31 15:17:00,2026-08-05 15:17:00,2026-08-05 15:17:00,2026-08-06 15:17:00,2026-08-05 15:17:00
8dbe191b-ad81-4064-97d0-e1b3bf0bc68b,CUST011,Delivered,CAR001,LOC-WARE-004,LOC-CUST-9,2026-05-30 15:17:00,2026-06-11 15:17:00,2026-06-04 15:17:00,2026-06-08 15:17:00,2026-06-05 15:17:00
7f8e5c1f-8cf9-459a-876e-0aa0a4119f79,CUST012,Delivered,CAR001,LOC-WARE-003,LOC-CUST-10,2026-03-09 15:17:00,2026-03-18 15:17:00,2026-03-16 15:17:00,2026-03-16 15:17:00,2026-03-16 15:17:00
c60e2193-0f62-4c3a-a6fc-8b471df4ada7,CUST011,Delivered,CAR003,LOC-WARE-003,LOC-CUST-9,2026-04-11 15:17:00,2026-04-17 15:17:00,2026-04-20 15:17:00,2026-04-20 15:17:00,2026-04-17 15:17:00
071b5b2a-413a-4c37-99e7-1282173795fa,CUST011,Delivered,CAR003,LOC-WARE-003,LOC-CUST-9,2026-04-08 15:17:00,2026-04-18 15:17:00,2026-04-13 15:17:00,2026-04-20 15:17:00,2026-04-17 15:17:00
5e6b2223-905f-4b21-a90b-d3735f5f9203,CUST015,Delivered,CAR001,LOC-WARE-004,LOC-CUST-13,2026-08-21 15:17:00,2026-08-25 15:17:00,2026-08-27 15:17:00,2026-08-28 15:17:00,2026-08-25 15:17:00
94b95956-7c66-427c-88c7-8866b2130d23,CUST008,Delivered,CAR001,LOC-WARE-004,LOC-CUST-6,2026-08-17 15:17:00,2026-08-19 15:17:00,2026-08-26 15:17:00,2026-08-26 15:17:00,2026-08-24 15:17:00
15235fc6-cc15-434b-a545-6f6c92396ea5,CUST008,Delivered,CAR002,LOC-WARE-003,LOC-CUST-6,2026-07-02 15:17:00,2026-07-07 15:17:00,2026-07-08 15:17:00,2026-07-09 15:17:00,2026-07-06 15:17:00
474b2aaa-97f6-4c63-ae17-2192c061224a,CUST008,Delivered,CAR002,LOC-WARE-003,LOC-CUST-6,2026-07-01 15:17:00,2026-07-04 15:17:00,2026-07-09 15:17:00,2026-07-09 15:17:00,2026-07-06 15:17:00
42766264-8016-441d-b53c-5cb0da36d869,CUST011,Delivered,CAR003,LOC-WARE-004,LOC-CUST-9,2026-08-09 15:17:00,2026-08-11 15:17:00,2026-08-15 15:17:00,2026-08-15 15:17:00,2026-08-11 15:17:00
370b2132-a567-4528-bbe4-72f2d33b9474,CUST010,Delivered,CAR002,LOC-WARE-003,LOC-CUST-8,2026-07-13 15:17:00,2026-07-20 15:17:00,2026-07-20 15:17:00,2026-07-21 15:17:00,2026-07-20 15:17:00
82f25d9b-1b6b-4694-840b-c6de46f22f79,CUST015,Delivered,CAR001,LOC-WARE-003,LOC-CUST-13,2026-05-22 15:17:00,2026-05-29 15:17:00,2026-05-29 15:17:00,2026-05-31 15:17:00,2026-05-31 15:17:00
aa31aea3-9875-4ec6-b064-86dbcfbd05ae,CUST015,Delivered,CAR001,LOC-WARE-003,LOC-CUST-13,2026-05-24 15:17:00,2026-05-28 15:17:00,2026-05-30 15:17:00,2026-05-31 15:17:00,2026-05-31 15:17:00
99134218-11df-4de4-8e20-249f67f02e56,CUST006,Delivered,CAR001,LOC-WARE-003,LOC-CUST-4,2026-03-10 15:17:00,2026-03-18 15:17:00,2026-03-17 15:17:00,2026-03-18 15:17:00,2026-03-18 15:17:00
30e227f5-88e4-4610-a26c-b03727998934,CUST013,Delivered,CAR003,LOC-WARE-003,LOC-CUST-11,2026-07-09 15:17:00,2026-07-15 15:17:00,2026-07-16 15:17:00,2026-07-17 15:17:00,2026-07-18 15:17:00
285e65a3-cfc5-4f79-81fc-c140fa0b8774,CUST002,Delivered,CAR002,LOC-WARE-004,LOC-CUST-1,2026-06-18 15:17:00,2026-06-23 15:17:00,2026-06-26 15:17:00,2026-06-26 15:17:00,2026-06-23 15:17:00
db9370f9-4647-43d7-a148-8217ebf32c9f,CUST002,Delivered,CAR002,LOC-WARE-004,LOC-CUST-1,2026-06-18 15:17:00,2026-06-21 15:17:00,2026-06-26 15:17:00,2026-06-26 15:17:00,2026-06-23 15:17:00
8829c83b-68d0-487b-98b0-d2972fa3c0c0,CUST010,Delivered,CAR002,LOC-WARE-003,LOC-CUST-8,2026-07-26 15:17:00,2026-08-01 15:17:00,2026-08-01 15:17:00,2026-08-01 15:17:00,2026-08-02 15:17:00
a8c4110b-23bd-4b5d-b3a1-d2634f708261,CUST005,Delivered,CAR001,LOC-WARE-003,LOC-CUST-3,2026-04-28 15:17:00,2026-05-05 15:17:00,2026-05-06 15:17:00,2026-05-06 15:17:00,2026-05-07 15:17:00
de0595e0-da9c-491b-8050-92af7f28f39e,CUST004,Delivered,CAR003,LOC-WARE-003,LOC-CUST-2,2026-07-24 15:17:00,2026-07-29 15:17:00,2026-07-31 15:17:00,2026-08-01 15:17:00,2026-08-01 15:17:00
893dc5f8-dc4f-4129-b872-bfcdbde4f23f,CUST004,Delivered,CAR003,LOC-WARE-003,LOC-CUST-2,2026-07-24 15:17:00,2026-07-30 15:17:00,2026-08-01 15:17:00,2026-08-01 15:17:00,2026-08-01 15:17:00
ebec92b6-22ad-427f-aacc-9785fe67f891,CUST014,Delivered,CAR002,LOC-WARE-004,LOC-CUST-12,2026-04-13 15:17:00,2026-04-24 15:17:00,2026-04-19 15:17:00,2026-04-22 15:17:00,2026-04-21 15:17:00
de4e8347-6886-4371-a651-da0880b5f4e9,CUST013,Delivered,CAR002,LOC-WARE-004,LOC-CUST-11,2026-03-12 15:17:00,2026-03-18 15:17:00,2026-03-18 15:17:00,2026-03-20 15:17:00,2026-03-23 15:17:00
3d576ddc-a4d5-426a-b51f-b488a1793e3d,CUST004,Delivered,CAR002,LOC-WARE-004,LOC-CUST-2,2026-03-13 15:17:00,2026-03-23 15:17:00,2026-03-20 15:17:00,2026-03-21 15:17:00,2026-03-23 15:17:00
ae78e017-dd09-443d-abe8-666ca2a50908,CUST004,Delivered,CAR002,LOC-WARE-004,LOC-CUST-2,2026-03-15 15:17:00,2026-03-24 15:17:00,2026-03-21 15:17:00,2026-03-21 15:17:00,2026-03-23 15:17:00
f36cf159-ede6-4567-815a-2b49492cb971,CUST011,Delivered,CAR002,LOC-WARE-004,LOC-CUST-9,2026-06-25 15:17:00,2026-06-27 15:17:00,2026-07-02 15:17:00,2026-07-02 15:17:00,2026-07-01 15:17:00
2c2e64ab-c8c6-4647-8f73-f284a65794c9,CUST006,Delivered,CAR002,LOC-WARE-004,LOC-CUST-4,2026-06-29 15:17:00,2026-07-05 15:17:00,2026-07-05 15:17:00,2026-07-08 15:17:00,2026-07-10 15:17:00
d67f9e99-0164-4756-908a-9e5d1d5d3983,CUST008,Delivered,CAR001,LOC-WARE-003,LOC-CUST-6,2026-08-02 15:17:00,2026-08-05 15:17:00,2026-08-07 15:17:00,2026-08-12 15:17:00,2026-08-05 15:17:00
ad67d490-ba7a-4f25-ab89-52bd2d96bf05,CUST008,Delivered,CAR001,LOC-WARE-003,LOC-CUST-6,2026-08-03 15:17:00,2026-08-05 15:17:00,2026-08-12 15:17:00,2026-08-12 15:17:00,2026-08-05 15:17:00
ed8b441c-a79b-4600-a7cb-cb81122bf01f,CUST006,Delivered,CAR003,LOC-WARE-003,LOC-CUST-4,2026-05-25 15:17:00,2026-06-04 15:17:00,2026-05-31 15:17:00,2026-06-03 15:17:00,2026-06-01 15:17:00
bd34e9a1-3757-4384-9fe3-ed0ba2267950,CUST014,Delivered,CAR003,LOC-WARE-004,LOC-CUST-12,2026-06-25 15:17:00,2026-06-30 15:17:00,2026-07-03 15:17:00,2026-07-03 15:17:00,2026-07-04 15:17:00
a3a9666d-a4f6-4f82-a1ee-baeaf27120eb,CUST004,Delivered,CAR002,LOC-WARE-003,LOC-CUST-2,2026-05-26 15:17:00,2026-05-29 15:17:00,2026-06-01 15:17:00,2026-06-01 15:17:00,2026-05-31 15:17:00
0d2c5585-fc2b-4f88-8384-6725c3944968,CUST004,Delivered,CAR002,LOC-WARE-003,LOC-CUST-2,2026-05-24 15:17:00,2026-05-31 15:17:00,2026-05-29 15:17:00,2026-06-01 15:17:00,2026-05-31 15:17:00
596ea25f-6421-4692-8488-b9876842bf35,CUST015,Delivered,CAR001,LOC-WARE-003,LOC-CUST-13,2026-07-14 15:17:00,2026-07-23 15:17:00,2026-07-22 15:17:00,2026-07-22 15:17:00,2026-07-18 15:17:00
89447e07-4f87-490b-952c-b3c0adca63d4,CUST002,Delivered,CAR001,LOC-WARE-003,LOC-CUST-1,2026-05-13 15:17:00,2026-05-16 15:17:00,2026-05-19 15:17:00,2026-05-19 15:17:00,2026-05-18 15:17:00
83bf2ea8-afe0-4431-871d-92d8463082ad,CUST014,Delivered,CAR002,LOC-WARE-004,LOC-CUST-12,2026-08-04 15:17:00,2026-08-05 15:17:00,2026-08-10 15:17:00,2026-08-10 15:17:00,2026-08-06 15:17:00
cdd203a0-5130-4e73-a617-3d6e97913b69,CUST014,Delivered,CAR002,LOC-WARE-004,LOC-CUST-12,2026-08-04 15:17:00,2026-08-08 15:17:00,2026-08-10 15:17:00,2026-08-10 15:17:00,2026-08-06 15:17:00
c7e56ebf-6497-405a-a848-912df772ac54,CUST005,Delivered,CAR002,LOC-WARE-003,LOC-CUST-3,2026-08-19 15:17:00,2026-08-27 15:17:00,2026-08-27 15:17:00,2026-08-27 15:17:00,2026-08-25 15:17:00
e7e3a2be-74bd-4207-9c89-1fdc4ab77447,CUST002,Delivered,CAR002,LOC-WARE-003,LOC-CUST-1,2026-03-22 15:17:00,2026-03-30 15:17:00,2026-03-27 15:17:00,2026-03-30 15:17:00,2026-03-27 15:17:00
9638d188-7628-404f-8a81-b87057b8e49c,CUST002,Delivered,CAR002,LOC-WARE-003,LOC-CUST-1,2026-07-01 15:17:00,2026-07-13 15:17:00,2026-07-06 15:17:00,2026-07-11 15:17:00,2026-07-08 15:17:00
5ed36dc7-2431-4e62-a2f1-cbce8d89b9f4,CUST002,Delivered,CAR002,LOC-WARE-003,LOC-CUST-1,2026-07-03 15:17:00,2026-07-13 15:17:00,2026-07-11 15:17:00,2026-07-11 15:17:00,2026-07-08 15:17:00
b02d16b9-ec45-4679-a1d3-6c03b1f50274,CUST015,Delivered,CAR001,LOC-WARE-004,LOC-CUST-13,2026-06-22 15:17:00,2026-06-28 15:17:00,2026-07-01 15:17:00,2026-07-01 15:17:00,2026-06-27 15:17:00
4fed91d4-1d7d-4f39-b24a-76ff1f810f16,CUST010,Delivered,CAR001,LOC-WARE-003,LOC-CUST-8,2026-07-23 15:17:00,2026-07-26 15:17:00,2026-07-30 15:17:00,2026-07-30 15:17:00,2026-07-31 15:17:00
27bc0ffd-5ba5-4395-b8e9-c97f6c7024c7,CUST013,Delivered,CAR001,LOC-WARE-003,LOC-CUST-11,2026-03-27 15:17:00,2026-04-02 15:17:00,2026-04-05 15:17:00,2026-04-07 15:17:00,2026-04-04 15:17:00
2e9d3ba8-c91a-4fb2-9ee6-a1a9d349563a,CUST013,Delivered,CAR001,LOC-WARE-003,LOC-CUST-11,2026-03-30 15:17:00,2026-04-02 15:17:00,2026-04-07 15:17:00,2026-04-07 15:17:00,2026-04-04 15:17:00
d6f0fc1a-3737-47e6-8e99-e7a6e05e4067,CUST010,Delivered,CAR003,LOC-WARE-003,LOC-CUST-8,2026-08-05 15:17:00,2026-08-10 15:17:00,2026-08-11 15:17:00,2026-08-10 15:17:00,2026-08-09 15:17:00
a64cfe7c-1a6a-49c3-9bc9-2517efd311af,CUST008,Delivered,CAR003,LOC-WARE-004,LOC-CUST-6,2026-06-26 15:17:00,2026-07-03 15:17:00,2026-07-04 15:17:00,2026-07-03 15:17:00,2026-07-02 15:17:00
2e677434-4683-49d3-bafb-9e22cfad12d0,CUST002,Delivered,CAR002,LOC-WARE-003,LOC-CUST-1,2026-08-26 15:17:00,2026-08-31 15:17:00,2026-09-01 15:17:00,2026-08-31 15:17:00,2026-09-05 15:17:00
84d2f4a7-b57f-4a5c-938e-3378c0884792,CUST002,Delivered,CAR002,LOC-WARE-003,LOC-CUST-1,2026-08-26 15:17:00,2026-09-01 15:17:00,2026-08-31 15:17:00,2026-08-31 15:17:00,2026-09-05 15:17:00
29486c0a-37b2-47a8-9b6d-30b490183bb4,CUST002,Delivered,CAR002,LOC-WARE-003,LOC-CUST-1,2026-05-23 15:17:00,2026-05-29 15:17:00,2026-05-30 15:17:00,2026-05-29 15:17:00,2026-05-24 15:17:00
3b22b870-9780-46c1-aab3-7548f6e380b1,CUST015,Delivered,CAR001,LOC-WARE-004,LOC-CUST-13,2026-07-12 15:17:00,2026-07-17 15:17:00,2026-07-21 15:17:00,2026-07-20 15:17:00,2026-07-18 15:17:00
396f195c-4bd6-43c0-8818-d3f397237dfb,CUST007,Delivered,CAR002,LOC-WARE-003,LOC-CUST-5,2026-07-21 15:17:00,2026-07-31 15:17:00,2026-07-29 15:17:00,2026-07-28 15:17:00,2026-07-27 15:17:00
24981acd-c379-455c-a37a-106cce0223af,CUST007,Delivered,CAR002,LOC-WARE-003,LOC-CUST-5,2026-07-20 15:17:00,2026-07-26 15:17:00,2026-07-26 15:17:00,2026-07-28 15:17:00,2026-07-27 15:17:00
b34c91be-e28a-4360-aa5f-8462a510ccc9,CUST006,Delivered,CAR003,LOC-WARE-003,LOC-CUST-4,2026-08-25 15:17:00,2026-08-28 15:17:00,2026-09-03 15:17:00,2026-09-02 15:17:00,2026-08-28 15:17:00
4af8551f-511c-44c8-bf88-426ae4869b81,CUST011,Delivered,CAR003,LOC-WARE-004,LOC-CUST-9,2026-04-30 15:17:00,2026-05-03 15:17:00,2026-05-07 15:17:00,2026-05-06 15:17:00,2026-05-02 15:17:00
08f3fa64-9eb1-491e-8f2a-e29a900a5d82,CUST010,Delivered,CAR003,LOC-WARE-003,LOC-CUST-8,2026-05-06 15:17:00,2026-05-13 15:17:00,2026-05-11 15:17:00,2026-05-10 15:17:00,2026-05-13 15:17:00
de6f4f06-450d-400c-84a5-2d3d1bd62b8e,CUST010,Delivered,CAR003,LOC-WARE-003,LOC-CUST-8,2026-05-05 15:17:00,2026-05-10 15:17:00,2026-05-11 15:17:00,2026-05-10 15:17:00,2026-05-13 15:17:00
8013318a-c74b-4c48-8485-5aa71b28fbae,CUST010,Delivered,CAR001,LOC-WARE-004,LOC-CUST-8,2026-03-30 15:17:00,2026-04-08 15:17:00,2026-04-07 15:17:00,2026-04-06 15:17:00,2026-04-05 15:17:00
fc6d69c7-6356-4efa-8779-f79ee1b5b615,CUST012,Delivered,CAR002,LOC-WARE-003,LOC-CUST-10,2026-05-26 15:17:00,2026-06-01 15:17:00,2026-06-01 15:17:00,2026-05-31 15:17:00,2026-06-01 15:17:00
c90b34db-8a26-4685-91c9-1616734bbf6f,CUST010,Delivered,CAR003,LOC-WARE-003,LOC-CUST-8,2026-08-10 15:17:00,2026-08-15 15:17:00,2026-08-18 15:17:00,2026-08-17 15:17:00,2026-08-13 15:17:00
ff58f797-52dc-4422-8e7d-dd157655e156,CUST010,Delivered,CAR003,LOC-WARE-003,LOC-CUST-8,2026-08-05 15:17:00,2026-08-14 15:17:00,2026-08-10 15:17:00,2026-08-17 15:17:00,2026-08-13 15:17:00
585f6613-7b95-4789-8613-382d4fabde28,CUST008,Delivered,CAR003,LOC-WARE-003,LOC-CUST-6,2026-04-02 15:17:00,2026-04-11 15:17:00,2026-04-09 15:17:00,2026-04-08 15:17:00,2026-04-08 15:17:00
6fd717f5-3725-483b-bdad-1f6b97a0c2f2,CUST011,Delivered,CAR001,LOC-WARE-003,LOC-CUST-9,2026-07-18 15:17:00,2026-07-24 15:17:00,2026-07-23 15:17:00,2026-07-22 15:17:00,2026-07-21 15:17:00
4345313b-b799-4227-9f67-83130d939dc1,CUST013,Delivered,CAR002,LOC-WARE-003,LOC-CUST-11,2026-04-17 15:17:00,2026-04-23 15:17:00,2026-04-25 15:17:00,2026-04-24 15:17:00,2026-04-25 15:17:00
90a8322d-3cd4-4b3c-8010-1feb65508058,CUST013,Delivered,CAR002,LOC-WARE-003,LOC-CUST-11,2026-04-17 15:17:00,2026-04-26 15:17:00,2026-04-25 15:17:00,2026-04-24 15:17:00,2026-04-25 15:17:00
39eb924a-89de-4620-9ef9-d3c510931734,CUST014,Delivered,CAR002,LOC-WARE-004,LOC-CUST-12,2026-06-29 15:17:00,2026-07-02 15:17:00,2026-07-04 15:17:00,2026-07-03 15:17:00,2026-07-03 15:17:00
4264ced4-9ffd-4d2b-91ab-601e05146794,CUST004,Delivered,CAR003,LOC-WARE-003,LOC-CUST-2,2026-07-24 15:17:00,2026-07-31 15:17:00,2026-08-02 15:17:00,2026-08-01 15:17:00,2026-07-30 15:17:00
b2373709-6aeb-4fd8-aa68-2c69f26fadbe,CUST013,Delivered,CAR003,LOC-WARE-004,LOC-CUST-11,2026-06-16 15:17:00,2026-06-21 15:17:00,2026-06-25 15:17:00,2026-06-24 15:17:00,2026-06-21 15:17:00
e440a6fb-e3ce-4e8f-beef-7001b51cd6cd,CUST013,Delivered,CAR003,LOC-WARE-004,LOC-CUST-11,2026-06-13 15:17:00,2026-06-20 15:17:00,2026-06-19 15:17:00,2026-06-24 15:17:00,2026-06-21 15:17:00
8c631656-9252-4b32-93d0-8bb7dcd6736d,CUST008,Delivered,CAR001,LOC-WARE-004,LOC-CUST-6,2026-05-11 15:17:00,2026-05-13 15:17:00,2026-05-20 15:17:00,2026-05-19 15:17:00,2026-05-14 15:17:00
467cdc40-be89-4ea1-8f34-b208b624cb12,CUST007,Delivered,CAR002,LOC-WARE-003,LOC-CUST-5,2026-07-28 15:17:00,2026-08-07 15:17:00,2026-08-06 15:17:00,2026-08-05 15:17:00,2026-08-05 15:17:00
a5ed7d8c-dc27-43d5-8314-36c9ed5b550a,CUST010,Delivered,CAR001,LOC-WARE-003,LOC-CUST-8,2026-05-11 15:17:00,2026-05-17 15:17:00,2026-05-17 15:17:00,2026-05-16 15:17:00,2026-05-20 15:17:00
8ac5dd31-8f62-49d8-aef9-02ddef7e6689,CUST010,Delivered,CAR001,LOC-WARE-003,LOC-CUST-8,2026-05-13 15:17:00,2026-05-15 15:17:00,2026-05-22 15:17:00,2026-05-16 15:17:00,2026-05-20 15:17:00
2305f999-3b20-4182-848b-cb27ef883fdf,CUST013,Delivered,CAR002,LOC-WARE-004,LOC-CUST-11,2026-05-03 15:17:00,2026-05-08 15:17:00,2026-05-08 15:17:00,2026-05-07 15:17:00,2026-05-09 15:17:00
3505d454-8b00-46dc-adfc-c1af7e3be5ed,CUST013,Delivered,CAR002,LOC-WARE-004,LOC-CUST-11,2026-05-26 15:17:00,2026-05-28 15:17:00,2026-06-04 15:17:00,2026-06-03 15:17:00,2026-05-29 15:17:00
2c733e2d-8698-4737-8984-6a30b29f25c7,CUST006,Delivered,CAR003,LOC-WARE-003,LOC-CUST-4,2026-05-27 15:17:00,2026-06-02 15:17:00,2026-06-05 15:17:00,2026-06-04 15:17:00,2026-05-31 15:17:00
f1b46ad7-240f-4211-9ed7-27bf38616a12,CUST006,Delivered,CAR003,LOC-WARE-003,LOC-CUST-4,2026-05-24 15:17:00,2026-05-29 15:17:00,2026-06-01 15:17:00,2026-06-04 15:17:00,2026-05-31 15:17:00
39457127-5dba-4a81-ac11-5e3c507057a7,CUST011,Delivered,CAR002,LOC-WARE-003,LOC-CUST-9,2026-07-17 15:17:00,2026-07-24 15:17:00,2026-07-23 15:17:00,2026-07-22 15:17:00,2026-07-20 15:17:00
ca605e20-114c-41c4-afcc-bc3234825c4c,CUST014,Delivered,CAR001,LOC-WARE-004,LOC-CUST-12,2026-04-16 15:17:00,2026-04-19 15:17:00,2026-04-22 15:17:00,2026-04-21 15:17:00,2026-04-20 15:17:00
eff10765-649f-4563-9339-89aa65775e7c,CUST011,Delivered,CAR003,LOC-WARE-004,LOC-CUST-9,2026-05-02 15:17:00,2026-05-05 15:17:00,2026-05-07 15:17:00,2026-05-06 15:17:00,2026-05-04 15:17:00
80774218-5649-4e78-9271-e2087eb69678,CUST011,Delivered,CAR003,LOC-WARE-004,LOC-CUST-9,2026-05-03 15:17:00,2026-05-06 15:17:00,2026-05-08 15:17:00,2026-05-06 15:17:00,2026-05-04 15:17:00
a8746e86-c1c0-45ea-9aa0-1a4e68a9951d,CUST012,Delivered,CAR003,LOC-WARE-003,LOC-CUST-10,2026-04-24 15:17:00,2026-04-30 15:17:00,2026-05-02 15:17:00,2026-05-01 15:17:00,2026-04-26 15:17:00
ad44cd6e-81e1-479e-91b8-7684a00c4092,CUST008,Delivered,CAR003,LOC-WARE-004,LOC-CUST-6,2026-03-13 15:17:00,2026-03-22 15:17:00,2026-03-18 15:17:00,2026-03-17 15:17:00,2026-03-23 15:17:00
df78c66c-4edb-44f5-a849-0efea21afa7e,CUST004,Delivered,CAR003,LOC-WARE-004,LOC-CUST-2,2026-08-20 15:17:00,2026-08-30 15:17:00,2026-08-26 15:17:00,2026-08-25 15:17:00,2026-08-31 15:17:00
14dc1e39-e282-47aa-b513-9bdf4da5b8b5,CUST004,Delivered,CAR003,LOC-WARE-004,LOC-CUST-2,2026-08-22 15:17:00,2026-08-29 15:17:00,2026-08-27 15:17:00,2026-08-25 15:17:00,2026-08-31 15:17:00
51079852-06c5-4100-a3e9-98634990d52e,CUST014,Delivered,CAR001,LOC-WARE-004,LOC-CUST-12,2026-03-17 15:17:00,2026-03-20 15:17:00,2026-03-23 15:17:00,2026-03-22 15:17:00,2026-03-24 15:17:00
fbf01cbe-d17c-4868-8518-f8f8ea00eaa2,CUST014,Delivered,CAR003,LOC-WARE-003,LOC-CUST-12,2026-05-19 15:17:00,2026-05-28 15:17:00,2026-05-27 15:17:00,2026-05-26 15:17:00,2026-05-25 15:17:00
89a4bd56-a0b7-4b34-9236-ff0b638bcbb2,CUST013,Delivered,CAR002,LOC-WARE-003,LOC-CUST-11,2026-07-31 15:17:00,2026-08-09 15:17:00,2026-08-06 15:17:00,2026-08-05 15:17:00,2026-08-06 15:17:00
6603dfe9-0343-45ba-bf6b-751ecffc4276,CUST013,Delivered,CAR002,LOC-WARE-003,LOC-CUST-11,2026-08-04 15:17:00,2026-08-08 15:17:00,2026-08-12 15:17:00,2026-08-05 15:17:00,2026-08-06 15:17:00
0e573a08-d0c9-4fa4-820f-83f92a1a32ab,CUST002,Delivered,CAR001,LOC-WARE-004,LOC-CUST-1,2026-07-31 15:17:00,2026-08-01 15:17:00,2026-08-08 15:17:00,2026-08-07 15:17:00,2026-08-05 15:17:00
fc6c2b9a-c9da-4f2d-aef8-b4f74405fff2,CUST009,Delivered,CAR001,LOC-WARE-003,LOC-CUST-7,2026-08-08 15:17:00,2026-08-16 15:17:00,2026-08-15 15:17:00,2026-08-14 15:17:00,2026-08-15 15:17:00
9ff669ac-a41b-44db-a489-f81f1a5b483f,CUST010,Delivered,CAR002,LOC-WARE-003,LOC-CUST-8,2026-04-29 15:17:00,2026-05-06 15:17:00,2026-05-07 15:17:00,2026-05-06 15:17:00,2026-05-06 15:17:00
33cf8cc7-71a5-40fa-bbdb-98bf3ccfaf9d,CUST010,Delivered,CAR002,LOC-WARE-003,LOC-CUST-8,2026-05-04 15:17:00,2026-05-06 15:17:00,2026-05-10 15:17:00,2026-05-06 15:17:00,2026-05-06 15:17:00
7e694b22-4ef9-44fc-93c4-5e60c88ce9ed,CUST011,Delivered,CAR003,LOC-WARE-003,LOC-CUST-9,2026-04-02 15:17:00,2026-04-14 15:17:00,2026-04-09 15:17:00,2026-04-08 15:17:00,2026-04-10 15:17:00
b2e77624-8857-4c45-b139-646914d76de4,CUST004,Delivered,CAR002,LOC-WARE-004,LOC-CUST-2,2026-06-15 15:17:00,2026-06-21 15:17:00,2026-06-22 15:17:00,2026-06-21 15:17:00,2026-06-24 15:17:00
4ed050b1-9657-4ab2-9a00-a5c46c614502,CUST007,Delivered,CAR002,LOC-WARE-003,LOC-CUST-5,2026-06-19 15:17:00,2026-06-25 15:17:00,2026-06-24 15:17:00,2026-06-23 15:17:00,2026-06-28 15:17:00
41c41088-fdd5-45b6-acff-ab046290886b,CUST007,Delivered,CAR002,LOC-WARE-003,LOC-CUST-5,2026-06-22 15:17:00,2026-06-29 15:17:00,2026-06-29 15:17:00,2026-06-23 15:17:00,2026-06-28 15:17:00
dbc7ae52-4fcf-4f2b-b467-1c652ce87162,CUST006,Delivered,CAR001,LOC-WARE-004,LOC-CUST-4,2026-05-02 15:17:00,2026-05-08 15:17:00,2026-05-10 15:17:00,2026-05-09 15:17:00,2026-05-07 15:17:00
79256bcd-9879-4703-90c4-9f50e4a5b0e2,CUST002,Delivered,CAR001,LOC-WARE-003,LOC-CUST-1,2026-07-06 15:17:00,2026-07-13 15:17:00,2026-07-12 15:17:00,2026-07-11 15:17:00,2026-07-12 15:17:00
8ae49247-04ad-4c93-b88d-6454f7a22bdc,CUST010,Delivered,CAR001,LOC-WARE-003,LOC-CUST-8,2026-05-21 15:17:00,2026-05-31 15:17:00,2026-05-26 15:17:00,2026-05-25 15:17:00,2026-05-30 15:17:00
4e1a7d0f-d228-4aeb-ad3c-c0937b13fc32,CUST010,Delivered,CAR001,LOC-WARE-003,LOC-CUST-8,2026-05-24 15:17:00,2026-05-26 15:17:00,2026-05-30 15:17:00,2026-05-25 15:17:00,2026-05-30 15:17:00
94925a90-c73a-4658-8a1c-7e9d2293acd8,CUST004,Delivered,CAR001,LOC-WARE-004,LOC-CUST-2,2026-03-07 15:17:00,2026-03-14 15:17:00,2026-03-12 15:17:00,2026-03-11 15:17:00,2026-03-14 15:17:00
258d95a5-19b6-4648-ae92-6058dd46c4e1,CUST011,Delivered,CAR001,LOC-WARE-003,LOC-CUST-9,2026-03-24 15:17:00,2026-03-29 15:17:00,2026-04-02 15:17:00,2026-04-01 15:17:00,2026-03-27 15:17:00
968c4add-8326-499c-8b86-32e08fd212cf,CUST013,Delivered,CAR001,LOC-WARE-003,LOC-CUST-11,2026-04-10 15:17:00,2026-04-19 15:17:00,2026-04-16 15:17:00,2026-04-15 15:17:00,2026-04-22 15:17:00
c3be385c-49f6-4a9b-868c-db45f06e5e60,CUST013,Delivered,CAR001,LOC-WARE-003,LOC-CUST-11,2026-04-11 15:17:00,2026-04-16 15:17:00,2026-04-18 15:17:00,2026-04-15 15:17:00,2026-04-22 15:17:00
46785be5-cdaf-4772-83d8-829c8d95359c,CUST012,Delivered,CAR001,LOC-WARE-004,LOC-CUST-10,2026-08-27 15:17:00,2026-08-31 15:17:00,2026-09-04 15:17:00,2026-09-03 15:17:00,2026-09-04 15:17:00
798eac39-322a-45a3-83a3-52bb7b394999,CUST014,Delivered,CAR002,LOC-WARE-004,LOC-CUST-12,2026-06-13 15:17:00,2026-06-15 15:17:00,2026-06-21 15:17:00,2026-06-20 15:17:00,2026-06-18 15:17:00
e192ca26-9d76-490e-b945-8f35529de70d,CUST004,Delivered,CAR001,LOC-WARE-003,LOC-CUST-2,2026-08-16 15:17:00,2026-08-19 15:17:00,2026-08-25 15:17:00,2026-08-24 15:17:00,2026-08-19 15:17:00
edb19471-5f36-492e-b1e0-f2dd85911ca6,CUST004,Delivered,CAR001,LOC-WARE-003,LOC-CUST-2,2026-08-15 15:17:00,2026-08-20 15:17:00,2026-08-23 15:17:00,2026-08-24 15:17:00,2026-08-19 15:17:00
e2c39366-eac6-41c8-974b-2ea7a2a1095c,CUST009,Delivered,CAR002,LOC-WARE-003,LOC-CUST-7,2026-08-29 15:17:00,2026-08-31 15:17:00,2026-09-04 15:17:00,2026-09-03 15:17:00,2026-09-01 15:17:00
85d13c83-6fe2-443d-b46f-ff7ad33c47ca,CUST014,Delivered,CAR001,LOC-WARE-004,LOC-CUST-12,2026-03-22 15:17:00,2026-03-30 15:17:00,2026-03-31 15:17:00,2026-03-30 15:17:00,2026-03-24 15:17:00
ba1c84b9-8db5-48a2-a800-f1d1e235ede3,CUST014,Delivered,CAR001,LOC-WARE-004,LOC-CUST-12,2026-07-15 15:17:00,2026-07-18 15:17:00,2026-07-22 15:17:00,2026-07-21 15:17:00,2026-07-18 15:17:00
68655c3f-166e-4d47-a3d4-5a6cadbf4bd8,CUST014,Delivered,CAR001,LOC-WARE-004,LOC-CUST-12,2026-07-12 15:17:00,2026-07-18 15:17:00,2026-07-19 15:17:00,2026-07-21 15:17:00,2026-07-18 15:17:00
bbb279ed-a446-4255-b5d7-85439d70bada,CUST008,Delivered,CAR002,LOC-WARE-004,LOC-CUST-6,2026-08-01 15:17:00,2026-08-10 15:17:00,2026-08-09 15:17:00,2026-08-08 15:17:00,2026-08-11 15:17:00
280edb45-f2bf-448c-8322-66ef14c3d7c7,CUST008,Delivered,CAR003,LOC-WARE-003,LOC-CUST-6,2026-06-29 15:17:00,2026-07-11 15:17:00,2026-07-06 15:17:00,2026-07-05 15:17:00,2026-07-11 15:17:00
6f15905b-218e-44c4-ad2d-b7fe14a0be91,CUST014,Delivered,CAR001,LOC-WARE-003,LOC-CUST-12,2026-06-19 15:17:00,2026-06-24 15:17:00,2026-06-27 15:17:00,2026-06-26 15:17:00,2026-06-24 15:17:00
8e24966d-5c3c-4252-9233-209261e43204,CUST014,Delivered,CAR001,LOC-WARE-003,LOC-CUST-12,2026-06-19 15:17:00,2026-06-22 15:17:00,2026-06-27 15:17:00,2026-06-26 15:17:00,2026-06-24 15:17:00
b9bd3438-8f2a-482a-9a00-037aeab6005a,CUST015,Delivered,CAR003,LOC-WARE-003,LOC-CUST-13,2026-06-10 15:17:00,2026-06-11 15:17:00,2026-06-19 15:17:00,2026-06-18 15:17:00,2026-06-13 15:17:00
f8c586f5-6998-4241-88d2-ce2f1b77e132,CUST014,Delivered,CAR003,LOC-WARE-004,LOC-CUST-12,2026-07-25 15:17:00,2026-07-30 15:17:00,2026-08-01 15:17:00,2026-07-31 15:17:00,2026-07-29 15:17:00
850f9603-920c-4ab0-9c6a-7e39fc708303,CUST006,Delivered,CAR002,LOC-WARE-004,LOC-CUST-4,2026-03-23 15:17:00,2026-03-29 15:17:00,2026-04-01 15:17:00,2026-03-31 15:17:00,2026-03-27 15:17:00
b7f08d41-e966-4bfb-8d01-e7f8bc87ed71,CUST006,Delivered,CAR002,LOC-WARE-004,LOC-CUST-4,2026-03-21 15:17:00,2026-03-27 15:17:00,2026-03-27 15:17:00,2026-03-31 15:17:00,2026-03-27 15:17:00
e6458f1d-8924-46b9-9c40-40c1a0e4ae3d,CUST008,Delivered,CAR002,LOC-WARE-003,LOC-CUST-6,2026-04-17 15:17:00,2026-04-22 15:17:00,2026-04-23 15:17:00,2026-04-22 15:17:00,2026-04-26 15:17:00
9e3d82d9-e109-40d7-aa8f-cc6f7336c31b,CUST012,Delivered,CAR001,LOC-WARE-003,LOC-CUST-10,2026-04-14 15:17:00,2026-04-22 15:17:00,2026-04-22 15:17:00,2026-04-21 15:17:00,2026-04-24 15:17:00
f0fa6d4e-0f10-4af8-8fc9-65e05a40ea35,CUST009,Delivered,CAR002,LOC-WARE-003,LOC-CUST-7,2026-08-29 15:17:00,2026-09-03 15:17:00,2026-09-07 15:17:00,2026-09-06 15:17:00,2026-09-01 15:17:00
e1d8b0e6-5843-4b63-b3e5-748d57c80da7,CUST009,Delivered,CAR002,LOC-WARE-003,LOC-CUST-7,2026-08-26 15:17:00,2026-08-31 15:17:00,2026-09-02 15:17:00,2026-09-06 15:17:00,2026-09-01 15:17:00
4aa8d22f-b2d8-4a60-ab8d-d50ecd875d27,CUST006,Delivered,CAR003,LOC-WARE-004,LOC-CUST-4,2026-06-11 15:17:00,2026-06-17 15:17:00,2026-06-19 15:17:00,2026-06-18 15:17:00,2026-06-16 15:17:00
cc158b6e-76b9-4e1b-b09d-36f641d7e911,CUST010,Delivered,CAR002,LOC-WARE-004,LOC-CUST-8,2026-05-19 15:17:00,2026-05-28 15:17:00,2026-05-24 15:17:00,2026-05-23 15:17:00,2026-05-24 15:17:00
39240a88-0c79-4439-a890-b05759df4738,CUST015,Delivered,CAR001,LOC-WARE-003,LOC-CUST-13,2026-03-24 15:17:00,2026-04-01 15:17:00,2026-03-29 15:17:00,2026-03-28 15:17:00,2026-04-02 15:17:00
b99b31b8-98d2-40b6-b1ff-d85b763ce0d1,CUST015,Delivered,CAR001,LOC-WARE-003,LOC-CUST-13,2026-03-26 15:17:00,2026-03-31 15:17:00,2026-04-04 15:17:00,2026-03-28 15:17:00,2026-04-02 15:17:00
c597367a-e8b1-4b8d-8e99-33ce25694912,CUST009,Delivered,CAR001,LOC-WARE-003,LOC-CUST-7,2026-08-25 15:17:00,2026-08-30 15:17:00,2026-09-03 15:17:00,2026-09-02 15:17:00,2026-08-27 15:17:00
29642e71-6a37-47cc-9463-438f456b4b94,CUST007,Delivered,CAR003,LOC-WARE-004,LOC-CUST-5,2026-04-16 15:17:00,2026-04-24 15:17:00,2026-04-25 15:17:00,2026-04-24 15:17:00,2026-04-19 15:17:00
a4a7c78a-d9b2-4c9f-b3a6-f51922c05a5c,CUST007,Delivered,CAR001,LOC-WARE-003,LOC-CUST-5,2026-06-06 15:17:00,2026-06-14 15:17:00,2026-06-11 15:17:00,2026-06-10 15:17:00,2026-06-10 15:17:00
1090221a-6963-4d2d-90c2-b160fe7c94db,CUST007,Delivered,CAR001,LOC-WARE-003,LOC-CUST-5,2026-06-07 15:17:00,2026-06-15 15:17:00,2026-06-16 15:17:00,2026-06-10 15:17:00,2026-06-10 15:17:00
03101e71-b6a0-4fa6-a5b4-9980dd51356f,CUST008,Delivered,CAR003,LOC-WARE-004,LOC-CUST-6,2026-07-13 15:17:00,2026-07-18 15:17:00,2026-07-22 15:17:00,2026-07-21 15:17:00,2026-07-14 15:17:00
67e26874-932a-43f7-a2ac-6677390f2737,CUST004,Delivered,CAR001,LOC-WARE-003,LOC-CUST-2,2026-04-12 15:17:00,2026-04-16 15:17:00,2026-04-20 15:17:00,2026-04-19 15:17:00,2026-04-19 15:17:00
8e5d4c70-6a6f-49cc-8bd1-067c94c6c3a6,CUST004,Delivered,CAR003,LOC-WARE-003,LOC-CUST-2,2026-04-12 15:17:00,2026-04-20 15:17:00,2026-04-18 15:17:00,2026-04-17 15:17:00,2026-04-19 15:17:00
e49190e0-3487-44e4-a3fc-a1f9d4e9ca41,CUST004,Delivered,CAR003,LOC-WARE-003,LOC-CUST-2,2026-04-09 15:17:00,2026-04-18 15:17:00,2026-04-18 15:17:00,2026-04-17 15:17:00,2026-04-19 15:17:00
e0b5626f-97ed-4910-9d02-8236f76f61fb,CUST004,Delivered,CAR001,LOC-WARE-003,LOC-CUST-2,2026-07-13 15:17:00,2026-07-23 15:17:00,2026-07-19 15:17:00,2026-07-18 15:17:00,2026-07-19 15:17:00
2fb18b7b-cb53-4cb1-92d7-dbf9efec5283,CUST013,Delivered,CAR001,LOC-WARE-004,LOC-CUST-11,2026-08-17 15:17:00,2026-08-27 15:17:00,2026-08-23 15:17:00,2026-08-22 15:17:00,2026-08-26 15:17:00
aef4a01f-ecb9-45c3-99f9-d1c3122a0d94,CUST005,Delivered,CAR003,LOC-WARE-003,LOC-CUST-3,2026-08-11 15:17:00,2026-08-17 15:17:00,2026-08-18 15:17:00,2026-08-17 15:17:00,2026-08-20 15:17:00
86daaf67-eb07-48ae-bc8c-b9095e719845,CUST005,Delivered,CAR003,LOC-WARE-003,LOC-CUST-3,2026-08-12 15:17:00,2026-08-22 15:17:00,2026-08-21 15:17:00,2026-08-17 15:17:00,2026-08-20 15:17:00
d6b8b49e-315b-433c-8874-3e6c3f7fc0b5,CUST008,Delivered,CAR002,LOC-WARE-004,LOC-CUST-6,2026-06-10 15:17:00,2026-06-18 15:17:00,2026-06-17 15:17:00,2026-06-16 15:17:00,2026-06-21 15:17:00
ed047051-255b-4ffa-8f00-dee9da1620e3,CUST004,Delivered,CAR001,LOC-WARE-004,LOC-CUST-2,2026-03-21 15:17:00,2026-03-28 15:17:00,2026-03-29 15:17:00,2026-03-28 15:17:00,2026-03-28 15:17:00
34f29d12-8d2d-4272-9ce8-b4b2d3d2bad8,CUST004,Delivered,CAR002,LOC-WARE-003,LOC-CUST-2,2026-05-04 15:17:00,2026-05-13 15:17:00,2026-05-10 15:17:00,2026-05-09 15:17:00,2026-05-13 15:17:00
d74bdf10-40ff-4785-a73d-6e93802f0868,CUST004,Delivered,CAR002,LOC-WARE-003,LOC-CUST-2,2026-05-07 15:17:00,2026-05-13 15:17:00,2026-05-13 15:17:00,2026-05-09 15:17:00,2026-05-13 15:17:00
0518cc27-c7c2-4cb8-925f-6d810370bea1,CUST015,Delivered,CAR001,LOC-WARE-004,LOC-CUST-13,2026-05-12 15:17:00,2026-05-21 15:17:00,2026-05-17 15:17:00,2026-05-16 15:17:00,2026-05-18 15:17:00
2c7af61f-024b-4a14-8f4b-5c5b2ad150c8,CUST008,Delivered,CAR001,LOC-WARE-004,LOC-CUST-6,2026-05-17 15:17:00,2026-05-28 15:17:00,2026-05-22 15:17:00,2026-05-21 15:17:00,2026-05-24 15:17:00
eaa9d52b-f6fa-45f5-b63e-de098a60dd3d,CUST008,Delivered,CAR002,LOC-WARE-003,LOC-CUST-6,2026-04-29 15:17:00,2026-05-03 15:17:00,2026-05-06 15:17:00,2026-05-05 15:17:00,2026-05-01 15:17:00
49271961-edeb-44fa-869d-d1cfbe19e9d9,CUST008,Delivered,CAR002,LOC-WARE-003,LOC-CUST-6,2026-04-26 15:17:00,2026-05-06 15:17:00,2026-05-04 15:17:00,2026-05-05 15:17:00,2026-05-01 15:17:00
67d3e083-511c-4bc1-ab25-aa48ed6baffc,CUST002,Delivered,CAR001,LOC-WARE-004,LOC-CUST-1,2026-07-29 15:17:00,2026-08-05 15:17:00,2026-08-07 15:17:00,2026-08-06 15:17:00,2026-08-04 15:17:00
d8eb1107-d2b9-4256-9af7-0c293d7a4ea7,CUST011,Delivered,CAR003,LOC-WARE-003,LOC-CUST-9,2026-05-27 15:17:00,2026-06-03 15:17:00,2026-06-04 15:17:00,2026-06-03 15:17:00,2026-05-31 15:17:00
0ebdff2d-8e42-4892-92bf-5407862fab3d,CUST012,Delivered,CAR002,LOC-WARE-003,LOC-CUST-10,2026-06-03 15:17:00,2026-06-08 15:17:00,2026-06-10 15:17:00,2026-06-09 15:17:00,2026-06-12 15:17:00
3e86dc3c-cefe-4dde-950c-abea0951ac3f,CUST012,Delivered,CAR002,LOC-WARE-003,LOC-CUST-10,2026-06-01 15:17:00,2026-06-13 15:17:00,2026-06-09 15:17:00,2026-06-09 15:17:00,2026-06-12 15:17:00
694249ee-5e6c-4353-a3d2-f0e261956c0d,CUST006,Delivered,CAR002,LOC-WARE-004,LOC-CUST-4,2026-05-20 15:17:00,2026-05-23 15:17:00,2026-05-28 15:17:00,2026-05-27 15:17:00,2026-05-26 15:17:00
9948a55b-e8c2-4df5-9e45-cf2bc181c937,CUST015,Delivered,CAR001,LOC-WARE-004,LOC-CUST-13,2026-06-11 15:17:00,2026-06-15 15:17:00,2026-06-18 15:17:00,2026-06-17 15:17:00,2026-06-18 15:17:00
5c8c4b53-96f5-4dd3-92f3-f75f8ce5f406,CUST012,Delivered,CAR003,LOC-WARE-004,LOC-CUST-10,2026-05-29 15:17:00,2026-06-04 15:17:00,2026-06-04 15:17:00,2026-06-03 15:17:00,2026-06-07 15:17:00
640416cc-d379-4558-81c9-03a09f4e62d4,CUST012,Delivered,CAR003,LOC-WARE-004,LOC-CUST-10,2026-05-31 15:17:00,2026-06-04 15:17:00,2026-06-06 15:17:00,2026-06-03 15:17:00,2026-06-07 15:17:00
74acfe6c-543f-4075-a10a-1c3159973d31,CUST004,Delivered,CAR002,LOC-WARE-004,LOC-CUST-2,2026-04-28 15:17:00,2026-05-03 15:17:00,2026-05-07 15:17:00,2026-05-06 15:17:00,2026-05-06 15:17:00
5722ab6e-fa3f-46ac-b4d3-2accf624a100,CUST011,Delivered,CAR001,LOC-WARE-004,LOC-CUST-9,2026-05-05 15:17:00,2026-05-12 15:17:00,2026-05-13 15:17:00,2026-05-12 15:17:00,2026-05-13 15:17:00
db709674-a648-4e89-bdf9-2822d5b39189,CUST012,Delivered,CAR002,LOC-WARE-003,LOC-CUST-10,2026-08-01 15:17:00,2026-08-05 15:17:00,2026-08-08 15:17:00,2026-08-07 15:17:00,2026-08-06 15:17:00
634450be-c4e1-42d4-ba49-c709f927fbee,CUST012,Delivered,CAR002,LOC-WARE-003,LOC-CUST-10,2026-07-31 15:17:00,2026-08-06 15:17:00,2026-08-09 15:17:00,2026-08-07 15:17:00,2026-08-06 15:17:00
0cc65cf4-2300-4d74-baea-9a06feb0c634,CUST010,Delivered,CAR002,LOC-WARE-003,LOC-CUST-8,2026-08-16 15:17:00,2026-08-24 15:17:00,2026-08-23 15:17:00,2026-08-22 15:17:00,2026-08-23 15:17:00
bd47ad60-be7a-4d1d-8f16-0ea1d3faf03f,CUST010,Delivered,CAR003,LOC-WARE-003,LOC-CUST-8,2026-03-08 15:17:00,2026-03-16 15:17:00,2026-03-17 15:17:00,2026-03-16 15:17:00,2026-03-16 15:17:00
85caa66d-879d-4889-adc1-ca9af6aed2d2,CUST008,Delivered,CAR002,LOC-WARE-004,LOC-CUST-6,2026-06-23 15:17:00,2026-07-01 15:17:00,2026-06-28 15:17:00,2026-06-27 15:17:00,2026-07-02 15:17:00
216347ee-8f9a-4a33-a163-abae343befc7,CUST008,Delivered,CAR002,LOC-WARE-004,LOC-CUST-6,2026-06-25 15:17:00,2026-06-29 15:17:00,2026-07-02 15:17:00,2026-06-27 15:17:00,2026-07-02 15:17:00
5ad6ee18-adeb-474d-ae4d-9bf1945cd29b,CUST015,Delivered,CAR003,LOC-WARE-003,LOC-CUST-13,2026-07-30 15:17:00,2026-07-31 15:17:00,2026-08-06 15:17:00,2026-08-05 15:17:00,2026-08-06 15:17:00
5204e36f-b551-46e2-b126-6a1c00c720ba,CUST005,Delivered,CAR003,LOC-WARE-003,LOC-CUST-3,2026-03-14 15:17:00,2026-03-24 15:17:00,2026-03-20 15:17:00,2026-03-19 15:17:00,2026-03-20 15:17:00
0dc16bd2-21fa-47d6-8d77-98a10b713a92,CUST006,Delivered,CAR001,LOC-WARE-004,LOC-CUST-4,2026-09-01 15:17:00,2026-09-09 15:17:00,2026-09-10 15:17:00,2026-09-09 15:17:00,2026-09-09 15:17:00
7908cf84-c1e0-497e-a591-e77b5ec1b0e3,CUST006,Delivered,CAR001,LOC-WARE-004,LOC-CUST-4,2026-08-29 15:17:00,2026-09-05 15:17:00,2026-09-06 15:17:00,2026-09-09 15:17:00,2026-09-09 15:17:00
663c155f-87aa-4ee2-888f-e88d9cb5f85d,CUST012,Delivered,CAR003,LOC-WARE-003,LOC-CUST-10,2026-08-20 15:17:00,2026-08-29 15:17:00,2026-08-29 15:17:00,2026-08-28 15:17:00,2026-08-28 15:17:00
4c35e3e7-f555-45c2-b25c-ebe60e99480a,CUST009,Delivered,CAR003,LOC-WARE-003,LOC-CUST-7,2026-05-26 15:17:00,2026-06-02 15:17:00,2026-05-31 15:17:00,2026-05-30 15:17:00,2026-06-02 15:17:00
9b47a3c6-46f2-4eb8-9b90-17b7ba6ecfa2,CUST012,Delivered,CAR001,LOC-WARE-004,LOC-CUST-10,2026-08-14 15:17:00,2026-08-22 15:17:00,2026-08-21 15:17:00,2026-08-20 15:17:00,2026-08-21 15:17:00
c09badfc-637a-4c1d-95f6-dd44adbffc26,CUST012,Delivered,CAR001,LOC-WARE-004,LOC-CUST-10,2026-08-13 15:17:00,2026-08-22 15:17:00,2026-08-19 15:17:00,2026-08-20 15:17:00,2026-08-21 15:17:00
61030e49-5392-47fc-b258-6bc20cd1e044,CUST015,Delivered,CAR003,LOC-WARE-004,LOC-CUST-13,2026-03-06 15:17:00,2026-03-14 15:17:00,2026-03-11 15:17:00,2026-03-10 15:17:00,2026-03-17 15:17:00
91a333dd-02d1-4a4e-a082-b05750800e17,CUST008,Delivered,CAR002,LOC-WARE-003,LOC-CUST-6,2026-06-04 15:17:00,2026-06-13 15:17:00,2026-06-12 15:17:00,2026-06-11 15:17:00,2026-06-14 15:17:00
885be2f4-efd4-4457-acaf-9860c5a0a933,CUST015,Delivered,CAR002,LOC-WARE-004,LOC-CUST-13,2026-03-19 15:17:00,2026-03-29 15:17:00,2026-03-24 15:17:00,2026-03-23 15:17:00,2026-03-29 15:17:00
5d0d07e5-1349-47fb-b3a6-b6d1104ee939,CUST015,Delivered,CAR002,LOC-WARE-004,LOC-CUST-13,2026-03-21 15:17:00,2026-03-26 15:17:00,2026-03-26 15:17:00,2026-03-23 15:17:00,2026-03-29 15:17:00
22c67610-4c43-4a4d-bdd9-9795b53430cb,CUST009,Delivered,CAR003,LOC-WARE-003,LOC-CUST-7,2026-03-23 15:17:00,2026-03-26 15:17:00,2026-03-31 15:17:00,2026-03-30 15:17:00,2026-03-27 15:17:00
ddfcb667-1c0d-4c01-b62a-5da313ceb410,CUST009,Delivered,CAR003,LOC-WARE-003,LOC-CUST-7,2026-04-14 15:17:00,2026-04-19 15:17:00,2026-04-21 15:17:00,2026-04-20 15:17:00,2026-04-21 15:17:00
7b89e757-9908-4e8b-bfd6-eef8dd685ce8,CUST013,Delivered,CAR001,LOC-WARE-004,LOC-CUST-11,2026-06-11 15:17:00,2026-06-17 15:17:00,2026-06-19 15:17:00,2026-06-18 15:17:00,2026-06-15 15:17:00
6bd8bd40-1d82-4b81-abc3-46f8f3fcb86e,CUST013,Delivered,CAR001,LOC-WARE-004,LOC-CUST-11,2026-06-09 15:17:00,2026-06-17 15:17:00,2026-06-18 15:17:00,2026-06-18 15:17:00,2026-06-15 15:17:00
ecca2a96-c14e-46d3-ac20-02a5c67787fd,CUST006,Delivered,CAR002,LOC-WARE-004,LOC-CUST-4,2026-08-03 15:17:00,2026-08-09 15:17:00,2026-08-08 15:17:00,2026-08-07 15:17:00,2026-08-13 15:17:00
b6f8c1f4-5617-40ed-9cad-466cac759dab,CUST002,Delivered,CAR003,LOC-WARE-004,LOC-CUST-1,2026-08-13 15:17:00,2026-08-19 15:17:00,2026-08-19 15:17:00,2026-08-18 15:17:00,2026-08-16 15:17:00
649dad03-2932-4059-9738-478d0dc6d95e,CUST006,Delivered,CAR002,LOC-WARE-004,LOC-CUST-4,2026-08-20 15:17:00,2026-08-27 15:17:00,2026-08-27 15:17:00,2026-08-26 15:17:00,2026-08-28 15:17:00
a8eb28a7-5e37-46f6-96f2-89c977c7d811,CUST006,Delivered,CAR002,LOC-WARE-004,LOC-CUST-4,2026-08-22 15:17:00,2026-08-28 15:17:00,2026-08-27 15:17:00,2026-08-26 15:17:00,2026-08-28 15:17:00
62c219fb-6e04-4d98-80cc-25269abf7413,CUST002,Delivered,CAR002,LOC-WARE-004,LOC-CUST-1,2026-04-19 15:17:00,2026-04-23 15:17:00,2026-04-25 15:17:00,2026-04-24 15:17:00,2026-04-23 15:17:00
aab4f785-92f9-4a19-831d-154fd9bcec96,CUST010,Delivered,CAR001,LOC-WARE-003,LOC-CUST-8,2026-08-08 15:17:00,2026-08-18 15:17:00,2026-08-15 15:17:00,2026-08-14 15:17:00,2026-08-19 15:17:00
ce97b021-0917-48b8-990d-cb9e1ad11c4b,CUST004,Delivered,CAR002,LOC-WARE-004,LOC-CUST-2,2026-06-26 15:17:00,2026-07-06 15:17:00,2026-07-04 15:17:00,2026-07-03 15:17:00,2026-07-05 15:17:00
f4e562a8-5dbc-476b-8021-c7717381c852,CUST004,Delivered,CAR002,LOC-WARE-004,LOC-CUST-2,2026-06-26 15:17:00,2026-06-30 15:17:00,2026-07-04 15:17:00,2026-07-03 15:17:00,2026-07-05 15:17:00
9c9ad41d-e706-4e88-ae88-961fe2673e49,CUST002,Delivered,CAR001,LOC-WARE-003,LOC-CUST-1,2026-09-03 15:17:00,2026-09-04 15:17:00,2026-09-08 15:17:00,2026-09-07 15:17:00,2026-09-10 15:17:00
08879944-8185-4e8c-ac0a-c1a3c894d2dd,CUST013,Delivered,CAR001,LOC-WARE-003,LOC-CUST-11,2026-06-06 15:17:00,2026-06-18 15:17:00,2026-06-12 15:17:00,2026-06-11 15:17:00,2026-06-16 15:17:00
56088336-5abf-4c54-bde1-ec041e3504a4,CUST008,Delivered,CAR001,LOC-WARE-004,LOC-CUST-6,2026-08-19 15:17:00,2026-08-21 15:17:00,2026-08-28 15:17:00,2026-08-27 15:17:00,2026-08-21 15:17:00
02b5fdf5-36aa-4229-8471-52786193851c,CUST008,Delivered,CAR001,LOC-WARE-004,LOC-CUST-6,2026-08-17 15:17:00,2026-08-26 15:17:00,2026-08-22 15:17:00,2026-08-27 15:17:00,2026-08-21 15:17:00
fbcaa60f-0ced-4bc6-95d6-ece51d408aa1,CUST009,Delivered,CAR002,LOC-WARE-003,LOC-CUST-7,2026-04-29 15:17:00,2026-05-09 15:17:00,2026-05-04 15:17:00,2026-05-03 15:17:00,2026-05-04 15:17:00
d509fde3-40f1-405c-81e6-e7e3714d4854,CUST010,Delivered,CAR002,LOC-WARE-003,LOC-CUST-8,2026-08-18 15:17:00,2026-08-26 15:17:00,2026-08-25 15:17:00,2026-08-24 15:17:00,2026-08-26 15:17:00
01dd21df-3624-42ed-8529-9221181ca7f5,CUST006,Delivered,CAR002,LOC-WARE-003,LOC-CUST-4,2026-06-07 15:17:00,2026-06-13 15:17:00,2026-06-15 15:17:00,2026-06-14 15:17:00,2026-06-15 15:17:00
ff5cf527-b6e4-4fec-a538-d4ef935d9b9b,CUST006,Delivered,CAR002,LOC-WARE-003,LOC-CUST-4,2026-06-11 15:17:00,2026-06-16 15:17:00,2026-06-18 15:17:00,2026-06-14 15:17:00,2026-06-15 15:17:00
fce4de40-4404-4cff-ad51-b0064c6a3e01,CUST012,Delivered,CAR001,LOC-WARE-003,LOC-CUST-10,2026-07-02 15:17:00,2026-07-09 15:17:00,2026-07-09 15:17:00,2026-07-08 15:17:00,2026-07-06 15:17:00
59f89f26-5ea8-40b9-bcf4-c398e5ae5379,CUST011,Delivered,CAR003,LOC-WARE-004,LOC-CUST-9,2026-08-13 15:17:00,2026-08-17 15:17:00,2026-08-22 15:17:00,2026-08-21 15:17:00,2026-08-19 15:17:00
3289e2f1-ea3b-45b5-8b21-966fe11463ef,CUST011,Delivered,CAR003,LOC-WARE-004,LOC-CUST-9,2026-03-11 15:17:00,2026-03-15 15:17:00,2026-03-18 15:17:00,2026-03-17 15:17:00,2026-03-15 15:17:00
5b2b50ca-babe-4576-93e3-7e8b1e2fb02b,CUST011,Delivered,CAR003,LOC-WARE-004,LOC-CUST-9,2026-03-10 15:17:00,2026-03-19 15:17:00,2026-03-19 15:17:00,2026-03-17 15:17:00,2026-03-15 15:17:00
37d82c30-73d5-4749-9963-d641b8b548d7,CUST014,Delivered,CAR003,LOC-WARE-004,LOC-CUST-12,2026-07-15 15:17:00,2026-07-22 15:17:00,2026-07-24 15:17:00,2026-07-23 15:17:00,2026-07-23 15:17:00
5ab98e6d-a1c7-45c9-b236-1758c665414a,CUST009,Delivered,CAR001,LOC-WARE-003,LOC-CUST-7,2026-03-29 15:17:00,2026-04-06 15:17:00,2026-04-05 15:17:00,2026-04-04 15:17:00,2026-03-31 15:17:00
4e081699-150f-45d1-85c3-d06b6f460849,CUST005,Delivered,CAR003,LOC-WARE-004,LOC-CUST-3,2026-04-22 15:17:00,2026-05-01 15:17:00,2026-04-27 15:17:00,2026-04-26 15:17:00,2026-04-25 15:17:00
370988ac-b10b-42b5-b108-7121ae2a73be,CUST005,Delivered,CAR003,LOC-WARE-004,LOC-CUST-3,2026-04-22 15:17:00,2026-04-26 15:17:00,2026-05-01 15:17:00,2026-04-26 15:17:00,2026-04-25 15:17:00
d8be9b17-b73c-4d18-8aa1-4c7789a9b2d9,CUST013,Delivered,CAR001,LOC-WARE-004,LOC-CUST-11,2026-04-13 15:17:00,2026-04-20 15:17:00,2026-04-19 15:17:00,2026-04-18 15:17:00,2026-04-20 15:17:00
d473676d-77ed-4510-811b-faae1ee72865,CUST011,Delivered,CAR003,LOC-WARE-003,LOC-CUST-9,2026-04-07 15:17:00,2026-04-13 15:17:00,2026-04-14 15:17:00,2026-04-13 15:17:00,2026-04-13 15:17:00
18f88e0c-8440-4f2d-b1f7-e20a262785d4,CUST004,Delivered,CAR002,LOC-WARE-004,LOC-CUST-2,2026-03-15 15:17:00,2026-03-19 15:17:00,2026-03-20 15:17:00,2026-03-19 15:17:00,2026-03-17 15:17:00
86c32273-6ff2-47c8-9284-53cd6a7d32cc,CUST004,Delivered,CAR002,LOC-WARE-004,LOC-CUST-2,2026-03-15 15:17:00,2026-03-22 15:17:00,2026-03-21 15:17:00,2026-03-19 15:17:00,2026-03-17 15:17:00
b888f080-8de6-4e1c-b34d-1cc4e8b487f2,CUST006,Delivered,CAR003,LOC-WARE-004,LOC-CUST-4,2026-07-01 15:17:00,2026-07-07 15:17:00,2026-07-09 15:17:00,2026-07-08 15:17:00,2026-07-11 15:17:00
07c6eb47-8420-45d1-a4ae-4bf5e2696f2d,CUST013,Delivered,CAR002,LOC-WARE-004,LOC-CUST-11,2026-05-30 15:17:00,2026-06-09 15:17:00,2026-06-08 15:17:00,2026-06-07 15:17:00,2026-06-08 15:17:00
a1cd448b-f354-4555-9bae-231dc136d2f6,CUST005,Delivered,CAR001,LOC-WARE-003,LOC-CUST-3,2026-05-12 15:17:00,2026-05-16 15:17:00,2026-05-21 15:17:00,2026-05-20 15:17:00,2026-05-20 15:17:00
3c8dbc03-f625-42af-a2c0-a4dc64cbace3,CUST005,Delivered,CAR001,LOC-WARE-003,LOC-CUST-3,2026-05-12 15:17:00,2026-05-15 15:17:00,2026-05-20 15:17:00,2026-05-20 15:17:00,2026-05-20 15:17:00
13d0ca24-0592-4d4f-97ac-3e082881219d,CUST004,Delivered,CAR003,LOC-WARE-003,LOC-CUST-2,2026-08-09 15:17:00,2026-08-17 15:17:00,2026-08-14 15:17:00,2026-08-13 15:17:00,2026-08-15 15:17:00
4ce8ef95-58e6-4d8b-959f-0cc3617ca178,CUST013,Delivered,CAR002,LOC-WARE-003,LOC-CUST-11,2026-08-05 15:17:00,2026-08-10 15:17:00,2026-08-10 15:17:00,2026-08-09 15:17:00,2026-08-11 15:17:00
9b0fdf1b-8243-43cb-9dfd-48a23f227893,CUST008,Delivered,CAR001,LOC-WARE-003,LOC-CUST-6,2026-08-05 15:17:00,2026-08-09 15:17:00,2026-08-14 15:17:00,2026-08-13 15:17:00,2026-08-10 15:17:00
42a9c9b2-8f0b-4293-8931-f461788fc7d7,CUST008,Delivered,CAR001,LOC-WARE-003,LOC-CUST-6,2026-08-02 15:17:00,2026-08-07 15:17:00,2026-08-08 15:17:00,2026-08-13 15:17:00,2026-08-10 15:17:00
4a861670-e899-482f-b0e9-f8f314097c81,CUST010,Delivered,CAR001,LOC-WARE-003,LOC-CUST-8,2026-08-28 15:17:00,2026-08-31 15:17:00,2026-09-05 15:17:00,2026-09-04 15:17:00,2026-09-04 15:17:00
ef1b3ecf-7e5a-4a9b-b01f-0f508876d391,CUST011,Delivered,CAR001,LOC-WARE-004,LOC-CUST-9,2026-04-17 15:17:00,2026-04-24 15:17:00,2026-04-25 15:17:00,2026-04-24 15:17:00,2026-04-21 15:17:00
c6ded678-4a5d-4889-bc36-6a94658016cd,CUST004,Delivered,CAR002,LOC-WARE-004,LOC-CUST-2,2026-03-30 15:17:00,2026-04-10 15:17:00,2026-04-04 15:17:00,2026-04-03 15:17:00,2026-04-07 15:17:00
42acd1bb-0e90-4ec5-bba1-4545dcc2d757,CUST004,Delivered,CAR002,LOC-WARE-004,LOC-CUST-2,2026-04-02 15:17:00,2026-04-05 15:17:00,2026-04-11 15:17:00,2026-04-03 15:17:00,2026-04-07 15:17:00
6bccaffd-fb5e-41fb-83fa-688d9a301d8f,CUST010,Delivered,CAR002,LOC-WARE-003,LOC-CUST-8,2026-03-27 15:17:00,2026-04-04 15:17:00,2026-04-05 15:17:00,2026-04-04 15:17:00,2026-04-04 15:17:00
7b0ea037-fdb9-4b5e-9948-4230c54bf3e3,CUST009,Delivered,CAR002,LOC-WARE-003,LOC-CUST-7,2026-06-01 15:17:00,2026-06-09 15:17:00,2026-06-07 15:17:00,2026-06-06 15:17:00,2026-06-09 15:17:00
724d08e3-d907-4c78-8ba0-d973906ea0be,CUST015,Delivered,CAR003,LOC-WARE-004,LOC-CUST-13,2026-08-10 15:17:00,2026-08-18 15:17:00,2026-08-15 15:17:00,2026-08-14 15:17:00,2026-08-15 15:17:00
bed24ab0-a7e5-4b2f-95b8-a440805f5d3d,CUST015,Delivered,CAR003,LOC-WARE-004,LOC-CUST-13,2026-08-13 15:17:00,2026-08-14 15:17:00,2026-08-18 15:17:00,2026-08-14 15:17:00,2026-08-15 15:17:00
ae0ed2c6-8fb3-4480-aca1-20143aa8d935,CUST013,Delivered,CAR002,LOC-WARE-004,LOC-CUST-11,2026-04-14 15:17:00,2026-04-20 15:17:00,2026-04-19 15:17:00,2026-04-18 15:17:00,2026-04-18 15:17:00
9b72b323-b868-4017-91f9-2f0c4985f253,CUST005,Delivered,CAR003,LOC-WARE-003,LOC-CUST-3,2026-04-07 15:17:00,2026-04-10 15:17:00,2026-04-14 15:17:00,2026-04-13 15:17:00,2026-04-09 15:17:00
8390e8d9-a3f7-4cac-973d-35ceed4f7583,CUST004,Delivered,CAR001,LOC-WARE-004,LOC-CUST-2,2026-06-25 15:17:00,2026-06-30 15:17:00,2026-06-30 15:17:00,2026-06-29 15:17:00,2026-07-01 15:17:00
0c0c1495-aa18-4c69-bd50-3a99e80beffd,CUST004,Delivered,CAR001,LOC-WARE-004,LOC-CUST-2,2026-06-22 15:17:00,2026-06-29 15:17:00,2026-06-30 15:17:00,2026-06-29 15:17:00,2026-07-01 15:17:00
fa4aa8a7-536c-4211-8492-741d21d9fb04,CUST011,Delivered,CAR002,LOC-WARE-004,LOC-CUST-9,2026-08-28 15:17:00,2026-08-31 15:17:00,2026-09-03 15:17:00,2026-09-02 15:17:00,2026-09-01 15:17:00
03fcfe1b-5b05-4b39-a7b9-0b1b5f597382,CUST012,Delivered,CAR003,LOC-WARE-004,LOC-CUST-10,2026-03-24 15:17:00,2026-03-27 15:17:00,2026-03-30 15:17:00,2026-03-29 15:17:00,2026-03-29 15:17:00
d837cc91-06db-4eee-b0bd-48df99776348,CUST007,Delivered,CAR003,LOC-WARE-004,LOC-CUST-5,2026-03-14 15:17:00,2026-03-25 15:17:00,2026-03-19 15:17:00,2026-03-18 15:17:00,2026-03-20 15:17:00
e1dd5187-7263-4c0f-8fdf-96cf7e76717f,CUST007,Delivered,CAR003,LOC-WARE-004,LOC-CUST-5,2026-03-16 15:17:00,2026-03-22 15:17:00,2026-03-21 15:17:00,2026-03-18 15:17:00,2026-03-20 15:17:00
573ca832-0bf7-4428-8304-a83e4603877a,CUST009,Delivered,CAR003,LOC-WARE-004,LOC-CUST-7,2026-04-20 15:17:00,2026-04-25 15:17:00,2026-04-29 15:17:00,2026-04-28 15:17:00,2026-05-01 15:17:00
557c8641-23dc-4609-9d84-90bb804bd686,CUST010,Delivered,CAR001,LOC-WARE-004,LOC-CUST-8,2026-05-24 15:17:00,2026-06-02 15:17:00,2026-06-01 15:17:00,2026-05-31 15:17:00,2026-06-02 15:17:00
7e3d8f7c-1c99-4860-bfa1-eb3825f45337,CUST008,Delivered,CAR001,LOC-WARE-004,LOC-CUST-6,2026-04-14 15:17:00,2026-04-22 15:17:00,2026-04-20 15:17:00,2026-04-19 15:17:00,2026-04-25 15:17:00
fe5da4d5-109d-453c-9e61-9528a4eac364,CUST008,Delivered,CAR001,LOC-WARE-004,LOC-CUST-6,2026-04-18 15:17:00,2026-04-21 15:17:00,2026-04-25 15:17:00,2026-04-19 15:17:00,2026-04-25 15:17:00
72b34d90-c569-40fa-838d-1b79d1799b2a,CUST002,Delivered,CAR002,LOC-WARE-004,LOC-CUST-1,2026-03-10 15:17:00,2026-03-16 15:17:00,2026-03-16 15:17:00,2026-03-15 15:17:00,2026-03-12 15:17:00
8c5a8b16-13e1-4ee7-a5a1-02e9defbc1df,CUST015,Delivered,CAR001,LOC-WARE-003,LOC-CUST-13,2026-07-24 15:17:00,2026-07-25 15:17:00,2026-07-31 15:17:00,2026-07-30 15:17:00,2026-07-30 15:17:00
ab340231-ed7d-43a8-9aa6-002112511add,CUST012,Delivered,CAR003,LOC-WARE-004,LOC-CUST-10,2026-08-28 15:17:00,2026-09-06 15:17:00,2026-09-06 15:17:00,2026-09-05 15:17:00,2026-09-03 15:17:00
ef2a4f87-89d6-4b7b-95c0-75acac9d96de,CUST012,Delivered,CAR003,LOC-WARE-004,LOC-CUST-10,2026-09-01 15:17:00,2026-09-05 15:17:00,2026-09-06 15:17:00,2026-09-05 15:17:00,2026-09-03 15:17:00
c2e21029-0fce-4eee-accf-01f45f50e2d9,CUST015,Delivered,CAR001,LOC-WARE-003,LOC-CUST-13,2026-08-23 15:17:00,2026-08-25 15:17:00,2026-08-31 15:17:00,2026-08-30 15:17:00,2026-08-24 15:17:00
c9452178-8982-431f-b4b9-a3290e1715bd,CUST012,Delivered,CAR001,LOC-WARE-003,LOC-CUST-10,2026-08-19 15:17:00,2026-08-22 15:17:00,2026-08-24 15:17:00,2026-08-23 15:17:00,2026-08-25 15:17:00
76d2d889-c810-4f36-9af2-2d2ebed4c385,CUST011,Delivered,CAR001,LOC-WARE-004,LOC-CUST-9,2026-08-22 15:17:00,2026-08-27 15:17:00,2026-08-30 15:17:00,2026-08-29 15:17:00,2026-08-29 15:17:00
7ceae422-bf35-45af-8ef9-8e48b69d4c70,CUST011,Delivered,CAR001,LOC-WARE-004,LOC-CUST-9,2026-08-25 15:17:00,2026-08-28 15:17:00,2026-09-01 15:17:00,2026-08-29 15:17:00,2026-08-29 15:17:00