ID,SupplierId,Status,CarrierID,originLocationId,destinationLocationId,actualShipDate,estimatedTimeOfArrival,deliveredDateTime,requestedTimeOfArrival,committedTimeOfArrival
b1a0e02a-db6b-46ad-97da-a8ebc362050f,SUP-0003,Shipped,CAR002,LOC-SUPL-3,LOC-PLANT-002,2026-09-08 15:17:00,2026-09-13 15:17:00,,2026-09-11 15:17:00,2026-09-10 15:17:00
fb7b64ef-7f8e-4385-b13c-3e625e4fc459,SUP-0002,Shipped,CAR002,LOC-SUPL-2,LOC-PLANT-002,2026-09-02 15:17:00,2026-09-05 15:17:00,,2026-09-10 15:17:00,2026-09-09 15:17:00
878b0476-968a-46f8-8be2-a4f8d03e0cdc,SUP-0007,Shipped,CAR002,LOC-SUPL-7,LOC-PLANT-001,2026-09-10 15:17:00,2026-09-14 15:17:00,,2026-09-17 15:17:00,2026-09-16 15:17:00
9c49bb01-ff61-4ba6-a18b-fd000da7767a,SUP-0006,Shipped,CAR002,LOC-SUPL-6,LOC-PLANT-002,2026-09-07 15:17:00,2026-09-15 15:17:00,,2026-09-10 15:17:00,2026-09-12 15:17:00
85932089-f49a-4db7-b85a-c83513c6242a,SUP-0001,Shipped,CAR003,LOC-SUPL-1,LOC-PLANT-002,2026-09-05 15:17:00,2026-09-08 15:17:00,,2026-09-11 15:17:00,2026-09-10 15:17:00
299c55bd-5220-40b4-8756-8502c26b874c,SUP-0003,Shipped,CAR002,LOC-SUPL-3,LOC-PLANT-001,2026-09-07 15:17:00,2026-09-13 15:17:00,,2026-09-12 15:17:00,2026-09-14 15:17:00
8e7cc4a6-5b5a-4a18-b777-3469af117e49,SUP-0009,Shipped,CAR003,LOC-SUPL-9,LOC-PLANT-002,2026-09-06 15:17:00,2026-09-13 15:17:00,,2026-09-06 15:17:00,2026-09-07 15:17:00
c5ec59ce-ea51-460b-80bd-614b22ddcfbc,SUP-0010,Shipped,CAR001,LOC-SUPL-10,LOC-PLANT-001,2026-09-09 15:17:00,2026-09-12 15:17:00,,2026-09-15 15:17:00,2026-09-16 15:17:00
12bf3518-1985-46a4-9385-f2317f3662c6,SUP-0003,Shipped,CAR003,LOC-SUPL-3,LOC-PLANT-002,2026-09-02 15:17:00,2026-09-05 15:17:00,,2026-09-08 15:17:00,2026-09-09 15:17:00
3148af93-bd71-4b14-b58c-1278c4ff954b,SUP-0008,Shipped,CAR003,LOC-SUPL-8,LOC-PLANT-001,2026-09-10 15:17:00,2026-09-18 15:17:00,,2026-09-17 15:17:00,2026-09-20 15:17:00
1593ce03-8558-4ffb-ae4c-cb2b55353d59,SUP-0009,Shipped,CAR002,LOC-SUPL-9,LOC-PLANT-002,2026-09-10 15:17:00,2026-09-15 15:17:00,,2026-09-16 15:17:00,2026-09-18 15:17:00
15e3bc60-a8a5-4541-9253-99adb69b103b,SUP-0002,Shipped,CAR003,LOC-SUPL-2,LOC-PLANT-002,2026-09-09 15:17:00,2026-09-13 15:17:00,,2026-09-09 15:17:00,2026-09-10 15:17:00
9de522dc-d897-466e-963c-08331dc7a234,SUP-0010,Shipped,CAR002,LOC-SUPL-10,LOC-PLANT-001,2026-09-09 15:17:00,2026-09-11 15:17:00,,2026-09-15 15:17:00,2026-09-13 15:17:00
eddcc8e6-61ba-4007-beb2-8055c810b9c9,SUP-0010,Shipped,CAR003,LOC-SUPL-10,LOC-PLANT-001,2026-09-09 15:17:00,2026-09-13 15:17:00,,2026-09-13 15:17:00,2026-09-15 15:17:00
594ad7cb-9a2e-41af-99be-9d912534884a,SUP-0005,Shipped,CAR001,LOC-SUPL-5,LOC-PLANT-001,2026-09-07 15:17:00,2026-09-13 15:17:00,,2026-09-06 15:17:00,2026-09-09 15:17:00
83df7323-98db-4dbf-8cdd-069fa35fff2c,SUP-0008,Shipped,CAR001,LOC-SUPL-8,LOC-PLANT-001,2026-09-10 15:17:00,2026-09-15 15:17:00,,2026-09-18 15:17:00,2026-09-20 15:17:00
cbecf6f9-2091-4bf3-bfc2-813387e71f33,SUP-0008,Shipped,CAR003,LOC-SUPL-8,LOC-PLANT-002,2026-09-07 15:17:00,2026-09-16 15:17:00,,2026-09-13 15:17:00,2026-09-15 15:17:00
bd68aa64-3d8c-4da4-a711-3f95cd5890ca,SUP-0010,Shipped,CAR002,LOC-SUPL-10,LOC-PLANT-002,2026-09-10 15:17:00,2026-09-13 15:17:00,,2026-09-11 15:17:00,2026-09-12 15:17:00
073ac0ee-cb84-47ea-b5b4-a6edeb86694d,SUP-0002,Shipped,CAR002,LOC-SUPL-2,LOC-PLANT-001,2026-09-04 15:17:00,2026-09-09 15:17:00,,2026-09-10 15:17:00,2026-09-10 15:17:00
1f23b231-2936-415c-9a67-c4b72445813c,SUP-0007,Shipped,CAR002,LOC-SUPL-7,LOC-PLANT-002,2026-09-10 15:17:00,2026-09-21 15:17:00,,2026-09-18 15:17:00,2026-09-16 15:17:00
d9966eed-03ee-44bb-93c7-1e8c0e303f8a,SUP-0005,Shipped,CAR001,LOC-SUPL-5,LOC-PLANT-001,2026-09-10 15:17:00,2026-09-18 15:17:00,,2026-09-15 15:17:00,2026-09-18 15:17:00
b8971cf2-462b-4bbd-b4dc-41b67ac24d5c,SUP-0009,Shipped,CAR003,LOC-SUPL-9,LOC-PLANT-001,2026-08-30 15:17:00,2026-09-03 15:17:00,,2026-09-02 15:17:00,2026-09-04 15:17:00
24a1c4ab-442b-4b04-b698-29c2e00b40c5,SUP-0006,Shipped,CAR002,LOC-SUPL-6,LOC-PLANT-001,2026-09-10 15:17:00,2026-09-13 15:17:00,,2026-09-12 15:17:00,2026-09-14 15:17:00
ce27ca1a-cc43-4774-af52-22b8d44b863c,SUP-0007,Shipped,CAR002,LOC-SUPL-7,LOC-PLANT-002,2026-09-04 15:17:00,2026-09-14 15:17:00,,2026-09-06 15:17:00,2026-09-04 15:17:00
bf644a69-40b2-42de-91de-8bdab90dbcf5,SUP-0007,Shipped,CAR002,LOC-SUPL-7,LOC-PLANT-002,2026-09-04 15:17:00,2026-09-10 15:17:00,,2026-09-06 15:17:00,2026-09-04 15:17:00
f6a6acd8-f9ac-4102-bbe8-15bee57e5309,SUP-0001,Shipped,CAR002,LOC-SUPL-1,LOC-PLANT-002,2026-08-31 15:17:00,2026-09-08 15:17:00,,2026-09-07 15:17:00,2026-09-06 15:17:00
bbf1b40f-5631-48d4-882e-781250018bd0,SUP-0001,Shipped,CAR002,LOC-SUPL-1,LOC-PLANT-001,2026-08-31 15:17:00,2026-09-02 15:17:00,,2026-09-01 15:17:00,2026-09-02 15:17:00
adfd3a78-1abc-4d8d-bf01-7ab9b3e14773,SUP-0010,Shipped,CAR001,LOC-SUPL-10,LOC-PLANT-001,2026-09-04 15:17:00,2026-09-09 15:17:00,,2026-09-11 15:17:00,2026-09-10 15:17:00
abc52011-e9f9-4b52-bc15-318528b66b98,SUP-0006,Shipped,CAR001,LOC-SUPL-6,LOC-PLANT-001,2026-09-03 15:17:00,2026-09-11 15:17:00,,2026-09-07 15:17:00,2026-09-09 15:17:00
052c8e77-0bcb-4f76-b5d3-f05aee77c9d8,SUP-0001,Shipped,CAR001,LOC-SUPL-1,LOC-PLANT-002,2026-08-29 15:17:00,2026-09-08 15:17:00,,2026-09-01 15:17:00,2026-09-01 15:17:00
b3214fde-e0c1-4ca4-8936-586da69d58db,SUP-0009,Shipped,CAR001,LOC-SUPL-9,LOC-PLANT-002,2026-09-09 15:17:00,2026-09-20 15:17:00,,2026-09-15 15:17:00,2026-09-16 15:17:00
210910ca-21eb-47da-a3fd-c9bdb38263b8,SUP-0004,Shipped,CAR003,LOC-SUPL-4,LOC-PLANT-002,2026-09-02 15:17:00,2026-09-11 15:17:00,,2026-09-07 15:17:00,2026-09-07 15:17:00
e1fcdcb8-08db-4738-9cf7-f32f593ae4cf,SUP-0006,Shipped,CAR003,LOC-SUPL-6,LOC-PLANT-002,2026-09-09 15:17:00,2026-09-15 15:17:00,,2026-09-11 15:17:00,2026-09-10 15:17:00
a2e95871-7a33-4d17-9617-1561766b3024,SUP-0006,Shipped,CAR001,LOC-SUPL-6,LOC-PLANT-001,2026-09-10 15:17:00,2026-09-17 15:17:00,,2026-09-15 15:17:00,2026-09-15 15:17:00
172bea15-7174-479e-a3f9-1c0ca4e9669f,SUP-0007,Shipped,CAR002,LOC-SUPL-7,LOC-PLANT-001,2026-08-30 15:17:00,2026-09-03 15:17:00,,2026-09-04 15:17:00,2026-09-02 15:17:00
b7a121d8-37db-4133-b930-f755930b4417,SUP-0006,Shipped,CAR003,LOC-SUPL-6,LOC-PLANT-001,2026-09-10 15:17:00,2026-09-14 15:17:00,,2026-09-12 15:17:00,2026-09-15 15:17:00
96a590f3-a274-493e-a57e-96e5ad8e8491,SUP-0009,Shipped,CAR001,LOC-SUPL-9,LOC-PLANT-002,2026-09-06 15:17:00,2026-09-12 15:17:00,,2026-09-09 15:17:00,2026-09-10 15:17:00
83d1c3b5-966f-4cf3-adb8-2c42f4864e3f,SUP-0001,Shipped,CAR001,LOC-SUPL-1,LOC-PLANT-002,2026-09-03 15:17:00,2026-09-10 15:17:00,,2026-09-12 15:17:00,2026-09-10 15:17:00
0cf59a57-0023-43c4-8c9d-343790d4595f,SUP-0009,Shipped,CAR001,LOC-SUPL-9,LOC-PLANT-001,2026-09-08 15:17:00,2026-09-15 15:17:00,,2026-09-15 15:17:00,2026-09-12 15:17:00
63cf1331-07be-46c4-8b2c-460702632e15,SUP-0003,Shipped,CAR001,LOC-SUPL-3,LOC-PLANT-001,2026-09-01 15:17:00,2026-09-02 15:17:00,,2026-09-04 15:17:00,2026-09-03 15:17:00
635bc344-affc-4aab-9a57-8694cfa013fc,SUP-0009,Shipped,CAR003,LOC-SUPL-9,LOC-PLANT-001,2026-09-02 15:17:00,2026-09-06 15:17:00,,2026-09-06 15:17:00,2026-09-04 15:17:00
b7f05fa4-16bb-4b7f-9967-da059c2e5fd9,SUP-0006,Shipped,CAR002,LOC-SUPL-6,LOC-PLANT-001,2026-09-09 15:17:00,2026-09-11 15:17:00,,2026-09-13 15:17:00,2026-09-16 15:17:00
f4557bb8-c151-4685-b21e-ce1ceaf89b2a,SUP-0002,Shipped,CAR002,LOC-SUPL-2,LOC-PLANT-002,2026-08-31 15:17:00,2026-09-07 15:17:00,,2026-09-02 15:17:00,2026-09-04 15:17:00
a78ce29f-a0fb-4c59-9bd0-338ffe3c88a4,SUP-0004,Shipped,CAR002,LOC-SUPL-4,LOC-PLANT-001,2026-09-10 15:17:00,2026-09-16 15:17:00,,2026-09-13 15:17:00,2026-09-14 15:17:00
02814bcf-70af-472f-bbff-7147a38f7cd6,SUP-0006,Delivered,CAR002,LOC-SUPL-6,LOC-PLANT-002,2026-08-13 15:17:00,2026-08-14 15:17:00,2026-08-20 15:17:00,2026-08-20 15:17:00,2026-08-16 15:17:00
81987313-e800-4bd7-b4a2-f4595cf15020,SUP-0001,Delivered,CAR003,LOC-SUPL-1,LOC-PLANT-002,2026-05-18 15:17:00,2026-05-20 15:17:00,2026-05-24 15:17:00,2026-05-24 15:17:00,2026-05-22 15:17:00
9e6b4de8-1b33-4267-a43f-5a672e9511ba,SUP-0001,Delivered,CAR002,LOC-SUPL-1,LOC-PLANT-001,2026-05-01 15:17:00,2026-05-09 15:17:00,2026-05-07 15:17:00,2026-05-07 15:17:00,2026-05-04 15:17:00
0257188b-d11a-417a-ab5a-a04913bacdf8,SUP-0001,Delivered,CAR002,LOC-SUPL-1,LOC-PLANT-001,2026-05-01 15:17:00,2026-05-04 15:17:00,2026-05-04 15:17:00,2026-05-07 15:17:00,2026-05-04 15:17:00
2cc6abfa-4eee-4a34-a20a-b96f211670eb,SUP-0009,Delivered,CAR003,LOC-SUPL-9,LOC-PLANT-002,2026-06-19 15:17:00,2026-06-23 15:17:00,2026-06-29 15:17:00,2026-06-29 15:17:00,2026-06-23 15:17:00
359a0be1-e367-4894-a0e3-1603bf4f55ed,SUP-0007,Delivered,CAR003,LOC-SUPL-7,LOC-PLANT-002,2026-08-04 15:17:00,2026-08-11 15:17:00,2026-08-13 15:17:00,2026-08-13 15:17:00,2026-08-13 15:17:00
31318353-1f53-40c4-8231-44c62131efd4,SUP-0003,Delivered,CAR003,LOC-SUPL-3,LOC-PLANT-002,2026-03-31 15:17:00,2026-04-08 15:17:00,2026-04-04 15:17:00,2026-04-08 15:17:00,2026-04-07 15:17:00
742ef663-ed9a-4053-ab60-856347f49ab4,SUP-0003,Delivered,CAR003,LOC-SUPL-3,LOC-PLANT-002,2026-03-31 15:17:00,2026-04-07 15:17:00,2026-04-08 15:17:00,2026-04-08 15:17:00,2026-04-07 15:17:00
8af02510-953e-4a7e-8a43-31c1427978eb,SUP-0001,Delivered,CAR002,LOC-SUPL-1,LOC-PLANT-001,2026-05-11 15:17:00,2026-05-15 15:17:00,2026-05-15 15:17:00,2026-05-15 15:17:00,2026-05-14 15:17:00
0c8dba5a-dd66-4f71-a2a1-8e4169fbcf20,SUP-0007,Delivered,CAR002,LOC-SUPL-7,LOC-PLANT-002,2026-07-14 15:17:00,2026-07-25 15:17:00,2026-07-20 15:17:00,2026-07-22 15:17:00,2026-07-22 15:17:00
632c5abf-ae87-43e8-938c-cebc85bef433,SUP-0005,Delivered,CAR003,LOC-SUPL-5,LOC-PLANT-002,2026-08-03 15:17:00,2026-08-07 15:17:00,2026-08-10 15:17:00,2026-08-10 15:17:00,2026-08-09 15:17:00
36f8912b-c556-44c3-a4b4-8e039a05bab9,SUP-0005,Delivered,CAR003,LOC-SUPL-5,LOC-PLANT-002,2026-07-31 15:17:00,2026-08-07 15:17:00,2026-08-04 15:17:00,2026-08-10 15:17:00,2026-08-09 15:17:00
c5d661a3-a3f2-41a5-961e-2536a232f55b,SUP-0007,Delivered,CAR002,LOC-SUPL-7,LOC-PLANT-001,2026-08-13 15:17:00,2026-08-17 15:17:00,2026-08-18 15:17:00,2026-08-20 15:17:00,2026-08-18 15:17:00
a1b9539b-d633-46b1-8d30-91f8e7e05e49,SUP-0008,Delivered,CAR001,LOC-SUPL-8,LOC-PLANT-001,2026-06-26 15:17:00,2026-06-30 15:17:00,2026-07-03 15:17:00,2026-07-03 15:17:00,2026-07-04 15:17:00
5e13299e-4e64-4b5d-b04d-d3f1f1e5f808,SUP-0006,Delivered,CAR003,LOC-SUPL-6,LOC-PLANT-001,2026-05-05 15:17:00,2026-05-08 15:17:00,2026-05-09 15:17:00,2026-05-13 15:17:00,2026-05-10 15:17:00
bdedde99-72c6-48b1-9e55-42c25981993e,SUP-0006,Delivered,CAR003,LOC-SUPL-6,LOC-PLANT-001,2026-05-06 15:17:00,2026-05-10 15:17:00,2026-05-13 15:17:00,2026-05-13 15:17:00,2026-05-10 15:17:00
15a9bff5-c770-4439-a72b-8f83384e5aa3,SUP-0007,Delivered,CAR002,LOC-SUPL-7,LOC-PLANT-002,2026-03-10 15:17:00,2026-03-20 15:17:00,2026-03-20 15:17:00,2026-03-20 15:17:00,2026-03-17 15:17:00
ada0cd14-cada-4b31-8091-a1accb58cf42,SUP-0006,Delivered,CAR002,LOC-SUPL-6,LOC-PLANT-002,2026-08-25 15:17:00,2026-08-27 15:17:00,2026-08-31 15:17:00,2026-08-31 15:17:00,2026-08-28 15:17:00
d9616529-8e3e-42e1-9bb3-1e9955aad5c1,SUP-0002,Delivered,CAR003,LOC-SUPL-2,LOC-PLANT-002,2026-06-06 15:17:00,2026-06-11 15:17:00,2026-06-09 15:17:00,2026-06-09 15:17:00,2026-06-08 15:17:00
0504d2df-3538-4604-bbf2-60b15d961b7c,SUP-0002,Delivered,CAR003,LOC-SUPL-2,LOC-PLANT-002,2026-06-03 15:17:00,2026-06-11 15:17:00,2026-06-06 15:17:00,2026-06-09 15:17:00,2026-06-08 15:17:00
de0fe354-4b04-4260-8e8a-8296f8adfe43,SUP-0003,Delivered,CAR002,LOC-SUPL-3,LOC-PLANT-002,2026-06-22 15:17:00,2026-06-30 15:17:00,2026-07-01 15:17:00,2026-07-01 15:17:00,2026-06-26 15:17:00
a13c9f13-9f80-40a7-81bc-af17ef4218b6,SUP-0008,Delivered,CAR002,LOC-SUPL-8,LOC-PLANT-002,2026-05-10 15:17:00,2026-05-20 15:17:00,2026-05-17 15:17:00,2026-05-17 15:17:00,2026-05-15 15:17:00
7644ea4c-f93e-43d3-9e68-d5824cd11f85,SUP-0007,Delivered,CAR003,LOC-SUPL-7,LOC-PLANT-001,2026-08-08 15:17:00,2026-08-15 15:17:00,2026-08-17 15:17:00,2026-08-19 15:17:00,2026-08-15 15:17:00
d619bbc5-5d5f-4e60-b1f0-717eec97ea18,SUP-0007,Delivered,CAR003,LOC-SUPL-7,LOC-PLANT-001,2026-08-09 15:17:00,2026-08-17 15:17:00,2026-08-19 15:17:00,2026-08-19 15:17:00,2026-08-15 15:17:00
d302d88c-e67e-4b88-b8ad-802805445bde,SUP-0003,Delivered,CAR002,LOC-SUPL-3,LOC-PLANT-001,2026-07-06 15:17:00,2026-07-12 15:17:00,2026-07-12 15:17:00,2026-07-12 15:17:00,2026-07-12 15:17:00
16731d64-dcc7-416c-b1f7-4695747f343a,SUP-0004,Delivered,CAR003,LOC-SUPL-4,LOC-PLANT-002,2026-08-07 15:17:00,2026-08-11 15:17:00,2026-08-12 15:17:00,2026-08-12 15:17:00,2026-08-15 15:17:00
9bcebdfa-e214-4ea3-bca5-c2f0c52fde2f,SUP-0004,Delivered,CAR001,LOC-SUPL-4,LOC-PLANT-002,2026-03-21 15:17:00,2026-03-31 15:17:00,2026-03-27 15:17:00,2026-03-29 15:17:00,2026-03-30 15:17:00
79e9361f-6bd3-4663-8ff0-0447b18f3231,SUP-0004,Delivered,CAR001,LOC-SUPL-4,LOC-PLANT-002,2026-03-22 15:17:00,2026-03-27 15:17:00,2026-03-28 15:17:00,2026-03-29 15:17:00,2026-03-30 15:17:00
eca56bc8-d38b-4c09-a0d8-5be55c224002,SUP-0005,Delivered,CAR001,LOC-SUPL-5,LOC-PLANT-002,2026-05-10 15:17:00,2026-05-20 15:17:00,2026-05-20 15:17:00,2026-05-20 15:17:00,2026-05-14 15:17:00
da29f1b4-209a-450a-b36a-272b29117526,SUP-0003,Delivered,CAR001,LOC-SUPL-3,LOC-PLANT-001,2026-05-05 15:17:00,2026-05-13 15:17:00,2026-05-08 15:17:00,2026-05-10 15:17:00,2026-05-11 15:17:00
78045d9a-31b0-45d7-b15f-fbccb9dedec5,SUP-0007,Delivered,CAR001,LOC-SUPL-7,LOC-PLANT-002,2026-08-19 15:17:00,2026-09-01 15:17:00,2026-08-27 15:17:00,2026-08-31 15:17:00,2026-09-02 15:17:00
26991a7e-e251-4c7b-8d45-544e7e7dc98e,SUP-0007,Delivered,CAR001,LOC-SUPL-7,LOC-PLANT-002,2026-08-22 15:17:00,2026-09-03 15:17:00,2026-08-31 15:17:00,2026-08-31 15:17:00,2026-09-02 15:17:00
957b4291-66c6-4abd-9c6a-47b3123cf027,SUP-0009,Delivered,CAR002,LOC-SUPL-9,LOC-PLANT-002,2026-07-03 15:17:00,2026-07-10 15:17:00,2026-07-13 15:17:00,2026-07-13 15:17:00,2026-07-11 15:17:00
681c2ab8-5130-4f8e-a7e1-8f74900379ca,SUP-0009,Delivered,CAR003,LOC-SUPL-9,LOC-PLANT-002,2026-05-19 15:17:00,2026-05-28 15:17:00,2026-05-29 15:17:00,2026-05-29 15:17:00,2026-05-23 15:17:00
8c0e1db0-5c00-420f-a62b-72820a3a8e0e,SUP-0006,Delivered,CAR001,LOC-SUPL-6,LOC-PLANT-002,2026-04-02 15:17:00,2026-04-11 15:17:00,2026-04-08 15:17:00,2026-04-09 15:17:00,2026-04-11 15:17:00
db0dfee2-8cf5-4640-b3c3-7bf7470a973d,SUP-0006,Delivered,CAR001,LOC-SUPL-6,LOC-PLANT-002,2026-04-03 15:17:00,2026-04-12 15:17:00,2026-04-08 15:17:00,2026-04-09 15:17:00,2026-04-11 15:17:00
9ea887ae-f698-4bcd-8a6d-b7f074cf348f,SUP-0005,Delivered,CAR003,LOC-SUPL-5,LOC-PLANT-002,2026-06-14 15:17:00,2026-06-15 15:17:00,2026-06-19 15:17:00,2026-06-19 15:17:00,2026-06-19 15:17:00
095035f2-1307-4bf3-92f0-9938e9b76bca,SUP-0005,Delivered,CAR002,LOC-SUPL-5,LOC-PLANT-001,2026-07-18 15:17:00,2026-07-19 15:17:00,2026-07-21 15:17:00,2026-07-21 15:17:00,2026-07-20 15:17:00
eaf8e3ec-b19c-4177-913f-e4f6fab9f7d2,SUP-0004,Delivered,CAR001,LOC-SUPL-4,LOC-PLANT-002,2026-06-16 15:17:00,2026-06-25 15:17:00,2026-06-24 15:17:00,2026-06-29 15:17:00,2026-06-24 15:17:00
ed689115-ed55-4e04-bcbf-f8c76b308ed1,SUP-0004,Delivered,CAR001,LOC-SUPL-4,LOC-PLANT-002,2026-06-20 15:17:00,2026-06-29 15:17:00,2026-06-29 15:17:00,2026-06-29 15:17:00,2026-06-24 15:17:00
c108b628-8b4e-4a68-9ddb-59645d21c100,SUP-0005,Delivered,CAR001,LOC-SUPL-5,LOC-PLANT-002,2026-07-13 15:17:00,2026-07-19 15:17:00,2026-07-23 15:17:00,2026-07-23 15:17:00,2026-07-21 15:17:00
dcd9baeb-5562-4f31-a87f-8040b1fa401e,SUP-0001,Delivered,CAR002,LOC-SUPL-1,LOC-PLANT-001,2026-05-10 15:17:00,2026-05-13 15:17:00,2026-05-12 15:17:00,2026-05-13 15:17:00,2026-05-11 15:17:00
924225b6-af5a-40fc-b3b9-95a4251a1ec9,SUP-0005,Delivered,CAR002,LOC-SUPL-5,LOC-PLANT-002,2026-04-14 15:17:00,2026-04-19 15:17:00,2026-04-22 15:17:00,2026-04-22 15:17:00,2026-04-21 15:17:00
ca074e4a-a09f-4179-9b96-30d23f540461,SUP-0005,Delivered,CAR002,LOC-SUPL-5,LOC-PLANT-002,2026-04-16 15:17:00,2026-04-19 15:17:00,2026-04-21 15:17:00,2026-04-22 15:17:00,2026-04-21 15:17:00
a5daf806-f9cd-4afb-b74f-f7353180f0d7,SUP-0009,Delivered,CAR001,LOC-SUPL-9,LOC-PLANT-001,2026-06-23 15:17:00,2026-06-30 15:17:00,2026-07-01 15:17:00,2026-07-01 15:17:00,2026-07-03 15:17:00
7be316b9-6cdd-4c32-8b8c-6811d09b7060,SUP-0003,Delivered,CAR003,LOC-SUPL-3,LOC-PLANT-001,2026-03-24 15:17:00,2026-03-28 15:17:00,2026-03-25 15:17:00,2026-03-28 15:17:00,2026-03-28 15:17:00
bdf5c889-aa25-4ff3-9ca7-7ed0ab90ac77,SUP-0001,Delivered,CAR001,LOC-SUPL-1,LOC-PLANT-001,2026-03-22 15:17:00,2026-03-28 15:17:00,2026-03-25 15:17:00,2026-03-28 15:17:00,2026-03-23 15:17:00
d30ef8fd-0ba2-4a31-b37f-a5507da90480,SUP-0001,Delivered,CAR001,LOC-SUPL-1,LOC-PLANT-001,2026-03-22 15:17:00,2026-03-28 15:17:00,2026-03-28 15:17:00,2026-03-28 15:17:00,2026-03-23 15:17:00
ec5d1e43-aae1-4771-8767-e0b69ce4778f,SUP-0001,Delivered,CAR002,LOC-SUPL-1,LOC-PLANT-001,2026-04-01 15:17:00,2026-04-08 15:17:00,2026-04-03 15:17:00,2026-04-06 15:17:00,2026-04-06 15:17:00
74eee71c-548a-4d1a-a006-6ae3cdf1b3eb,SUP-0007,Delivered,CAR001,LOC-SUPL-7,LOC-PLANT-001,2026-04-24 15:17:00,2026-04-28 15:17:00,2026-05-03 15:17:00,2026-05-03 15:17:00,2026-05-03 15:17:00
0ba75cf4-3e34-42a2-b374-5138aea5e869,SUP-0006,Delivered,CAR003,LOC-SUPL-6,LOC-PLANT-002,2026-05-28 15:17:00,2026-06-03 15:17:00,2026-06-05 15:17:00,2026-06-05 15:17:00,2026-06-05 15:17:00
893de915-a486-42e7-8f5f-94769e9efdd8,SUP-0006,Delivered,CAR003,LOC-SUPL-6,LOC-PLANT-002,2026-05-31 15:17:00,2026-06-02 15:17:00,2026-06-05 15:17:00,2026-06-05 15:17:00,2026-06-05 15:17:00
2850644e-5c33-437f-8c57-24024867884f,SUP-0005,Delivered,CAR003,LOC-SUPL-5,LOC-PLANT-001,2026-07-03 15:17:00,2026-07-04 15:17:00,2026-07-08 15:17:00,2026-07-08 15:17:00,2026-07-03 15:17:00
af5f6f5b-6034-46ea-b8bb-cabf0bac7d85,SUP-0001,Delivered,CAR003,LOC-SUPL-1,LOC-PLANT-002,2026-07-09 15:17:00,2026-07-17 15:17:00,2026-07-13 15:17:00,2026-07-14 15:17:00,2026-07-17 15:17:00
3d0a0d03-9b0e-4beb-944c-c616451eb9d3,SUP-0010,Delivered,CAR003,LOC-SUPL-10,LOC-PLANT-002,2026-04-12 15:17:00,2026-04-17 15:17:00,2026-04-16 15:17:00,2026-04-21 15:17:00,2026-04-20 15:17:00
25bb2f72-f05d-44dc-86b8-9884c44f2ed5,SUP-0010,Delivered,CAR003,LOC-SUPL-10,LOC-PLANT-002,2026-04-15 15:17:00,2026-04-17 15:17:00,2026-04-21 15:17:00,2026-04-21 15:17:00,2026-04-20 15:17:00
35e1c85a-bb07-4fdb-b174-0b0a7d7bdaf2,SUP-0002,Delivered,CAR003,LOC-SUPL-2,LOC-PLANT-002,2026-05-28 15:17:00,2026-06-02 15:17:00,2026-06-02 15:17:00,2026-06-04 15:17:00,2026-06-04 15:17:00
3fceb27a-02ef-4c32-989f-12d3eeb838cd,SUP-0001,Delivered,CAR001,LOC-SUPL-1,LOC-PLANT-002,2026-05-02 15:17:00,2026-05-10 15:17:00,2026-05-10 15:17:00,2026-05-10 15:17:00,2026-05-13 15:17:00
2c2403ba-0407-43fa-8418-a7b349c0d54f,SUP-0005,Delivered,CAR003,LOC-SUPL-5,LOC-PLANT-001,2026-08-22 15:17:00,2026-08-23 15:17:00,2026-08-28 15:17:00,2026-08-28 15:17:00,2026-08-25 15:17:00
36ef0e85-6e2f-4423-9085-d66fd1759053,SUP-0005,Delivered,CAR003,LOC-SUPL-5,LOC-PLANT-001,2026-08-24 15:17:00,2026-08-29 15:17:00,2026-08-27 15:17:00,2026-08-28 15:17:00,2026-08-25 15:17:00
60f7eafc-ad87-47bf-9ec7-114b04e9bd4c,SUP-0002,Delivered,CAR001,LOC-SUPL-2,LOC-PLANT-002,2026-09-01 15:17:00,2026-09-04 15:17:00,2026-09-05 15:17:00,2026-09-06 15:17:00,2026-09-09 15:17:00
f758137c-15a1-4f00-a37d-29d8943d0136,SUP-0008,Delivered,CAR002,LOC-SUPL-8,LOC-PLANT-001,2026-05-27 15:17:00,2026-06-03 15:17:00,2026-06-04 15:17:00,2026-06-04 15:17:00,2026-05-31 15:17:00
4d0f4594-d517-45cf-9718-066b035c614b,SUP-0009,Delivered,CAR002,LOC-SUPL-9,LOC-PLANT-002,2026-04-09 15:17:00,2026-04-15 15:17:00,2026-04-16 15:17:00,2026-04-16 15:17:00,2026-04-14 15:17:00
7791a0f6-9d53-4f60-9ee8-4b55f75a6a53,SUP-0009,Delivered,CAR002,LOC-SUPL-9,LOC-PLANT-002,2026-04-07 15:17:00,2026-04-14 15:17:00,2026-04-15 15:17:00,2026-04-16 15:17:00,2026-04-14 15:17:00
549ca127-ab5f-494b-8e67-d3a272e5c29e,SUP-0002,Delivered,CAR003,LOC-SUPL-2,LOC-PLANT-001,2026-05-31 15:17:00,2026-06-02 15:17:00,2026-06-03 15:17:00,2026-06-03 15:17:00,2026-06-03 15:17:00
83c0c518-10d6-43f8-a2a5-87579985bd17,SUP-0005,Delivered,CAR002,LOC-SUPL-5,LOC-PLANT-001,2026-04-03 15:17:00,2026-04-09 15:17:00,2026-04-06 15:17:00,2026-04-09 15:17:00,2026-04-09 15:17:00
f6279030-af3d-4e37-a986-0fcc5495381b,SUP-0008,Delivered,CAR002,LOC-SUPL-8,LOC-PLANT-002,2026-03-24 15:17:00,2026-03-29 15:17:00,2026-04-02 15:17:00,2026-04-04 15:17:00,2026-03-29 15:17:00
ea78b7bf-550e-4201-9cf3-17a27b0774d5,SUP-0008,Delivered,CAR002,LOC-SUPL-8,LOC-PLANT-002,2026-03-27 15:17:00,2026-03-29 15:17:00,2026-04-04 15:17:00,2026-04-04 15:17:00,2026-03-29 15:17:00
9e932665-3fd4-4969-b3c8-a9c098f4e338,SUP-0003,Delivered,CAR003,LOC-SUPL-3,LOC-PLANT-001,2026-05-11 15:17:00,2026-05-14 15:17:00,2026-05-15 15:17:00,2026-05-15 15:17:00,2026-05-16 15:17:00
b78ac9b9-a77b-4ac0-9903-8cc5573dc222,SUP-0007,Delivered,CAR003,LOC-SUPL-7,LOC-PLANT-002,2026-06-04 15:17:00,2026-06-11 15:17:00,2026-06-13 15:17:00,2026-06-14 15:17:00,2026-06-16 15:17:00
1bde0a00-f2df-4a3a-b5cc-1db7e798d824,SUP-0003,Delivered,CAR003,LOC-SUPL-3,LOC-PLANT-001,2026-07-25 15:17:00,2026-07-26 15:17:00,2026-07-30 15:17:00,2026-07-31 15:17:00,2026-07-29 15:17:00
7a2971cc-0c66-4ab5-9f3e-819ab936ccb1,SUP-0003,Delivered,CAR003,LOC-SUPL-3,LOC-PLANT-001,2026-07-27 15:17:00,2026-07-31 15:17:00,2026-07-31 15:17:00,2026-07-31 15:17:00,2026-07-29 15:17:00
9452e69d-91f9-479a-898e-982c2e1e09e5,SUP-0002,Delivered,CAR001,LOC-SUPL-2,LOC-PLANT-002,2026-05-02 15:17:00,2026-05-08 15:17:00,2026-05-07 15:17:00,2026-05-08 15:17:00,2026-05-09 15:17:00
a0cf6acd-1c16-4c25-ab0a-0f86366541a5,SUP-0003,Delivered,CAR001,LOC-SUPL-3,LOC-PLANT-001,2026-03-11 15:17:00,2026-03-12 15:17:00,2026-03-14 15:17:00,2026-03-14 15:17:00,2026-03-13 15:17:00
1a3eb11e-8ba2-4ae0-a4d6-fb3a249c7750,SUP-0005,Delivered,CAR001,LOC-SUPL-5,LOC-PLANT-002,2026-06-12 15:17:00,2026-06-19 15:17:00,2026-06-19 15:17:00,2026-06-20 15:17:00,2026-06-21 15:17:00
1bb31420-195c-4c0b-8039-eec2cba550ba,SUP-0005,Delivered,CAR001,LOC-SUPL-5,LOC-PLANT-002,2026-06-12 15:17:00,2026-06-21 15:17:00,2026-06-20 15:17:00,2026-06-20 15:17:00,2026-06-21 15:17:00
21b9b62e-1386-4806-825e-e1617335d2ea,SUP-0005,Delivered,CAR002,LOC-SUPL-5,LOC-PLANT-001,2026-08-14 15:17:00,2026-08-17 15:17:00,2026-08-20 15:17:00,2026-08-20 15:17:00,2026-08-18 15:17:00
fd6e15fb-2797-497b-bacb-fac1e43ef6f0,SUP-0007,Delivered,CAR002,LOC-SUPL-7,LOC-PLANT-001,2026-08-22 15:17:00,2026-08-27 15:17:00,2026-08-27 15:17:00,2026-08-30 15:17:00,2026-09-01 15:17:00
7e9174d0-54cd-449d-a5e0-7462ef55b234,SUP-0008,Delivered,CAR003,LOC-SUPL-8,LOC-PLANT-001,2026-04-08 15:17:00,2026-04-19 15:17:00,2026-04-13 15:17:00,2026-04-17 15:17:00,2026-04-14 15:17:00
e13856cf-c9df-4e51-9ad8-1522f4197377,SUP-0008,Delivered,CAR003,LOC-SUPL-8,LOC-PLANT-001,2026-04-12 15:17:00,2026-04-15 15:17:00,2026-04-17 15:17:00,2026-04-17 15:17:00,2026-04-14 15:17:00
f6dd55f7-a937-48a1-a9a8-691f8d2961a3,SUP-0001,Delivered,CAR001,LOC-SUPL-1,LOC-PLANT-002,2026-03-19 15:17:00,2026-03-26 15:17:00,2026-03-26 15:17:00,2026-03-27 15:17:00,2026-03-29 15:17:00
9669a323-2253-46e7-8e6c-3e9e71a45733,SUP-0005,Delivered,CAR002,LOC-SUPL-5,LOC-PLANT-002,2026-08-26 15:17:00,2026-09-01 15:17:00,2026-09-04 15:17:00,2026-09-04 15:17:00,2026-08-31 15:17:00
951112e3-49cc-447a-9b70-6dd0b530023e,SUP-0005,Delivered,CAR002,LOC-SUPL-5,LOC-PLANT-002,2026-07-11 15:17:00,2026-07-20 15:17:00,2026-07-18 15:17:00,2026-07-21 15:17:00,2026-07-20 15:17:00
cdd52e65-f426-4ec3-a7a8-22ba43985935,SUP-0005,Delivered,CAR002,LOC-SUPL-5,LOC-PLANT-002,2026-07-13 15:17:00,2026-07-16 15:17:00,2026-07-21 15:17:00,2026-07-21 15:17:00,2026-07-20 15:17:00
879c132a-65c2-4277-88dc-3c346949d25a,SUP-0007,Delivered,CAR002,LOC-SUPL-7,LOC-PLANT-002,2026-08-27 15:17:00,2026-09-07 15:17:00,2026-09-05 15:17:00,2026-09-05 15:17:00,2026-09-03 15:17:00
825c5f6f-1555-4a55-a9b2-a3e419e580f8,SUP-0003,Delivered,CAR002,LOC-SUPL-3,LOC-PLANT-002,2026-07-18 15:17:00,2026-07-23 15:17:00,2026-07-27 15:17:00,2026-07-27 15:17:00,2026-07-29 15:17:00
bfdd69b3-ca34-4712-9b13-b5f221f671b2,SUP-0008,Delivered,CAR001,LOC-SUPL-8,LOC-PLANT-001,2026-06-11 15:17:00,2026-06-14 15:17:00,2026-06-18 15:17:00,2026-06-18 15:17:00,2026-06-12 15:17:00
4a3cf7c8-cc27-4b01-9165-4df2bee1eabc,SUP-0008,Delivered,CAR001,LOC-SUPL-8,LOC-PLANT-001,2026-06-08 15:17:00,2026-06-14 15:17:00,2026-06-13 15:17:00,2026-06-18 15:17:00,2026-06-12 15:17:00
933077aa-e882-4579-80ef-cc94a7dc0e83,SUP-0006,Delivered,CAR003,LOC-SUPL-6,LOC-PLANT-001,2026-04-02 15:17:00,2026-04-07 15:17:00,2026-04-08 15:17:00,2026-04-09 15:17:00,2026-04-06 15:17:00
23a1b121-981d-4d29-baa7-1616f493cb09,SUP-0008,Delivered,CAR003,LOC-SUPL-8,LOC-PLANT-002,2026-07-29 15:17:00,2026-08-07 15:17:00,2026-08-09 15:17:00,2026-08-09 15:17:00,2026-08-04 15:17:00
361943bd-4892-45e1-92e6-d7ecda937d3a,SUP-0008,Delivered,CAR003,LOC-SUPL-8,LOC-PLANT-002,2026-04-11 15:17:00,2026-04-23 15:17:00,2026-04-19 15:17:00,2026-04-21 15:17:00,2026-04-18 15:17:00
ad308e32-2056-481f-9cab-8b3b21ca3cda,SUP-0008,Delivered,CAR003,LOC-SUPL-8,LOC-PLANT-002,2026-04-11 15:17:00,2026-04-17 15:17:00,2026-04-21 15:17:00,2026-04-21 15:17:00,2026-04-18 15:17:00
7cdbab06-25d3-4e05-b9f6-88e474884be1,SUP-0010,Delivered,CAR001,LOC-SUPL-10,LOC-PLANT-001,2026-04-21 15:17:00,2026-04-26 15:17:00,2026-04-24 15:17:00,2026-04-25 15:17:00,2026-04-28 15:17:00
e55e0c19-b6d9-46bc-9d69-f60d64470161,SUP-0005,Delivered,CAR002,LOC-SUPL-5,LOC-PLANT-001,2026-05-28 15:17:00,2026-05-30 15:17:00,2026-06-02 15:17:00,2026-06-02 15:17:00,2026-05-30 15:17:00
bead5de1-8b80-4947-a227-ef2fea643db9,SUP-0005,Delivered,CAR002,LOC-SUPL-5,LOC-PLANT-001,2026-07-27 15:17:00,2026-08-01 15:17:00,2026-08-01 15:17:00,2026-08-01 15:17:00,2026-07-28 15:17:00
c6978b57-9d5c-42dc-b2b0-da74d9164dce,SUP-0005,Delivered,CAR002,LOC-SUPL-5,LOC-PLANT-001,2026-07-26 15:17:00,2026-07-29 15:17:00,2026-07-29 15:17:00,2026-08-01 15:17:00,2026-07-28 15:17:00
ed774170-de0a-499d-b38b-2525bbef0cdc,SUP-0004,Delivered,CAR003,LOC-SUPL-4,LOC-PLANT-002,2026-08-30 15:17:00,2026-09-04 15:17:00,2026-09-05 15:17:00,2026-09-05 15:17:00,2026-09-07 15:17:00
b5f9aa1f-8de4-400e-98f2-9eb151433b44,SUP-0008,Delivered,CAR002,LOC-SUPL-8,LOC-PLANT-001,2026-05-02 15:17:00,2026-05-09 15:17:00,2026-05-09 15:17:00,2026-05-09 15:17:00,2026-05-11 15:17:00
a4bf129e-0e36-4b8c-9069-6866f15e220f,SUP-0006,Delivered,CAR001,LOC-SUPL-6,LOC-PLANT-002,2026-08-10 15:17:00,2026-08-15 15:17:00,2026-08-16 15:17:00,2026-08-16 15:17:00,2026-08-17 15:17:00
418b86c5-c1b9-4fbf-b3a7-a818f76487cc,SUP-0006,Delivered,CAR001,LOC-SUPL-6,LOC-PLANT-002,2026-08-09 15:17:00,2026-08-15 15:17:00,2026-08-15 15:17:00,2026-08-16 15:17:00,2026-08-17 15:17:00
bfdf323f-cd8a-4907-95cb-bd51c71c2408,SUP-0002,Delivered,CAR002,LOC-SUPL-2,LOC-PLANT-001,2026-03-21 15:17:00,2026-03-24 15:17:00,2026-03-21 15:17:00,2026-03-25 15:17:00,2026-03-26 15:17:00
9cb7f847-56c8-42d8-ab38-0058b26b42e8,SUP-0010,Delivered,CAR001,LOC-SUPL-10,LOC-PLANT-002,2026-06-03 15:17:00,2026-06-07 15:17:00,2026-06-08 15:17:00,2026-06-09 15:17:00,2026-06-11 15:17:00
8e383229-a847-4b52-950a-dea06ca7896e,SUP-0002,Delivered,CAR001,LOC-SUPL-2,LOC-PLANT-001,2026-03-16 15:17:00,2026-03-19 15:17:00,2026-03-19 15:17:00,2026-03-19 15:17:00,2026-03-18 15:17:00
35fc3e5b-5964-45ee-ab9a-a07ae76a51be,SUP-0002,Delivered,CAR001,LOC-SUPL-2,LOC-PLANT-001,2026-03-16 15:17:00,2026-03-18 15:17:00,2026-03-18 15:17:00,2026-03-19 15:17:00,2026-03-18 15:17:00
c39c50f3-55a3-4190-8edd-17fe65a6c40e,SUP-0005,Delivered,CAR003,LOC-SUPL-5,LOC-PLANT-001,2026-08-07 15:17:00,2026-08-12 15:17:00,2026-08-12 15:17:00,2026-08-13 15:17:00,2026-08-15 15:17:00
ad8ed6d0-a921-49a7-a72c-9dc2eb97e480,SUP-0001,Delivered,CAR002,LOC-SUPL-1,LOC-PLANT-002,2026-04-28 15:17:00,2026-05-05 15:17:00,2026-05-04 15:17:00,2026-05-05 15:17:00,2026-05-06 15:17:00
3d429d59-cc3b-4e7a-85c0-cd2de1a3deeb,SUP-0004,Delivered,CAR003,LOC-SUPL-4,LOC-PLANT-001,2026-06-01 15:17:00,2026-06-05 15:17:00,2026-06-03 15:17:00,2026-06-11 15:17:00,2026-06-05 15:17:00
58d315c6-a20f-4aeb-ab17-eda2af0e8354,SUP-0004,Delivered,CAR003,LOC-SUPL-4,LOC-PLANT-001,2026-06-05 15:17:00,2026-06-07 15:17:00,2026-06-11 15:17:00,2026-06-11 15:17:00,2026-06-05 15:17:00
e962d099-5afb-47e9-9684-51afd0e607f0,SUP-0010,Delivered,CAR002,LOC-SUPL-10,LOC-PLANT-001,2026-07-10 15:17:00,2026-07-11 15:17:00,2026-07-12 15:17:00,2026-07-12 15:17:00,2026-07-13 15:17:00
98533de5-edc0-4d86-9388-46570f3b933e,SUP-0005,Delivered,CAR002,LOC-SUPL-5,LOC-PLANT-002,2026-07-21 15:17:00,2026-07-28 15:17:00,2026-07-29 15:17:00,2026-07-29 15:17:00,2026-07-28 15:17:00
9c9e1e37-6f69-4b59-840a-dba080d78b2d,SUP-0002,Delivered,CAR002,LOC-SUPL-2,LOC-PLANT-001,2026-04-15 15:17:00,2026-04-17 15:17:00,2026-04-17 15:17:00,2026-04-21 15:17:00,2026-04-19 15:17:00
e8aa8075-4c60-46c2-a813-fc3e9ef1a9da,SUP-0002,Delivered,CAR002,LOC-SUPL-2,LOC-PLANT-001,2026-04-18 15:17:00,2026-04-21 15:17:00,2026-04-21 15:17:00,2026-04-21 15:17:00,2026-04-19 15:17:00
2ff729a2-ac18-4f76-b34b-834cc535f1a4,SUP-0006,Delivered,CAR003,LOC-SUPL-6,LOC-PLANT-002,2026-04-10 15:17:00,2026-04-18 15:17:00,2026-04-15 15:17:00,2026-04-18 15:17:00,2026-04-16 15:17:00
d04d7516-2ce3-4e0a-a098-92134eb0a70e,SUP-0003,Delivered,CAR003,LOC-SUPL-3,LOC-PLANT-002,2026-04-04 15:17:00,2026-04-09 15:17:00,2026-04-12 15:17:00,2026-04-12 15:17:00,2026-04-10 15:17:00
15cca9b0-0616-4d1c-a4fd-8b2be5de7a73,SUP-0001,Delivered,CAR002,LOC-SUPL-1,LOC-PLANT-001,2026-08-31 15:17:00,2026-09-02 15:17:00,2026-09-06 15:17:00,2026-09-07 15:17:00,2026-09-03 15:17:00
daa3b00c-8b2c-4526-8a61-d68797c6a090,SUP-0001,Delivered,CAR002,LOC-SUPL-1,LOC-PLANT-001,2026-09-03 15:17:00,2026-09-07 15:17:00,2026-09-07 15:17:00,2026-09-07 15:17:00,2026-09-03 15:17:00
a037478a-fcf7-4923-b552-6dba3bf718ce,SUP-0010,Delivered,CAR003,LOC-SUPL-10,LOC-PLANT-002,2026-05-25 15:17:00,2026-06-01 15:17:00,2026-05-29 15:17:00,2026-05-29 15:17:00,2026-06-01 15:17:00
470ae18e-fa11-4107-9dd4-c858e30e6ac4,SUP-0010,Delivered,CAR003,LOC-SUPL-10,LOC-PLANT-001,2026-04-07 15:17:00,2026-04-10 15:17:00,2026-04-07 15:17:00,2026-04-07 15:17:00,2026-04-08 15:17:00
3d244b17-4fb3-4cd7-81e6-b790da1f4fab,SUP-0008,Delivered,CAR003,LOC-SUPL-8,LOC-PLANT-001,2026-06-03 15:17:00,2026-06-11 15:17:00,2026-06-12 15:17:00,2026-06-12 15:17:00,2026-06-05 15:17:00
3bbeb406-7706-4388-ad53-fd25690cffd8,SUP-0008,Delivered,CAR003,LOC-SUPL-8,LOC-PLANT-001,2026-05-30 15:17:00,2026-06-09 15:17:00,2026-06-08 15:17:00,2026-06-12 15:17:00,2026-06-05 15:17:00
a292f5bc-3002-48ee-b1d4-6a6271a61ca4,SUP-0009,Delivered,CAR002,LOC-SUPL-9,LOC-PLANT-001,2026-05-14 15:17:00,2026-05-16 15:17:00,2026-05-19 15:17:00,2026-05-19 15:17:00,2026-05-17 15:17:00
6962c2fd-9570-4adb-84e1-e35f09163712,SUP-0004,Delivered,CAR001,LOC-SUPL-4,LOC-PLANT-001,2026-03-27 15:17:00,2026-04-06 15:17:00,2026-04-01 15:17:00,2026-04-03 15:17:00,2026-04-04 15:17:00
efb9d7ef-b9d1-444a-a2d8-5959463ec12a,SUP-0007,Delivered,CAR003,LOC-SUPL-7,LOC-PLANT-001,2026-04-24 15:17:00,2026-04-29 15:17:00,2026-05-02 15:17:00,2026-05-02 15:17:00,2026-05-05 15:17:00
8274f1bc-39c8-4add-ab8d-34110d158a55,SUP-0007,Delivered,CAR003,LOC-SUPL-7,LOC-PLANT-001,2026-04-23 15:17:00,2026-05-01 15:17:00,2026-05-02 15:17:00,2026-05-02 15:17:00,2026-05-05 15:17:00
ad8d0cd4-2c79-4261-b7e5-002460668f3b,SUP-0001,Delivered,CAR002,LOC-SUPL-1,LOC-PLANT-002,2026-09-02 15:17:00,2026-09-03 15:17:00,2026-09-06 15:17:00,2026-09-06 15:17:00,2026-09-09 15:17:00
3d53b105-af3f-408d-8f59-18b4006a08e7,SUP-0006,Delivered,CAR003,LOC-SUPL-6,LOC-PLANT-002,2026-08-16 15:17:00,2026-08-25 15:17:00,2026-08-20 15:17:00,2026-08-24 15:17:00,2026-08-26 15:17:00
e4c2545f-fb60-41f0-aaee-3a132bfce177,SUP-0002,Delivered,CAR001,LOC-SUPL-2,LOC-PLANT-002,2026-07-23 15:17:00,2026-07-28 15:17:00,2026-07-27 15:17:00,2026-08-01 15:17:00,2026-07-30 15:17:00
36908d71-3f2b-43ac-bff8-ed4b392c282b,SUP-0002,Delivered,CAR001,LOC-SUPL-2,LOC-PLANT-002,2026-07-25 15:17:00,2026-07-27 15:17:00,2026-08-01 15:17:00,2026-08-01 15:17:00,2026-07-30 15:17:00
705d21a5-3e0d-49f8-bd83-bab65e8f9279,SUP-0003,Delivered,CAR001,LOC-SUPL-3,LOC-PLANT-002,2026-04-27 15:17:00,2026-05-08 15:17:00,2026-05-02 15:17:00,2026-05-06 15:17:00,2026-05-09 15:17:00
1c24a0ca-adc8-40ce-b39f-c0ad7aedb8cd,SUP-0003,Delivered,CAR003,LOC-SUPL-3,LOC-PLANT-001,2026-05-13 15:17:00,2026-05-15 15:17:00,2026-05-18 15:17:00,2026-05-18 15:17:00,2026-05-15 15:17:00
445b74b3-a1cb-409f-a43a-6d688b694bb9,SUP-0010,Delivered,CAR001,LOC-SUPL-10,LOC-PLANT-001,2026-04-29 15:17:00,2026-04-30 15:17:00,2026-04-29 15:17:00,2026-05-02 15:17:00,2026-05-01 15:17:00
619556e4-1c65-4c85-94ca-6e1632ae4dd5,SUP-0010,Delivered,CAR001,LOC-SUPL-10,LOC-PLANT-001,2026-04-30 15:17:00,2026-05-02 15:17:00,2026-05-02 15:17:00,2026-05-02 15:17:00,2026-05-01 15:17:00
c489635d-6c4e-4c1f-a21f-23f9db5bb5da,SUP-0006,Delivered,CAR003,LOC-SUPL-6,LOC-PLANT-001,2026-04-16 15:17:00,2026-04-23 15:17:00,2026-04-21 15:17:00,2026-04-22 15:17:00,2026-04-25 15:17:00
72b9a307-7643-40b2-8f5e-de762f71fcd7,SUP-0006,Delivered,CAR003,LOC-SUPL-6,LOC-PLANT-001,2026-06-10 15:17:00,2026-06-12 15:17:00,2026-06-14 15:17:00,2026-06-14 15:17:00,2026-06-11 15:17:00
f3a17f77-b7d5-413d-84e2-b71db32f709f,SUP-0005,Delivered,CAR003,LOC-SUPL-5,LOC-PLANT-002,2026-04-19 15:17:00,2026-04-23 15:17:00,2026-04-24 15:17:00,2026-04-24 15:17:00,2026-04-21 15:17:00
ce8a04e9-6e36-408f-8edd-dfdaac8cba91,SUP-0005,Delivered,CAR003,LOC-SUPL-5,LOC-PLANT-002,2026-04-17 15:17:00,2026-04-21 15:17:00,2026-04-22 15:17:00,2026-04-24 15:17:00,2026-04-21 15:17:00
1c4a9b5d-94f6-470c-935f-ca18ec8c7dfc,SUP-0004,Delivered,CAR002,LOC-SUPL-4,LOC-PLANT-002,2026-03-30 15:17:00,2026-04-04 15:17:00,2026-04-04 15:17:00,2026-04-06 15:17:00,2026-04-03 15:17:00
a19e1844-428f-4df7-ab5a-a188f9197040,SUP-0008,Delivered,CAR001,LOC-SUPL-8,LOC-PLANT-002,2026-06-09 15:17:00,2026-06-21 15:17:00,2026-06-16 15:17:00,2026-06-18 15:17:00,2026-06-21 15:17:00
c1ee1829-54f9-4d7e-a1a6-8067b68983e9,SUP-0008,Delivered,CAR003,LOC-SUPL-8,LOC-PLANT-001,2026-07-10 15:17:00,2026-07-12 15:17:00,2026-07-16 15:17:00,2026-07-16 15:17:00,2026-07-15 15:17:00
eed30be9-ecf3-476e-8c4d-b562571c5b74,SUP-0008,Delivered,CAR003,LOC-SUPL-8,LOC-PLANT-001,2026-07-07 15:17:00,2026-07-17 15:17:00,2026-07-14 15:17:00,2026-07-16 15:17:00,2026-07-15 15:17:00
4a996aa7-50c5-4d59-99a4-e5baf201f857,SUP-0001,Delivered,CAR002,LOC-SUPL-1,LOC-PLANT-002,2026-08-12 15:17:00,2026-08-17 15:17:00,2026-08-17 15:17:00,2026-08-17 15:17:00,2026-08-18 15:17:00
52e18425-ff2f-40fa-b219-760d8050869a,SUP-0004,Delivered,CAR002,LOC-SUPL-4,LOC-PLANT-002,2026-08-31 15:17:00,2026-09-05 15:17:00,2026-09-06 15:17:00,2026-09-06 15:17:00,2026-09-02 15:17:00
054d3056-2223-4ebe-ba1a-0af33afba71b,SUP-0003,Delivered,CAR003,LOC-SUPL-3,LOC-PLANT-001,2026-03-31 15:17:00,2026-04-02 15:17:00,2026-04-04 15:17:00,2026-04-04 15:17:00,2026-04-01 15:17:00
a8a95f4b-be33-48f1-8334-4e2626594ffd,SUP-0003,Delivered,CAR003,LOC-SUPL-3,LOC-PLANT-001,2026-04-01 15:17:00,2026-04-02 15:17:00,2026-04-02 15:17:00,2026-04-04 15:17:00,2026-04-01 15:17:00
985968fb-803b-4a48-9313-5c6d850ae9c2,SUP-0009,Delivered,CAR002,LOC-SUPL-9,LOC-PLANT-002,2026-08-27 15:17:00,2026-09-03 15:17:00,2026-09-06 15:17:00,2026-09-06 15:17:00,2026-08-30 15:17:00
011e42ea-abfd-4a07-b312-3f32456d1033,SUP-0006,Delivered,CAR003,LOC-SUPL-6,LOC-PLANT-001,2026-05-02 15:17:00,2026-05-07 15:17:00,2026-05-07 15:17:00,2026-05-07 15:17:00,2026-05-05 15:17:00
fa4c600a-a98c-4553-8cca-93be9564dd6b,SUP-0001,Delivered,CAR002,LOC-SUPL-1,LOC-PLANT-002,2026-06-30 15:17:00,2026-07-01 15:17:00,2026-07-04 15:17:00,2026-07-04 15:17:00,2026-07-04 15:17:00
2d3ef619-34c8-4744-b9fd-01b502a281a8,SUP-0001,Delivered,CAR002,LOC-SUPL-1,LOC-PLANT-002,2026-06-26 15:17:00,2026-06-30 15:17:00,2026-07-04 15:17:00,2026-07-04 15:17:00,2026-07-04 15:17:00
84d4efd0-51a0-43ea-a807-fdffd43b142d,SUP-0010,Delivered,CAR002,LOC-SUPL-10,LOC-PLANT-001,2026-07-04 15:17:00,2026-07-05 15:17:00,2026-07-07 15:17:00,2026-07-07 15:17:00,2026-07-05 15:17:00
3bc91152-85a4-49c5-8c41-c112168331e4,SUP-0007,Delivered,CAR001,LOC-SUPL-7,LOC-PLANT-002,2026-07-04 15:17:00,2026-07-16 15:17:00,2026-07-16 15:17:00,2026-07-16 15:17:00,2026-07-12 15:17:00
0551c076-31b0-4f71-b867-f9d320780daf,SUP-0004,Delivered,CAR003,LOC-SUPL-4,LOC-PLANT-002,2026-03-13 15:17:00,2026-03-17 15:17:00,2026-03-19 15:17:00,2026-03-19 15:17:00,2026-03-13 15:17:00
e3c5e797-c2de-4da7-a4ea-e856ee94ec3f,SUP-0004,Delivered,CAR003,LOC-SUPL-4,LOC-PLANT-002,2026-03-10 15:17:00,2026-03-18 15:17:00,2026-03-18 15:17:00,2026-03-19 15:17:00,2026-03-13 15:17:00
fabd28a1-aa82-4d52-aa3b-ec7000123143,SUP-0005,Delivered,CAR001,LOC-SUPL-5,LOC-PLANT-002,2026-06-27 15:17:00,2026-07-04 15:17:00,2026-07-07 15:17:00,2026-07-07 15:17:00,2026-07-01 15:17:00
27167e60-3ef1-46db-8be7-bd142aa8a0f4,SUP-0010,Delivered,CAR002,LOC-SUPL-10,LOC-PLANT-001,2026-03-23 15:17:00,2026-03-27 15:17:00,2026-03-25 15:17:00,2026-03-25 15:17:00,2026-03-27 15:17:00
e2d23839-fdfd-4732-a71b-f7057ec38738,SUP-0006,Delivered,CAR003,LOC-SUPL-6,LOC-PLANT-002,2026-07-18 15:17:00,2026-07-20 15:17:00,2026-07-22 15:17:00,2026-07-26 15:17:00,2026-07-22 15:17:00
52baadc8-7faa-4bdc-beba-9d9131b14980,SUP-0006,Delivered,CAR003,LOC-SUPL-6,LOC-PLANT-002,2026-07-19 15:17:00,2026-07-25 15:17:00,2026-07-26 15:17:00,2026-07-26 15:17:00,2026-07-22 15:17:00
4552ab25-321e-4e99-9297-2b66a88c1179,SUP-0007,Delivered,CAR003,LOC-SUPL-7,LOC-PLANT-002,2026-08-16 15:17:00,2026-08-23 15:17:00,2026-08-26 15:17:00,2026-08-26 15:17:00,2026-08-21 15:17:00
8e558def-86ae-497b-aa53-86e14603bdc0,SUP-0007,Delivered,CAR001,LOC-SUPL-7,LOC-PLANT-001,2026-04-12 15:17:00,2026-04-17 15:17:00,2026-04-19 15:17:00,2026-04-19 15:17:00,2026-04-18 15:17:00
ca64c72c-e05c-4943-85b0-887bf8c78842,SUP-0001,Delivered,CAR002,LOC-SUPL-1,LOC-PLANT-002,2026-08-03 15:17:00,2026-08-06 15:17:00,2026-08-08 15:17:00,2026-08-08 15:17:00,2026-08-09 15:17:00
e68dc9ff-32af-4571-af67-514ace0a40e1,SUP-0001,Delivered,CAR002,LOC-SUPL-1,LOC-PLANT-002,2026-07-29 15:17:00,2026-08-07 15:17:00,2026-08-03 15:17:00,2026-08-08 15:17:00,2026-08-09 15:17:00
d858e716-910e-4706-a0a7-c6b2b08da4c1,SUP-0007,Delivered,CAR001,LOC-SUPL-7,LOC-PLANT-001,2026-08-22 15:17:00,2026-09-03 15:17:00,2026-09-01 15:17:00,2026-09-01 15:17:00,2026-08-29 15:17:00
d6de086e-a4ce-4af0-8dea-e1c6c86cdd3c,SUP-0006,Delivered,CAR002,LOC-SUPL-6,LOC-PLANT-002,2026-04-01 15:17:00,2026-04-06 15:17:00,2026-04-04 15:17:00,2026-04-04 15:17:00,2026-04-06 15:17:00
43a45c3f-77bf-48b7-949c-bbd3f3fcd467,SUP-0007,Delivered,CAR003,LOC-SUPL-7,LOC-PLANT-001,2026-06-20 15:17:00,2026-06-28 15:17:00,2026-06-27 15:17:00,2026-07-01 15:17:00,2026-06-28 15:17:00
f28d5c75-e3b3-4818-8ba6-ad3d71a24a1a,SUP-0007,Delivered,CAR003,LOC-SUPL-7,LOC-PLANT-001,2026-06-23 15:17:00,2026-06-28 15:17:00,2026-07-01 15:17:00,2026-07-01 15:17:00,2026-06-28 15:17:00
3339a7f1-da3f-482c-b983-8b85de5c0bf0,SUP-0008,Delivered,CAR001,LOC-SUPL-8,LOC-PLANT-001,2026-05-30 15:17:00,2026-06-04 15:17:00,2026-06-08 15:17:00,2026-06-08 15:17:00,2026-06-08 15:17:00
9263e7ee-ace9-4499-93bf-f6f44ba271e4,SUP-0007,Delivered,CAR002,LOC-SUPL-7,LOC-PLANT-002,2026-05-12 15:17:00,2026-05-22 15:17:00,2026-05-18 15:17:00,2026-05-21 15:17:00,2026-05-19 15:17:00
f880cdfa-dd9f-419a-b9b7-5c9efe02ccec,SUP-0010,Delivered,CAR003,LOC-SUPL-10,LOC-PLANT-002,2026-03-31 15:17:00,2026-04-02 15:17:00,2026-04-03 15:17:00,2026-04-04 15:17:00,2026-04-03 15:17:00
747fa9b4-0e33-4d74-9bce-0bd449730b15,SUP-0010,Delivered,CAR003,LOC-SUPL-10,LOC-PLANT-002,2026-03-28 15:17:00,2026-04-01 15:17:00,2026-04-04 15:17:00,2026-04-04 15:17:00,2026-04-03 15:17:00
3f7c83f5-399f-413c-b359-ed873c486cb5,SUP-0009,Delivered,CAR002,LOC-SUPL-9,LOC-PLANT-001,2026-05-24 15:17:00,2026-06-03 15:17:00,2026-06-01 15:17:00,2026-06-01 15:17:00,2026-06-03 15:17:00
04bdae41-c0be-4835-a4ba-5ba325f3b7f2,SUP-0007,Delivered,CAR003,LOC-SUPL-7,LOC-PLANT-002,2026-08-24 15:17:00,2026-09-03 15:17:00,2026-09-04 15:17:00,2026-09-04 15:17:00,2026-09-03 15:17:00
8d2d4183-0766-4db8-8adf-b558ee94532a,SUP-0005,Delivered,CAR003,LOC-SUPL-5,LOC-PLANT-002,2026-03-14 15:17:00,2026-03-20 15:17:00,2026-03-20 15:17:00,2026-03-20 15:17:00,2026-03-18 15:17:00
71170677-1ae1-4a11-877c-3f52830f4ed5,SUP-0005,Delivered,CAR003,LOC-SUPL-5,LOC-PLANT-002,2026-03-10 15:17:00,2026-03-19 15:17:00,2026-03-16 15:17:00,2026-03-20 15:17:00,2026-03-18 15:17:00
c2cb695b-0c2b-4cfd-adb8-e4c3e1c01c45,SUP-0009,Delivered,CAR003,LOC-SUPL-9,LOC-PLANT-001,2026-08-15 15:17:00,2026-08-21 15:17:00,2026-08-24 15:17:00,2026-08-24 15:17:00,2026-08-20 15:17:00
c7e285c1-aca8-44c3-9d7c-8d7e4f1c53ab,SUP-0009,Delivered,CAR002,LOC-SUPL-9,LOC-PLANT-002,2026-04-15 15:17:00,2026-04-22 15:17:00,2026-04-24 15:17:00,2026-04-24 15:17:00,2026-04-19 15:17:00
93fe7ded-ff67-45db-ac1c-9284e05811a3,SUP-0008,Delivered,CAR002,LOC-SUPL-8,LOC-PLANT-002,2026-04-05 15:17:00,2026-04-12 15:17:00,2026-04-14 15:17:00,2026-04-14 15:17:00,2026-04-08 15:17:00
9aa4d7f6-526d-4f8a-b113-2cd1cd0d5bee,SUP-0008,Delivered,CAR002,LOC-SUPL-8,LOC-PLANT-002,2026-04-03 15:17:00,2026-04-09 15:17:00,2026-04-13 15:17:00,2026-04-14 15:17:00,2026-04-08 15:17:00
91c363c2-2f18-47a2-8b83-1673c077efbd,SUP-0001,Delivered,CAR001,LOC-SUPL-1,LOC-PLANT-001,2026-05-14 15:17:00,2026-05-15 15:17:00,2026-05-20 15:17:00,2026-05-20 15:17:00,2026-05-19 15:17:00
fd2f3fcb-94ba-498c-8675-1b65bcdfc576,SUP-0008,Delivered,CAR001,LOC-SUPL-8,LOC-PLANT-002,2026-07-30 15:17:00,2026-08-10 15:17:00,2026-08-06 15:17:00,2026-08-08 15:17:00,2026-08-07 15:17:00
dbe77dc5-51b9-4cfd-82dc-18373b047603,SUP-0008,Delivered,CAR002,LOC-SUPL-8,LOC-PLANT-001,2026-08-15 15:17:00,2026-08-17 15:17:00,2026-08-19 15:17:00,2026-08-19 15:17:00,2026-08-16 15:17:00
cbdd1ff1-746a-4f38-bf86-b3e38b150dbb,SUP-0008,Delivered,CAR002,LOC-SUPL-8,LOC-PLANT-001,2026-08-15 15:17:00,2026-08-20 15:17:00,2026-08-19 15:17:00,2026-08-19 15:17:00,2026-08-16 15:17:00
b9a558a6-07e6-46ea-8284-f4bbe2302f2c,SUP-0009,Delivered,CAR002,LOC-SUPL-9,LOC-PLANT-001,2026-04-28 15:17:00,2026-05-02 15:17:00,2026-05-06 15:17:00,2026-05-06 15:17:00,2026-05-02 15:17:00
78a21d83-01a7-4c2c-ba85-73e78b7c0b83,SUP-0004,Delivered,CAR003,LOC-SUPL-4,LOC-PLANT-001,2026-07-06 15:17:00,2026-07-12 15:17:00,2026-07-12 15:17:00,2026-07-12 15:17:00,2026-07-07 15:17:00
a2a802c7-a04e-4a77-bb5c-9b85e806639b,SUP-0008,Delivered,CAR001,LOC-SUPL-8,LOC-PLANT-002,2026-07-25 15:17:00,2026-08-05 15:17:00,2026-08-03 15:17:00,2026-08-03 15:17:00,2026-07-31 15:17:00
ef0bc8f7-5c8e-4587-97a7-d8c88f43ebcc,SUP-0008,Delivered,CAR001,LOC-SUPL-8,LOC-PLANT-002,2026-07-24 15:17:00,2026-07-31 15:17:00,2026-08-01 15:17:00,2026-08-03 15:17:00,2026-07-31 15:17:00
e11f00cd-3a1e-4eae-85f3-e83b83d52d64,SUP-0002,Delivered,CAR002,LOC-SUPL-2,LOC-PLANT-002,2026-05-02 15:17:00,2026-05-05 15:17:00,2026-05-09 15:17:00,2026-05-09 15:17:00,2026-05-09 15:17:00
d46ea6bf-2901-4072-8544-43d73fedd547,SUP-0006,Delivered,CAR001,LOC-SUPL-6,LOC-PLANT-002,2026-06-11 15:17:00,2026-06-17 15:17:00,2026-06-18 15:17:00,2026-06-18 15:17:00,2026-06-17 15:17:00
a6177532-e0b3-48f5-aecf-2eb91c8d99df,SUP-0005,Delivered,CAR001,LOC-SUPL-5,LOC-PLANT-001,2026-07-26 15:17:00,2026-07-31 15:17:00,2026-07-31 15:17:00,2026-08-02 15:17:00,2026-07-30 15:17:00
7267e2c9-820e-4d3c-acd8-3fd019fd7b35,SUP-0005,Delivered,CAR001,LOC-SUPL-5,LOC-PLANT-001,2026-07-28 15:17:00,2026-07-31 15:17:00,2026-08-02 15:17:00,2026-08-02 15:17:00,2026-07-30 15:17:00
0e6bd950-b1e8-413a-9f3c-7f42d0c5e27b,SUP-0007,Delivered,CAR002,LOC-SUPL-7,LOC-PLANT-002,2026-04-16 15:17:00,2026-04-27 15:17:00,2026-04-24 15:17:00,2026-04-24 15:17:00,2026-04-24 15:17:00
953c744b-1ccb-4f08-a876-4a5e087e80ff,SUP-0010,Delivered,CAR001,LOC-SUPL-10,LOC-PLANT-002,2026-07-30 15:17:00,2026-08-04 15:17:00,2026-08-06 15:17:00,2026-08-06 15:17:00,2026-08-04 15:17:00
4ccfe3a4-9d68-4a36-9ef8-3c180a796aa9,SUP-0007,Delivered,CAR003,LOC-SUPL-7,LOC-PLANT-002,2026-04-02 15:17:00,2026-04-10 15:17:00,2026-04-09 15:17:00,2026-04-14 15:17:00,2026-04-14 15:17:00
f550a1f5-2745-4396-8b4c-79ab1f468a58,SUP-0007,Delivered,CAR003,LOC-SUPL-7,LOC-PLANT-002,2026-04-04 15:17:00,2026-04-09 15:17:00,2026-04-14 15:17:00,2026-04-14 15:17:00,2026-04-14 15:17:00
ece83f25-9d54-480d-8465-e3a6a9f7511e,SUP-0010,Delivered,CAR003,LOC-SUPL-10,LOC-PLANT-001,2026-06-12 15:17:00,2026-06-15 15:17:00,2026-06-16 15:17:00,2026-06-16 15:17:00,2026-06-16 15:17:00
55e063c1-93ea-4646-a599-b7e4abddb408,SUP-0002,Delivered,CAR003,LOC-SUPL-2,LOC-PLANT-001,2026-07-17 15:17:00,2026-07-19 15:17:00,2026-07-18 15:17:00,2026-07-19 15:17:00,2026-07-21 15:17:00
8830ee1b-6865-4bf1-9e13-729d349ea150,SUP-0008,Delivered,CAR002,LOC-SUPL-8,LOC-PLANT-001,2026-06-21 15:17:00,2026-06-28 15:17:00,2026-06-25 15:17:00,2026-06-30 15:17:00,2026-06-30 15:17:00
8da00e93-d8c1-4140-b899-ffe7eca9a220,SUP-0008,Delivered,CAR002,LOC-SUPL-8,LOC-PLANT-001,2026-06-24 15:17:00,2026-06-25 15:17:00,2026-06-30 15:17:00,2026-06-30 15:17:00,2026-06-30 15:17:00
017de1ec-04f1-4aca-8ea3-7a3c4d41974c,SUP-0002,Delivered,CAR002,LOC-SUPL-2,LOC-PLANT-002,2026-07-05 15:17:00,2026-07-15 15:17:00,2026-07-12 15:17:00,2026-07-13 15:17:00,2026-07-10 15:17:00
86832a15-6a20-463f-a818-f89fbe70f284,SUP-0009,Delivered,CAR002,LOC-SUPL-9,LOC-PLANT-002,2026-06-26 15:17:00,2026-07-04 15:17:00,2026-07-06 15:17:00,2026-07-06 15:17:00,2026-07-04 15:17:00
79b96265-bb1b-45b4-ad9f-8818bf485318,SUP-0003,Delivered,CAR003,LOC-SUPL-3,LOC-PLANT-002,2026-04-24 15:17:00,2026-05-03 15:17:00,2026-04-30 15:17:00,2026-05-01 15:17:00,2026-04-29 15:17:00
f80761d1-caed-4776-a25f-79de740f33e3,SUP-0003,Delivered,CAR003,LOC-SUPL-3,LOC-PLANT-002,2026-04-23 15:17:00,2026-05-03 15:17:00,2026-04-27 15:17:00,2026-05-01 15:17:00,2026-04-29 15:17:00
0c8c54ee-27c0-446a-81fe-4d3d0662f417,SUP-0005,Delivered,CAR001,LOC-SUPL-5,LOC-PLANT-001,2026-07-30 15:17:00,2026-08-05 15:17:00,2026-08-03 15:17:00,2026-08-03 15:17:00,2026-07-30 15:17:00
18c7242e-b34e-4ca4-9dc7-a29bed29570e,SUP-0005,Delivered,CAR002,LOC-SUPL-5,LOC-PLANT-001,2026-05-26 15:17:00,2026-06-01 15:17:00,2026-06-01 15:17:00,2026-06-01 15:17:00,2026-06-03 15:17:00
3d9202d8-6d8e-422d-ae4d-ce1226ff7a06,SUP-0004,Delivered,CAR002,LOC-SUPL-4,LOC-PLANT-002,2026-03-15 15:17:00,2026-03-20 15:17:00,2026-03-22 15:17:00,2026-03-23 15:17:00,2026-03-22 15:17:00
0f6dd5f2-bccf-4b2c-ae7c-b57575f6c28d,SUP-0004,Delivered,CAR002,LOC-SUPL-4,LOC-PLANT-002,2026-03-18 15:17:00,2026-03-20 15:17:00,2026-03-23 15:17:00,2026-03-23 15:17:00,2026-03-22 15:17:00
0655ae27-aade-4513-8e0c-cd86ae9a23e8,SUP-0009,Delivered,CAR002,LOC-SUPL-9,LOC-PLANT-002,2026-04-03 15:17:00,2026-04-11 15:17:00,2026-04-09 15:17:00,2026-04-09 15:17:00,2026-04-08 15:17:00
c116d445-ab69-4e98-8aa6-bae06d67ac41,SUP-0009,Delivered,CAR001,LOC-SUPL-9,LOC-PLANT-002,2026-04-17 15:17:00,2026-04-20 15:17:00,2026-04-25 15:17:00,2026-04-25 15:17:00,2026-04-23 15:17:00
a34664f8-96dc-4a01-bac3-39b154fcae6d,SUP-0002,Delivered,CAR002,LOC-SUPL-2,LOC-PLANT-001,2026-07-02 15:17:00,2026-07-03 15:17:00,2026-07-06 15:17:00,2026-07-06 15:17:00,2026-07-04 15:17:00
a2ca38ba-b31c-4784-bd77-850e02f41be4,SUP-0002,Delivered,CAR002,LOC-SUPL-2,LOC-PLANT-001,2026-07-02 15:17:00,2026-07-06 15:17:00,2026-07-03 15:17:00,2026-07-06 15:17:00,2026-07-04 15:17:00
b5bab5e1-9f70-4ae6-99a0-c86d8b08ff71,SUP-0002,Delivered,CAR001,LOC-SUPL-2,LOC-PLANT-002,2026-03-30 15:17:00,2026-04-05 15:17:00,2026-04-04 15:17:00,2026-04-04 15:17:00,2026-04-04 15:17:00
fed2efc2-2eeb-47d5-8e6b-d986a0986512,SUP-0004,Delivered,CAR002,LOC-SUPL-4,LOC-PLANT-002,2026-04-06 15:17:00,2026-04-10 15:17:00,2026-04-15 15:17:00,2026-04-15 15:17:00,2026-04-15 15:17:00
e00f8deb-f136-4c92-bd8c-f883077ace58,SUP-0009,Delivered,CAR002,LOC-SUPL-9,LOC-PLANT-001,2026-06-20 15:17:00,2026-06-27 15:17:00,2026-06-27 15:17:00,2026-06-27 15:17:00,2026-06-26 15:17:00
3b011eb7-7ec1-4af9-86ae-b0502c4c8610,SUP-0009,Delivered,CAR002,LOC-SUPL-9,LOC-PLANT-001,2026-06-18 15:17:00,2026-06-24 15:17:00,2026-06-26 15:17:00,2026-06-27 15:17:00,2026-06-26 15:17:00
3e39bfb5-57cf-4107-b980-6a0ebf4d9dd3,SUP-0001,Delivered,CAR001,LOC-SUPL-1,LOC-PLANT-001,2026-05-21 15:17:00,2026-05-25 15:17:00,2026-05-27 15:17:00,2026-05-27 15:17:00,2026-05-24 15:17:00
3a313080-9e84-414d-b274-09187af011b7,SUP-0008,Delivered,CAR001,LOC-SUPL-8,LOC-PLANT-002,2026-05-11 15:17:00,2026-05-24 15:17:00,2026-05-21 15:17:00,2026-05-22 15:17:00,2026-05-25 15:17:00
e4459074-e6bd-46bd-8ca9-ee0498794a7e,SUP-0001,Delivered,CAR001,LOC-SUPL-1,LOC-PLANT-002,2026-08-22 15:17:00,2026-08-30 15:17:00,2026-08-29 15:17:00,2026-08-31 15:17:00,2026-09-01 15:17:00
d865db5c-0e24-4f71-9b0f-3b5bbef2a3e2,SUP-0001,Delivered,CAR001,LOC-SUPL-1,LOC-PLANT-002,2026-08-23 15:17:00,2026-08-29 15:17:00,2026-08-31 15:17:00,2026-08-31 15:17:00,2026-09-01 15:17:00
4590cac5-fc6c-4a14-af97-0337faabeffa,SUP-0002,Delivered,CAR003,LOC-SUPL-2,LOC-PLANT-002,2026-05-23 15:17:00,2026-05-27 15:17:00,2026-05-29 15:17:00,2026-05-29 15:17:00,2026-05-27 15:17:00
57b9d488-15a2-471a-8985-5feb61ac35ea,SUP-0008,Delivered,CAR003,LOC-SUPL-8,LOC-PLANT-001,2026-07-22 15:17:00,2026-07-28 15:17:00,2026-07-31 15:17:00,2026-07-31 15:17:00,2026-07-29 15:17:00
aa7351bb-1e4c-458b-82e9-898f566f578d,SUP-0007,Delivered,CAR003,LOC-SUPL-7,LOC-PLANT-002,2026-03-12 15:17:00,2026-03-20 15:17:00,2026-03-20 15:17:00,2026-03-20 15:17:00,2026-03-20 15:17:00
f04db481-9c61-432d-aa57-1d6cad7836f2,SUP-0007,Delivered,CAR003,LOC-SUPL-7,LOC-PLANT-002,2026-03-09 15:17:00,2026-03-20 15:17:00,2026-03-18 15:17:00,2026-03-20 15:17:00,2026-03-20 15:17:00
3ee4ae97-9a0b-41dd-89ca-9ac75d253d14,SUP-0001,Delivered,CAR003,LOC-SUPL-1,LOC-PLANT-002,2026-06-04 15:17:00,2026-06-12 15:17:00,2026-06-10 15:17:00,2026-06-10 15:17:00,2026-06-07 15:17:00
33d57720-a787-4d74-b01f-86e6d98cd40d,SUP-0001,Delivered,CAR002,LOC-SUPL-1,LOC-PLANT-001,2026-03-25 15:17:00,2026-03-29 15:17:00,2026-03-27 15:17:00,2026-03-30 15:17:00,2026-04-01 15:17:00
7b4b351f-2b69-4307-8dba-1a1eed8adf8d,SUP-0005,Delivered,CAR003,LOC-SUPL-5,LOC-PLANT-001,2026-04-08 15:17:00,2026-04-13 15:17:00,2026-04-14 15:17:00,2026-04-14 15:17:00,2026-04-09 15:17:00
72acb4fb-1db4-438a-9d7e-5f531c1b0c4c,SUP-0005,Delivered,CAR003,LOC-SUPL-5,LOC-PLANT-001,2026-04-09 15:17:00,2026-04-13 15:17:00,2026-04-14 15:17:00,2026-04-14 15:17:00,2026-04-09 15:17:00
654c4e83-5f0a-4739-bd1e-62abf219506e,SUP-0002,Delivered,CAR002,LOC-SUPL-2,LOC-PLANT-001,2026-04-22 15:17:00,2026-04-25 15:17:00,2026-04-23 15:17:00,2026-04-23 15:17:00,2026-04-20 15:17:00
99b99c39-4395-4291-9a63-bdf27af6f2ff,SUP-0009,Delivered,CAR001,LOC-SUPL-9,LOC-PLANT-001,2026-07-31 15:17:00,2026-08-05 15:17:00,2026-08-10 15:17:00,2026-08-10 15:17:00,2026-08-08 15:17:00
ac79e45c-32dd-43d9-b7d9-df6bbf6f6618,SUP-0010,Delivered,CAR002,LOC-SUPL-10,LOC-PLANT-001,2026-08-21 15:17:00,2026-08-22 15:17:00,2026-08-24 15:17:00,2026-08-28 15:17:00,2026-08-25 15:17:00
37611e1e-7d37-4df2-bdef-b943751a583e,SUP-0010,Delivered,CAR002,LOC-SUPL-10,LOC-PLANT-001,2026-08-24 15:17:00,2026-08-25 15:17:00,2026-08-28 15:17:00,2026-08-28 15:17:00,2026-08-25 15:17:00
49369b0b-0362-4691-aee9-12f2120ede1a,SUP-0001,Delivered,CAR003,LOC-SUPL-1,LOC-PLANT-001,2026-08-17 15:17:00,2026-08-19 15:17:00,2026-08-21 15:17:00,2026-08-21 15:17:00,2026-08-22 15:17:00
ab1f91a0-bf92-4171-962c-5c9e1508c7c1,SUP-0004,Delivered,CAR002,LOC-SUPL-4,LOC-PLANT-002,2026-07-23 15:17:00,2026-07-29 15:17:00,2026-08-01 15:17:00,2026-08-01 15:17:00,2026-08-03 15:17:00
9bbbfa81-6389-4398-a53c-656e2b650ab0,SUP-0010,Delivered,CAR003,LOC-SUPL-10,LOC-PLANT-002,2026-04-11 15:17:00,2026-04-13 15:17:00,2026-04-18 15:17:00,2026-04-18 15:17:00,2026-04-14 15:17:00
31fa74fc-d0df-40f5-a230-cb3f733404e0,SUP-0010,Delivered,CAR003,LOC-SUPL-10,LOC-PLANT-002,2026-04-14 15:17:00,2026-04-19 15:17:00,2026-04-18 15:17:00,2026-04-18 15:17:00,2026-04-14 15:17:00
7990a337-a434-4d93-b873-287fa174d95a,SUP-0005,Delivered,CAR002,LOC-SUPL-5,LOC-PLANT-002,2026-08-21 15:17:00,2026-08-28 15:17:00,2026-08-27 15:17:00,2026-08-27 15:17:00,2026-08-28 15:17:00
3e5aac44-cf46-4f90-a89e-be5b406a2d77,SUP-0001,Delivered,CAR002,LOC-SUPL-1,LOC-PLANT-001,2026-07-02 15:17:00,2026-07-07 15:17:00,2026-07-04 15:17:00,2026-07-05 15:17:00,2026-07-07 15:17:00
f8367688-731f-4c35-ac63-edcb8b056618,SUP-0008,Delivered,CAR001,LOC-SUPL-8,LOC-PLANT-001,2026-07-16 15:17:00,2026-07-20 15:17:00,2026-07-25 15:17:00,2026-07-25 15:17:00,2026-07-23 15:17:00
2312f263-c35a-4db4-8ad6-f02ae88271c2,SUP-0008,Delivered,CAR001,LOC-SUPL-8,LOC-PLANT-001,2026-07-12 15:17:00,2026-07-21 15:17:00,2026-07-18 15:17:00,2026-07-25 15:17:00,2026-07-23 15:17:00
04e46aa7-375d-41cc-b1fc-ecbba0857a29,SUP-0008,Delivered,CAR002,LOC-SUPL-8,LOC-PLANT-001,2026-03-31 15:17:00,2026-04-04 15:17:00,2026-04-04 15:17:00,2026-04-04 15:17:00,2026-04-06 15:17:00
06373879-0909-4bd3-9079-cc068373be29,SUP-0007,Delivered,CAR002,LOC-SUPL-7,LOC-PLANT-001,2026-03-16 15:17:00,2026-03-20 15:17:00,2026-03-22 15:17:00,2026-03-22 15:17:00,2026-03-21 15:17:00
8ce90471-4703-4fdb-93c4-171b2df303da,SUP-0004,Delivered,CAR003,LOC-SUPL-4,LOC-PLANT-001,2026-06-01 15:17:00,2026-06-04 15:17:00,2026-06-03 15:17:00,2026-06-05 15:17:00,2026-06-06 15:17:00
e031c981-307b-4f84-9f18-997784c6cd8c,SUP-0004,Delivered,CAR003,LOC-SUPL-4,LOC-PLANT-001,2026-05-31 15:17:00,2026-06-02 15:17:00,2026-06-02 15:17:00,2026-06-05 15:17:00,2026-06-06 15:17:00
409e0883-93f3-47f0-9b01-ac743c6ef50a,SUP-0009,Delivered,CAR003,LOC-SUPL-9,LOC-PLANT-002,2026-06-26 15:17:00,2026-07-04 15:17:00,2026-07-04 15:17:00,2026-07-04 15:17:00,2026-06-29 15:17:00
2b0b7046-103f-472b-b756-9089032a50a3,SUP-0003,Delivered,CAR003,LOC-SUPL-3,LOC-PLANT-002,2026-04-05 15:17:00,2026-04-11 15:17:00,2026-04-10 15:17:00,2026-04-11 15:17:00,2026-04-10 15:17:00
b2276e85-7a64-44ad-b925-460fe1c6bba5,SUP-0004,Delivered,CAR001,LOC-SUPL-4,LOC-PLANT-001,2026-07-18 15:17:00,2026-07-23 15:17:00,2026-07-25 15:17:00,2026-07-25 15:17:00,2026-07-23 15:17:00
82e319f4-b092-48c5-8552-2e09eb7953ae,SUP-0004,Delivered,CAR001,LOC-SUPL-4,LOC-PLANT-001,2026-07-17 15:17:00,2026-07-22 15:17:00,2026-07-21 15:17:00,2026-07-25 15:17:00,2026-07-23 15:17:00
5774e45e-6bab-4fce-b1f9-e504ba046f3c,SUP-0006,Delivered,CAR003,LOC-SUPL-6,LOC-PLANT-001,2026-04-04 15:17:00,2026-04-14 15:17:00,2026-04-10 15:17:00,2026-04-11 15:17:00,2026-04-08 15:17:00
9a851db8-38f2-4994-8aa9-f2a0cb2b4d3d,SUP-0006,Delivered,CAR001,LOC-SUPL-6,LOC-PLANT-001,2026-03-22 15:17:00,2026-03-27 15:17:00,2026-03-28 15:17:00,2026-03-28 15:17:00,2026-03-27 15:17:00
39041b96-6894-4edb-92bf-1e08d596a4d8,SUP-0004,Delivered,CAR002,LOC-SUPL-4,LOC-PLANT-001,2026-04-02 15:17:00,2026-04-08 15:17:00,2026-04-08 15:17:00,2026-04-08 15:17:00,2026-04-08 15:17:00
0d9cfab1-bbdf-4ea6-8145-823d61356c8f,SUP-0004,Delivered,CAR002,LOC-SUPL-4,LOC-PLANT-001,2026-04-01 15:17:00,2026-04-07 15:17:00,2026-04-06 15:17:00,2026-04-08 15:17:00,2026-04-08 15:17:00
0f5c2ae2-5d8d-4f48-91ba-c53fd3991ff9,SUP-0010,Delivered,CAR002,LOC-SUPL-10,LOC-PLANT-002,2026-03-17 15:17:00,2026-03-23 15:17:00,2026-03-24 15:17:00,2026-03-24 15:17:00,2026-03-20 15:17:00
a1b1cc87-5dc9-4969-99a1-96a928d742ed,SUP-0001,Delivered,CAR003,LOC-SUPL-1,LOC-PLANT-002,2026-08-25 15:17:00,2026-08-31 15:17:00,2026-08-29 15:17:00,2026-08-29 15:17:00,2026-08-29 15:17:00
8059ae08-f796-439f-bc32-5df4788f51da,SUP-0008,Delivered,CAR003,LOC-SUPL-8,LOC-PLANT-001,2026-04-24 15:17:00,2026-05-02 15:17:00,2026-05-03 15:17:00,2026-05-03 15:17:00,2026-05-01 15:17:00
cedb5613-7f98-4ae7-b702-d29bbed1ec72,SUP-0008,Delivered,CAR003,LOC-SUPL-8,LOC-PLANT-001,2026-04-25 15:17:00,2026-05-04 15:17:00,2026-05-03 15:17:00,2026-05-03 15:17:00,2026-05-01 15:17:00
3e954b47-1905-4730-b000-5ae0813cc3ec,SUP-0003,Delivered,CAR002,LOC-SUPL-3,LOC-PLANT-002,2026-05-25 15:17:00,2026-05-29 15:17:00,2026-06-02 15:17:00,2026-06-02 15:17:00,2026-05-29 15:17:00
ac339406-753a-4906-b4af-4e24fc60f6fd,SUP-0006,Delivered,CAR002,LOC-SUPL-6,LOC-PLANT-001,2026-06-04 15:17:00,2026-06-10 15:17:00,2026-06-11 15:17:00,2026-06-11 15:17:00,2026-06-09 15:17:00
02b20f2a-ff2d-48ff-a1f2-d10193a5800b,SUP-0010,Delivered,CAR001,LOC-SUPL-10,LOC-PLANT-002,2026-06-22 15:17:00,2026-06-26 15:17:00,2026-06-26 15:17:00,2026-06-26 15:17:00,2026-06-23 15:17:00
4fb18f98-d2c0-42ec-a320-dfd5c9f45aa3,SUP-0010,Delivered,CAR001,LOC-SUPL-10,LOC-PLANT-002,2026-06-20 15:17:00,2026-06-29 15:17:00,2026-06-26 15:17:00,2026-06-26 15:17:00,2026-06-23 15:17:00
c922cc74-8b88-490a-8650-501f4d6a09a6,SUP-0004,Delivered,CAR001,LOC-SUPL-4,LOC-PLANT-002,2026-03-24 15:17:00,2026-03-26 15:17:00,2026-04-03 15:17:00,2026-04-03 15:17:00,2026-03-28 15:17:00
fc3792d6-fa52-4b03-998d-d02beebd79ad,SUP-0007,Delivered,CAR003,LOC-SUPL-7,LOC-PLANT-001,2026-04-11 15:17:00,2026-04-18 15:17:00,2026-04-19 15:17:00,2026-04-21 15:17:00,2026-04-20 15:17:00
bda99847-747b-49af-b4a8-b19a73d03136,SUP-0008,Delivered,CAR001,LOC-SUPL-8,LOC-PLANT-002,2026-04-15 15:17:00,2026-04-22 15:17:00,2026-04-24 15:17:00,2026-04-25 15:17:00,2026-04-21 15:17:00
82ebaf78-2db7-4745-806a-589498eba916,SUP-0008,Delivered,CAR001,LOC-SUPL-8,LOC-PLANT-002,2026-04-17 15:17:00,2026-04-26 15:17:00,2026-04-25 15:17:00,2026-04-25 15:17:00,2026-04-21 15:17:00
1cb19e39-6900-4f43-9957-7d42228d5af8,SUP-0006,Delivered,CAR003,LOC-SUPL-6,LOC-PLANT-002,2026-06-05 15:17:00,2026-06-10 15:17:00,2026-06-09 15:17:00,2026-06-13 15:17:00,2026-06-14 15:17:00
7b16fcb2-63ae-4c50-b6c9-dd02c5778cec,SUP-0009,Delivered,CAR001,LOC-SUPL-9,LOC-PLANT-002,2026-08-17 15:17:00,2026-08-20 15:17:00,2026-08-24 15:17:00,2026-08-24 15:17:00,2026-08-21 15:17:00
9ee4b541-921c-4385-aba2-587af0191eac,SUP-0002,Delivered,CAR002,LOC-SUPL-2,LOC-PLANT-002,2026-06-03 15:17:00,2026-06-10 15:17:00,2026-06-09 15:17:00,2026-06-09 15:17:00,2026-06-09 15:17:00
186ad005-ba87-4e03-868f-9b8225472c4c,SUP-0002,Delivered,CAR002,LOC-SUPL-2,LOC-PLANT-002,2026-05-31 15:17:00,2026-06-05 15:17:00,2026-06-06 15:17:00,2026-06-09 15:17:00,2026-06-09 15:17:00
4e25e8ed-dfe4-49e6-9ba6-2097bbca59e3,SUP-0008,Delivered,CAR002,LOC-SUPL-8,LOC-PLANT-002,2026-04-05 15:17:00,2026-04-13 15:17:00,2026-04-13 15:17:00,2026-04-13 15:17:00,2026-04-13 15:17:00
4680478e-68f9-4e06-b6be-8d824db4ddc1,SUP-0003,Delivered,CAR001,LOC-SUPL-3,LOC-PLANT-002,2026-07-28 15:17:00,2026-07-30 15:17:00,2026-08-02 15:17:00,2026-08-02 15:17:00,2026-08-04 15:17:00
c19db014-1401-4b92-8e33-d8543776e837,SUP-0001,Delivered,CAR003,LOC-SUPL-1,LOC-PLANT-002,2026-08-31 15:17:00,2026-09-02 15:17:00,2026-09-06 15:17:00,2026-09-06 15:17:00,2026-09-02 15:17:00
2cced80b-5c3f-4989-91d5-388d730300e2,SUP-0001,Delivered,CAR003,LOC-SUPL-1,LOC-PLANT-002,2026-08-30 15:17:00,2026-09-03 15:17:00,2026-09-04 15:17:00,2026-09-06 15:17:00,2026-09-02 15:17:00
4c94d526-dca3-49e6-b8a1-af90e60640a0,SUP-0006,Delivered,CAR001,LOC-SUPL-6,LOC-PLANT-002,2026-06-19 15:17:00,2026-06-26 15:17:00,2026-06-27 15:17:00,2026-06-27 15:17:00,2026-06-24 15:17:00
567d28f5-96e2-4939-b924-f10034e76c02,SUP-0010,Delivered,CAR002,LOC-SUPL-10,LOC-PLANT-002,2026-04-12 15:17:00,2026-04-17 15:17:00,2026-04-20 15:17:00,2026-04-20 15:17:00,2026-04-14 15:17:00
33d117bf-2065-43b7-95d4-f2933410807d,SUP-0010,Delivered,CAR001,LOC-SUPL-10,LOC-PLANT-002,2026-07-02 15:17:00,2026-07-11 15:17:00,2026-07-08 15:17:00,2026-07-09 15:17:00,2026-07-11 15:17:00
882b6a90-9c67-4d59-a80d-1098e603316e,SUP-0010,Delivered,CAR001,LOC-SUPL-10,LOC-PLANT-002,2026-07-05 15:17:00,2026-07-11 15:17:00,2026-07-09 15:17:00,2026-07-09 15:17:00,2026-07-11 15:17:00
48cfc55b-9ae1-45ee-a20d-22efc80af13f,SUP-0003,Delivered,CAR001,LOC-SUPL-3,LOC-PLANT-002,2026-05-29 15:17:00,2026-06-01 15:17:00,2026-06-05 15:17:00,2026-06-05 15:17:00,2026-06-05 15:17:00
3873cd7f-945e-4835-b41c-14623a3a8c96,SUP-0006,Delivered,CAR003,LOC-SUPL-6,LOC-PLANT-002,2026-05-04 15:17:00,2026-05-13 15:17:00,2026-05-11 15:17:00,2026-05-11 15:17:00,2026-05-12 15:17:00
77db9728-ed2d-42ce-89dc-a85b66c22cba,SUP-0002,Delivered,CAR002,LOC-SUPL-2,LOC-PLANT-002,2026-07-08 15:17:00,2026-07-12 15:17:00,2026-07-13 15:17:00,2026-07-13 15:17:00,2026-07-13 15:17:00
96567ec3-edfd-49dd-91a1-766835789b67,SUP-0002,Delivered,CAR002,LOC-SUPL-2,LOC-PLANT-002,2026-07-08 15:17:00,2026-07-12 15:17:00,2026-07-12 15:17:00,2026-07-13 15:17:00,2026-07-13 15:17:00
48f50f4f-71c9-4962-bd27-24e892a365c2,SUP-0007,Delivered,CAR002,LOC-SUPL-7,LOC-PLANT-002,2026-08-20 15:17:00,2026-08-26 15:17:00,2026-08-27 15:17:00,2026-08-29 15:17:00,2026-08-28 15:17:00
a2f0ed99-d52d-4b59-9e43-6d71dc5de8dd,SUP-0007,Delivered,CAR003,LOC-SUPL-7,LOC-PLANT-002,2026-03-11 15:17:00,2026-03-22 15:17:00,2026-03-20 15:17:00,2026-03-20 15:17:00,2026-03-21 15:17:00
625a7f45-e218-4df0-a8a5-86865165656f,SUP-0001,Delivered,CAR001,LOC-SUPL-1,LOC-PLANT-001,2026-08-24 15:17:00,2026-08-27 15:17:00,2026-08-29 15:17:00,2026-08-30 15:17:00,2026-08-25 15:17:00
4459cb4d-f697-491e-8aac-ff6c8026cabc,SUP-0001,Delivered,CAR001,LOC-SUPL-1,LOC-PLANT-001,2026-08-27 15:17:00,2026-08-31 15:17:00,2026-08-30 15:17:00,2026-08-30 15:17:00,2026-08-25 15:17:00
106edb08-c6e2-4123-a30a-70e6156db1bf,SUP-0002,Delivered,CAR003,LOC-SUPL-2,LOC-PLANT-002,2026-06-07 15:17:00,2026-06-11 15:17:00,2026-06-12 15:17:00,2026-06-12 15:17:00,2026-06-11 15:17:00
4930f241-bf9d-474e-9b76-ba96d94b8163,SUP-0007,Delivered,CAR003,LOC-SUPL-7,LOC-PLANT-002,2026-06-22 15:17:00,2026-07-05 15:17:00,2026-07-01 15:17:00,2026-07-02 15:17:00,2026-07-04 15:17:00
6ce0aabb-8b74-47ac-8980-044e44b33c16,SUP-0008,Delivered,CAR001,LOC-SUPL-8,LOC-PLANT-001,2026-05-10 15:17:00,2026-05-12 15:17:00,2026-05-19 15:17:00,2026-05-19 15:17:00,2026-05-17 15:17:00
6c21c8a8-06a9-480a-b890-60f6c6564752,SUP-0008,Delivered,CAR001,LOC-SUPL-8,LOC-PLANT-001,2026-05-10 15:17:00,2026-05-12 15:17:00,2026-05-15 15:17:00,2026-05-19 15:17:00,2026-05-17 15:17:00
7e9dd86c-2827-49ec-9992-9fc5b30a1a53,SUP-0006,Delivered,CAR003,LOC-SUPL-6,LOC-PLANT-002,2026-06-19 15:17:00,2026-06-25 15:17:00,2026-06-27 15:17:00,2026-06-27 15:17:00,2026-06-19 15:17:00
8de77a14-6f00-466d-9f46-6cb63c5382ae,SUP-0006,Delivered,CAR003,LOC-SUPL-6,LOC-PLANT-002,2026-08-06 15:17:00,2026-08-11 15:17:00,2026-08-11 15:17:00,2026-08-11 15:17:00,2026-08-10 15:17:00
f90205df-267f-43da-91ed-a2ff9db54e0b,SUP-0003,Delivered,CAR003,LOC-SUPL-3,LOC-PLANT-002,2026-07-13 15:17:00,2026-07-17 15:17:00,2026-07-20 15:17:00,2026-07-20 15:17:00,2026-07-20 15:17:00
6937ee94-6869-45f8-8d25-6534e9ad8f8a,SUP-0003,Delivered,CAR003,LOC-SUPL-3,LOC-PLANT-002,2026-07-15 15:17:00,2026-07-21 15:17:00,2026-07-20 15:17:00,2026-07-20 15:17:00,2026-07-20 15:17:00
df030cd2-ae1b-4534-9b3b-da321b39e4c9,SUP-0006,Delivered,CAR002,LOC-SUPL-6,LOC-PLANT-002,2026-06-28 15:17:00,2026-07-04 15:17:00,2026-07-02 15:17:00,2026-07-04 15:17:00,2026-07-01 15:17:00
4726de7c-ff89-46e1-aa7e-8894406ea3d1,SUP-0009,Delivered,CAR001,LOC-SUPL-9,LOC-PLANT-001,2026-03-12 15:17:00,2026-03-19 15:17:00,2026-03-20 15:17:00,2026-03-20 15:17:00,2026-03-20 15:17:00
ee962d66-ecae-4fd0-8c71-e2adbbd62317,SUP-0002,Delivered,CAR001,LOC-SUPL-2,LOC-PLANT-002,2026-04-22 15:17:00,2026-04-24 15:17:00,2026-04-29 15:17:00,2026-04-29 15:17:00,2026-04-24 15:17:00
dafaea11-3d1f-4109-95a6-bba10dc7496e,SUP-0002,Delivered,CAR001,LOC-SUPL-2,LOC-PLANT-002,2026-04-21 15:17:00,2026-04-22 15:17:00,2026-04-26 15:17:00,2026-04-29 15:17:00,2026-04-24 15:17:00
b34ebb38-5d1d-465e-80e6-8416841f5020,SUP-0010,Delivered,CAR003,LOC-SUPL-10,LOC-PLANT-001,2026-06-08 15:17:00,2026-06-11 15:17:00,2026-06-08 15:17:00,2026-06-08 15:17:00,2026-06-11 15:17:00
c4241d4b-dce9-43b7-a34a-a7f0f9b0cdf0,SUP-0007,Delivered,CAR003,LOC-SUPL-7,LOC-PLANT-001,2026-03-23 15:17:00,2026-04-04 15:17:00,2026-03-29 15:17:00,2026-04-01 15:17:00,2026-03-30 15:17:00
f28017cb-f933-432d-a5ce-29ac97daea85,SUP-0008,Delivered,CAR001,LOC-SUPL-8,LOC-PLANT-002,2026-06-12 15:17:00,2026-06-23 15:17:00,2026-06-19 15:17:00,2026-06-23 15:17:00,2026-06-21 15:17:00
86ee18d8-13be-4837-bc83-673f6366a605,SUP-0008,Delivered,CAR001,LOC-SUPL-8,LOC-PLANT-002,2026-06-14 15:17:00,2026-06-23 15:17:00,2026-06-23 15:17:00,2026-06-23 15:17:00,2026-06-21 15:17:00
57d47329-3bf9-4973-80d1-20309648572f,SUP-0008,Delivered,CAR003,LOC-SUPL-8,LOC-PLANT-002,2026-04-11 15:17:00,2026-04-17 15:17:00,2026-04-22 15:17:00,2026-04-22 15:17:00,2026-04-15 15:17:00
20bd60ce-cd6e-4364-a895-66ada56e15f5,SUP-0001,Delivered,CAR002,LOC-SUPL-1,LOC-PLANT-002,2026-06-18 15:17:00,2026-06-23 15:17:00,2026-06-25 15:17:00,2026-06-25 15:17:00,2026-06-23 15:17:00
585a8a3b-4b49-49cd-ab4c-754ed9a2a842,SUP-0002,Delivered,CAR002,LOC-SUPL-2,LOC-PLANT-002,2026-05-05 15:17:00,2026-05-09 15:17:00,2026-05-09 15:17:00,2026-05-13 15:17:00,2026-05-12 15:17:00
98fad9b3-a5d1-4432-a493-13bdbd38587d,SUP-0002,Delivered,CAR002,LOC-SUPL-2,LOC-PLANT-002,2026-05-05 15:17:00,2026-05-12 15:17:00,2026-05-13 15:17:00,2026-05-13 15:17:00,2026-05-12 15:17:00
a550f543-dc19-4b43-9af8-256042a75af0,SUP-0002,Delivered,CAR002,LOC-SUPL-2,LOC-PLANT-001,2026-05-18 15:17:00,2026-05-24 15:17:00,2026-05-21 15:17:00,2026-05-21 15:17:00,2026-05-22 15:17:00
63629347-5442-4973-b9ae-a3f32e3273f2,SUP-0006,Delivered,CAR003,LOC-SUPL-6,LOC-PLANT-001,2026-08-28 15:17:00,2026-08-31 15:17:00,2026-09-04 15:17:00,2026-09-04 15:17:00,2026-09-04 15:17:00
5416dccf-9298-4df9-b709-dfb5df04715a,SUP-0002,Delivered,CAR003,LOC-SUPL-2,LOC-PLANT-002,2026-06-16 15:17:00,2026-06-25 15:17:00,2026-06-19 15:17:00,2026-06-24 15:17:00,2026-06-24 15:17:00
04b0f7cf-e853-4ca8-812d-c97519e70265,SUP-0002,Delivered,CAR003,LOC-SUPL-2,LOC-PLANT-002,2026-06-17 15:17:00,2026-06-22 15:17:00,2026-06-24 15:17:00,2026-06-24 15:17:00,2026-06-24 15:17:00
48148837-be7c-4ae8-aa7d-a9771de4f581,SUP-0003,Delivered,CAR002,LOC-SUPL-3,LOC-PLANT-001,2026-08-02 15:17:00,2026-08-04 15:17:00,2026-08-05 15:17:00,2026-08-06 15:17:00,2026-08-05 15:17:00
1eaba472-e54f-4950-a188-21705aecc0e4,SUP-0010,Delivered,CAR002,LOC-SUPL-10,LOC-PLANT-002,2026-06-02 15:17:00,2026-06-10 15:17:00,2026-06-07 15:17:00,2026-06-09 15:17:00,2026-06-10 15:17:00
6f9eeacc-ce94-4324-b055-3bb093b14a41,SUP-0007,Delivered,CAR002,LOC-SUPL-7,LOC-PLANT-001,2026-04-05 15:17:00,2026-04-12 15:17:00,2026-04-10 15:17:00,2026-04-10 15:17:00,2026-04-09 15:17:00
9cb3e904-1310-49e6-8eff-cf4d236998dc,SUP-0007,Delivered,CAR002,LOC-SUPL-7,LOC-PLANT-001,2026-04-03 15:17:00,2026-04-12 15:17:00,2026-04-09 15:17:00,2026-04-10 15:17:00,2026-04-09 15:17:00
6b4a1e40-b14b-4692-a835-1f2f56f17c5f,SUP-0002,Delivered,CAR001,LOC-SUPL-2,LOC-PLANT-002,2026-04-30 15:17:00,2026-05-08 15:17:00,2026-05-08 15:17:00,2026-05-08 15:17:00,2026-05-04 15:17:00
b587ad79-48c8-4419-948a-7a2c82c722f4,SUP-0009,Delivered,CAR002,LOC-SUPL-9,LOC-PLANT-002,2026-06-01 15:17:00,2026-06-08 15:17:00,2026-06-10 15:17:00,2026-06-10 15:17:00,2026-06-03 15:17:00
12ed2446-c902-41a9-85f7-133fad5e71ef,SUP-0007,Delivered,CAR002,LOC-SUPL-7,LOC-PLANT-001,2026-05-01 15:17:00,2026-05-09 15:17:00,2026-05-07 15:17:00,2026-05-10 15:17:00,2026-05-06 15:17:00
75e0e120-1862-4211-a65d-eceb9a4c8780,SUP-0007,Delivered,CAR002,LOC-SUPL-7,LOC-PLANT-001,2026-05-02 15:17:00,2026-05-04 15:17:00,2026-05-10 15:17:00,2026-05-10 15:17:00,2026-05-06 15:17:00
e8c0ccf6-904c-4048-b622-620820140483,SUP-0010,Delivered,CAR001,LOC-SUPL-10,LOC-PLANT-001,2026-03-31 15:17:00,2026-04-01 15:17:00,2026-03-31 15:17:00,2026-04-04 15:17:00,2026-04-06 15:17:00
b128e148-d17f-4624-9403-cac5668ff679,SUP-0006,Delivered,CAR003,LOC-SUPL-6,LOC-PLANT-001,2026-06-16 15:17:00,2026-06-23 15:17:00,2026-06-21 15:17:00,2026-06-23 15:17:00,2026-06-25 15:17:00
374447d8-e7d4-400f-b4a5-8859b6376417,SUP-0010,Delivered,CAR002,LOC-SUPL-10,LOC-PLANT-001,2026-04-01 15:17:00,2026-04-03 15:17:00,2026-04-04 15:17:00,2026-04-04 15:17:00,2026-04-04 15:17:00
7df892ba-dcdc-4923-8d27-fadd3dcd575a,SUP-0010,Delivered,CAR002,LOC-SUPL-10,LOC-PLANT-001,2026-03-30 15:17:00,2026-04-03 15:17:00,2026-04-03 15:17:00,2026-04-04 15:17:00,2026-04-04 15:17:00
74da868e-47fd-4653-a035-13de9d087574,SUP-0001,Delivered,CAR002,LOC-SUPL-1,LOC-PLANT-001,2026-03-20 15:17:00,2026-03-23 15:17:00,2026-03-22 15:17:00,2026-03-25 15:17:00,2026-03-27 15:17:00
5c282824-80e3-42b2-b002-e70dd4f6bdc2,SUP-0009,Delivered,CAR002,LOC-SUPL-9,LOC-PLANT-001,2026-07-29 15:17:00,2026-08-07 15:17:00,2026-08-02 15:17:00,2026-08-05 15:17:00,2026-08-05 15:17:00
c959ce9d-f8ea-4b6f-b600-b468d7ac5a0a,SUP-0005,Delivered,CAR002,LOC-SUPL-5,LOC-PLANT-001,2026-08-09 15:17:00,2026-08-10 15:17:00,2026-08-13 15:17:00,2026-08-13 15:17:00,2026-08-14 15:17:00
aa1d7725-f0e6-4fef-acf1-4c6069faad8e,SUP-0005,Delivered,CAR002,LOC-SUPL-5,LOC-PLANT-001,2026-08-07 15:17:00,2026-08-14 15:17:00,2026-08-13 15:17:00,2026-08-13 15:17:00,2026-08-14 15:17:00
707b1752-e1c9-451b-866a-e019790e5f3d,SUP-0010,Delivered,CAR002,LOC-SUPL-10,LOC-PLANT-002,2026-03-18 15:17:00,2026-03-23 15:17:00,2026-03-22 15:17:00,2026-03-22 15:17:00,2026-03-19 15:17:00
17607b9f-0c45-4b1c-93ad-8ff6dd80697a,SUP-0003,Delivered,CAR001,LOC-SUPL-3,LOC-PLANT-001,2026-06-10 15:17:00,2026-06-15 15:17:00,2026-06-12 15:17:00,2026-06-13 15:17:00,2026-06-11 15:17:00
4968a03a-0c1c-4cc9-8670-536c3492f9f6,SUP-0002,Delivered,CAR003,LOC-SUPL-2,LOC-PLANT-001,2026-08-14 15:17:00,2026-08-17 15:17:00,2026-08-14 15:17:00,2026-08-15 15:17:00,2026-08-16 15:17:00
3a823ee2-17cf-4fbd-8950-062aa6873eab,SUP-0002,Delivered,CAR003,LOC-SUPL-2,LOC-PLANT-001,2026-08-12 15:17:00,2026-08-17 15:17:00,2026-08-12 15:17:00,2026-08-15 15:17:00,2026-08-16 15:17:00
24349bb8-d8e7-47b4-ab82-bb5a12cf01db,SUP-0002,Delivered,CAR002,LOC-SUPL-2,LOC-PLANT-002,2026-04-16 15:17:00,2026-04-23 15:17:00,2026-04-24 15:17:00,2026-04-24 15:17:00,2026-04-21 15:17:00
bf733240-2129-47e3-b373-ffd7cfd71e52,SUP-0003,Delivered,CAR001,LOC-SUPL-3,LOC-PLANT-001,2026-07-04 15:17:00,2026-07-05 15:17:00,2026-07-10 15:17:00,2026-07-10 15:17:00,2026-07-07 15:17:00
4d01c08c-043b-4190-8ff3-116e2dc42fec,SUP-0008,Delivered,CAR003,LOC-SUPL-8,LOC-PLANT-001,2026-04-17 15:17:00,2026-04-22 15:17:00,2026-04-26 15:17:00,2026-04-26 15:17:00,2026-04-23 15:17:00
5f77a18a-5329-4af0-85f6-5dcb3432239b,SUP-0008,Delivered,CAR003,LOC-SUPL-8,LOC-PLANT-001,2026-04-16 15:17:00,2026-04-24 15:17:00,2026-04-23 15:17:00,2026-04-26 15:17:00,2026-04-23 15:17:00
dc7bbd2b-ca10-454a-859b-0e8016bc8acb,SUP-0002,Delivered,CAR002,LOC-SUPL-2,LOC-PLANT-002,2026-04-07 15:17:00,2026-04-14 15:17:00,2026-04-13 15:17:00,2026-04-13 15:17:00,2026-04-13 15:17:00
e380542e-3281-4230-9cee-495d2353abcf,SUP-0003,Delivered,CAR002,LOC-SUPL-3,LOC-PLANT-002,2026-03-13 15:17:00,2026-03-18 15:17:00,2026-03-20 15:17:00,2026-03-20 15:17:00,2026-03-23 15:17:00
2a0021dc-e765-4e58-a5a0-3e8f18ee549d,SUP-0008,Delivered,CAR001,LOC-SUPL-8,LOC-PLANT-001,2026-04-06 15:17:00,2026-04-12 15:17:00,2026-04-14 15:17:00,2026-04-14 15:17:00,2026-04-11 15:17:00
fdfd793a-81a8-4494-b2a2-9306e6a63638,SUP-0008,Delivered,CAR001,LOC-SUPL-8,LOC-PLANT-001,2026-04-04 15:17:00,2026-04-08 15:17:00,2026-04-13 15:17:00,2026-04-14 15:17:00,2026-04-11 15:17:00
c74149b7-4bfa-4098-98e3-b97534f2ef76,SUP-0008,Delivered,CAR001,LOC-SUPL-8,LOC-PLANT-001,2026-04-09 15:17:00,2026-04-14 15:17:00,2026-04-16 15:17:00,2026-04-16 15:17:00,2026-04-14 15:17:00
ee42461c-834c-4de8-8347-008c55c39cf2,SUP-0002,Delivered,CAR001,LOC-SUPL-2,LOC-PLANT-001,2026-05-04 15:17:00,2026-05-08 15:17:00,2026-05-07 15:17:00,2026-05-07 15:17:00,2026-05-07 15:17:00
f73ff5b4-fbf6-4932-b2bd-2836080b076f,SUP-0009,Delivered,CAR001,LOC-SUPL-9,LOC-PLANT-002,2026-05-28 15:17:00,2026-06-03 15:17:00,2026-06-06 15:17:00,2026-06-06 15:17:00,2026-06-05 15:17:00
7cd45384-0d2d-4816-9226-3eaebfc2ba49,SUP-0009,Delivered,CAR001,LOC-SUPL-9,LOC-PLANT-002,2026-05-26 15:17:00,2026-06-05 15:17:00,2026-06-03 15:17:00,2026-06-06 15:17:00,2026-06-05 15:17:00
e4da7ad4-ce0a-4410-9f15-6158e549d465,SUP-0009,Delivered,CAR003,LOC-SUPL-9,LOC-PLANT-001,2026-05-02 15:17:00,2026-05-09 15:17:00,2026-05-10 15:17:00,2026-05-10 15:17:00,2026-05-06 15:17:00
70bd68c1-fa09-478f-a5ee-4bbb002742d8,SUP-0009,Delivered,CAR002,LOC-SUPL-9,LOC-PLANT-001,2026-06-05 15:17:00,2026-06-08 15:17:00,2026-06-13 15:17:00,2026-06-13 15:17:00,2026-06-10 15:17:00
610249d3-a949-4768-ac58-aa774e7d8526,SUP-0004,Delivered,CAR002,LOC-SUPL-4,LOC-PLANT-001,2026-03-09 15:17:00,2026-03-16 15:17:00,2026-03-12 15:17:00,2026-03-17 15:17:00,2026-03-15 15:17:00
31c6b9fa-16e6-4e77-8b94-4cb4cbe34cd5,SUP-0004,Delivered,CAR002,LOC-SUPL-4,LOC-PLANT-001,2026-03-14 15:17:00,2026-03-18 15:17:00,2026-03-17 15:17:00,2026-03-17 15:17:00,2026-03-15 15:17:00
4d45dec8-8008-4b13-afec-ba52842ae2d5,SUP-0003,Delivered,CAR001,LOC-SUPL-3,LOC-PLANT-001,2026-03-28 15:17:00,2026-04-02 15:17:00,2026-04-03 15:17:00,2026-04-03 15:17:00,2026-04-01 15:17:00
ac5b99e5-8b70-43fa-843d-69164619f5b1,SUP-0005,Delivered,CAR003,LOC-SUPL-5,LOC-PLANT-002,2026-06-23 15:17:00,2026-06-27 15:17:00,2026-06-27 15:17:00,2026-06-29 15:17:00,2026-06-30 15:17:00
0a97ff1b-9435-48c5-ae57-e4444309bdf6,SUP-0002,Delivered,CAR003,LOC-SUPL-2,LOC-PLANT-001,2026-06-13 15:17:00,2026-06-16 15:17:00,2026-06-15 15:17:00,2026-06-15 15:17:00,2026-06-15 15:17:00
aec9627c-5733-4a06-919e-c439782288df,SUP-0002,Delivered,CAR003,LOC-SUPL-2,LOC-PLANT-001,2026-06-11 15:17:00,2026-06-14 15:17:00,2026-06-11 15:17:00,2026-06-15 15:17:00,2026-06-15 15:17:00
6602278f-27dd-48bb-8ba9-64f87865e20b,SUP-0010,Delivered,CAR001,LOC-SUPL-10,LOC-PLANT-001,2026-06-20 15:17:00,2026-06-22 15:17:00,2026-06-22 15:17:00,2026-06-24 15:17:00,2026-06-25 15:17:00
6b6815f6-f481-402c-bdee-d6a9fd9cc758,SUP-0005,Delivered,CAR002,LOC-SUPL-5,LOC-PLANT-002,2026-03-16 15:17:00,2026-03-24 15:17:00,2026-03-22 15:17:00,2026-03-22 15:17:00,2026-03-21 15:17:00
bab7fb7c-cfa0-4d92-89fd-e59b4725a644,SUP-0004,Delivered,CAR003,LOC-SUPL-4,LOC-PLANT-001,2026-04-11 15:17:00,2026-04-13 15:17:00,2026-04-15 15:17:00,2026-04-15 15:17:00,2026-04-10 15:17:00
b814e556-ec87-4dbf-b201-61cd4c4c76cd,SUP-0004,Delivered,CAR003,LOC-SUPL-4,LOC-PLANT-001,2026-04-09 15:17:00,2026-04-10 15:17:00,2026-04-15 15:17:00,2026-04-15 15:17:00,2026-04-10 15:17:00
632bbdcd-567e-474d-9ca1-c2fb9f291bfb,SUP-0003,Delivered,CAR003,LOC-SUPL-3,LOC-PLANT-001,2026-04-11 15:17:00,2026-04-13 15:17:00,2026-04-14 15:17:00,2026-04-14 15:17:00,2026-04-12 15:17:00
e13c4564-434f-48d9-8b6f-1a3084484090,SUP-0002,Delivered,CAR001,LOC-SUPL-2,LOC-PLANT-002,2026-07-05 15:17:00,2026-07-10 15:17:00,2026-07-13 15:17:00,2026-07-13 15:17:00,2026-07-12 15:17:00
00cd1ed1-fcf1-4e56-b786-9310892a0683,SUP-0006,Delivered,CAR001,LOC-SUPL-6,LOC-PLANT-001,2026-05-15 15:17:00,2026-05-22 15:17:00,2026-05-22 15:17:00,2026-05-22 15:17:00,2026-05-18 15:17:00
74142697-f6c9-4e3e-9483-c579f589c05d,SUP-0006,Delivered,CAR001,LOC-SUPL-6,LOC-PLANT-001,2026-05-12 15:17:00,2026-05-21 15:17:00,2026-05-19 15:17:00,2026-05-22 15:17:00,2026-05-18 15:17:00
a9e1afcd-e24e-4f45-a190-4654b51d6c4b,SUP-0004,Delivered,CAR002,LOC-SUPL-4,LOC-PLANT-001,2026-07-18 15:17:00,2026-07-22 15:17:00,2026-07-24 15:17:00,2026-07-24 15:17:00,2026-07-24 15:17:00
cd9565f9-422f-4c5f-b8d9-20d9e572f978,SUP-0003,Delivered,CAR002,LOC-SUPL-3,LOC-PLANT-002,2026-03-11 15:17:00,2026-03-16 15:17:00,2026-03-18 15:17:00,2026-03-18 15:17:00,2026-03-12 15:17:00
512c4b39-079c-47d6-8966-65288343b976,SUP-0004,Delivered,CAR003,LOC-SUPL-4,LOC-PLANT-002,2026-07-14 15:17:00,2026-07-22 15:17:00,2026-07-18 15:17:00,2026-07-23 15:17:00,2026-07-22 15:17:00
ed73ee2a-7b89-4284-865f-5d1b2c5f16c5,SUP-0004,Delivered,CAR003,LOC-SUPL-4,LOC-PLANT-002,2026-07-17 15:17:00,2026-07-22 15:17:00,2026-07-23 15:17:00,2026-07-23 15:17:00,2026-07-22 15:17:00
8c8a8409-e5a1-47ab-bb79-bccac6757297,SUP-0003,Delivered,CAR003,LOC-SUPL-3,LOC-PLANT-002,2026-05-30 15:17:00,2026-06-04 15:17:00,2026-06-07 15:17:00,2026-06-07 15:17:00,2026-06-04 15:17:00
67792b17-15e1-4c45-b5bb-e9282158a44b,SUP-0004,Delivered,CAR003,LOC-SUPL-4,LOC-PLANT-001,2026-07-23 15:17:00,2026-07-28 15:17:00,2026-07-28 15:17:00,2026-07-28 15:17:00,2026-07-24 15:17:00
db27918a-e533-4bd3-a95f-b54fdc70fe65,SUP-0006,Delivered,CAR002,LOC-SUPL-6,LOC-PLANT-001,2026-06-25 15:17:00,2026-06-27 15:17:00,2026-06-28 15:17:00,2026-06-28 15:17:00,2026-07-01 15:17:00
8a7c3b96-0fa1-4ac3-abec-5a05800b13c2,SUP-0006,Delivered,CAR002,LOC-SUPL-6,LOC-PLANT-001,2026-06-23 15:17:00,2026-06-26 15:17:00,2026-06-28 15:17:00,2026-06-28 15:17:00,2026-07-01 15:17:00
ea5843b3-3092-48cf-8187-27b0efdaea9a,SUP-0010,Delivered,CAR003,LOC-SUPL-10,LOC-PLANT-001,2026-05-12 15:17:00,2026-05-13 15:17:00,2026-05-14 15:17:00,2026-05-14 15:17:00,2026-05-12 15:17:00
9220775a-b384-47e5-ba85-105801f6f161,SUP-0010,Delivered,CAR001,LOC-SUPL-10,LOC-PLANT-002,2026-06-06 15:17:00,2026-06-16 15:17:00,2026-06-13 15:17:00,2026-06-13 15:17:00,2026-06-13 15:17:00
5920cc5e-7be5-4d21-aa4e-6a31e6b1564c,SUP-0006,Delivered,CAR002,LOC-SUPL-6,LOC-PLANT-002,2026-05-25 15:17:00,2026-05-30 15:17:00,2026-05-29 15:17:00,2026-05-30 15:17:00,2026-05-29 15:17:00
44af70ab-9517-4b5a-93a7-6fb114decaad,SUP-0006,Delivered,CAR002,LOC-SUPL-6,LOC-PLANT-002,2026-05-23 15:17:00,2026-05-31 15:17:00,2026-05-30 15:17:00,2026-05-30 15:17:00,2026-05-29 15:17:00
f7017303-303a-4952-b034-7d3e1260ae7f,SUP-0004,Delivered,CAR001,LOC-SUPL-4,LOC-PLANT-001,2026-08-13 15:17:00,2026-08-15 15:17:00,2026-08-20 15:17:00,2026-08-20 15:17:00,2026-08-14 15:17:00
2e4c1853-9b68-497f-b9ca-bf822c29be8a,SUP-0010,Delivered,CAR002,LOC-SUPL-10,LOC-PLANT-001,2026-06-07 15:17:00,2026-06-09 15:17:00,2026-06-08 15:17:00,2026-06-08 15:17:00,2026-06-09 15:17:00
5ed056ce-36b3-4d22-a6a5-79f5671b0ce1,SUP-0008,Delivered,CAR001,LOC-SUPL-8,LOC-PLANT-001,2026-05-14 15:17:00,2026-05-21 15:17:00,2026-05-22 15:17:00,2026-05-26 15:17:00,2026-05-22 15:17:00
8162661f-3bab-4b89-a9ce-86a51a3aef3f,SUP-0008,Delivered,CAR001,LOC-SUPL-8,LOC-PLANT-001,2026-05-17 15:17:00,2026-05-20 15:17:00,2026-05-26 15:17:00,2026-05-26 15:17:00,2026-05-22 15:17:00
e7df272b-bce4-48a8-918b-24d230b41636,SUP-0009,Delivered,CAR001,LOC-SUPL-9,LOC-PLANT-001,2026-04-25 15:17:00,2026-05-03 15:17:00,2026-05-01 15:17:00,2026-05-02 15:17:00,2026-05-01 15:17:00
ed853525-f996-4fdc-b42d-fa880b5c0a0e,SUP-0009,Delivered,CAR002,LOC-SUPL-9,LOC-PLANT-001,2026-08-12 15:17:00,2026-08-18 15:17:00,2026-08-18 15:17:00,2026-08-19 15:17:00,2026-08-16 15:17:00
fbab4311-0ee1-494d-86ff-bac18b18bf16,SUP-0007,Delivered,CAR001,LOC-SUPL-7,LOC-PLANT-001,2026-07-08 15:17:00,2026-07-13 15:17:00,2026-07-15 15:17:00,2026-07-18 15:17:00,2026-07-15 15:17:00
8657dd73-5a1e-4d46-8747-05e72573b501,SUP-0007,Delivered,CAR001,LOC-SUPL-7,LOC-PLANT-001,2026-07-07 15:17:00,2026-07-15 15:17:00,2026-07-18 15:17:00,2026-07-18 15:17:00,2026-07-15 15:17:00
f172c287-acdd-4b05-a2c9-a5af0904c4a7,SUP-0007,Delivered,CAR001,LOC-SUPL-7,LOC-PLANT-002,2026-05-13 15:17:00,2026-05-22 15:17:00,2026-05-22 15:17:00,2026-05-25 15:17:00,2026-05-23 15:17:00
1ac11a0f-94fe-4f88-abb7-b77d1f30ff58,SUP-0003,Delivered,CAR003,LOC-SUPL-3,LOC-PLANT-001,2026-08-30 15:17:00,2026-09-02 15:17:00,2026-09-02 15:17:00,2026-09-02 15:17:00,2026-08-31 15:17:00
1b18ed8c-464b-451a-864f-0259145a50fb,SUP-0007,Delivered,CAR001,LOC-SUPL-7,LOC-PLANT-002,2026-04-21 15:17:00,2026-04-29 15:17:00,2026-04-29 15:17:00,2026-05-04 15:17:00,2026-04-29 15:17:00
3b7c83c1-27d5-413f-ab6f-f2920f49b745,SUP-0007,Delivered,CAR001,LOC-SUPL-7,LOC-PLANT-002,2026-04-22 15:17:00,2026-04-30 15:17:00,2026-05-04 15:17:00,2026-05-04 15:17:00,2026-04-29 15:17:00
693bb7df-b8cb-4aa3-9aad-9b3078c34c09,SUP-0004,Delivered,CAR001,LOC-SUPL-4,LOC-PLANT-002,2026-05-21 15:17:00,2026-05-25 15:17:00,2026-05-30 15:17:00,2026-05-30 15:17:00,2026-05-30 15:17:00
a1933312-6c85-4a98-9d36-895df9a2f1b9,SUP-0008,Delivered,CAR002,LOC-SUPL-8,LOC-PLANT-001,2026-03-08 15:17:00,2026-03-13 15:17:00,2026-03-15 15:17:00,2026-03-15 15:17:00,2026-03-16 15:17:00
119eba6a-b4fc-46fd-8d39-b7937b25dc0e,SUP-0002,Delivered,CAR001,LOC-SUPL-2,LOC-PLANT-002,2026-05-25 15:17:00,2026-05-31 15:17:00,2026-05-31 15:17:00,2026-05-31 15:17:00,2026-05-26 15:17:00
8c664c48-09cd-4a59-86a5-af086683bcf3,SUP-0002,Delivered,CAR001,LOC-SUPL-2,LOC-PLANT-002,2026-05-25 15:17:00,2026-05-26 15:17:00,2026-05-31 15:17:00,2026-05-31 15:17:00,2026-05-26 15:17:00
ceb9bdc6-73b7-4f8f-9670-13ad14b3e443,SUP-0009,Delivered,CAR002,LOC-SUPL-9,LOC-PLANT-002,2026-08-03 15:17:00,2026-08-13 15:17:00,2026-08-11 15:17:00,2026-08-13 15:17:00,2026-08-15 15:17:00
88662c1c-302f-44d4-85de-146f0e615197,SUP-0004,Delivered,CAR001,LOC-SUPL-4,LOC-PLANT-002,2026-05-27 15:17:00,2026-06-05 15:17:00,2026-06-05 15:17:00,2026-06-05 15:17:00,2026-06-06 15:17:00
4ea55ebf-de92-4b94-8be0-8513cb9e38d1,SUP-0004,Delivered,CAR002,LOC-SUPL-4,LOC-PLANT-001,2026-04-22 15:17:00,2026-04-25 15:17:00,2026-04-27 15:17:00,2026-04-27 15:17:00,2026-04-28 15:17:00
cd9491e0-f39c-4d5f-b4ee-694a67439dfe,SUP-0004,Delivered,CAR002,LOC-SUPL-4,LOC-PLANT-001,2026-04-19 15:17:00,2026-04-28 15:17:00,2026-04-25 15:17:00,2026-04-27 15:17:00,2026-04-28 15:17:00
aef40c4f-fe02-443c-9e1a-1cb964053c86,SUP-0004,Delivered,CAR003,LOC-SUPL-4,LOC-PLANT-001,2026-07-10 15:17:00,2026-07-13 15:17:00,2026-07-13 15:17:00,2026-07-13 15:17:00,2026-07-13 15:17:00
8df8d6b3-8b12-40fb-b723-a9100d1f8b60,SUP-0008,Delivered,CAR001,LOC-SUPL-8,LOC-PLANT-002,2026-03-22 15:17:00,2026-04-03 15:17:00,2026-03-29 15:17:00,2026-04-01 15:17:00,2026-04-04 15:17:00
895b9cc6-419d-4462-8ba1-b8f9852dc2fb,SUP-0002,Delivered,CAR001,LOC-SUPL-2,LOC-PLANT-001,2026-05-21 15:17:00,2026-05-24 15:17:00,2026-05-23 15:17:00,2026-05-23 15:17:00,2026-05-21 15:17:00
bb475e9f-0c14-400a-b148-820ac647e88c,SUP-0002,Delivered,CAR001,LOC-SUPL-2,LOC-PLANT-001,2026-05-21 15:17:00,2026-05-24 15:17:00,2026-05-22 15:17:00,2026-05-23 15:17:00,2026-05-21 15:17:00
672b98a4-2d88-4da5-aa11-b9ce9d64925d,SUP-0005,Delivered,CAR001,LOC-SUPL-5,LOC-PLANT-002,2026-06-02 15:17:00,2026-06-05 15:17:00,2026-06-09 15:17:00,2026-06-09 15:17:00,2026-06-09 15:17:00
4d82eae1-2eee-480e-9aef-8ad000ee5b6c,SUP-0008,Delivered,CAR002,LOC-SUPL-8,LOC-PLANT-002,2026-03-29 15:17:00,2026-04-04 15:17:00,2026-04-06 15:17:00,2026-04-06 15:17:00,2026-04-08 15:17:00
01af86f5-9637-462f-91d3-eef4b712600f,SUP-0004,Delivered,CAR001,LOC-SUPL-4,LOC-PLANT-001,2026-07-07 15:17:00,2026-07-10 15:17:00,2026-07-14 15:17:00,2026-07-14 15:17:00,2026-07-08 15:17:00
da8483d0-7808-415f-965a-834034fc02ab,SUP-0004,Delivered,CAR001,LOC-SUPL-4,LOC-PLANT-001,2026-07-09 15:17:00,2026-07-13 15:17:00,2026-07-14 15:17:00,2026-07-14 15:17:00,2026-07-08 15:17:00
62d7ca2e-a357-403b-a758-6c0a6b64421f,SUP-0001,Delivered,CAR003,LOC-SUPL-1,LOC-PLANT-002,2026-05-26 15:17:00,2026-05-28 15:17:00,2026-05-29 15:17:00,2026-05-30 15:17:00,2026-05-30 15:17:00
b53d3bd1-e13c-4304-9bc6-4cef2708f278,SUP-0008,Delivered,CAR001,LOC-SUPL-8,LOC-PLANT-001,2026-03-18 15:17:00,2026-03-24 15:17:00,2026-03-27 15:17:00,2026-03-27 15:17:00,2026-03-23 15:17:00
7235b292-8399-4b50-9352-4e18992cea58,SUP-0005,Delivered,CAR001,LOC-SUPL-5,LOC-PLANT-002,2026-04-26 15:17:00,2026-05-04 15:17:00,2026-05-06 15:17:00,2026-05-06 15:17:00,2026-05-05 15:17:00
11345dd8-2b5c-4238-ba9b-10511a9cfed8,SUP-0005,Delivered,CAR001,LOC-SUPL-5,LOC-PLANT-002,2026-04-25 15:17:00,2026-05-07 15:17:00,2026-05-04 15:17:00,2026-05-06 15:17:00,2026-05-05 15:17:00
6fa29f0e-5574-422b-85d2-f2d4824a50c5,SUP-0008,Delivered,CAR001,LOC-SUPL-8,LOC-PLANT-001,2026-05-27 15:17:00,2026-05-31 15:17:00,2026-06-03 15:17:00,2026-06-03 15:17:00,2026-06-01 15:17:00
805c0ff9-97e7-4db6-8253-b53f93f52772,SUP-0008,Delivered,CAR001,LOC-SUPL-8,LOC-PLANT-002,2026-03-24 15:17:00,2026-03-31 15:17:00,2026-04-04 15:17:00,2026-04-04 15:17:00,2026-03-31 15:17:00
c23efa4d-aec2-4fd8-a6b4-c62d2b83cd4b,SUP-0004,Delivered,CAR002,LOC-SUPL-4,LOC-PLANT-002,2026-08-09 15:17:00,2026-08-17 15:17:00,2026-08-15 15:17:00,2026-08-16 15:17:00,2026-08-15 15:17:00
f50e6ac3-0c08-4f08-9163-56b170089b65,SUP-0004,Delivered,CAR002,LOC-SUPL-4,LOC-PLANT-002,2026-08-11 15:17:00,2026-08-16 15:17:00,2026-08-16 15:17:00,2026-08-16 15:17:00,2026-08-15 15:17:00
d713edb8-0b1e-4183-866d-d7c45e108ba7,SUP-0004,Delivered,CAR001,LOC-SUPL-4,LOC-PLANT-002,2026-08-30 15:17:00,2026-09-06 15:17:00,2026-09-08 15:17:00,2026-09-08 15:17:00,2026-09-08 15:17:00
b7c1f676-b749-47b9-85af-98cf179e9f6a,SUP-0010,Delivered,CAR003,LOC-SUPL-10,LOC-PLANT-002,2026-07-18 15:17:00,2026-07-20 15:17:00,2026-07-24 15:17:00,2026-07-24 15:17:00,2026-07-21 15:17:00
bb7670c6-ee20-4f81-9c5b-9adb65fba005,SUP-0001,Delivered,CAR003,LOC-SUPL-1,LOC-PLANT-002,2026-08-30 15:17:00,2026-08-31 15:17:00,2026-09-01 15:17:00,2026-09-04 15:17:00,2026-08-31 15:17:00
43d013bc-466c-484f-9573-fa7506f19b5d,SUP-0001,Delivered,CAR003,LOC-SUPL-1,LOC-PLANT-002,2026-08-30 15:17:00,2026-09-02 15:17:00,2026-09-04 15:17:00,2026-09-04 15:17:00,2026-08-31 15:17:00
d3ad9314-a8a6-4751-a541-94b4bc71b86e,SUP-0002,Delivered,CAR002,LOC-SUPL-2,LOC-PLANT-001,2026-04-25 15:17:00,2026-04-30 15:17:00,2026-04-29 15:17:00,2026-04-29 15:17:00,2026-04-27 15:17:00
a6e002e7-1a50-45a6-a99a-1b6e773d6a39,SUP-0007,Delivered,CAR002,LOC-SUPL-7,LOC-PLANT-001,2026-05-20 15:17:00,2026-05-24 15:17:00,2026-05-25 15:17:00,2026-05-26 15:17:00,2026-05-26 15:17:00
8cd4f232-336d-4996-b1a1-5953871caf1c,SUP-0008,Delivered,CAR002,LOC-SUPL-8,LOC-PLANT-001,2026-07-06 15:17:00,2026-07-13 15:17:00,2026-07-10 15:17:00,2026-07-14 15:17:00,2026-07-09 15:17:00
d0a87797-bdf3-43db-be69-ee7b5b51169e,SUP-0008,Delivered,CAR002,LOC-SUPL-8,LOC-PLANT-001,2026-07-09 15:17:00,2026-07-15 15:17:00,2026-07-14 15:17:00,2026-07-14 15:17:00,2026-07-09 15:17:00
4d5d49da-6e88-4684-9050-c931abe031a9,SUP-0007,Delivered,CAR002,LOC-SUPL-7,LOC-PLANT-001,2026-05-10 15:17:00,2026-05-12 15:17:00,2026-05-17 15:17:00,2026-05-17 15:17:00,2026-05-12 15:17:00
f7c016b8-efd8-4259-ade6-3722bcb46910,SUP-0008,Delivered,CAR001,LOC-SUPL-8,LOC-PLANT-001,2026-04-15 15:17:00,2026-04-19 15:17:00,2026-04-21 15:17:00,2026-04-21 15:17:00,2026-04-18 15:17:00
b6537874-3ade-4be4-ace2-d373ec33aebb,SUP-0009,Delivered,CAR001,LOC-SUPL-9,LOC-PLANT-001,2026-03-07 15:17:00,2026-03-13 15:17:00,2026-03-16 15:17:00,2026-03-18 15:17:00,2026-03-18 15:17:00
2590c96d-44a9-4306-86b9-9045092e0e33,SUP-0009,Delivered,CAR001,LOC-SUPL-9,LOC-PLANT-001,2026-03-09 15:17:00,2026-03-17 15:17:00,2026-03-18 15:17:00,2026-03-18 15:17:00,2026-03-18 15:17:00
7115f1c5-fc88-4dfe-9b3c-e2697eba21ba,SUP-0001,Delivered,CAR001,LOC-SUPL-1,LOC-PLANT-002,2026-06-01 15:17:00,2026-06-07 15:17:00,2026-06-08 15:17:00,2026-06-08 15:17:00,2026-06-09 15:17:00
a0fb03bc-091f-4866-8582-8ac0fc52b878,SUP-0007,Delivered,CAR001,LOC-SUPL-7,LOC-PLANT-001,2026-08-10 15:17:00,2026-08-15 15:17:00,2026-08-20 15:17:00,2026-08-20 15:17:00,2026-08-15 15:17:00
f090da7c-ba36-4db8-b3b9-d0796e25987b,SUP-0006,Delivered,CAR001,LOC-SUPL-6,LOC-PLANT-001,2026-08-04 15:17:00,2026-08-08 15:17:00,2026-08-12 15:17:00,2026-08-12 15:17:00,2026-08-09 15:17:00
f0a0d0d3-fb9c-4bc5-b40a-9b40b540953b,SUP-0006,Delivered,CAR001,LOC-SUPL-6,LOC-PLANT-001,2026-08-02 15:17:00,2026-08-07 15:17:00,2026-08-10 15:17:00,2026-08-12 15:17:00,2026-08-09 15:17:00
407a3eb2-b106-45e8-b72d-d63efbc12c95,SUP-0002,Delivered,CAR003,LOC-SUPL-2,LOC-PLANT-002,2026-04-23 15:17:00,2026-04-27 15:17:00,2026-04-26 15:17:00,2026-04-26 15:17:00,2026-04-23 15:17:00
02a74e0c-9ba5-4739-a9e4-64be8a690182,SUP-0003,Delivered,CAR001,LOC-SUPL-3,LOC-PLANT-002,2026-03-30 15:17:00,2026-04-04 15:17:00,2026-04-04 15:17:00,2026-04-04 15:17:00,2026-04-03 15:17:00
3ffe5f5a-af5a-4400-86fa-2ac24a21e6be,SUP-0005,Delivered,CAR002,LOC-SUPL-5,LOC-PLANT-002,2026-04-05 15:17:00,2026-04-08 15:17:00,2026-04-14 15:17:00,2026-04-14 15:17:00,2026-04-09 15:17:00
bc3c43f0-cf97-4ab5-af21-9c29ee9694f3,SUP-0005,Delivered,CAR002,LOC-SUPL-5,LOC-PLANT-002,2026-04-03 15:17:00,2026-04-09 15:17:00,2026-04-09 15:17:00,2026-04-14 15:17:00,2026-04-09 15:17:00
a3556678-9a11-4867-9acd-8cfdb973e851,SUP-0010,Delivered,CAR002,LOC-SUPL-10,LOC-PLANT-002,2026-05-25 15:17:00,2026-06-02 15:17:00,2026-05-29 15:17:00,2026-05-31 15:17:00,2026-06-01 15:17:00
d478b5bf-7798-4b23-8cfd-3ef3b30c3a89,SUP-0005,Delivered,CAR001,LOC-SUPL-5,LOC-PLANT-001,2026-05-01 15:17:00,2026-05-02 15:17:00,2026-05-08 15:17:00,2026-05-08 15:17:00,2026-05-02 15:17:00
379e562c-478a-411c-8f37-cd7770ba95ae,SUP-0005,Delivered,CAR001,LOC-SUPL-5,LOC-PLANT-002,2026-03-24 15:17:00,2026-03-30 15:17:00,2026-04-03 15:17:00,2026-04-03 15:17:00,2026-03-27 15:17:00
c9f1c0dc-7f38-4730-ab3b-0d6371c28a20,SUP-0005,Delivered,CAR001,LOC-SUPL-5,LOC-PLANT-002,2026-03-21 15:17:00,2026-03-27 15:17:00,2026-03-31 15:17:00,2026-04-03 15:17:00,2026-03-27 15:17:00
50390b2c-1a1b-4684-9086-86fdbf474add,SUP-0006,Delivered,CAR003,LOC-SUPL-6,LOC-PLANT-001,2026-04-30 15:17:00,2026-05-07 15:17:00,2026-05-06 15:17:00,2026-05-07 15:17:00,2026-05-08 15:17:00
3e0333db-2959-4097-8eca-9a93b14e9b00,SUP-0007,Delivered,CAR002,LOC-SUPL-7,LOC-PLANT-002,2026-07-10 15:17:00,2026-07-22 15:17:00,2026-07-18 15:17:00,2026-07-20 15:17:00,2026-07-18 15:17:00
04e4962a-cc6c-40ad-820e-5f44ce62d3e0,SUP-0003,Delivered,CAR001,LOC-SUPL-3,LOC-PLANT-001,2026-03-13 15:17:00,2026-03-17 15:17:00,2026-03-16 15:17:00,2026-03-17 15:17:00,2026-03-19 15:17:00
f0a17e42-d432-4d40-b998-bedcf6bd92aa,SUP-0003,Delivered,CAR001,LOC-SUPL-3,LOC-PLANT-001,2026-03-12 15:17:00,2026-03-14 15:17:00,2026-03-17 15:17:00,2026-03-17 15:17:00,2026-03-19 15:17:00
13859d53-e795-4789-8555-7f210a4f7065,SUP-0008,Delivered,CAR002,LOC-SUPL-8,LOC-PLANT-002,2026-08-12 15:17:00,2026-08-20 15:17:00,2026-08-20 15:17:00,2026-08-21 15:17:00,2026-08-19 15:17:00
2917a1d6-3260-430f-b454-ff5a91d469a6,SUP-0009,Delivered,CAR002,LOC-SUPL-9,LOC-PLANT-002,2026-07-13 15:17:00,2026-07-23 15:17:00,2026-07-23 15:17:00,2026-07-23 15:17:00,2026-07-21 15:17:00
a50dc9d1-9888-465a-9b37-32469137189f,SUP-0008,Delivered,CAR002,LOC-SUPL-8,LOC-PLANT-001,2026-08-12 15:17:00,2026-08-18 15:17:00,2026-08-18 15:17:00,2026-08-20 15:17:00,2026-08-16 15:17:00
36d8e0a2-80ba-4828-affd-27537a73dfbb,SUP-0008,Delivered,CAR002,LOC-SUPL-8,LOC-PLANT-001,2026-08-12 15:17:00,2026-08-13 15:17:00,2026-08-20 15:17:00,2026-08-20 15:17:00,2026-08-16 15:17:00
82caef81-061e-4285-b8e7-2bfcc42027d0,SUP-0006,Delivered,CAR002,LOC-SUPL-6,LOC-PLANT-002,2026-08-05 15:17:00,2026-08-07 15:17:00,2026-08-08 15:17:00,2026-08-08 15:17:00,2026-08-07 15:17:00
946bc9d4-3f79-4411-910a-0135dd2aad69,SUP-0006,Delivered,CAR003,LOC-SUPL-6,LOC-PLANT-001,2026-07-16 15:17:00,2026-07-17 15:17:00,2026-07-24 15:17:00,2026-07-24 15:17:00,2026-07-16 15:17:00
fe0b1450-49ab-470e-a767-406b6a77f5d9,SUP-0009,Delivered,CAR003,LOC-SUPL-9,LOC-PLANT-001,2026-06-03 15:17:00,2026-06-14 15:17:00,2026-06-11 15:17:00,2026-06-12 15:17:00,2026-06-11 15:17:00
18ae39c9-463e-4f49-97ac-4bbff1553d9a,SUP-0009,Delivered,CAR003,LOC-SUPL-9,LOC-PLANT-001,2026-06-05 15:17:00,2026-06-14 15:17:00,2026-06-11 15:17:00,2026-06-12 15:17:00,2026-06-11 15:17:00
e3ce4d97-fc6b-48d5-b02b-5d2f1cef3120,SUP-0009,Delivered,CAR001,LOC-SUPL-9,LOC-PLANT-001,2026-06-09 15:17:00,2026-06-17 15:17:00,2026-06-19 15:17:00,2026-06-19 15:17:00,2026-06-14 15:17:00
d8b2f8e8-ced2-4950-a6c3-837d1f1311be,SUP-0004,Delivered,CAR003,LOC-SUPL-4,LOC-PLANT-002,2026-04-12 15:17:00,2026-04-18 15:17:00,2026-04-16 15:17:00,2026-04-20 15:17:00,2026-04-20 15:17:00
c52e971d-628f-48e5-bf2f-16cecb004311,SUP-0007,Delivered,CAR002,LOC-SUPL-7,LOC-PLANT-001,2026-06-27 15:17:00,2026-06-28 15:17:00,2026-07-02 15:17:00,2026-07-02 15:17:00,2026-07-03 15:17:00
f1270237-50a9-498c-8ca2-842cc4f9ab04,SUP-0007,Delivered,CAR002,LOC-SUPL-7,LOC-PLANT-001,2026-06-24 15:17:00,2026-06-28 15:17:00,2026-06-28 15:17:00,2026-07-02 15:17:00,2026-07-03 15:17:00
84a2798c-5de4-4ad8-ac62-941bb5da3091,SUP-0009,Delivered,CAR002,LOC-SUPL-9,LOC-PLANT-001,2026-04-04 15:17:00,2026-04-09 15:17:00,2026-04-12 15:17:00,2026-04-12 15:17:00,2026-04-11 15:17:00
770262d5-e63e-4b4c-9a74-ee578f2d8e71,SUP-0007,Delivered,CAR001,LOC-SUPL-7,LOC-PLANT-001,2026-07-13 15:17:00,2026-07-21 15:17:00,2026-07-23 15:17:00,2026-07-23 15:17:00,2026-07-23 15:17:00
0d62df24-ae58-4819-a8c7-59cfb5296216,SUP-0002,Delivered,CAR002,LOC-SUPL-2,LOC-PLANT-001,2026-08-09 15:17:00,2026-08-11 15:17:00,2026-08-10 15:17:00,2026-08-10 15:17:00,2026-08-07 15:17:00
0ab909db-1c20-4ba4-8008-7c7e08172489,SUP-0002,Delivered,CAR002,LOC-SUPL-2,LOC-PLANT-001,2026-08-06 15:17:00,2026-08-12 15:17:00,2026-08-08 15:17:00,2026-08-10 15:17:00,2026-08-07 15:17:00
1c82499f-83f2-4f9e-8436-32c5348f0f76,SUP-0001,Delivered,CAR002,LOC-SUPL-1,LOC-PLANT-001,2026-03-16 15:17:00,2026-03-20 15:17:00,2026-03-22 15:17:00,2026-03-22 15:17:00,2026-03-20 15:17:00
5f1b7ca0-49e0-4654-9eb3-db5de437fb34,SUP-0007,Delivered,CAR002,LOC-SUPL-7,LOC-PLANT-002,2026-08-15 15:17:00,2026-08-18 15:17:00,2026-08-21 15:17:00,2026-08-21 15:17:00,2026-08-18 15:17:00
f8019ac9-6487-4b50-a524-533d54283a09,SUP-0008,Delivered,CAR003,LOC-SUPL-8,LOC-PLANT-002,2026-04-09 15:17:00,2026-04-16 15:17:00,2026-04-20 15:17:00,2026-04-20 15:17:00,2026-04-17 15:17:00
5a2c6acf-2b24-4ca5-8808-1127d2586faa,SUP-0008,Delivered,CAR003,LOC-SUPL-8,LOC-PLANT-002,2026-04-07 15:17:00,2026-04-13 15:17:00,2026-04-14 15:17:00,2026-04-20 15:17:00,2026-04-17 15:17:00
4b986e1b-ad15-435a-991a-5628fb099a41,SUP-0008,Delivered,CAR003,LOC-SUPL-8,LOC-PLANT-001,2026-04-29 15:17:00,2026-05-08 15:17:00,2026-05-06 15:17:00,2026-05-06 15:17:00,2026-05-06 15:17:00
d9e4fce5-b567-4ce7-8e75-3d776371e838,SUP-0003,Delivered,CAR003,LOC-SUPL-3,LOC-PLANT-002,2026-07-29 15:17:00,2026-08-05 15:17:00,2026-08-06 15:17:00,2026-08-06 15:17:00,2026-07-31 15:17:00
bc0cc69e-21aa-47ec-a734-0cc8be4774f6,SUP-0002,Delivered,CAR003,LOC-SUPL-2,LOC-PLANT-002,2026-06-13 15:17:00,2026-06-20 15:17:00,2026-06-16 15:17:00,2026-06-20 15:17:00,2026-06-18 15:17:00
dd3495f1-2fb4-46c7-b8db-dda0924894c0,SUP-0002,Delivered,CAR003,LOC-SUPL-2,LOC-PLANT-002,2026-06-14 15:17:00,2026-06-18 15:17:00,2026-06-20 15:17:00,2026-06-20 15:17:00,2026-06-18 15:17:00
e14f7c29-6107-48f0-bd1b-637bc1824071,SUP-0003,Delivered,CAR003,LOC-SUPL-3,LOC-PLANT-001,2026-08-02 15:17:00,2026-08-04 15:17:00,2026-08-07 15:17:00,2026-08-07 15:17:00,2026-08-02 15:17:00
19831528-f33f-4932-b005-8a7be65af005,SUP-0010,Delivered,CAR002,LOC-SUPL-10,LOC-PLANT-001,2026-07-08 15:17:00,2026-07-09 15:17:00,2026-07-09 15:17:00,2026-07-09 15:17:00,2026-07-09 15:17:00
2a370875-5827-4380-9de7-2b853f4ebd18,SUP-0006,Delivered,CAR002,LOC-SUPL-6,LOC-PLANT-002,2026-05-19 15:17:00,2026-05-26 15:17:00,2026-05-24 15:17:00,2026-05-26 15:17:00,2026-05-24 15:17:00
5c6553ea-b072-44cb-a702-2cc7d2398d28,SUP-0006,Delivered,CAR002,LOC-SUPL-6,LOC-PLANT-002,2026-05-20 15:17:00,2026-05-28 15:17:00,2026-05-25 15:17:00,2026-05-26 15:17:00,2026-05-24 15:17:00
842a6e60-eee8-42a8-94b6-3547cb963132,SUP-0008,Delivered,CAR002,LOC-SUPL-8,LOC-PLANT-001,2026-08-27 15:17:00,2026-08-31 15:17:00,2026-09-02 15:17:00,2026-09-02 15:17:00,2026-08-30 15:17:00
f442dcde-301d-4ab4-b19c-6c7e7e52d5fa,SUP-0007,Delivered,CAR002,LOC-SUPL-7,LOC-PLANT-001,2026-04-16 15:17:00,2026-04-19 15:17:00,2026-04-20 15:17:00,2026-04-20 15:17:00,2026-04-16 15:17:00
bf930f6e-32d5-454f-9981-0ceb7da78e60,SUP-0010,Delivered,CAR002,LOC-SUPL-10,LOC-PLANT-001,2026-04-11 15:17:00,2026-04-15 15:17:00,2026-04-12 15:17:00,2026-04-12 15:17:00,2026-04-15 15:17:00
e006785b-b637-4078-af6a-7df9db7eb8b4,SUP-0010,Delivered,CAR002,LOC-SUPL-10,LOC-PLANT-001,2026-04-11 15:17:00,2026-04-12 15:17:00,2026-04-11 15:17:00,2026-04-12 15:17:00,2026-04-15 15:17:00
de1e0421-c660-45dd-988b-d7a39b9fa184,SUP-0008,Delivered,CAR003,LOC-SUPL-8,LOC-PLANT-001,2026-06-24 15:17:00,2026-06-30 15:17:00,2026-07-03 15:17:00,2026-07-03 15:17:00,2026-06-26 15:17:00
83512c79-5764-4d1b-a711-045834a68bc6,SUP-0007,Delivered,CAR002,LOC-SUPL-7,LOC-PLANT-002,2026-05-02 15:17:00,2026-05-13 15:17:00,2026-05-09 15:17:00,2026-05-10 15:17:00,2026-05-09 15:17:00
138a48a3-b63e-4745-835f-5b7ec489d992,SUP-0004,Delivered,CAR001,LOC-SUPL-4,LOC-PLANT-001,2026-08-16 15:17:00,2026-08-17 15:17:00,2026-08-19 15:17:00,2026-08-20 15:17:00,2026-08-22 15:17:00
14dab042-ee04-421f-99b9-735e30d68643,SUP-0004,Delivered,CAR001,LOC-SUPL-4,LOC-PLANT-001,2026-08-17 15:17:00,2026-08-19 15:17:00,2026-08-20 15:17:00,2026-08-20 15:17:00,2026-08-22 15:17:00
c184085d-080f-41a0-99df-37efbc01b6eb,SUP-0009,Delivered,CAR002,LOC-SUPL-9,LOC-PLANT-002,2026-07-18 15:17:00,2026-07-26 15:17:00,2026-07-28 15:17:00,2026-07-28 15:17:00,2026-07-24 15:17:00
5d17ce61-3273-4d03-a630-45708c64d21a,SUP-0004,Delivered,CAR001,LOC-SUPL-4,LOC-PLANT-001,2026-04-12 15:17:00,2026-04-15 15:17:00,2026-04-19 15:17:00,2026-04-19 15:17:00,2026-04-21 15:17:00
527bff17-62d4-4a3e-acc5-c4bd42d86457,SUP-0001,Delivered,CAR003,LOC-SUPL-1,LOC-PLANT-001,2026-04-05 15:17:00,2026-04-10 15:17:00,2026-04-08 15:17:00,2026-04-09 15:17:00,2026-04-12 15:17:00
1c486fbe-ace9-47c5-9d45-29eed447d6c8,SUP-0001,Delivered,CAR003,LOC-SUPL-1,LOC-PLANT-001,2026-04-06 15:17:00,2026-04-12 15:17:00,2026-04-07 15:17:00,2026-04-09 15:17:00,2026-04-12 15:17:00
fc6e2bbc-5663-493a-bf37-b76365270288,SUP-0003,Delivered,CAR002,LOC-SUPL-3,LOC-PLANT-002,2026-07-18 15:17:00,2026-07-24 15:17:00,2026-07-24 15:17:00,2026-07-24 15:17:00,2026-07-25 15:17:00
5c2d069d-1bc0-466f-9991-2f2ac106ace9,SUP-0008,Delivered,CAR002,LOC-SUPL-8,LOC-PLANT-001,2026-06-08 15:17:00,2026-06-13 15:17:00,2026-06-14 15:17:00,2026-06-15 15:17:00,2026-06-17 15:17:00
856cd4e5-7d5d-4b44-b0ea-f777e5d23907,SUP-0010,Delivered,CAR001,LOC-SUPL-10,LOC-PLANT-002,2026-04-08 15:17:00,2026-04-15 15:17:00,2026-04-14 15:17:00,2026-04-14 15:17:00,2026-04-15 15:17:00
340c28c8-5c68-4e30-b2fd-fc458bec08bf,SUP-0010,Delivered,CAR001,LOC-SUPL-10,LOC-PLANT-002,2026-04-06 15:17:00,2026-04-13 15:17:00,2026-04-14 15:17:00,2026-04-14 15:17:00,2026-04-15 15:17:00
5c46af3f-c927-4b20-99b4-3aafd2bbb652,SUP-0005,Delivered,CAR001,LOC-SUPL-5,LOC-PLANT-002,2026-04-17 15:17:00,2026-04-28 15:17:00,2026-04-27 15:17:00,2026-04-27 15:17:00,2026-04-25 15:17:00
24ae4512-04f6-40f8-b7ca-3ea000d5a78f,SUP-0005,Delivered,CAR003,LOC-SUPL-5,LOC-PLANT-001,2026-03-12 15:17:00,2026-03-13 15:17:00,2026-03-17 15:17:00,2026-03-17 15:17:00,2026-03-18 15:17:00
d75cd536-711d-4be4-b72f-40942a8a2c03,SUP-0010,Delivered,CAR003,LOC-SUPL-10,LOC-PLANT-001,2026-05-07 15:17:00,2026-05-11 15:17:00,2026-05-11 15:17:00,2026-05-11 15:17:00,2026-05-09 15:17:00
c264f1ab-f347-4387-b681-f4f34cf15c81,SUP-0010,Delivered,CAR003,LOC-SUPL-10,LOC-PLANT-001,2026-05-07 15:17:00,2026-05-10 15:17:00,2026-05-11 15:17:00,2026-05-11 15:17:00,2026-05-09 15:17:00
70d06605-a41e-47c4-b943-9a18c233e323,SUP-0010,Delivered,CAR002,LOC-SUPL-10,LOC-PLANT-001,2026-04-02 15:17:00,2026-04-03 15:17:00,2026-04-06 15:17:00,2026-04-06 15:17:00,2026-04-06 15:17:00
c6dc5f1c-1690-4505-ad89-53596a8f5693,SUP-0010,Delivered,CAR003,LOC-SUPL-10,LOC-PLANT-001,2026-05-16 15:17:00,2026-05-20 15:17:00,2026-05-16 15:17:00,2026-05-17 15:17:00,2026-05-19 15:17:00
ee25f345-fc05-4e72-9804-14c131e49847,SUP-0009,Delivered,CAR001,LOC-SUPL-9,LOC-PLANT-001,2026-04-26 15:17:00,2026-05-04 15:17:00,2026-05-05 15:17:00,2026-05-07 15:17:00,2026-05-02 15:17:00
cced6593-6946-4327-bd83-5a86c3cfdaf4,SUP-0009,Delivered,CAR001,LOC-SUPL-9,LOC-PLANT-001,2026-04-27 15:17:00,2026-05-07 15:17:00,2026-05-07 15:17:00,2026-05-07 15:17:00,2026-05-02 15:17:00
7f14e508-1661-4a99-90bd-df09bde9c978,SUP-0003,Delivered,CAR003,LOC-SUPL-3,LOC-PLANT-001,2026-08-24 15:17:00,2026-08-31 15:17:00,2026-08-25 15:17:00,2026-08-28 15:17:00,2026-08-29 15:17:00
31e7f419-98fc-4c2a-b556-314f4caec3e7,SUP-0003,Delivered,CAR002,LOC-SUPL-3,LOC-PLANT-001,2026-07-30 15:17:00,2026-08-03 15:17:00,2026-08-02 15:17:00,2026-08-03 15:17:00,2026-08-01 15:17:00
281ac801-6bb3-4674-888d-4217267ad193,SUP-0003,Delivered,CAR003,LOC-SUPL-3,LOC-PLANT-002,2026-05-31 15:17:00,2026-06-08 15:17:00,2026-06-07 15:17:00,2026-06-07 15:17:00,2026-06-10 15:17:00
678b2a54-35b7-4162-9ed3-d5fb1bbeb448,SUP-0003,Delivered,CAR003,LOC-SUPL-3,LOC-PLANT-002,2026-05-31 15:17:00,2026-06-08 15:17:00,2026-06-04 15:17:00,2026-06-07 15:17:00,2026-06-10 15:17:00
c241b454-895f-479e-bddd-712feea99c86,SUP-0001,Delivered,CAR002,LOC-SUPL-1,LOC-PLANT-001,2026-08-23 15:17:00,2026-08-28 15:17:00,2026-08-29 15:17:00,2026-08-29 15:17:00,2026-08-26 15:17:00
330b66b1-d9fb-47f5-92b8-d99447cbeca3,SUP-0005,Delivered,CAR001,LOC-SUPL-5,LOC-PLANT-001,2026-04-18 15:17:00,2026-04-21 15:17:00,2026-04-24 15:17:00,2026-04-24 15:17:00,2026-04-18 15:17:00
02773139-4d1f-438c-babb-5246fb9babc0,SUP-0001,Delivered,CAR001,LOC-SUPL-1,LOC-PLANT-001,2026-04-04 15:17:00,2026-04-12 15:17:00,2026-04-10 15:17:00,2026-04-11 15:17:00,2026-04-10 15:17:00
88c6edb8-15cb-451b-9f9d-13f6b9a36212,SUP-0001,Delivered,CAR001,LOC-SUPL-1,LOC-PLANT-001,2026-04-06 15:17:00,2026-04-09 15:17:00,2026-04-11 15:17:00,2026-04-11 15:17:00,2026-04-10 15:17:00
121c6812-49d6-4454-91df-f03098bb6ef8,SUP-0004,Delivered,CAR001,LOC-SUPL-4,LOC-PLANT-002,2026-06-23 15:17:00,2026-06-26 15:17:00,2026-07-01 15:17:00,2026-07-01 15:17:00,2026-06-26 15:17:00
804e4a9b-9b78-4610-ac23-85cd4d428e07,SUP-0007,Delivered,CAR002,LOC-SUPL-7,LOC-PLANT-001,2026-05-01 15:17:00,2026-05-05 15:17:00,2026-05-08 15:17:00,2026-05-08 15:17:00,2026-05-05 15:17:00
e3a4063f-9234-43ab-a50a-5df84fe6d2bd,SUP-0007,Delivered,CAR002,LOC-SUPL-7,LOC-PLANT-001,2026-04-21 15:17:00,2026-04-22 15:17:00,2026-04-25 15:17:00,2026-04-25 15:17:00,2026-04-23 15:17:00
0f95a15f-653d-4eca-abea-870254e3b807,SUP-0007,Delivered,CAR002,LOC-SUPL-7,LOC-PLANT-001,2026-04-18 15:17:00,2026-04-23 15:17:00,2026-04-24 15:17:00,2026-04-25 15:17:00,2026-04-23 15:17:00
f72dd949-ba72-42a9-95f8-b6c250b14d5b,SUP-0003,Delivered,CAR003,LOC-SUPL-3,LOC-PLANT-001,2026-03-14 15:17:00,2026-03-17 15:17:00,2026-03-19 15:17:00,2026-03-19 15:17:00,2026-03-14 15:17:00
3443263c-595c-41d5-bb03-ea7b9f62e9cf,SUP-0007,Delivered,CAR003,LOC-SUPL-7,LOC-PLANT-001,2026-06-18 15:17:00,2026-06-22 15:17:00,2026-06-28 15:17:00,2026-06-28 15:17:00,2026-06-23 15:17:00
a3481b50-9195-42b1-858a-7b4cd8871f99,SUP-0001,Delivered,CAR002,LOC-SUPL-1,LOC-PLANT-002,2026-05-17 15:17:00,2026-05-22 15:17:00,2026-05-21 15:17:00,2026-05-24 15:17:00,2026-05-20 15:17:00
03b6150b-d172-463d-89ae-7085f9304217,SUP-0001,Delivered,CAR002,LOC-SUPL-1,LOC-PLANT-002,2026-05-17 15:17:00,2026-05-20 15:17:00,2026-05-24 15:17:00,2026-05-24 15:17:00,2026-05-20 15:17:00
f0094771-34a8-4364-a4fa-e130a2ab1975,SUP-0010,Delivered,CAR001,LOC-SUPL-10,LOC-PLANT-001,2026-04-09 15:17:00,2026-04-12 15:17:00,2026-04-11 15:17:00,2026-04-11 15:17:00,2026-04-11 15:17:00
44fca264-dc72-4604-91a8-25162755ccd2,SUP-0002,Delivered,CAR003,LOC-SUPL-2,LOC-PLANT-001,2026-05-12 15:17:00,2026-05-14 15:17:00,2026-05-14 15:17:00,2026-05-14 15:17:00,2026-05-14 15:17:00
6ebfc19a-9437-43a9-8e34-4fc53c573ab3,SUP-0003,Delivered,CAR003,LOC-SUPL-3,LOC-PLANT-001,2026-07-19 15:17:00,2026-07-25 15:17:00,2026-07-24 15:17:00,2026-07-24 15:17:00,2026-07-22 15:17:00
0075a3ed-8687-4f2c-8d93-f0484f055767,SUP-0003,Delivered,CAR003,LOC-SUPL-3,LOC-PLANT-001,2026-07-21 15:17:00,2026-07-22 15:17:00,2026-07-24 15:17:00,2026-07-24 15:17:00,2026-07-22 15:17:00
555d3640-c297-4735-869b-1935dcc661b5,SUP-0009,Delivered,CAR001,LOC-SUPL-9,LOC-PLANT-001,2026-04-04 15:17:00,2026-04-13 15:17:00,2026-04-13 15:17:00,2026-04-14 15:17:00,2026-04-13 15:17:00
6a4d5f19-5a27-41ac-bcc0-9fd00f1631db,SUP-0003,Delivered,CAR002,LOC-SUPL-3,LOC-PLANT-002,2026-07-07 15:17:00,2026-07-15 15:17:00,2026-07-13 15:17:00,2026-07-13 15:17:00,2026-07-14 15:17:00
e7070441-c891-4033-a50b-d415337370ce,SUP-0003,Delivered,CAR001,LOC-SUPL-3,LOC-PLANT-002,2026-05-22 15:17:00,2026-05-30 15:17:00,2026-05-31 15:17:00,2026-05-31 15:17:00,2026-05-25 15:17:00
ef4f036c-0e86-48e2-a22b-29db9671e551,SUP-0003,Delivered,CAR001,LOC-SUPL-3,LOC-PLANT-002,2026-05-22 15:17:00,2026-05-29 15:17:00,2026-05-27 15:17:00,2026-05-31 15:17:00,2026-05-25 15:17:00
23e309e0-6383-445a-9dea-db04b2df7f29,SUP-0005,Delivered,CAR003,LOC-SUPL-5,LOC-PLANT-002,2026-07-06 15:17:00,2026-07-12 15:17:00,2026-07-12 15:17:00,2026-07-13 15:17:00,2026-07-14 15:17:00
06aab436-b84c-45ab-9055-ee4ace0627a3,SUP-0004,Delivered,CAR001,LOC-SUPL-4,LOC-PLANT-002,2026-04-10 15:17:00,2026-04-22 15:17:00,2026-04-17 15:17:00,2026-04-19 15:17:00,2026-04-18 15:17:00
5d8491f1-56f7-4b54-8cb3-f316e5c6291f,SUP-0002,Delivered,CAR002,LOC-SUPL-2,LOC-PLANT-001,2026-03-22 15:17:00,2026-03-26 15:17:00,2026-03-25 15:17:00,2026-03-27 15:17:00,2026-03-27 15:17:00
dcd0e844-f4c5-45be-a30d-0496ef2c049a,SUP-0002,Delivered,CAR002,LOC-SUPL-2,LOC-PLANT-001,2026-03-25 15:17:00,2026-03-28 15:17:00,2026-03-27 15:17:00,2026-03-27 15:17:00,2026-03-27 15:17:00
bdbd4b48-8d3b-4127-b07e-edd74c4c844b,SUP-0010,Delivered,CAR002,LOC-SUPL-10,LOC-PLANT-001,2026-07-03 15:17:00,2026-07-05 15:17:00,2026-07-07 15:17:00,2026-07-07 15:17:00,2026-07-01 15:17:00
61c77090-0325-4239-a00c-24fd4e3b2e88,SUP-0010,Delivered,CAR003,LOC-SUPL-10,LOC-PLANT-002,2026-04-26 15:17:00,2026-04-30 15:17:00,2026-05-02 15:17:00,2026-05-02 15:17:00,2026-05-01 15:17:00
867c7b60-6521-454a-8f6e-0169edf6f7fe,SUP-0003,Delivered,CAR003,LOC-SUPL-3,LOC-PLANT-002,2026-03-11 15:17:00,2026-03-17 15:17:00,2026-03-17 15:17:00,2026-03-18 15:17:00,2026-03-21 15:17:00
8e8275ec-b309-451c-8556-76e000475cce,SUP-0003,Delivered,CAR003,LOC-SUPL-3,LOC-PLANT-002,2026-03-11 15:17:00,2026-03-21 15:17:00,2026-03-17 15:17:00,2026-03-18 15:17:00,2026-03-21 15:17:00
bfb02329-7307-448a-bc22-062f40cc6062,SUP-0007,Delivered,CAR002,LOC-SUPL-7,LOC-PLANT-001,2026-06-07 15:17:00,2026-06-12 15:17:00,2026-06-15 15:17:00,2026-06-15 15:17:00,2026-06-07 15:17:00
82c85c96-1288-4118-9482-4c1d4ab9df4c,SUP-0005,Delivered,CAR003,LOC-SUPL-5,LOC-PLANT-001,2026-03-10 15:17:00,2026-03-11 15:17:00,2026-03-12 15:17:00,2026-03-12 15:17:00,2026-03-14 15:17:00
8554dcd7-67df-48f1-b56c-e297bf49b02c,SUP-0005,Delivered,CAR003,LOC-SUPL-5,LOC-PLANT-002,2026-09-02 15:17:00,2026-09-10 15:17:00,2026-09-10 15:17:00,2026-09-10 15:17:00,2026-09-09 15:17:00
2642a49f-dcb2-4b7e-9cf3-8b305125f7b6,SUP-0005,Delivered,CAR003,LOC-SUPL-5,LOC-PLANT-002,2026-09-03 15:17:00,2026-09-11 15:17:00,2026-09-08 15:17:00,2026-09-10 15:17:00,2026-09-09 15:17:00
5e6ff285-c388-4a2e-88c3-ce05a5e427cd,SUP-0003,Delivered,CAR003,LOC-SUPL-3,LOC-PLANT-002,2026-08-11 15:17:00,2026-08-14 15:17:00,2026-08-16 15:17:00,2026-08-16 15:17:00,2026-08-12 15:17:00
bd5d1f4c-470b-48f1-8ea1-f867473239ef,SUP-0006,Delivered,CAR002,LOC-SUPL-6,LOC-PLANT-001,2026-03-20 15:17:00,2026-03-27 15:17:00,2026-03-25 15:17:00,2026-03-26 15:17:00,2026-03-27 15:17:00
accc62bd-236c-40b3-90ae-95a37f709fd2,SUP-0003,Delivered,CAR002,LOC-SUPL-3,LOC-PLANT-001,2026-05-29 15:17:00,2026-06-04 15:17:00,2026-06-01 15:17:00,2026-06-04 15:17:00,2026-06-01 15:17:00
c676d302-7619-4ed8-bf7d-8b867d8fb4f2,SUP-0003,Delivered,CAR002,LOC-SUPL-3,LOC-PLANT-001,2026-06-01 15:17:00,2026-06-05 15:17:00,2026-06-04 15:17:00,2026-06-04 15:17:00,2026-06-01 15:17:00
66bfdaa9-627e-4ec1-8023-46d790f7d2fe,SUP-0007,Delivered,CAR001,LOC-SUPL-7,LOC-PLANT-001,2026-05-20 15:17:00,2026-05-26 15:17:00,2026-05-31 15:17:00,2026-05-31 15:17:00,2026-06-01 15:17:00
64b0e4ba-2b15-4faf-b797-53e6f7ce177d,SUP-0004,Delivered,CAR001,LOC-SUPL-4,LOC-PLANT-001,2026-06-06 15:17:00,2026-06-11 15:17:00,2026-06-10 15:17:00,2026-06-13 15:17:00,2026-06-10 15:17:00
bfdb4c8f-ca94-436d-a470-cff5e2e0348e,SUP-0008,Delivered,CAR003,LOC-SUPL-8,LOC-PLANT-001,2026-07-25 15:17:00,2026-08-01 15:17:00,2026-08-01 15:17:00,2026-08-01 15:17:00,2026-07-31 15:17:00
7df697f2-7d79-488a-87f1-0d4aa2658ca2,SUP-0008,Delivered,CAR003,LOC-SUPL-8,LOC-PLANT-001,2026-07-24 15:17:00,2026-08-02 15:17:00,2026-07-29 15:17:00,2026-08-01 15:17:00,2026-07-31 15:17:00
98a2261c-e356-49f7-b191-f5638e619d1a,SUP-0010,Delivered,CAR002,LOC-SUPL-10,LOC-PLANT-002,2026-05-04 15:17:00,2026-05-06 15:17:00,2026-05-12 15:17:00,2026-05-12 15:17:00,2026-05-07 15:17:00
87d7fc6c-573d-4ee6-a4ee-bdc7fa4ce490,SUP-0008,Delivered,CAR001,LOC-SUPL-8,LOC-PLANT-002,2026-08-30 15:17:00,2026-09-11 15:17:00,2026-09-10 15:17:00,2026-09-10 15:17:00,2026-09-10 15:17:00
ec4961b2-af21-409b-9875-c46654781c93,SUP-0009,Delivered,CAR003,LOC-SUPL-9,LOC-PLANT-002,2026-07-26 15:17:00,2026-08-05 15:17:00,2026-08-04 15:17:00,2026-08-10 15:17:00,2026-08-03 15:17:00
d90a4484-b712-4d78-9231-1256d684de8e,SUP-0009,Delivered,CAR003,LOC-SUPL-9,LOC-PLANT-002,2026-07-30 15:17:00,2026-08-04 15:17:00,2026-08-10 15:17:00,2026-08-10 15:17:00,2026-08-03 15:17:00
66ff591c-c29a-4efe-9d52-b39afbf3a8c7,SUP-0007,Delivered,CAR001,LOC-SUPL-7,LOC-PLANT-001,2026-05-28 15:17:00,2026-06-04 15:17:00,2026-06-04 15:17:00,2026-06-06 15:17:00,2026-06-04 15:17:00
657cc9cc-d010-494b-84e4-621e8b84310b,SUP-0010,Delivered,CAR001,LOC-SUPL-10,LOC-PLANT-002,2026-08-08 15:17:00,2026-08-12 15:17:00,2026-08-16 15:17:00,2026-08-16 15:17:00,2026-08-14 15:17:00
a6988d22-ef63-4051-9b14-09f2a28a4fc7,SUP-0008,Delivered,CAR003,LOC-SUPL-8,LOC-PLANT-001,2026-08-27 15:17:00,2026-09-02 15:17:00,2026-09-03 15:17:00,2026-09-03 15:17:00,2026-08-30 15:17:00
bc4740d7-eb2e-4b4a-90ba-c7b409f9999e,SUP-0008,Delivered,CAR003,LOC-SUPL-8,LOC-PLANT-001,2026-08-24 15:17:00,2026-08-31 15:17:00,2026-08-30 15:17:00,2026-09-03 15:17:00,2026-08-30 15:17:00
e621830b-4f28-44ad-9e63-390d098745e3,SUP-0008,Delivered,CAR003,LOC-SUPL-8,LOC-PLANT-002,2026-04-23 15:17:00,2026-05-03 15:17:00,2026-05-03 15:17:00,2026-05-03 15:17:00,2026-05-01 15:17:00
3e9efed7-c2c1-436b-a33f-86df1d440847,SUP-0003,Delivered,CAR001,LOC-SUPL-3,LOC-PLANT-001,2026-04-09 15:17:00,2026-04-18 15:17:00,2026-04-15 15:17:00,2026-04-15 15:17:00,2026-04-17 15:17:00
58ea19c7-e1b7-47f7-aa77-7f048dc08ee2,SUP-0005,Delivered,CAR001,LOC-SUPL-5,LOC-PLANT-002,2026-04-15 15:17:00,2026-04-22 15:17:00,2026-04-25 15:17:00,2026-04-25 15:17:00,2026-04-21 15:17:00
64fac297-c8e6-4a6d-99e8-1482e6608f77,SUP-0005,Delivered,CAR001,LOC-SUPL-5,LOC-PLANT-002,2026-04-16 15:17:00,2026-04-25 15:17:00,2026-04-22 15:17:00,2026-04-25 15:17:00,2026-04-21 15:17:00
5a32a812-e6aa-41ed-846a-703c18d36a36,SUP-0006,Delivered,CAR002,LOC-SUPL-6,LOC-PLANT-002,2026-08-10 15:17:00,2026-08-17 15:17:00,2026-08-13 15:17:00,2026-08-16 15:17:00,2026-08-17 15:17:00
a0cddc29-f6a4-4083-9f65-e03c39b6909a,SUP-0003,Delivered,CAR001,LOC-SUPL-3,LOC-PLANT-001,2026-08-27 15:17:00,2026-09-01 15:17:00,2026-09-02 15:17:00,2026-09-02 15:17:00,2026-08-29 15:17:00
9524f655-c341-4f9e-b386-96a5def8c0ba,SUP-0006,Delivered,CAR003,LOC-SUPL-6,LOC-PLANT-002,2026-06-11 15:17:00,2026-06-19 15:17:00,2026-06-15 15:17:00,2026-06-17 15:17:00,2026-06-17 15:17:00
cf7ff4fd-95eb-4593-bc51-e58183917223,SUP-0006,Delivered,CAR003,LOC-SUPL-6,LOC-PLANT-002,2026-06-11 15:17:00,2026-06-15 15:17:00,2026-06-17 15:17:00,2026-06-17 15:17:00,2026-06-17 15:17:00
2f047c67-c486-4e46-8c52-6214fbef74dd,SUP-0010,Delivered,CAR003,LOC-SUPL-10,LOC-PLANT-002,2026-07-12 15:17:00,2026-07-16 15:17:00,2026-07-15 15:17:00,2026-07-19 15:17:00,2026-07-21 15:17:00
ac7ead3e-0760-4937-9488-c86b0829bd9c,SUP-0005,Delivered,CAR002,LOC-SUPL-5,LOC-PLANT-001,2026-08-29 15:17:00,2026-08-30 15:17:00,2026-09-02 15:17:00,2026-09-02 15:17:00,2026-09-01 15:17:00
afd2a777-21b2-478e-8172-d5fb35464320,SUP-0002,Delivered,CAR002,LOC-SUPL-2,LOC-PLANT-001,2026-03-21 15:17:00,2026-03-23 15:17:00,2026-03-23 15:17:00,2026-03-23 15:17:00,2026-03-24 15:17:00
1391d076-5ac9-4ccd-8030-943f190d59ed,SUP-0002,Delivered,CAR002,LOC-SUPL-2,LOC-PLANT-001,2026-03-21 15:17:00,2026-03-23 15:17:00,2026-03-22 15:17:00,2026-03-23 15:17:00,2026-03-24 15:17:00
e58dd56a-1eb3-488c-9fd9-00bbedcf3232,SUP-0007,Delivered,CAR003,LOC-SUPL-7,LOC-PLANT-002,2026-05-15 15:17:00,2026-05-28 15:17:00,2026-05-25 15:17:00,2026-05-25 15:17:00,2026-05-23 15:17:00
cc71669e-9277-42ec-938d-1fcd4528ef79,SUP-0004,Delivered,CAR001,LOC-SUPL-4,LOC-PLANT-002,2026-07-27 15:17:00,2026-08-02 15:17:00,2026-08-02 15:17:00,2026-08-02 15:17:00,2026-07-31 15:17:00
416d7a77-ddfb-4b8d-a794-8927ab9d9222,SUP-0002,Delivered,CAR002,LOC-SUPL-2,LOC-PLANT-001,2026-06-22 15:17:00,2026-06-25 15:17:00,2026-06-22 15:17:00,2026-06-25 15:17:00,2026-06-28 15:17:00
05c077a8-1414-4716-87fc-045f5d2050a7,SUP-0002,Delivered,CAR002,LOC-SUPL-2,LOC-PLANT-001,2026-06-24 15:17:00,2026-06-25 15:17:00,2026-06-25 15:17:00,2026-06-25 15:17:00,2026-06-28 15:17:00
cd466578-35b3-4746-8d3a-2b2c2a6c987f,SUP-0002,Delivered,CAR003,LOC-SUPL-2,LOC-PLANT-001,2026-04-14 15:17:00,2026-04-15 15:17:00,2026-04-16 15:17:00,2026-04-16 15:17:00,2026-04-18 15:17:00
4db9dc33-c8db-4eb6-8748-afccf8d1dbae,SUP-0005,Delivered,CAR002,LOC-SUPL-5,LOC-PLANT-002,2026-06-09 15:17:00,2026-06-13 15:17:00,2026-06-18 15:17:00,2026-06-18 15:17:00,2026-06-18 15:17:00
e0827c9a-1c6b-456e-a51b-7d062e69fb71,SUP-0001,Delivered,CAR002,LOC-SUPL-1,LOC-PLANT-001,2026-08-19 15:17:00,2026-08-22 15:17:00,2026-08-22 15:17:00,2026-08-25 15:17:00,2026-08-25 15:17:00
b9f11833-d16e-4bbe-b0e4-c35cb8311bcd,SUP-0001,Delivered,CAR002,LOC-SUPL-1,LOC-PLANT-001,2026-08-21 15:17:00,2026-08-25 15:17:00,2026-08-25 15:17:00,2026-08-25 15:17:00,2026-08-25 15:17:00
a727fe69-2394-43d4-bac0-660513ac2d8f,SUP-0005,Delivered,CAR002,LOC-SUPL-5,LOC-PLANT-001,2026-08-11 15:17:00,2026-08-13 15:17:00,2026-08-16 15:17:00,2026-08-16 15:17:00,2026-08-13 15:17:00
b6510526-91ce-474a-97d3-ab0a74c4a76f,SUP-0001,Delivered,CAR002,LOC-SUPL-1,LOC-PLANT-002,2026-04-18 15:17:00,2026-04-25 15:17:00,2026-04-25 15:17:00,2026-04-25 15:17:00,2026-04-23 15:17:00
d8813514-2e88-4f8b-ae78-287f25dd2da4,SUP-0001,Delivered,CAR003,LOC-SUPL-1,LOC-PLANT-002,2026-04-30 15:17:00,2026-05-01 15:17:00,2026-05-06 15:17:00,2026-05-06 15:17:00,2026-05-03 15:17:00
74a90f53-42e0-4d55-8742-90a36c5f1dce,SUP-0001,Delivered,CAR003,LOC-SUPL-1,LOC-PLANT-002,2026-04-29 15:17:00,2026-05-07 15:17:00,2026-05-05 15:17:00,2026-05-06 15:17:00,2026-05-03 15:17:00
c9d4c10b-a6bb-4b24-a286-b6fb9e25108f,SUP-0005,Delivered,CAR003,LOC-SUPL-5,LOC-PLANT-001,2026-04-28 15:17:00,2026-04-30 15:17:00,2026-05-03 15:17:00,2026-05-03 15:17:00,2026-05-01 15:17:00
a081867b-5285-471c-945e-c30d9bc07472,SUP-0006,Delivered,CAR002,LOC-SUPL-6,LOC-PLANT-001,2026-03-24 15:17:00,2026-03-31 15:17:00,2026-03-27 15:17:00,2026-03-29 15:17:00,2026-03-27 15:17:00
90409490-4867-45f3-9ce4-7b467445475f,SUP-0009,Delivered,CAR003,LOC-SUPL-9,LOC-PLANT-002,2026-05-22 15:17:00,2026-05-30 15:17:00,2026-05-29 15:17:00,2026-06-03 15:17:00,2026-05-28 15:17:00
24a70604-dfa0-4549-b87f-d35d792486ab,SUP-0009,Delivered,CAR003,LOC-SUPL-9,LOC-PLANT-002,2026-05-23 15:17:00,2026-05-31 15:17:00,2026-06-03 15:17:00,2026-06-03 15:17:00,2026-05-28 15:17:00
cd522822-c53a-4681-bc38-3ae7dc1ed117,SUP-0007,Delivered,CAR002,LOC-SUPL-7,LOC-PLANT-002,2026-04-16 15:17:00,2026-04-25 15:17:00,2026-04-24 15:17:00,2026-04-24 15:17:00,2026-04-26 15:17:00
1b687114-adf6-41e2-a11f-c76bdd2c3aa3,SUP-0007,Delivered,CAR003,LOC-SUPL-7,LOC-PLANT-002,2026-06-22 15:17:00,2026-06-29 15:17:00,2026-06-29 15:17:00,2026-06-29 15:17:00,2026-06-30 15:17:00
182e0af4-a46c-4cb3-8fb7-04df2a252cb1,SUP-0005,Delivered,CAR003,LOC-SUPL-5,LOC-PLANT-001,2026-06-19 15:17:00,2026-06-21 15:17:00,2026-06-23 15:17:00,2026-06-24 15:17:00,2026-06-23 15:17:00
f9149cda-9d1e-47a6-bc56-63c3f36c1c88,SUP-0005,Delivered,CAR003,LOC-SUPL-5,LOC-PLANT-001,2026-06-19 15:17:00,2026-06-27 15:17:00,2026-06-24 15:17:00,2026-06-24 15:17:00,2026-06-23 15:17:00
e4fb5e1c-812b-47ec-9c09-1ca08bfa7c4d,SUP-0010,Delivered,CAR002,LOC-SUPL-10,LOC-PLANT-002,2026-05-07 15:17:00,2026-05-08 15:17:00,2026-05-15 15:17:00,2026-05-15 15:17:00,2026-05-08 15:17:00
2c768216-da55-42a1-9883-ae7c8d583595,SUP-0003,Delivered,CAR002,LOC-SUPL-3,LOC-PLANT-001,2026-03-17 15:17:00,2026-03-18 15:17:00,2026-03-23 15:17:00,2026-03-23 15:17:00,2026-03-19 15:17:00
19bd4e5b-9c2d-4344-a315-8730c8b9a93b,SUP-0001,Delivered,CAR003,LOC-SUPL-1,LOC-PLANT-001,2026-04-17 15:17:00,2026-04-25 15:17:00,2026-04-20 15:17:00,2026-04-22 15:17:00,2026-04-23 15:17:00
584b430d-75f4-4fa4-aaa6-7ad394de50df,SUP-0001,Delivered,CAR003,LOC-SUPL-1,LOC-PLANT-001,2026-04-18 15:17:00,2026-04-20 15:17:00,2026-04-19 15:17:00,2026-04-22 15:17:00,2026-04-23 15:17:00
ebe5549c-df97-4bd7-9a98-10da72437294,SUP-0007,Delivered,CAR003,LOC-SUPL-7,LOC-PLANT-001,2026-08-24 15:17:00,2026-08-31 15:17:00,2026-09-02 15:17:00,2026-09-02 15:17:00,2026-09-01 15:17:00
43a3bfc6-daac-4c2c-a523-cc2eaa6be310,SUP-0005,Delivered,CAR001,LOC-SUPL-5,LOC-PLANT-001,2026-08-03 15:17:00,2026-08-06 15:17:00,2026-08-06 15:17:00,2026-08-06 15:17:00,2026-08-07 15:17:00
5f0596b6-936b-46a3-aa14-2ccc69382161,SUP-0004,Delivered,CAR002,LOC-SUPL-4,LOC-PLANT-002,2026-06-12 15:17:00,2026-06-17 15:17:00,2026-06-19 15:17:00,2026-06-19 15:17:00,2026-06-20 15:17:00
6d737ff1-5c20-4d0e-a664-293374b7f687,SUP-0004,Delivered,CAR002,LOC-SUPL-4,LOC-PLANT-002,2026-06-12 15:17:00,2026-06-20 15:17:00,2026-06-19 15:17:00,2026-06-19 15:17:00,2026-06-20 15:17:00
b6b981b3-da30-467a-bbe9-3e7dd79fb391,SUP-0008,Delivered,CAR001,LOC-SUPL-8,LOC-PLANT-001,2026-04-28 15:17:00,2026-05-02 15:17:00,2026-05-03 15:17:00,2026-05-04 15:17:00,2026-05-03 15:17:00
507b072b-b209-4bc7-9d2d-ed078be26b5c,SUP-0009,Delivered,CAR001,LOC-SUPL-9,LOC-PLANT-001,2026-07-26 15:17:00,2026-07-31 15:17:00,2026-08-05 15:17:00,2026-08-05 15:17:00,2026-08-02 15:17:00
a3efcfc6-f0ee-41b7-9dce-bc77fd1fff5e,SUP-0006,Delivered,CAR001,LOC-SUPL-6,LOC-PLANT-002,2026-04-25 15:17:00,2026-04-30 15:17:00,2026-05-03 15:17:00,2026-05-03 15:17:00,2026-04-27 15:17:00
badd8be0-273b-4f79-952b-1154766c5a78,SUP-0006,Delivered,CAR001,LOC-SUPL-6,LOC-PLANT-002,2026-04-25 15:17:00,2026-04-28 15:17:00,2026-05-02 15:17:00,2026-05-03 15:17:00,2026-04-27 15:17:00
920d60fd-161b-4493-a103-72218c6ba40e,SUP-0002,Delivered,CAR002,LOC-SUPL-2,LOC-PLANT-002,2026-04-17 15:17:00,2026-04-22 15:17:00,2026-04-21 15:17:00,2026-04-23 15:17:00,2026-04-25 15:17:00
c75d1f9b-1711-4bb2-8a5a-da08a91ce6ee,SUP-0004,Delivered,CAR003,LOC-SUPL-4,LOC-PLANT-001,2026-08-17 15:17:00,2026-08-19 15:17:00,2026-08-19 15:17:00,2026-08-19 15:17:00,2026-08-19 15:17:00
ec13404d-5bcc-488c-8d57-de1cc7526e76,SUP-0003,Delivered,CAR003,LOC-SUPL-3,LOC-PLANT-001,2026-04-17 15:17:00,2026-04-20 15:17:00,2026-04-20 15:17:00,2026-04-20 15:17:00,2026-04-21 15:17:00
8847c57a-9ec9-4fff-9a4d-926d5a3c3bc7,SUP-0003,Delivered,CAR003,LOC-SUPL-3,LOC-PLANT-001,2026-04-16 15:17:00,2026-04-19 15:17:00,2026-04-19 15:17:00,2026-04-20 15:17:00,2026-04-21 15:17:00
cc71f9e2-30ee-489e-a25c-e6074f694606,SUP-0010,Delivered,CAR001,LOC-SUPL-10,LOC-PLANT-002,2026-06-06 15:17:00,2026-06-11 15:17:00,2026-06-11 15:17:00,2026-06-11 15:17:00,2026-06-10 15:17:00
bc8f9a8f-cc0d-4beb-b10f-7418e28843dc,SUP-0007,Delivered,CAR002,LOC-SUPL-7,LOC-PLANT-001,2026-03-25 15:17:00,2026-04-02 15:17:00,2026-03-30 15:17:00,2026-04-01 15:17:00,2026-04-02 15:17:00
08826632-d492-4919-86e5-b9299523a970,SUP-0006,Delivered,CAR002,LOC-SUPL-6,LOC-PLANT-002,2026-08-01 15:17:00,2026-08-05 15:17:00,2026-08-07 15:17:00,2026-08-08 15:17:00,2026-08-11 15:17:00
f765e715-ea23-49a4-81db-3adb4cf24e6a,SUP-0006,Delivered,CAR002,LOC-SUPL-6,LOC-PLANT-002,2026-08-01 15:17:00,2026-08-10 15:17:00,2026-08-04 15:17:00,2026-08-08 15:17:00,2026-08-11 15:17:00
d375d87a-e9a4-4df7-b157-0144d32b7967,SUP-0001,Delivered,CAR001,LOC-SUPL-1,LOC-PLANT-002,2026-06-22 15:17:00,2026-07-03 15:17:00,2026-06-30 15:17:00,2026-06-30 15:17:00,2026-07-02 15:17:00
b6381914-e3a7-433d-ae21-156691c0409a,SUP-0007,Delivered,CAR002,LOC-SUPL-7,LOC-PLANT-001,2026-04-22 15:17:00,2026-04-29 15:17:00,2026-04-27 15:17:00,2026-04-28 15:17:00,2026-05-01 15:17:00
f8f1a2e4-e7a7-4f89-8e11-aa67c9ac269b,SUP-0008,Delivered,CAR001,LOC-SUPL-8,LOC-PLANT-001,2026-04-26 15:17:00,2026-05-05 15:17:00,2026-05-01 15:17:00,2026-05-09 15:17:00,2026-05-03 15:17:00
15b562ba-889b-4cc0-bec0-726d3a9790d9,SUP-0008,Delivered,CAR001,LOC-SUPL-8,LOC-PLANT-001,2026-04-30 15:17:00,2026-05-01 15:17:00,2026-05-09 15:17:00,2026-05-09 15:17:00,2026-05-03 15:17:00
638e33ff-13a7-4424-83e9-5f477f9ca177,SUP-0006,Delivered,CAR003,LOC-SUPL-6,LOC-PLANT-001,2026-04-29 15:17:00,2026-04-30 15:17:00,2026-05-04 15:17:00,2026-05-04 15:17:00,2026-04-30 15:17:00
f82248e4-1587-469c-9dab-cce41f3b4839,SUP-0002,Delivered,CAR003,LOC-SUPL-2,LOC-PLANT-002,2026-07-19 15:17:00,2026-07-23 15:17:00,2026-07-25 15:17:00,2026-07-25 15:17:00,2026-07-24 15:17:00
44068c98-4c98-416b-928e-c9bc9a14eb21,SUP-0010,Delivered,CAR001,LOC-SUPL-10,LOC-PLANT-002,2026-06-14 15:17:00,2026-06-24 15:17:00,2026-06-18 15:17:00,2026-06-24 15:17:00,2026-06-21 15:17:00
51e99a63-efab-437f-a44c-cb7d1eeee4bb,SUP-0010,Delivered,CAR001,LOC-SUPL-10,LOC-PLANT-002,2026-06-16 15:17:00,2026-06-21 15:17:00,2026-06-24 15:17:00,2026-06-24 15:17:00,2026-06-21 15:17:00
d692429b-bb06-45b6-8a1d-106dd4f8f14d,SUP-0004,Delivered,CAR003,LOC-SUPL-4,LOC-PLANT-001,2026-03-23 15:17:00,2026-03-24 15:17:00,2026-03-25 15:17:00,2026-03-27 15:17:00,2026-03-24 15:17:00
06ae48e9-3a1a-4800-a6d8-76a08e876277,SUP-0002,Delivered,CAR001,LOC-SUPL-2,LOC-PLANT-002,2026-08-16 15:17:00,2026-08-19 15:17:00,2026-08-22 15:17:00,2026-08-22 15:17:00,2026-08-22 15:17:00
14797161-47b2-425d-89b3-b79de311791f,SUP-0007,Delivered,CAR001,LOC-SUPL-7,LOC-PLANT-002,2026-06-03 15:17:00,2026-06-13 15:17:00,2026-06-11 15:17:00,2026-06-15 15:17:00,2026-06-12 15:17:00
cad8161e-21f6-4712-a8e2-612c48cebfde,SUP-0007,Delivered,CAR001,LOC-SUPL-7,LOC-PLANT-002,2026-06-05 15:17:00,2026-06-14 15:17:00,2026-06-15 15:17:00,2026-06-15 15:17:00,2026-06-12 15:17:00
5cdad4db-0088-4bae-a732-245334fc7b6d,SUP-0003,Delivered,CAR001,LOC-SUPL-3,LOC-PLANT-002,2026-05-13 15:17:00,2026-05-16 15:17:00,2026-05-20 15:17:00,2026-05-20 15:17:00,2026-05-18 15:17:00
c9e4174e-749f-4828-ba96-f798fc9d5e15,SUP-0003,Delivered,CAR001,LOC-SUPL-3,LOC-PLANT-002,2026-06-28 15:17:00,2026-07-05 15:17:00,2026-07-07 15:17:00,2026-07-07 15:17:00,2026-07-07 15:17:00
532afe0d-283c-423a-a51a-78dd3dcd5fb5,SUP-0008,Delivered,CAR001,LOC-SUPL-8,LOC-PLANT-001,2026-07-24 15:17:00,2026-08-01 15:17:00,2026-08-02 15:17:00,2026-08-02 15:17:00,2026-08-01 15:17:00
ea8a9ce7-625c-40b2-8883-beba1c19a495,SUP-0008,Delivered,CAR001,LOC-SUPL-8,LOC-PLANT-001,2026-07-24 15:17:00,2026-07-31 15:17:00,2026-07-29 15:17:00,2026-08-02 15:17:00,2026-08-01 15:17:00
c5ed02b3-3ad4-49ea-a33c-6d907e87e87d,SUP-0002,Delivered,CAR001,LOC-SUPL-2,LOC-PLANT-002,2026-05-08 15:17:00,2026-05-12 15:17:00,2026-05-15 15:17:00,2026-05-15 15:17:00,2026-05-09 15:17:00
9a3fe688-ac93-46c9-8e32-08270c960263,SUP-0003,Delivered,CAR003,LOC-SUPL-3,LOC-PLANT-001,2026-07-30 15:17:00,2026-07-31 15:17:00,2026-08-03 15:17:00,2026-08-03 15:17:00,2026-08-03 15:17:00
43f91688-62a3-4c83-9a6a-6bcae41e6c73,SUP-0004,Delivered,CAR003,LOC-SUPL-4,LOC-PLANT-002,2026-07-02 15:17:00,2026-07-08 15:17:00,2026-07-08 15:17:00,2026-07-14 15:17:00,2026-07-09 15:17:00
b697e314-aa7e-4625-ae06-f084411fa30d,SUP-0004,Delivered,CAR003,LOC-SUPL-4,LOC-PLANT-002,2026-07-06 15:17:00,2026-07-11 15:17:00,2026-07-14 15:17:00,2026-07-14 15:17:00,2026-07-09 15:17:00
52df8292-1372-4cb7-9671-ffbe14432b81,SUP-0009,Delivered,CAR003,LOC-SUPL-9,LOC-PLANT-001,2026-08-09 15:17:00,2026-08-12 15:17:00,2026-08-18 15:17:00,2026-08-18 15:17:00,2026-08-14 15:17:00
7a30a7ea-589b-410f-9b3a-0a748f24eb81,SUP-0010,Delivered,CAR003,LOC-SUPL-10,LOC-PLANT-002,2026-08-25 15:17:00,2026-08-26 15:17:00,2026-08-31 15:17:00,2026-08-31 15:17:00,2026-08-26 15:17:00
7a28672f-e2ce-495d-9c2b-b8ea2c5b6f12,SUP-0002,Delivered,CAR003,LOC-SUPL-2,LOC-PLANT-001,2026-08-29 15:17:00,2026-08-31 15:17:00,2026-09-01 15:17:00,2026-09-01 15:17:00,2026-08-30 15:17:00
76f4da86-21e9-4b4e-9c67-5ce2592a6798,SUP-0002,Delivered,CAR003,LOC-SUPL-2,LOC-PLANT-001,2026-08-28 15:17:00,2026-08-29 15:17:00,2026-08-29 15:17:00,2026-09-01 15:17:00,2026-08-30 15:17:00
0387372e-fa26-4bd8-b104-03994151446a,SUP-0002,Delivered,CAR002,LOC-SUPL-2,LOC-PLANT-001,2026-06-01 15:17:00,2026-06-02 15:17:00,2026-06-05 15:17:00,2026-06-05 15:17:00,2026-06-05 15:17:00
7fcde57d-b7e3-4a98-a06f-ac7bbb3c1f0d,SUP-0005,Delivered,CAR003,LOC-SUPL-5,LOC-PLANT-001,2026-07-17 15:17:00,2026-07-22 15:17:00,2026-07-23 15:17:00,2026-07-23 15:17:00,2026-07-25 15:17:00
7b22f968-e7e6-4354-94e1-a6c60d5e78c6,SUP-0003,Delivered,CAR002,LOC-SUPL-3,LOC-PLANT-001,2026-07-14 15:17:00,2026-07-20 15:17:00,2026-07-18 15:17:00,2026-07-20 15:17:00,2026-07-21 15:17:00
7027e003-be2c-4fd0-be1b-a7a335b6b835,SUP-0003,Delivered,CAR002,LOC-SUPL-3,LOC-PLANT-001,2026-07-17 15:17:00,2026-07-18 15:17:00,2026-07-19 15:17:00,2026-07-20 15:17:00,2026-07-21 15:17:00
299f22cd-2dda-456c-98a7-495fabffb033,SUP-0008,Delivered,CAR001,LOC-SUPL-8,LOC-PLANT-001,2026-06-20 15:17:00,2026-06-30 15:17:00,2026-06-26 15:17:00,2026-06-28 15:17:00,2026-06-29 15:17:00
4843a7b0-94d3-4e33-b8d2-5f086d3d23e2,SUP-0004,Delivered,CAR001,LOC-SUPL-4,LOC-PLANT-001,2026-07-30 15:17:00,2026-08-01 15:17:00,2026-08-05 15:17:00,2026-08-05 15:17:00,2026-07-30 15:17:00
736ed3d4-c1e4-4639-9969-d8d109f1b427,SUP-0005,Delivered,CAR001,LOC-SUPL-5,LOC-PLANT-002,2026-06-29 15:17:00,2026-07-02 15:17:00,2026-07-08 15:17:00,2026-07-08 15:17:00,2026-07-05 15:17:00
daa41ff1-ddfa-43c7-85b9-637be51975e4,SUP-0005,Delivered,CAR001,LOC-SUPL-5,LOC-PLANT-002,2026-06-27 15:17:00,2026-07-07 15:17:00,2026-07-06 15:17:00,2026-07-08 15:17:00,2026-07-05 15:17:00
5b1df063-8d40-4aff-8119-86557fc430d7,SUP-0001,Delivered,CAR002,LOC-SUPL-1,LOC-PLANT-002,2026-06-15 15:17:00,2026-06-17 15:17:00,2026-06-22 15:17:00,2026-06-22 15:17:00,2026-06-18 15:17:00
b564f867-5156-4bed-b769-8f060ca2f097,SUP-0004,Delivered,CAR003,LOC-SUPL-4,LOC-PLANT-002,2026-05-21 15:17:00,2026-05-24 15:17:00,2026-05-25 15:17:00,2026-05-25 15:17:00,2026-05-26 15:17:00
e3655756-e96a-4df8-bd43-617cb3719601,SUP-0005,Delivered,CAR003,LOC-SUPL-5,LOC-PLANT-001,2026-08-16 15:17:00,2026-08-20 15:17:00,2026-08-21 15:17:00,2026-08-21 15:17:00,2026-08-16 15:17:00
7885bd1c-110a-45e8-93a6-7045aea36a97,SUP-0005,Delivered,CAR003,LOC-SUPL-5,LOC-PLANT-001,2026-08-14 15:17:00,2026-08-19 15:17:00,2026-08-18 15:17:00,2026-08-21 15:17:00,2026-08-16 15:17:00
a4a145f8-c07b-4a92-8840-e19c5e40219e,SUP-0008,Delivered,CAR001,LOC-SUPL-8,LOC-PLANT-001,2026-08-03 15:17:00,2026-08-04 15:17:00,2026-08-10 15:17:00,2026-08-10 15:17:00,2026-08-06 15:17:00
6d113d3e-5b41-43d7-ab59-7b0b67493d7a,SUP-0001,Delivered,CAR002,LOC-SUPL-1,LOC-PLANT-001,2026-08-10 15:17:00,2026-08-14 15:17:00,2026-08-15 15:17:00,2026-08-15 15:17:00,2026-08-11 15:17:00
15fe12ef-1834-4099-a1fd-c85f010493a8,SUP-0010,Delivered,CAR001,LOC-SUPL-10,LOC-PLANT-002,2026-08-28 15:17:00,2026-09-05 15:17:00,2026-09-05 15:17:00,2026-09-05 15:17:00,2026-08-31 15:17:00
6d526cd0-14cc-43fe-ba79-c542eaae6137,SUP-0010,Delivered,CAR001,LOC-SUPL-10,LOC-PLANT-002,2026-08-26 15:17:00,2026-09-01 15:17:00,2026-09-02 15:17:00,2026-09-05 15:17:00,2026-08-31 15:17:00
b63ffa32-2d86-4b1e-b06e-a3e48b8e4283,SUP-0007,Delivered,CAR002,LOC-SUPL-7,LOC-PLANT-002,2026-05-02 15:17:00,2026-05-08 15:17:00,2026-05-09 15:17:00,2026-05-10 15:17:00,2026-05-07 15:17:00
7b0f44ad-31d2-4864-b3d1-252045f9755c,SUP-0006,Delivered,CAR001,LOC-SUPL-6,LOC-PLANT-001,2026-07-13 15:17:00,2026-07-20 15:17:00,2026-07-18 15:17:00,2026-07-21 15:17:00,2026-07-23 15:17:00
ca6d3bba-f8e9-4361-9aba-f2ffc21bdfd9,SUP-0002,Delivered,CAR001,LOC-SUPL-2,LOC-PLANT-002,2026-08-19 15:17:00,2026-08-21 15:17:00,2026-08-25 15:17:00,2026-08-25 15:17:00,2026-08-21 15:17:00
caec2bab-8fcd-44b1-9330-abaa1c786e1a,SUP-0002,Delivered,CAR001,LOC-SUPL-2,LOC-PLANT-002,2026-08-16 15:17:00,2026-08-24 15:17:00,2026-08-20 15:17:00,2026-08-25 15:17:00,2026-08-21 15:17:00
c1cad919-0bf8-4127-aebf-0d62c9190e34,SUP-0002,Delivered,CAR001,LOC-SUPL-2,LOC-PLANT-001,2026-06-28 15:17:00,2026-07-02 15:17:00,2026-06-28 15:17:00,2026-06-29 15:17:00,2026-07-01 15:17:00
6d3fa3b4-ebdb-40ac-bd94-26e07bfd9c91,SUP-0009,Delivered,CAR002,LOC-SUPL-9,LOC-PLANT-002,2026-07-13 15:17:00,2026-07-20 15:17:00,2026-07-23 15:17:00,2026-07-23 15:17:00,2026-07-16 15:17:00
7a9aa7b7-bceb-4dab-b87b-af030c584ccd,SUP-0001,Delivered,CAR002,LOC-SUPL-1,LOC-PLANT-001,2026-07-22 15:17:00,2026-07-28 15:17:00,2026-07-25 15:17:00,2026-07-28 15:17:00,2026-07-28 15:17:00
d2be8475-dfa2-47b9-bf3e-18fb844c0a8f,SUP-0001,Delivered,CAR002,LOC-SUPL-1,LOC-PLANT-001,2026-07-23 15:17:00,2026-07-25 15:17:00,2026-07-28 15:17:00,2026-07-28 15:17:00,2026-07-28 15:17:00
5ec45b74-9292-4cdd-9651-a7f7f7a2a9c7,SUP-0001,Delivered,CAR002,LOC-SUPL-1,LOC-PLANT-002,2026-03-16 15:17:00,2026-03-21 15:17:00,2026-03-24 15:17:00,2026-03-24 15:17:00,2026-03-21 15:17:00
912f5042-2541-48c9-9763-1f94c0a30d56,SUP-0001,Delivered,CAR002,LOC-SUPL-1,LOC-PLANT-002,2026-07-19 15:17:00,2026-07-23 15:17:00,2026-07-25 15:17:00,2026-07-25 15:17:00,2026-07-26 15:17:00
4afc16ca-2607-477f-8381-716c151f3501,SUP-0010,Delivered,CAR002,LOC-SUPL-10,LOC-PLANT-002,2026-04-04 15:17:00,2026-04-06 15:17:00,2026-04-09 15:17:00,2026-04-09 15:17:00,2026-04-10 15:17:00
78eae9f8-b228-423d-bc78-80343880fc71,SUP-0010,Delivered,CAR002,LOC-SUPL-10,LOC-PLANT-002,2026-04-04 15:17:00,2026-04-09 15:17:00,2026-04-09 15:17:00,2026-04-09 15:17:00,2026-04-10 15:17:00
0472ade7-2f4b-42a3-9607-eaeaaf8bb470,SUP-0004,Delivered,CAR002,LOC-SUPL-4,LOC-PLANT-001,2026-07-21 15:17:00,2026-07-24 15:17:00,2026-07-24 15:17:00,2026-07-24 15:17:00,2026-07-23 15:17:00
d3953120-4109-4d09-a686-825856422e90,SUP-0005,Delivered,CAR002,LOC-SUPL-5,LOC-PLANT-002,2026-08-22 15:17:00,2026-09-01 15:17:00,2026-08-28 15:17:00,2026-08-29 15:17:00,2026-09-01 15:17:00
1aca4c10-0f47-4375-a8e3-da7a297e09ee,SUP-0003,Delivered,CAR001,LOC-SUPL-3,LOC-PLANT-001,2026-03-17 15:17:00,2026-03-22 15:17:00,2026-03-21 15:17:00,2026-03-27 15:17:00,2026-03-22 15:17:00
53d87897-0a95-4549-8256-5002581b4c6f,SUP-0003,Delivered,CAR001,LOC-SUPL-3,LOC-PLANT-001,2026-03-22 15:17:00,2026-03-26 15:17:00,2026-03-27 15:17:00,2026-03-27 15:17:00,2026-03-22 15:17:00
244e488d-0882-4957-9b1f-6963bfa3d3f8,SUP-0009,Delivered,CAR002,LOC-SUPL-9,LOC-PLANT-002,2026-07-02 15:17:00,2026-07-07 15:17:00,2026-07-12 15:17:00,2026-07-12 15:17:00,2026-07-12 15:17:00
e82fd722-a33b-49e3-ac14-4faec46ca9e7,SUP-0003,Delivered,CAR003,LOC-SUPL-3,LOC-PLANT-001,2026-03-25 15:17:00,2026-03-28 15:17:00,2026-03-26 15:17:00,2026-03-26 15:17:00,2026-03-27 15:17:00
427418ad-53a7-4acd-a833-28be48cc89ba,SUP-0005,Delivered,CAR001,LOC-SUPL-5,LOC-PLANT-001,2026-06-16 15:17:00,2026-06-23 15:17:00,2026-06-19 15:17:00,2026-06-24 15:17:00,2026-06-21 15:17:00
5ed66cf8-e12d-4a58-9187-51c46ee0ff3c,SUP-0005,Delivered,CAR001,LOC-SUPL-5,LOC-PLANT-001,2026-06-20 15:17:00,2026-06-21 15:17:00,2026-06-24 15:17:00,2026-06-24 15:17:00,2026-06-21 15:17:00
078bad1d-896f-44fd-b5dd-24ab7ebc68f9,SUP-0001,Delivered,CAR002,LOC-SUPL-1,LOC-PLANT-001,2026-08-08 15:17:00,2026-08-14 15:17:00,2026-08-10 15:17:00,2026-08-12 15:17:00,2026-08-15 15:17:00
bec06167-e642-4de4-974b-444932530581,SUP-0007,Delivered,CAR003,LOC-SUPL-7,LOC-PLANT-001,2026-05-16 15:17:00,2026-05-29 15:17:00,2026-05-25 15:17:00,2026-05-26 15:17:00,2026-05-24 15:17:00
418140c1-05f4-4b28-ac41-7124adccab1c,SUP-0008,Delivered,CAR001,LOC-SUPL-8,LOC-PLANT-001,2026-05-31 15:17:00,2026-06-03 15:17:00,2026-06-05 15:17:00,2026-06-05 15:17:00,2026-06-02 15:17:00
fae75a0b-fbba-4c41-854b-815f9143418e,SUP-0008,Delivered,CAR001,LOC-SUPL-8,LOC-PLANT-001,2026-05-28 15:17:00,2026-06-06 15:17:00,2026-06-04 15:17:00,2026-06-05 15:17:00,2026-06-02 15:17:00
34693c42-95cd-421d-b785-fd85ba3ecf4e,SUP-0001,Delivered,CAR002,LOC-SUPL-1,LOC-PLANT-001,2026-07-31 15:17:00,2026-08-05 15:17:00,2026-08-06 15:17:00,2026-08-06 15:17:00,2026-08-02 15:17:00
4b1c22c4-d6a7-4d2e-ad9a-bc989b89cff4,SUP-0009,Delivered,CAR003,LOC-SUPL-9,LOC-PLANT-002,2026-04-21 15:17:00,2026-04-24 15:17:00,2026-05-02 15:17:00,2026-05-02 15:17:00,2026-04-27 15:17:00
fff18048-f309-42bc-b65f-24e3f74bc173,SUP-0007,Delivered,CAR002,LOC-SUPL-7,LOC-PLANT-002,2026-07-12 15:17:00,2026-07-18 15:17:00,2026-07-20 15:17:00,2026-07-23 15:17:00,2026-07-16 15:17:00
624b7be7-5949-4c02-bbb9-f34c24d6eb9f,SUP-0007,Delivered,CAR002,LOC-SUPL-7,LOC-PLANT-002,2026-07-13 15:17:00,2026-07-21 15:17:00,2026-07-23 15:17:00,2026-07-23 15:17:00,2026-07-16 15:17:00
4259e56e-b162-4945-8fed-e11db1b297b4,SUP-0001,Delivered,CAR001,LOC-SUPL-1,LOC-PLANT-001,2026-06-27 15:17:00,2026-06-28 15:17:00,2026-06-30 15:17:00,2026-06-30 15:17:00,2026-06-30 15:17:00
a483509a-8d60-4b2c-9613-44c174dfadc9,SUP-0001,Delivered,CAR002,LOC-SUPL-1,LOC-PLANT-001,2026-04-12 15:17:00,2026-04-19 15:17:00,2026-04-14 15:17:00,2026-04-16 15:17:00,2026-04-16 15:17:00
aa373299-ac46-4f87-8c90-0fcca0961476,SUP-0005,Delivered,CAR003,LOC-SUPL-5,LOC-PLANT-002,2026-06-24 15:17:00,2026-06-27 15:17:00,2026-07-02 15:17:00,2026-07-02 15:17:00,2026-06-27 15:17:00
23a4f7f2-6b12-45df-8ba2-f7611492f919,SUP-0005,Delivered,CAR003,LOC-SUPL-5,LOC-PLANT-002,2026-06-23 15:17:00,2026-06-26 15:17:00,2026-06-30 15:17:00,2026-07-02 15:17:00,2026-06-27 15:17:00
cb1f946f-25a8-48d0-9f4c-f80cdc9b6e8f,SUP-0001,Delivered,CAR001,LOC-SUPL-1,LOC-PLANT-001,2026-07-28 15:17:00,2026-07-31 15:17:00,2026-08-03 15:17:00,2026-08-03 15:17:00,2026-08-03 15:17:00
95ad9672-8a11-4b20-92e7-5367a35c0dc7,SUP-0002,Delivered,CAR003,LOC-SUPL-2,LOC-PLANT-002,2026-08-10 15:17:00,2026-08-13 15:17:00,2026-08-13 15:17:00,2026-08-13 15:17:00,2026-08-15 15:17:00
eda664f8-c122-4ac9-b53b-90790a4cd732,SUP-0004,Delivered,CAR001,LOC-SUPL-4,LOC-PLANT-002,2026-06-13 15:17:00,2026-06-17 15:17:00,2026-06-20 15:17:00,2026-06-21 15:17:00,2026-06-22 15:17:00
fbb12866-f365-4bc1-a809-ca37397cadc6,SUP-0004,Delivered,CAR001,LOC-SUPL-4,LOC-PLANT-002,2026-06-13 15:17:00,2026-06-16 15:17:00,2026-06-21 15:17:00,2026-06-21 15:17:00,2026-06-22 15:17:00
db28ef31-bde4-4abd-ba4a-73771ae7aa41,SUP-0003,Delivered,CAR002,LOC-SUPL-3,LOC-PLANT-002,2026-06-14 15:17:00,2026-06-16 15:17:00,2026-06-21 15:17:00,2026-06-21 15:17:00,2026-06-16 15:17:00
435c91ce-f959-441e-b474-b1ba1c1ba94b,SUP-0005,Delivered,CAR001,LOC-SUPL-5,LOC-PLANT-001,2026-07-02 15:17:00,2026-07-05 15:17:00,2026-07-07 15:17:00,2026-07-08 15:17:00,2026-07-07 15:17:00
4cfaa8af-083c-438e-8fb9-992f4f1d9652,SUP-0008,Delivered,CAR002,LOC-SUPL-8,LOC-PLANT-001,2026-05-16 15:17:00,2026-05-21 15:17:00,2026-05-20 15:17:00,2026-05-20 15:17:00,2026-05-18 15:17:00
00e1528f-7890-4b6e-8718-8bf5c4cfa1b4,SUP-0008,Delivered,CAR002,LOC-SUPL-8,LOC-PLANT-001,2026-05-12 15:17:00,2026-05-16 15:17:00,2026-05-17 15:17:00,2026-05-20 15:17:00,2026-05-18 15:17:00
245b024e-67c5-4e98-bb09-954efe461f1e,SUP-0002,Delivered,CAR002,LOC-SUPL-2,LOC-PLANT-001,2026-04-06 15:17:00,2026-04-09 15:17:00,2026-04-06 15:17:00,2026-04-07 15:17:00,2026-04-09 15:17:00
99cb0404-c1df-4216-9108-3c4e1e83b2e8,SUP-0009,Delivered,CAR003,LOC-SUPL-9,LOC-PLANT-002,2026-08-20 15:17:00,2026-08-27 15:17:00,2026-08-29 15:17:00,2026-08-29 15:17:00,2026-08-28 15:17:00
837a8735-5d71-4ea3-852f-435fa585e9a0,SUP-0001,Delivered,CAR002,LOC-SUPL-1,LOC-PLANT-002,2026-04-29 15:17:00,2026-05-05 15:17:00,2026-05-07 15:17:00,2026-05-07 15:17:00,2026-04-30 15:17:00
79b0026a-1e42-4f7d-a274-3f6a9f93a822,SUP-0001,Delivered,CAR002,LOC-SUPL-1,LOC-PLANT-002,2026-04-29 15:17:00,2026-05-06 15:17:00,2026-05-04 15:17:00,2026-05-07 15:17:00,2026-04-30 15:17:00
6c728969-cc84-4497-98f3-c96d55efe85c,SUP-0008,Delivered,CAR003,LOC-SUPL-8,LOC-PLANT-002,2026-07-16 15:17:00,2026-07-25 15:17:00,2026-07-27 15:17:00,2026-07-27 15:17:00,2026-07-25 15:17:00
2cdf5764-a702-4968-bda9-98a93d988231,SUP-0010,Delivered,CAR003,LOC-SUPL-10,LOC-PLANT-002,2026-05-02 15:17:00,2026-05-10 15:17:00,2026-05-07 15:17:00,2026-05-07 15:17:00,2026-05-07 15:17:00
f3a6ebf1-c159-4757-9ad6-e3c6cbdd9e30,SUP-0005,Delivered,CAR003,LOC-SUPL-5,LOC-PLANT-002,2026-06-03 15:17:00,2026-06-09 15:17:00,2026-06-08 15:17:00,2026-06-10 15:17:00,2026-06-05 15:17:00
572fda94-84cc-43c3-a804-700de3bba73f,SUP-0005,Delivered,CAR003,LOC-SUPL-5,LOC-PLANT-002,2026-06-02 15:17:00,2026-06-06 15:17:00,2026-06-10 15:17:00,2026-06-10 15:17:00,2026-06-05 15:17:00
7ddecae9-4e88-4e75-91fd-81497bbc4246,SUP-0002,Delivered,CAR003,LOC-SUPL-2,LOC-PLANT-001,2026-08-30 15:17:00,2026-09-01 15:17:00,2026-09-01 15:17:00,2026-09-01 15:17:00,2026-08-31 15:17:00
b78d6d3e-a9e1-4719-b7e8-ebcd2785a143,SUP-0006,Delivered,CAR003,LOC-SUPL-6,LOC-PLANT-001,2026-06-24 15:17:00,2026-06-27 15:17:00,2026-06-28 15:17:00,2026-06-29 15:17:00,2026-07-01 15:17:00
6dc74f11-9e61-4212-80c2-999db59834bc,SUP-0008,Delivered,CAR001,LOC-SUPL-8,LOC-PLANT-001,2026-05-28 15:17:00,2026-06-05 15:17:00,2026-06-02 15:17:00,2026-06-06 15:17:00,2026-06-02 15:17:00
92950b4f-f2ff-4d85-8ea3-efde8d76a7f6,SUP-0008,Delivered,CAR001,LOC-SUPL-8,LOC-PLANT-001,2026-05-29 15:17:00,2026-05-30 15:17:00,2026-06-06 15:17:00,2026-06-06 15:17:00,2026-06-02 15:17:00
5a63e8dc-e798-4ba6-8b4a-37d6f15e3234,SUP-0004,Delivered,CAR001,LOC-SUPL-4,LOC-PLANT-002,2026-03-08 15:17:00,2026-03-17 15:17:00,2026-03-15 15:17:00,2026-03-15 15:17:00,2026-03-16 15:17:00
42a5f9c6-71d2-4918-9f91-f90f1df2a06d,SUP-0006,Delivered,CAR001,LOC-SUPL-6,LOC-PLANT-001,2026-06-25 15:17:00,2026-06-30 15:17:00,2026-07-03 15:17:00,2026-07-03 15:17:00,2026-06-28 15:17:00
7fca902d-a480-4caf-9a02-983d86f715e7,SUP-0004,Delivered,CAR001,LOC-SUPL-4,LOC-PLANT-002,2026-06-08 15:17:00,2026-06-15 15:17:00,2026-06-17 15:17:00,2026-06-17 15:17:00,2026-06-17 15:17:00
a86c88a6-cd06-4ae4-bf0f-c47ed5796832,SUP-0004,Delivered,CAR001,LOC-SUPL-4,LOC-PLANT-002,2026-06-08 15:17:00,2026-06-16 15:17:00,2026-06-17 15:17:00,2026-06-17 15:17:00,2026-06-17 15:17:00
c70319f5-79f2-4309-b840-0f100fa05b47,SUP-0007,Delivered,CAR002,LOC-SUPL-7,LOC-PLANT-001,2026-08-11 15:17:00,2026-08-13 15:17:00,2026-08-19 15:17:00,2026-08-19 15:17:00,2026-08-17 15:17:00
1fce5abc-b232-4e0d-8251-c6f263471395,SUP-0004,Delivered,CAR002,LOC-SUPL-4,LOC-PLANT-002,2026-07-28 15:17:00,2026-08-03 15:17:00,2026-08-06 15:17:00,2026-08-06 15:17:00,2026-08-06 15:17:00
dc943b04-932d-4498-8b0f-bf0576d70373,SUP-0008,Delivered,CAR003,LOC-SUPL-8,LOC-PLANT-001,2026-05-07 15:17:00,2026-05-16 15:17:00,2026-05-12 15:17:00,2026-05-16 15:17:00,2026-05-14 15:17:00
7065aec7-e9ab-4df5-ab39-70cdf17ec5a4,SUP-0008,Delivered,CAR003,LOC-SUPL-8,LOC-PLANT-001,2026-05-07 15:17:00,2026-05-17 15:17:00,2026-05-12 15:17:00,2026-05-16 15:17:00,2026-05-14 15:17:00
ea845d86-6a2e-44f4-949d-b22dd27f7771,SUP-0007,Delivered,CAR001,LOC-SUPL-7,LOC-PLANT-001,2026-07-15 15:17:00,2026-07-20 15:17:00,2026-07-22 15:17:00,2026-07-22 15:17:00,2026-07-22 15:17:00
2f49685a-9525-4de3-aa48-12c4aedcdbbf,SUP-0008,Delivered,CAR001,LOC-SUPL-8,LOC-PLANT-001,2026-03-17 15:17:00,2026-03-21 15:17:00,2026-03-24 15:17:00,2026-03-24 15:17:00,2026-03-27 15:17:00
e4056757-655a-447e-b25e-937efdd8130b,SUP-0002,Delivered,CAR003,LOC-SUPL-2,LOC-PLANT-002,2026-03-22 15:17:00,2026-03-28 15:17:00,2026-03-27 15:17:00,2026-03-27 15:17:00,2026-03-26 15:17:00
c9c9efff-808e-4c02-9933-be2210695547,SUP-0002,Delivered,CAR003,LOC-SUPL-2,LOC-PLANT-002,2026-03-20 15:17:00,2026-03-28 15:17:00,2026-03-23 15:17:00,2026-03-27 15:17:00,2026-03-26 15:17:00
ec6d1bc1-cba0-4759-9ec9-7c62fd2ba202,SUP-0002,Delivered,CAR001,LOC-SUPL-2,LOC-PLANT-002,2026-05-02 15:17:00,2026-05-09 15:17:00,2026-05-10 15:17:00,2026-05-10 15:17:00,2026-05-06 15:17:00
ed7ba849-4d6b-4e69-b5a8-70afef0d9351,SUP-0004,Delivered,CAR003,LOC-SUPL-4,LOC-PLANT-001,2026-04-30 15:17:00,2026-05-04 15:17:00,2026-05-03 15:17:00,2026-05-04 15:17:00,2026-05-04 15:17:00
67f356ef-0f85-4bae-abf3-133091257105,SUP-0009,Delivered,CAR002,LOC-SUPL-9,LOC-PLANT-001,2026-08-15 15:17:00,2026-08-19 15:17:00,2026-08-20 15:17:00,2026-08-24 15:17:00,2026-08-21 15:17:00
7e06f474-7558-4e4c-b1d0-a0e7c6fb5148,SUP-0009,Delivered,CAR002,LOC-SUPL-9,LOC-PLANT-001,2026-08-16 15:17:00,2026-08-18 15:17:00,2026-08-24 15:17:00,2026-08-24 15:17:00,2026-08-21 15:17:00
b818a35e-b6b7-44e6-a0ba-4403cadfafb0,SUP-0007,Delivered,CAR001,LOC-SUPL-7,LOC-PLANT-002,2026-05-27 15:17:00,2026-06-04 15:17:00,2026-06-05 15:17:00,2026-06-05 15:17:00,2026-06-06 15:17:00
2a2a1c93-6b20-46cb-b7e4-5051ab50c281,SUP-0008,Delivered,CAR002,LOC-SUPL-8,LOC-PLANT-001,2026-07-21 15:17:00,2026-07-27 15:17:00,2026-07-25 15:17:00,2026-07-26 15:17:00,2026-07-25 15:17:00
ce4aa127-07b9-48e2-995a-86ac9b51865e,SUP-0003,Delivered,CAR003,LOC-SUPL-3,LOC-PLANT-001,2026-03-26 15:17:00,2026-03-28 15:17:00,2026-03-28 15:17:00,2026-03-28 15:17:00,2026-03-26 15:17:00
b8a54544-8afc-4e19-aaa0-cf1d55690195,SUP-0003,Delivered,CAR003,LOC-SUPL-3,LOC-PLANT-001,2026-03-26 15:17:00,2026-03-27 15:17:00,2026-03-27 15:17:00,2026-03-28 15:17:00,2026-03-26 15:17:00
050c4b03-a781-4557-80ab-dd198d0726b3,SUP-0007,Delivered,CAR003,LOC-SUPL-7,LOC-PLANT-001,2026-04-20 15:17:00,2026-04-22 15:17:00,2026-04-29 15:17:00,2026-04-29 15:17:00,2026-04-26 15:17:00
4c92f3b3-b8a6-4924-bc00-5d8c1ab99d78,SUP-0004,Delivered,CAR002,LOC-SUPL-4,LOC-PLANT-002,2026-03-11 15:17:00,2026-03-17 15:17:00,2026-03-20 15:17:00,2026-03-20 15:17:00,2026-03-16 15:17:00
4ec9c275-5d08-48eb-aa48-2c660d8c52b5,SUP-0006,Delivered,CAR001,LOC-SUPL-6,LOC-PLANT-001,2026-07-15 15:17:00,2026-07-17 15:17:00,2026-07-21 15:17:00,2026-07-21 15:17:00,2026-07-16 15:17:00
b5cd7b30-ee7b-4a8b-987c-4d1b201af335,SUP-0006,Delivered,CAR001,LOC-SUPL-6,LOC-PLANT-001,2026-07-12 15:17:00,2026-07-22 15:17:00,2026-07-16 15:17:00,2026-07-21 15:17:00,2026-07-16 15:17:00
5642d94b-b0f4-4921-bdab-15819fa50f14,SUP-0003,Delivered,CAR001,LOC-SUPL-3,LOC-PLANT-002,2026-08-17 15:17:00,2026-08-25 15:17:00,2026-08-25 15:17:00,2026-08-25 15:17:00,2026-08-21 15:17:00
bab43cc3-574a-45cb-aca6-34c28334f576,SUP-0008,Delivered,CAR001,LOC-SUPL-8,LOC-PLANT-002,2026-03-07 15:17:00,2026-03-16 15:17:00,2026-03-15 15:17:00,2026-03-15 15:17:00,2026-03-13 15:17:00
84fb4688-dd35-4602-ab14-55b0c3a78ea4,SUP-0001,Delivered,CAR002,LOC-SUPL-1,LOC-PLANT-002,2026-04-14 15:17:00,2026-04-17 15:17:00,2026-04-21 15:17:00,2026-04-21 15:17:00,2026-04-16 15:17:00
7342f203-162d-4dcc-8be5-fca192831358,SUP-0001,Delivered,CAR002,LOC-SUPL-1,LOC-PLANT-002,2026-04-12 15:17:00,2026-04-18 15:17:00,2026-04-16 15:17:00,2026-04-21 15:17:00,2026-04-16 15:17:00
e9e90f34-ef6a-424a-bbc3-799009f3ef2d,SUP-0007,Delivered,CAR003,LOC-SUPL-7,LOC-PLANT-001,2026-04-10 15:17:00,2026-04-17 15:17:00,2026-04-18 15:17:00,2026-04-18 15:17:00,2026-04-12 15:17:00
8b9b19a4-80e9-4d64-a7d6-1e3b4b29b1fb,SUP-0002,Delivered,CAR002,LOC-SUPL-2,LOC-PLANT-002,2026-05-27 15:17:00,2026-06-02 15:17:00,2026-06-01 15:17:00,2026-06-02 15:17:00,2026-06-04 15:17:00
f32b913b-3b15-48d6-a54c-265bc34ed500,SUP-0001,Delivered,CAR002,LOC-SUPL-1,LOC-PLANT-001,2026-08-27 15:17:00,2026-08-29 15:17:00,2026-08-29 15:17:00,2026-08-30 15:17:00,2026-08-31 15:17:00
bd76b204-e820-4fe1-9b43-dbecaa4c1055,SUP-0001,Delivered,CAR002,LOC-SUPL-1,LOC-PLANT-001,2026-08-27 15:17:00,2026-08-31 15:17:00,2026-08-30 15:17:00,2026-08-30 15:17:00,2026-08-31 15:17:00
95dfb788-487b-4e21-a78c-98597694eb4d,SUP-0007,Delivered,CAR003,LOC-SUPL-7,LOC-PLANT-001,2026-08-10 15:17:00,2026-08-19 15:17:00,2026-08-20 15:17:00,2026-08-20 15:17:00,2026-08-22 15:17:00
776bcd6f-5c45-4fb3-a136-b0e9adc853b5,SUP-0007,Delivered,CAR003,LOC-SUPL-7,LOC-PLANT-001,2026-06-03 15:17:00,2026-06-07 15:17:00,2026-06-12 15:17:00,2026-06-12 15:17:00,2026-06-12 15:17:00
50d1780d-bc22-4883-bfd6-d596d27f7d6f,SUP-0005,Delivered,CAR003,LOC-SUPL-5,LOC-PLANT-001,2026-04-13 15:17:00,2026-04-20 15:17:00,2026-04-17 15:17:00,2026-04-20 15:17:00,2026-04-16 15:17:00
98a523cd-013a-4809-911e-0a9d3e008b48,SUP-0005,Delivered,CAR003,LOC-SUPL-5,LOC-PLANT-001,2026-04-17 15:17:00,2026-04-19 15:17:00,2026-04-20 15:17:00,2026-04-20 15:17:00,2026-04-16 15:17:00
95b2d7fa-bfd5-452f-b259-0a713658439a,SUP-0007,Delivered,CAR002,LOC-SUPL-7,LOC-PLANT-001,2026-03-04 15:17:00,2026-03-14 15:17:00,2026-03-10 15:17:00,2026-03-11 15:17:00,2026-03-13 15:17:00
ac79a055-c36b-440e-aeb9-f42a540ed76e,SUP-0006,Delivered,CAR003,LOC-SUPL-6,LOC-PLANT-002,2026-07-27 15:17:00,2026-08-05 15:17:00,2026-08-04 15:17:00,2026-08-04 15:17:00,2026-08-04 15:17:00
4e480bbe-5d5c-4ccf-bcd3-e8244fc4184c,SUP-0001,Delivered,CAR002,LOC-SUPL-1,LOC-PLANT-001,2026-04-26 15:17:00,2026-04-28 15:17:00,2026-05-01 15:17:00,2026-05-01 15:17:00,2026-05-01 15:17:00
a5005a85-2940-4ff2-ac71-ba0e2dd7f754,SUP-0001,Delivered,CAR002,LOC-SUPL-1,LOC-PLANT-001,2026-04-26 15:17:00,2026-05-01 15:17:00,2026-04-29 15:17:00,2026-05-01 15:17:00,2026-05-01 15:17:00
190700a8-a92e-48ee-bbc1-acade1a20e72,SUP-0008,Delivered,CAR001,LOC-SUPL-8,LOC-PLANT-002,2026-07-28 15:17:00,2026-08-06 15:17:00,2026-08-08 15:17:00,2026-08-08 15:17:00,2026-08-03 15:17:00
a31287fb-e9e2-44a9-91ae-032686e060d3,SUP-0004,Delivered,CAR001,LOC-SUPL-4,LOC-PLANT-001,2026-07-31 15:17:00,2026-08-04 15:17:00,2026-08-07 15:17:00,2026-08-07 15:17:00,2026-08-05 15:17:00
7c1a306e-9fc5-4f1c-9ae7-bb11c0476905,SUP-0005,Delivered,CAR001,LOC-SUPL-5,LOC-PLANT-002,2026-04-11 15:17:00,2026-04-23 15:17:00,2026-04-21 15:17:00,2026-04-21 15:17:00,2026-04-24 15:17:00
40e41ab0-a84c-439b-b7a9-a9313f6c1c52,SUP-0005,Delivered,CAR001,LOC-SUPL-5,LOC-PLANT-002,2026-04-13 15:17:00,2026-04-21 15:17:00,2026-04-20 15:17:00,2026-04-21 15:17:00,2026-04-24 15:17:00
8ca38c8d-a0b1-4752-8f49-169d056f27ae,SUP-0010,Delivered,CAR002,LOC-SUPL-10,LOC-PLANT-002,2026-03-20 15:17:00,2026-03-28 15:17:00,2026-03-25 15:17:00,2026-03-26 15:17:00,2026-03-29 15:17:00
e3deaf30-33ca-43de-be7b-57578cb047ff,SUP-0010,Delivered,CAR003,LOC-SUPL-10,LOC-PLANT-001,2026-05-10 15:17:00,2026-05-12 15:17:00,2026-05-11 15:17:00,2026-05-11 15:17:00,2026-05-13 15:17:00
0d969028-6fa7-4f78-b98c-6d1f7ecc2c1a,SUP-0003,Delivered,CAR001,LOC-SUPL-3,LOC-PLANT-001,2026-06-29 15:17:00,2026-07-02 15:17:00,2026-07-05 15:17:00,2026-07-05 15:17:00,2026-07-02 15:17:00
caea399d-9437-4b11-84ff-8040f69b1d6f,SUP-0003,Delivered,CAR001,LOC-SUPL-3,LOC-PLANT-001,2026-06-25 15:17:00,2026-06-28 15:17:00,2026-06-29 15:17:00,2026-07-05 15:17:00,2026-07-02 15:17:00
be8b6403-d4e7-46d2-9037-a3547be375cb,SUP-0007,Delivered,CAR001,LOC-SUPL-7,LOC-PLANT-001,2026-08-08 15:17:00,2026-08-13 15:17:00,2026-08-17 15:17:00,2026-08-17 15:17:00,2026-08-17 15:17:00
d747db04-5536-4401-a394-407cfe1cfa4a,SUP-0001,Delivered,CAR002,LOC-SUPL-1,LOC-PLANT-001,2026-07-24 15:17:00,2026-07-25 15:17:00,2026-07-29 15:17:00,2026-07-29 15:17:00,2026-07-26 15:17:00
7e0ccf6a-60e2-4c94-9659-623efd3664a8,SUP-0001,Delivered,CAR001,LOC-SUPL-1,LOC-PLANT-001,2026-07-22 15:17:00,2026-07-24 15:17:00,2026-07-24 15:17:00,2026-07-27 15:17:00,2026-07-23 15:17:00
4ba022f7-7730-4947-a0a0-b376209ffca6,SUP-0001,Delivered,CAR001,LOC-SUPL-1,LOC-PLANT-001,2026-07-21 15:17:00,2026-07-24 15:17:00,2026-07-27 15:17:00,2026-07-27 15:17:00,2026-07-23 15:17:00
3bd0fd48-20a6-4ecb-938d-59857b98d907,SUP-0005,Delivered,CAR003,LOC-SUPL-5,LOC-PLANT-001,2026-08-05 15:17:00,2026-08-09 15:17:00,2026-08-11 15:17:00,2026-08-11 15:17:00,2026-08-09 15:17:00
b8eda5d9-e71d-44a0-9d33-6c48a48db5cd,SUP-0002,Delivered,CAR002,LOC-SUPL-2,LOC-PLANT-002,2026-08-22 15:17:00,2026-08-27 15:17:00,2026-08-26 15:17:00,2026-08-29 15:17:00,2026-08-28 15:17:00
92ff7b72-24e8-4d44-83d0-6da0180a56c0,SUP-0006,Delivered,CAR002,LOC-SUPL-6,LOC-PLANT-002,2026-07-11 15:17:00,2026-07-18 15:17:00,2026-07-17 15:17:00,2026-07-18 15:17:00,2026-07-17 15:17:00
8cfd7f7b-2bc4-4366-88a8-729d4fe9049c,SUP-0006,Delivered,CAR002,LOC-SUPL-6,LOC-PLANT-002,2026-07-12 15:17:00,2026-07-13 15:17:00,2026-07-18 15:17:00,2026-07-18 15:17:00,2026-07-17 15:17:00
c3142f9d-b00d-444e-8904-912a59854618,SUP-0010,Delivered,CAR003,LOC-SUPL-10,LOC-PLANT-001,2026-03-09 15:17:00,2026-03-10 15:17:00,2026-03-11 15:17:00,2026-03-12 15:17:00,2026-03-12 15:17:00
f0b1caf8-cd50-438f-b85d-7d903862d652,SUP-0006,Delivered,CAR002,LOC-SUPL-6,LOC-PLANT-002,2026-08-13 15:17:00,2026-08-19 15:17:00,2026-08-19 15:17:00,2026-08-19 15:17:00,2026-08-20 15:17:00
92daae3f-8dd7-46a2-844c-3757a08e0dc1,SUP-0007,Delivered,CAR001,LOC-SUPL-7,LOC-PLANT-002,2026-05-10 15:17:00,2026-05-18 15:17:00,2026-05-18 15:17:00,2026-05-20 15:17:00,2026-05-17 15:17:00
240ff513-445b-4428-a841-ce7e5ea43ac4,SUP-0007,Delivered,CAR001,LOC-SUPL-7,LOC-PLANT-002,2026-05-10 15:17:00,2026-05-18 15:17:00,2026-05-19 15:17:00,2026-05-20 15:17:00,2026-05-17 15:17:00
d7a4dbf7-f79d-4ab9-942c-b507271c9f19,SUP-0003,Delivered,CAR001,LOC-SUPL-3,LOC-PLANT-002,2026-04-22 15:17:00,2026-05-03 15:17:00,2026-04-28 15:17:00,2026-05-01 15:17:00,2026-05-02 15:17:00
7eb7948c-f898-4ff4-b44e-289325800529,SUP-0009,Delivered,CAR002,LOC-SUPL-9,LOC-PLANT-001,2026-04-14 15:17:00,2026-04-19 15:17:00,2026-04-22 15:17:00,2026-04-22 15:17:00,2026-04-17 15:17:00
835aa077-c686-4d4c-9cb7-38d47f8709da,SUP-0001,Delivered,CAR003,LOC-SUPL-1,LOC-PLANT-001,2026-04-02 15:17:00,2026-04-04 15:17:00,2026-04-05 15:17:00,2026-04-05 15:17:00,2026-04-02 15:17:00
e4bc0874-6b4e-4417-b249-f6a615c82990,SUP-0001,Delivered,CAR003,LOC-SUPL-1,LOC-PLANT-001,2026-03-31 15:17:00,2026-04-06 15:17:00,2026-04-02 15:17:00,2026-04-05 15:17:00,2026-04-02 15:17:00
fb441ad5-2bbe-42dc-9f73-ce8864545839,SUP-0008,Delivered,CAR003,LOC-SUPL-8,LOC-PLANT-002,2026-03-28 15:17:00,2026-04-07 15:17:00,2026-04-07 15:17:00,2026-04-07 15:17:00,2026-04-05 15:17:00
36e516aa-1e0f-48ea-8f87-51622befc0c1,SUP-0002,Delivered,CAR001,LOC-SUPL-2,LOC-PLANT-002,2026-07-09 15:17:00,2026-07-10 15:17:00,2026-07-15 15:17:00,2026-07-15 15:17:00,2026-07-10 15:17:00
2ee46925-6e18-469e-904b-dc9e33b7aae4,SUP-0008,Delivered,CAR003,LOC-SUPL-8,LOC-PLANT-002,2026-05-28 15:17:00,2026-06-10 15:17:00,2026-06-08 15:17:00,2026-06-10 15:17:00,2026-06-05 15:17:00
52ff3d2d-206d-4fab-9ade-9b989ad9b4cb,SUP-0008,Delivered,CAR003,LOC-SUPL-8,LOC-PLANT-002,2026-05-31 15:17:00,2026-06-04 15:17:00,2026-06-10 15:17:00,2026-06-10 15:17:00,2026-06-05 15:17:00
647aa33e-7b76-468b-82ea-813c85c8855e,SUP-0008,Delivered,CAR001,LOC-SUPL-8,LOC-PLANT-001,2026-05-06 15:17:00,2026-05-11 15:17:00,2026-05-13 15:17:00,2026-05-13 15:17:00,2026-05-10 15:17:00
f8959000-ff80-4cbe-9cf0-8db5ee0ec2bf,SUP-0001,Delivered,CAR001,LOC-SUPL-1,LOC-PLANT-001,2026-05-24 15:17:00,2026-05-29 15:17:00,2026-05-26 15:17:00,2026-05-26 15:17:00,2026-05-25 15:17:00
1f35aaf3-3888-4fd5-b84b-f01c235ff62e,SUP-0001,Delivered,CAR001,LOC-SUPL-1,LOC-PLANT-001,2026-05-10 15:17:00,2026-05-13 15:17:00,2026-05-15 15:17:00,2026-05-15 15:17:00,2026-05-10 15:17:00
432492f1-97c4-42b8-a5c0-2e8ca73a4264,SUP-0001,Delivered,CAR001,LOC-SUPL-1,LOC-PLANT-001,2026-05-07 15:17:00,2026-05-08 15:17:00,2026-05-13 15:17:00,2026-05-15 15:17:00,2026-05-10 15:17:00
18bf28b1-c899-4401-8871-b2f50a1a1f06,SUP-0004,Delivered,CAR001,LOC-SUPL-4,LOC-PLANT-002,2026-07-07 15:17:00,2026-07-14 15:17:00,2026-07-17 15:17:00,2026-07-17 15:17:00,2026-07-15 15:17:00
a9a7059e-15b4-4dfa-8571-34708be09605,SUP-0007,Delivered,CAR003,LOC-SUPL-7,LOC-PLANT-002,2026-06-25 15:17:00,2026-06-29 15:17:00,2026-07-02 15:17:00,2026-07-02 15:17:00,2026-07-03 15:17:00
33a5a0b2-9537-4fb2-b7b4-b03ad423760f,SUP-0008,Delivered,CAR001,LOC-SUPL-8,LOC-PLANT-002,2026-06-04 15:17:00,2026-06-12 15:17:00,2026-06-13 15:17:00,2026-06-13 15:17:00,2026-06-09 15:17:00
f410e92e-106f-4f7c-82cd-f99d1d048b2b,SUP-0008,Delivered,CAR001,LOC-SUPL-8,LOC-PLANT-002,2026-06-01 15:17:00,2026-06-08 15:17:00,2026-06-11 15:17:00,2026-06-13 15:17:00,2026-06-09 15:17:00
9c5bbe35-2bdd-4caa-b6e3-6bfa127ce193,SUP-0007,Delivered,CAR001,LOC-SUPL-7,LOC-PLANT-001,2026-05-12 15:17:00,2026-05-16 15:17:00,2026-05-23 15:17:00,2026-05-23 15:17:00,2026-05-19 15:17:00
de84b831-8cf5-4ada-85a5-326e569938d1,SUP-0001,Delivered,CAR002,LOC-SUPL-1,LOC-PLANT-002,2026-05-29 15:17:00,2026-06-06 15:17:00,2026-06-02 15:17:00,2026-06-05 15:17:00,2026-06-05 15:17:00
b4f4ac71-a94e-47ad-9362-123f5ffab7ad,SUP-0004,Delivered,CAR003,LOC-SUPL-4,LOC-PLANT-001,2026-03-26 15:17:00,2026-04-02 15:17:00,2026-03-28 15:17:00,2026-04-01 15:17:00,2026-04-04 15:17:00
0d2e59b9-40db-44f9-b3d7-8268b6862d3d,SUP-0004,Delivered,CAR003,LOC-SUPL-4,LOC-PLANT-001,2026-03-29 15:17:00,2026-03-31 15:17:00,2026-03-31 15:17:00,2026-04-01 15:17:00,2026-04-04 15:17:00
8cecb1d2-2903-4076-837d-041cc7d52808,SUP-0002,Delivered,CAR001,LOC-SUPL-2,LOC-PLANT-002,2026-04-27 15:17:00,2026-05-06 15:17:00,2026-05-03 15:17:00,2026-05-05 15:17:00,2026-05-02 15:17:00
b8a3edc4-dfa9-4b16-a37f-ccb495ef7cb0,SUP-0009,Delivered,CAR001,LOC-SUPL-9,LOC-PLANT-002,2026-05-04 15:17:00,2026-05-12 15:17:00,2026-05-11 15:17:00,2026-05-11 15:17:00,2026-05-13 15:17:00
be11c793-ee7d-462e-b96e-4d663794a817,SUP-0007,Delivered,CAR001,LOC-SUPL-7,LOC-PLANT-001,2026-05-28 15:17:00,2026-06-05 15:17:00,2026-06-08 15:17:00,2026-06-08 15:17:00,2026-06-07 15:17:00
98b21ce7-746a-4474-a23c-d435940c7819,SUP-0007,Delivered,CAR001,LOC-SUPL-7,LOC-PLANT-001,2026-06-01 15:17:00,2026-06-09 15:17:00,2026-06-08 15:17:00,2026-06-08 15:17:00,2026-06-07 15:17:00
01e2f4cb-06a3-4824-8b18-6475ddd84a10,SUP-0001,Delivered,CAR001,LOC-SUPL-1,LOC-PLANT-001,2026-03-06 15:17:00,2026-03-10 15:17:00,2026-03-11 15:17:00,2026-03-11 15:17:00,2026-03-11 15:17:00
c4c1c5f5-740e-4035-8ec3-f5d58f52c11b,SUP-0008,Delivered,CAR002,LOC-SUPL-8,LOC-PLANT-002,2026-08-09 15:17:00,2026-08-15 15:17:00,2026-08-15 15:17:00,2026-08-15 15:17:00,2026-08-15 15:17:00
0ec20894-02e8-45f6-8e1c-3d59877ce1c8,SUP-0004,Delivered,CAR001,LOC-SUPL-4,LOC-PLANT-001,2026-08-25 15:17:00,2026-08-27 15:17:00,2026-08-29 15:17:00,2026-08-29 15:17:00,2026-08-31 15:17:00
c22daf28-8f34-4536-8d6d-8cf9beac8a9d,SUP-0004,Delivered,CAR001,LOC-SUPL-4,LOC-PLANT-001,2026-08-21 15:17:00,2026-08-27 15:17:00,2026-08-25 15:17:00,2026-08-29 15:17:00,2026-08-31 15:17:00
8e497db2-44e7-453c-a1b8-ea0e1147d027,SUP-0004,Delivered,CAR002,LOC-SUPL-4,LOC-PLANT-002,2026-04-26 15:17:00,2026-05-04 15:17:00,2026-05-03 15:17:00,2026-05-03 15:17:00,2026-05-03 15:17:00
ccb1ff6f-5474-4059-9fdf-caf9166aa31c,SUP-0006,Delivered,CAR003,LOC-SUPL-6,LOC-PLANT-001,2026-08-04 15:17:00,2026-08-11 15:17:00,2026-08-12 15:17:00,2026-08-12 15:17:00,2026-08-08 15:17:00
673c9ab6-7bfe-455b-94d5-db52841ff160,SUP-0007,Delivered,CAR003,LOC-SUPL-7,LOC-PLANT-002,2026-04-06 15:17:00,2026-04-18 15:17:00,2026-04-13 15:17:00,2026-04-20 15:17:00,2026-04-20 15:17:00
d452b5da-e2a9-4f2a-adc6-3d84828abbc0,SUP-0007,Delivered,CAR003,LOC-SUPL-7,LOC-PLANT-002,2026-04-11 15:17:00,2026-04-19 15:17:00,2026-04-20 15:17:00,2026-04-20 15:17:00,2026-04-20 15:17:00
19012b2d-c2ed-4305-aeed-258b84e79395,SUP-0001,Delivered,CAR001,LOC-SUPL-1,LOC-PLANT-002,2026-05-06 15:17:00,2026-05-12 15:17:00,2026-05-11 15:17:00,2026-05-13 15:17:00,2026-05-16 15:17:00
77fa8790-143c-431a-bf7f-fb0d91555c51,SUP-0002,Delivered,CAR001,LOC-SUPL-2,LOC-PLANT-001,2026-03-12 15:17:00,2026-03-18 15:17:00,2026-03-16 15:17:00,2026-03-16 15:17:00,2026-03-17 15:17:00
c0655f8c-b05d-44d5-a723-760b59c8e383,SUP-0010,Delivered,CAR001,LOC-SUPL-10,LOC-PLANT-002,2026-07-15 15:17:00,2026-07-19 15:17:00,2026-07-19 15:17:00,2026-07-22 15:17:00,2026-07-20 15:17:00
a40d840b-774b-423a-8227-b1e97d245254,SUP-0010,Delivered,CAR001,LOC-SUPL-10,LOC-PLANT-002,2026-07-15 15:17:00,2026-07-24 15:17:00,2026-07-19 15:17:00,2026-07-22 15:17:00,2026-07-20 15:17:00
927cbd36-dfa1-48c5-93fd-abf142a79500,SUP-0006,Delivered,CAR001,LOC-SUPL-6,LOC-PLANT-001,2026-04-23 15:17:00,2026-04-27 15:17:00,2026-05-01 15:17:00,2026-05-01 15:17:00,2026-04-28 15:17:00
185a02b0-98d0-4810-a3ac-026095967a7c,SUP-0006,Delivered,CAR002,LOC-SUPL-6,LOC-PLANT-002,2026-07-11 15:17:00,2026-07-19 15:17:00,2026-07-15 15:17:00,2026-07-16 15:17:00,2026-07-15 15:17:00
4a1060d7-971e-4a1b-8500-38613927f642,SUP-0001,Delivered,CAR001,LOC-SUPL-1,LOC-PLANT-001,2026-09-04 15:17:00,2026-09-06 15:17:00,2026-09-09 15:17:00,2026-09-10 15:17:00,2026-09-05 15:17:00
5f900eb5-b9c7-444b-8183-71d56f5ef2e1,SUP-0001,Delivered,CAR001,LOC-SUPL-1,LOC-PLANT-001,2026-09-04 15:17:00,2026-09-06 15:17:00,2026-09-10 15:17:00,2026-09-10 15:17:00,2026-09-05 15:17:00
a977b266-74d6-441e-9f2d-e351bdb95620,SUP-0005,Delivered,CAR001,LOC-SUPL-5,LOC-PLANT-001,2026-04-11 15:17:00,2026-04-12 15:17:00,2026-04-17 15:17:00,2026-04-17 15:17:00,2026-04-15 15:17:00
91faf710-cd58-45d1-8d20-4e8da5c6b4e0,SUP-0007,Delivered,CAR002,LOC-SUPL-7,LOC-PLANT-002,2026-07-19 15:17:00,2026-07-28 15:17:00,2026-07-26 15:17:00,2026-07-26 15:17:00,2026-07-22 15:17:00
b7909257-28ca-4159-829b-30003219f4bc,SUP-0009,Delivered,CAR002,LOC-SUPL-9,LOC-PLANT-001,2026-05-27 15:17:00,2026-06-03 15:17:00,2026-06-03 15:17:00,2026-06-03 15:17:00,2026-06-01 15:17:00
a9c77bba-4f87-4186-85d2-df829a9c66f7,SUP-0009,Delivered,CAR002,LOC-SUPL-9,LOC-PLANT-001,2026-05-27 15:17:00,2026-05-30 15:17:00,2026-05-31 15:17:00,2026-06-03 15:17:00,2026-06-01 15:17:00
97b15023-6a41-4845-8963-6551310f8f19,SUP-0004,Delivered,CAR001,LOC-SUPL-4,LOC-PLANT-002,2026-08-09 15:17:00,2026-08-11 15:17:00,2026-08-19 15:17:00,2026-08-19 15:17:00,2026-08-14 15:17:00
cd30bb42-a92c-47ae-a4a2-40f5e9720699,SUP-0009,Delivered,CAR001,LOC-SUPL-9,LOC-PLANT-002,2026-05-12 15:17:00,2026-05-20 15:17:00,2026-05-22 15:17:00,2026-05-22 15:17:00,2026-05-21 15:17:00
f3372a43-8cce-4808-8b8d-d5e2a300982e,SUP-0010,Delivered,CAR003,LOC-SUPL-10,LOC-PLANT-001,2026-04-12 15:17:00,2026-04-14 15:17:00,2026-04-16 15:17:00,2026-04-16 15:17:00,2026-04-14 15:17:00
7e9af00f-9a11-4629-acd0-856f1a66ab47,SUP-0010,Delivered,CAR003,LOC-SUPL-10,LOC-PLANT-001,2026-04-12 15:17:00,2026-04-15 15:17:00,2026-04-16 15:17:00,2026-04-16 15:17:00,2026-04-14 15:17:00
f30e91b0-6d61-4387-a643-d4272f72291c,SUP-0010,Delivered,CAR001,LOC-SUPL-10,LOC-PLANT-002,2026-04-26 15:17:00,2026-05-04 15:17:00,2026-04-30 15:17:00,2026-05-02 15:17:00,2026-04-29 15:17:00
a0cb6bf7-c6fa-4624-b22d-01a20c9407bb,SUP-0002,Delivered,CAR003,LOC-SUPL-2,LOC-PLANT-001,2026-07-23 15:17:00,2026-07-26 15:17:00,2026-07-24 15:17:00,2026-07-24 15:17:00,2026-07-25 15:17:00
d6ddb194-c694-42a6-8347-e90a813d54a3,SUP-0002,Delivered,CAR001,LOC-SUPL-2,LOC-PLANT-002,2026-07-20 15:17:00,2026-07-23 15:17:00,2026-07-25 15:17:00,2026-07-25 15:17:00,2026-07-20 15:17:00
4e8fa78a-81b2-4e16-b140-03dfd0955848,SUP-0002,Delivered,CAR001,LOC-SUPL-2,LOC-PLANT-002,2026-07-16 15:17:00,2026-07-25 15:17:00,2026-07-22 15:17:00,2026-07-25 15:17:00,2026-07-20 15:17:00
b2e54851-d9e3-4f93-b9c0-19d32f638a90,SUP-0004,Delivered,CAR002,LOC-SUPL-4,LOC-PLANT-001,2026-03-08 15:17:00,2026-03-10 15:17:00,2026-03-12 15:17:00,2026-03-12 15:17:00,2026-03-08 15:17:00
14526617-3d76-4307-9225-8e7135940f77,SUP-0003,Delivered,CAR003,LOC-SUPL-3,LOC-PLANT-002,2026-05-20 15:17:00,2026-05-31 15:17:00,2026-05-24 15:17:00,2026-05-28 15:17:00,2026-05-28 15:17:00
80ad32d5-2efb-4e89-a4c4-97f2d32f6167,SUP-0009,Delivered,CAR003,LOC-SUPL-9,LOC-PLANT-001,2026-06-30 15:17:00,2026-07-05 15:17:00,2026-07-09 15:17:00,2026-07-09 15:17:00,2026-07-07 15:17:00
cbade138-9d41-4d1b-b809-c4c7bb6748af,SUP-0009,Delivered,CAR003,LOC-SUPL-9,LOC-PLANT-001,2026-06-29 15:17:00,2026-07-05 15:17:00,2026-07-07 15:17:00,2026-07-09 15:17:00,2026-07-07 15:17:00
1e0e9cd0-8c6e-4cac-b7c9-3c4bcad7e38d,SUP-0008,Delivered,CAR001,LOC-SUPL-8,LOC-PLANT-002,2026-05-03 15:17:00,2026-05-15 15:17:00,2026-05-12 15:17:00,2026-05-13 15:17:00,2026-05-12 15:17:00
eda26da9-9f6a-469b-9995-8a8d91db4d81,SUP-0002,Delivered,CAR002,LOC-SUPL-2,LOC-PLANT-002,2026-05-22 15:17:00,2026-05-29 15:17:00,2026-05-29 15:17:00,2026-05-29 15:17:00,2026-05-27 15:17:00
21f6a7cf-7fa1-4f86-a12c-9370a1b187bf,SUP-0005,Delivered,CAR002,LOC-SUPL-5,LOC-PLANT-002,2026-04-01 15:17:00,2026-04-10 15:17:00,2026-04-10 15:17:00,2026-04-10 15:17:00,2026-04-06 15:17:00
9f6f8a3c-714e-4333-aa76-936a69edab88,SUP-0005,Delivered,CAR002,LOC-SUPL-5,LOC-PLANT-002,2026-03-31 15:17:00,2026-04-07 15:17:00,2026-04-06 15:17:00,2026-04-10 15:17:00,2026-04-06 15:17:00
3941ec61-b9c1-4bf9-8b0c-1cceb1482d6f,SUP-0005,Delivered,CAR003,LOC-SUPL-5,LOC-PLANT-001,2026-03-10 15:17:00,2026-03-13 15:17:00,2026-03-14 15:17:00,2026-03-14 15:17:00,2026-03-11 15:17:00
137bc949-2a40-4acc-8f12-af2f1fdbc47d,SUP-0004,Delivered,CAR002,LOC-SUPL-4,LOC-PLANT-001,2026-04-03 15:17:00,2026-04-06 15:17:00,2026-04-06 15:17:00,2026-04-07 15:17:00,2026-04-04 15:17:00
396b34af-7c74-4a2f-94d0-250f046253b8,SUP-0010,Delivered,CAR001,LOC-SUPL-10,LOC-PLANT-001,2026-03-07 15:17:00,2026-03-09 15:17:00,2026-03-09 15:17:00,2026-03-12 15:17:00,2026-03-14 15:17:00
9226ed05-8a3f-459f-88b1-5b1cd8e64fbe,SUP-0010,Delivered,CAR001,LOC-SUPL-10,LOC-PLANT-001,2026-03-10 15:17:00,2026-03-14 15:17:00,2026-03-12 15:17:00,2026-03-12 15:17:00,2026-03-14 15:17:00
646f1220-2d07-4a54-bbd5-44cf705a982e,SUP-0003,Delivered,CAR001,LOC-SUPL-3,LOC-PLANT-001,2026-07-24 15:17:00,2026-07-26 15:17:00,2026-07-27 15:17:00,2026-07-27 15:17:00,2026-07-26 15:17:00
1395184d-32e0-4f4a-b27d-b6b26aa748f4,SUP-0009,Delivered,CAR001,LOC-SUPL-9,LOC-PLANT-002,2026-03-14 15:17:00,2026-03-23 15:17:00,2026-03-23 15:17:00,2026-03-23 15:17:00,2026-03-19 15:17:00
9399fac0-1ff9-4a65-8d13-f27752086fa1,SUP-0004,Delivered,CAR003,LOC-SUPL-4,LOC-PLANT-001,2026-05-01 15:17:00,2026-05-05 15:17:00,2026-05-06 15:17:00,2026-05-09 15:17:00,2026-05-04 15:17:00
4f74f404-5201-45d3-8699-be21afe60a58,SUP-0004,Delivered,CAR003,LOC-SUPL-4,LOC-PLANT-001,2026-05-06 15:17:00,2026-05-07 15:17:00,2026-05-09 15:17:00,2026-05-09 15:17:00,2026-05-04 15:17:00
6ac0c003-5e9a-4e8e-9b7b-976713d5a1e1,SUP-0001,Delivered,CAR003,LOC-SUPL-1,LOC-PLANT-001,2026-07-09 15:17:00,2026-07-16 15:17:00,2026-07-11 15:17:00,2026-07-13 15:17:00,2026-07-15 15:17:00
89e53ac0-63a4-4170-b6c3-e3fb32f84c18,SUP-0006,Delivered,CAR001,LOC-SUPL-6,LOC-PLANT-001,2026-04-10 15:17:00,2026-04-20 15:17:00,2026-04-14 15:17:00,2026-04-17 15:17:00,2026-04-19 15:17:00
218e47ea-2b00-4007-b5ae-3028df85e7c2,SUP-0001,Delivered,CAR001,LOC-SUPL-1,LOC-PLANT-001,2026-04-17 15:17:00,2026-04-18 15:17:00,2026-04-20 15:17:00,2026-04-24 15:17:00,2026-04-22 15:17:00
577d9cfb-167c-45c7-8a34-f938462a2703,SUP-0001,Delivered,CAR001,LOC-SUPL-1,LOC-PLANT-001,2026-04-19 15:17:00,2026-04-22 15:17:00,2026-04-24 15:17:00,2026-04-24 15:17:00,2026-04-22 15:17:00
f8233018-420a-4c39-a228-78e3d1f0f65e,SUP-0007,Delivered,CAR001,LOC-SUPL-7,LOC-PLANT-002,2026-08-19 15:17:00,2026-08-26 15:17:00,2026-08-31 15:17:00,2026-08-31 15:17:00,2026-08-23 15:17:00
f43ae6f6-def6-4994-94b0-47f788dbcb96,SUP-0010,Delivered,CAR002,LOC-SUPL-10,LOC-PLANT-001,2026-04-07 15:17:00,2026-04-11 15:17:00,2026-04-11 15:17:00,2026-04-11 15:17:00,2026-04-08 15:17:00
5e590dc1-386d-4822-988c-36d3877a4dc2,SUP-0009,Delivered,CAR001,LOC-SUPL-9,LOC-PLANT-002,2026-07-12 15:17:00,2026-07-20 15:17:00,2026-07-19 15:17:00,2026-07-20 15:17:00,2026-07-16 15:17:00
69425630-a94f-4472-84af-e51a50d152ba,SUP-0009,Delivered,CAR001,LOC-SUPL-9,LOC-PLANT-002,2026-07-10 15:17:00,2026-07-17 15:17:00,2026-07-20 15:17:00,2026-07-20 15:17:00,2026-07-16 15:17:00
256b11ad-1673-414c-ad27-ebe9008c6e1a,SUP-0004,Delivered,CAR003,LOC-SUPL-4,LOC-PLANT-002,2026-08-30 15:17:00,2026-09-07 15:17:00,2026-09-03 15:17:00,2026-09-05 15:17:00,2026-09-03 15:17:00
50f33670-d50b-437a-8fed-be5ea2ca753c,SUP-0007,Delivered,CAR001,LOC-SUPL-7,LOC-PLANT-002,2026-06-05 15:17:00,2026-06-15 15:17:00,2026-06-17 15:17:00,2026-06-17 15:17:00,2026-06-15 15:17:00
2ed9c400-aaa3-4faf-a06a-559bc69c7115,SUP-0002,Delivered,CAR003,LOC-SUPL-2,LOC-PLANT-001,2026-08-03 15:17:00,2026-08-04 15:17:00,2026-08-06 15:17:00,2026-08-06 15:17:00,2026-08-06 15:17:00
98203e5a-92de-4550-9414-e7154a40dae7,SUP-0002,Delivered,CAR003,LOC-SUPL-2,LOC-PLANT-001,2026-08-03 15:17:00,2026-08-06 15:17:00,2026-08-03 15:17:00,2026-08-06 15:17:00,2026-08-06 15:17:00
cd6463b2-e9a1-428f-9080-c4e1e9cc136e,SUP-0007,Delivered,CAR002,LOC-SUPL-7,LOC-PLANT-001,2026-09-01 15:17:00,2026-09-03 15:17:00,2026-09-05 15:17:00,2026-09-05 15:17:00,2026-09-08 15:17:00
b2eaf5ca-cebe-4095-83fd-2769f6a54ba2,SUP-0009,Delivered,CAR003,LOC-SUPL-9,LOC-PLANT-002,2026-07-04 15:17:00,2026-07-10 15:17:00,2026-07-11 15:17:00,2026-07-12 15:17:00,2026-07-13 15:17:00
21d11ab7-4c3e-4031-a2cc-696c11fab24d,SUP-0006,Delivered,CAR002,LOC-SUPL-6,LOC-PLANT-002,2026-08-23 15:17:00,2026-08-27 15:17:00,2026-08-30 15:17:00,2026-09-01 15:17:00,2026-08-27 15:17:00
4aa08795-b9aa-4ddf-bc91-8e7655b256db,SUP-0006,Delivered,CAR002,LOC-SUPL-6,LOC-PLANT-002,2026-08-27 15:17:00,2026-08-28 15:17:00,2026-09-01 15:17:00,2026-09-01 15:17:00,2026-08-27 15:17:00
8dbc87a7-e326-40c1-ad9b-cdbda70232d8,SUP-0001,Delivered,CAR001,LOC-SUPL-1,LOC-PLANT-002,2026-08-15 15:17:00,2026-08-18 15:17:00,2026-08-23 15:17:00,2026-08-23 15:17:00,2026-08-21 15:17:00
c2a1fa67-3753-46cf-b44f-23b2e808b842,SUP-0001,Delivered,CAR002,LOC-SUPL-1,LOC-PLANT-002,2026-05-19 15:17:00,2026-05-26 15:17:00,2026-05-27 15:17:00,2026-05-27 15:17:00,2026-05-22 15:17:00
f43658fe-0846-44a7-89ab-7b11d9ffbc4c,SUP-0006,Delivered,CAR003,LOC-SUPL-6,LOC-PLANT-002,2026-07-29 15:17:00,2026-08-02 15:17:00,2026-08-04 15:17:00,2026-08-07 15:17:00,2026-08-05 15:17:00
b39b721c-e472-4dfc-9795-c15538cb5f1f,SUP-0006,Delivered,CAR003,LOC-SUPL-6,LOC-PLANT-002,2026-07-31 15:17:00,2026-08-06 15:17:00,2026-08-07 15:17:00,2026-08-07 15:17:00,2026-08-05 15:17:00
47f350a1-b826-420c-a509-ff612610e77e,SUP-0003,Delivered,CAR003,LOC-SUPL-3,LOC-PLANT-002,2026-07-06 15:17:00,2026-07-12 15:17:00,2026-07-13 15:17:00,2026-07-13 15:17:00,2026-07-11 15:17:00
f6ee1820-911b-43f1-8e24-07c5f808124c,SUP-0010,Delivered,CAR003,LOC-SUPL-10,LOC-PLANT-002,2026-08-02 15:17:00,2026-08-08 15:17:00,2026-08-07 15:17:00,2026-08-07 15:17:00,2026-08-05 15:17:00
acf9605c-fb43-4e47-8d28-2c1cb7b874a8,SUP-0004,Delivered,CAR001,LOC-SUPL-4,LOC-PLANT-002,2026-03-10 15:17:00,2026-03-14 15:17:00,2026-03-17 15:17:00,2026-03-17 15:17:00,2026-03-17 15:17:00
5544fece-9258-4f08-b047-97c59d64201f,SUP-0004,Delivered,CAR001,LOC-SUPL-4,LOC-PLANT-002,2026-03-08 15:17:00,2026-03-13 15:17:00,2026-03-14 15:17:00,2026-03-17 15:17:00,2026-03-17 15:17:00
48285b0f-3f81-4239-aa68-18710a359649,SUP-0005,Delivered,CAR001,LOC-SUPL-5,LOC-PLANT-001,2026-03-11 15:17:00,2026-03-19 15:17:00,2026-03-17 15:17:00,2026-03-17 15:17:00,2026-03-15 15:17:00
1a1d8caa-2990-4f90-ba05-4400ba83abde,SUP-0003,Delivered,CAR002,LOC-SUPL-3,LOC-PLANT-001,2026-03-14 15:17:00,2026-03-20 15:17:00,2026-03-17 15:17:00,2026-03-19 15:17:00,2026-03-22 15:17:00
3bee4eea-9000-4126-8321-000faae9bdbe,SUP-0005,Delivered,CAR001,LOC-SUPL-5,LOC-PLANT-001,2026-03-29 15:17:00,2026-04-03 15:17:00,2026-04-04 15:17:00,2026-04-04 15:17:00,2026-03-31 15:17:00
1639831f-6caa-4397-8cc7-84ebf146abf7,SUP-0005,Delivered,CAR001,LOC-SUPL-5,LOC-PLANT-001,2026-03-30 15:17:00,2026-04-04 15:17:00,2026-04-03 15:17:00,2026-04-04 15:17:00,2026-03-31 15:17:00
70534647-e3a3-4507-9653-af2ebb09ccee,SUP-0001,Delivered,CAR003,LOC-SUPL-1,LOC-PLANT-001,2026-08-14 15:17:00,2026-08-19 15:17:00,2026-08-17 15:17:00,2026-08-17 15:17:00,2026-08-18 15:17:00
3e549075-a92d-4524-b376-c896a7112e9c,SUP-0004,Delivered,CAR001,LOC-SUPL-4,LOC-PLANT-002,2026-04-26 15:17:00,2026-05-06 15:17:00,2026-05-05 15:17:00,2026-05-06 15:17:00,2026-05-07 15:17:00
4f63a698-9f6d-4030-a16c-b8cf938d1907,SUP-0004,Delivered,CAR002,LOC-SUPL-4,LOC-PLANT-001,2026-04-16 15:17:00,2026-04-21 15:17:00,2026-04-21 15:17:00,2026-04-21 15:17:00,2026-04-22 15:17:00
9ce17bdd-fef8-4989-9bf0-34e08f3223f8,SUP-0004,Delivered,CAR002,LOC-SUPL-4,LOC-PLANT-001,2026-04-16 15:17:00,2026-04-18 15:17:00,2026-04-20 15:17:00,2026-04-21 15:17:00,2026-04-22 15:17:00
b3ee8642-e6bf-4187-9652-fe3930934ea1,SUP-0001,Delivered,CAR003,LOC-SUPL-1,LOC-PLANT-002,2026-06-06 15:17:00,2026-06-08 15:17:00,2026-06-11 15:17:00,2026-06-11 15:17:00,2026-06-12 15:17:00
84cc67ce-e706-4e8b-a39a-828750d1de88,SUP-0004,Delivered,CAR001,LOC-SUPL-4,LOC-PLANT-001,2026-06-05 15:17:00,2026-06-10 15:17:00,2026-06-11 15:17:00,2026-06-11 15:17:00,2026-06-11 15:17:00
daca7215-511c-4594-ad0a-1a49a96a5382,SUP-0007,Delivered,CAR003,LOC-SUPL-7,LOC-PLANT-001,2026-07-17 15:17:00,2026-07-27 15:17:00,2026-07-25 15:17:00,2026-07-26 15:17:00,2026-07-24 15:17:00
62d8ee8f-5e0f-4c3a-a2fe-c06c35a3ab75,SUP-0007,Delivered,CAR003,LOC-SUPL-7,LOC-PLANT-001,2026-07-17 15:17:00,2026-07-23 15:17:00,2026-07-26 15:17:00,2026-07-26 15:17:00,2026-07-24 15:17:00
7820e052-c117-40c2-9b8f-570071bba0df,SUP-0003,Delivered,CAR002,LOC-SUPL-3,LOC-PLANT-002,2026-07-26 15:17:00,2026-08-02 15:17:00,2026-08-02 15:17:00,2026-08-02 15:17:00,2026-07-30 15:17:00
db60bde6-0cb3-4d82-b9b6-14932cc8aad5,SUP-0004,Delivered,CAR003,LOC-SUPL-4,LOC-PLANT-001,2026-04-05 15:17:00,2026-04-09 15:17:00,2026-04-07 15:17:00,2026-04-09 15:17:00,2026-04-07 15:17:00
a2f965ff-0760-44b4-a36d-c88b11e1fb6e,SUP-0004,Delivered,CAR001,LOC-SUPL-4,LOC-PLANT-002,2026-08-26 15:17:00,2026-09-03 15:17:00,2026-09-04 15:17:00,2026-09-05 15:17:00,2026-09-03 15:17:00
712a4b5b-290b-4011-8809-8aa649626ba1,SUP-0004,Delivered,CAR001,LOC-SUPL-4,LOC-PLANT-002,2026-08-27 15:17:00,2026-09-01 15:17:00,2026-09-05 15:17:00,2026-09-05 15:17:00,2026-09-03 15:17:00
ccf2a053-ef01-4720-8f65-99d26b35aa23,SUP-0008,Delivered,CAR001,LOC-SUPL-8,LOC-PLANT-001,2026-07-11 15:17:00,2026-07-19 15:17:00,2026-07-20 15:17:00,2026-07-20 15:17:00,2026-07-17 15:17:00
71d07513-6390-4d48-a628-429d57df5d40,SUP-0001,Delivered,CAR001,LOC-SUPL-1,LOC-PLANT-002,2026-07-01 15:17:00,2026-07-05 15:17:00,2026-07-06 15:17:00,2026-07-07 15:17:00,2026-07-07 15:17:00
7c3b8817-3c58-4b27-9c5a-a0c8b6ee4109,SUP-0010,Delivered,CAR001,LOC-SUPL-10,LOC-PLANT-001,2026-08-25 15:17:00,2026-08-27 15:17:00,2026-08-26 15:17:00,2026-08-28 15:17:00,2026-08-27 15:17:00
66323dcd-2b3c-4772-ae32-81a0f82c381b,SUP-0010,Delivered,CAR001,LOC-SUPL-10,LOC-PLANT-001,2026-08-24 15:17:00,2026-08-27 15:17:00,2026-08-28 15:17:00,2026-08-28 15:17:00,2026-08-27 15:17:00
77d82573-ff8f-4b84-b302-8d9c8a540e43,SUP-0010,Delivered,CAR001,LOC-SUPL-10,LOC-PLANT-002,2026-06-01 15:17:00,2026-06-03 15:17:00,2026-06-08 15:17:00,2026-06-08 15:17:00,2026-06-02 15:17:00
077ed6b9-f08f-404f-9966-8e980e827546,SUP-0008,Delivered,CAR001,LOC-SUPL-8,LOC-PLANT-001,2026-06-30 15:17:00,2026-07-08 15:17:00,2026-07-09 15:17:00,2026-07-09 15:17:00,2026-07-05 15:17:00
cdb515a7-926e-4692-9707-d86290c6ddce,SUP-0006,Delivered,CAR003,LOC-SUPL-6,LOC-PLANT-002,2026-05-06 15:17:00,2026-05-12 15:17:00,2026-05-14 15:17:00,2026-05-14 15:17:00,2026-05-08 15:17:00
f8dd19b6-69b2-41d3-912b-0bec6f8e0baf,SUP-0006,Delivered,CAR003,LOC-SUPL-6,LOC-PLANT-002,2026-05-08 15:17:00,2026-05-09 15:17:00,2026-05-13 15:17:00,2026-05-14 15:17:00,2026-05-08 15:17:00
f0192be8-aab7-4908-8270-af78ad87db78,SUP-0004,Delivered,CAR003,LOC-SUPL-4,LOC-PLANT-001,2026-03-24 15:17:00,2026-04-01 15:17:00,2026-03-28 15:17:00,2026-03-30 15:17:00,2026-03-28 15:17:00
4002ee7a-474c-4109-9f7d-ec2ed2d90195,SUP-0002,Delivered,CAR002,LOC-SUPL-2,LOC-PLANT-002,2026-07-08 15:17:00,2026-07-17 15:17:00,2026-07-13 15:17:00,2026-07-15 15:17:00,2026-07-12 15:17:00
19d14a4f-b042-4045-a6a3-d390efd2d038,SUP-0002,Delivered,CAR001,LOC-SUPL-2,LOC-PLANT-002,2026-06-23 15:17:00,2026-07-01 15:17:00,2026-06-30 15:17:00,2026-07-01 15:17:00,2026-07-03 15:17:00
8cc460c1-0e16-4e49-800a-d5b9f8e86278,SUP-0002,Delivered,CAR001,LOC-SUPL-2,LOC-PLANT-002,2026-06-23 15:17:00,2026-06-29 15:17:00,2026-06-29 15:17:00,2026-07-01 15:17:00,2026-07-03 15:17:00
f3fa0615-331b-4361-9f8e-3964610a04c2,SUP-0001,Delivered,CAR001,LOC-SUPL-1,LOC-PLANT-002,2026-04-06 15:17:00,2026-04-16 15:17:00,2026-04-12 15:17:00,2026-04-13 15:17:00,2026-04-16 15:17:00
4a5647c6-8db5-410e-b898-c9961ddd54db,SUP-0001,Delivered,CAR002,LOC-SUPL-1,LOC-PLANT-002,2026-07-14 15:17:00,2026-07-16 15:17:00,2026-07-21 15:17:00,2026-07-21 15:17:00,2026-07-16 15:17:00
98d43515-38e5-4639-a433-f7dd5fc8625e,SUP-0005,Delivered,CAR002,LOC-SUPL-5,LOC-PLANT-001,2026-07-02 15:17:00,2026-07-07 15:17:00,2026-07-07 15:17:00,2026-07-07 15:17:00,2026-07-08 15:17:00
adfa2094-336b-4bef-b990-e86a2d20abde,SUP-0005,Delivered,CAR002,LOC-SUPL-5,LOC-PLANT-001,2026-06-30 15:17:00,2026-07-04 15:17:00,2026-07-04 15:17:00,2026-07-07 15:17:00,2026-07-08 15:17:00
3126256d-d7c7-4a88-8886-b52d4b268bbe,SUP-0001,Delivered,CAR003,LOC-SUPL-1,LOC-PLANT-002,2026-08-03 15:17:00,2026-08-10 15:17:00,2026-08-08 15:17:00,2026-08-08 15:17:00,2026-08-10 15:17:00
873cdb5f-25b9-46a4-87d5-5daed9b9cdd1,SUP-0006,Delivered,CAR002,LOC-SUPL-6,LOC-PLANT-002,2026-06-02 15:17:00,2026-06-08 15:17:00,2026-06-06 15:17:00,2026-06-06 15:17:00,2026-06-05 15:17:00
2a10e779-ecbb-4fce-a340-0b09c26fd6b9,SUP-0008,Delivered,CAR002,LOC-SUPL-8,LOC-PLANT-002,2026-04-06 15:17:00,2026-04-16 15:17:00,2026-04-16 15:17:00,2026-04-16 15:17:00,2026-04-13 15:17:00
69e926f3-2306-4ee3-abfc-fb8dd24233c3,SUP-0008,Delivered,CAR002,LOC-SUPL-8,LOC-PLANT-002,2026-04-06 15:17:00,2026-04-10 15:17:00,2026-04-16 15:17:00,2026-04-16 15:17:00,2026-04-13 15:17:00
dbb90eeb-e2d4-486e-8804-a6380a66b08e,SUP-0004,Delivered,CAR003,LOC-SUPL-4,LOC-PLANT-001,2026-03-16 15:17:00,2026-03-20 15:17:00,2026-03-21 15:17:00,2026-03-21 15:17:00,2026-03-20 15:17:00
3d2cc8ca-5b5a-44a2-971b-7e8347cd4bfd,SUP-0009,Delivered,CAR002,LOC-SUPL-9,LOC-PLANT-001,2026-06-09 15:17:00,2026-06-12 15:17:00,2026-06-16 15:17:00,2026-06-16 15:17:00,2026-06-13 15:17:00
7f91f37b-9c9a-4b80-8c4a-8321b3e49bc4,SUP-0006,Delivered,CAR001,LOC-SUPL-6,LOC-PLANT-001,2026-07-21 15:17:00,2026-07-25 15:17:00,2026-07-25 15:17:00,2026-07-26 15:17:00,2026-07-27 15:17:00
bd26200e-c209-454a-a40b-d6aa6af03ec8,SUP-0006,Delivered,CAR001,LOC-SUPL-6,LOC-PLANT-001,2026-07-20 15:17:00,2026-07-29 15:17:00,2026-07-25 15:17:00,2026-07-26 15:17:00,2026-07-27 15:17:00
a1cdf377-0392-4386-bbca-c0321d0e52e2,SUP-0008,Delivered,CAR003,LOC-SUPL-8,LOC-PLANT-001,2026-08-25 15:17:00,2026-08-30 15:17:00,2026-09-02 15:17:00,2026-09-02 15:17:00,2026-09-01 15:17:00
0e23f597-6bed-48de-a3ed-0a4906f4cda9,SUP-0006,Delivered,CAR003,LOC-SUPL-6,LOC-PLANT-002,2026-05-23 15:17:00,2026-05-31 15:17:00,2026-05-27 15:17:00,2026-05-29 15:17:00,2026-05-26 15:17:00
cad703a8-723e-40de-907f-40476cde7a3f,SUP-0003,Delivered,CAR003,LOC-SUPL-3,LOC-PLANT-002,2026-07-15 15:17:00,2026-07-20 15:17:00,2026-07-20 15:17:00,2026-07-20 15:17:00,2026-07-17 15:17:00
8bf95f88-cfe9-4bf8-99d9-ac5c15f8da0c,SUP-0003,Delivered,CAR003,LOC-SUPL-3,LOC-PLANT-002,2026-07-13 15:17:00,2026-07-19 15:17:00,2026-07-17 15:17:00,2026-07-20 15:17:00,2026-07-17 15:17:00
8d604278-6d2c-4eb0-ba66-04e05b31ce6b,SUP-0002,Delivered,CAR001,LOC-SUPL-2,LOC-PLANT-002,2026-07-09 15:17:00,2026-07-15 15:17:00,2026-07-13 15:17:00,2026-07-13 15:17:00,2026-07-09 15:17:00
972ffaf3-22fa-4156-8cbc-16ade2e121e1,SUP-0005,Delivered,CAR003,LOC-SUPL-5,LOC-PLANT-001,2026-05-11 15:17:00,2026-05-15 15:17:00,2026-05-16 15:17:00,2026-05-17 15:17:00,2026-05-14 15:17:00
9f4b3ce5-2dd9-4718-8e2f-43907ab4ffb4,SUP-0006,Delivered,CAR002,LOC-SUPL-6,LOC-PLANT-002,2026-05-16 15:17:00,2026-05-18 15:17:00,2026-05-20 15:17:00,2026-05-21 15:17:00,2026-05-21 15:17:00
7d33e342-8152-4cb0-be09-892b84929fda,SUP-0006,Delivered,CAR002,LOC-SUPL-6,LOC-PLANT-002,2026-05-15 15:17:00,2026-05-19 15:17:00,2026-05-21 15:17:00,2026-05-21 15:17:00,2026-05-21 15:17:00
02803add-9c56-4274-bf1f-838f6740094e,SUP-0004,Delivered,CAR002,LOC-SUPL-4,LOC-PLANT-002,2026-06-24 15:17:00,2026-06-30 15:17:00,2026-07-03 15:17:00,2026-07-03 15:17:00,2026-07-04 15:17:00
36dfc935-ab81-44eb-a345-f930d9ced320,SUP-0002,Delivered,CAR001,LOC-SUPL-2,LOC-PLANT-001,2026-07-05 15:17:00,2026-07-06 15:17:00,2026-07-06 15:17:00,2026-07-08 15:17:00,2026-07-08 15:17:00
2f78e6bb-62c9-4866-a68a-ea6a41eaca70,SUP-0004,Delivered,CAR002,LOC-SUPL-4,LOC-PLANT-002,2026-03-19 15:17:00,2026-03-24 15:17:00,2026-03-26 15:17:00,2026-03-31 15:17:00,2026-03-26 15:17:00
53d60f05-083b-47ef-9b74-eba083ded606,SUP-0004,Delivered,CAR002,LOC-SUPL-4,LOC-PLANT-002,2026-03-23 15:17:00,2026-03-28 15:17:00,2026-03-31 15:17:00,2026-03-31 15:17:00,2026-03-26 15:17:00
ff5c2858-2ab6-42d9-8621-d65a66f89351,SUP-0006,Delivered,CAR001,LOC-SUPL-6,LOC-PLANT-001,2026-05-01 15:17:00,2026-05-07 15:17:00,2026-05-05 15:17:00,2026-05-05 15:17:00,2026-05-07 15:17:00
0f9f02f2-bc86-45da-ba64-04cc97ebc527,SUP-0006,Delivered,CAR001,LOC-SUPL-6,LOC-PLANT-001,2026-06-23 15:17:00,2026-07-02 15:17:00,2026-07-01 15:17:00,2026-07-01 15:17:00,2026-06-28 15:17:00
11bb3876-0bb6-445c-b530-5eb602328fba,SUP-0009,Delivered,CAR002,LOC-SUPL-9,LOC-PLANT-002,2026-03-30 15:17:00,2026-04-05 15:17:00,2026-04-08 15:17:00,2026-04-08 15:17:00,2026-04-06 15:17:00
ec24854f-fec6-4b96-b47e-6a9f541c9ed8,SUP-0009,Delivered,CAR002,LOC-SUPL-9,LOC-PLANT-002,2026-03-31 15:17:00,2026-04-08 15:17:00,2026-04-08 15:17:00,2026-04-08 15:17:00,2026-04-06 15:17:00
ec1a195a-ab31-4b10-86f7-4a275eb79a49,SUP-0001,Delivered,CAR002,LOC-SUPL-1,LOC-PLANT-001,2026-03-30 15:17:00,2026-04-06 15:17:00,2026-04-03 15:17:00,2026-04-03 15:17:00,2026-04-05 15:17:00
fe34c7a9-ce4d-41dd-9335-b63ba4627648,SUP-0006,Delivered,CAR003,LOC-SUPL-6,LOC-PLANT-002,2026-05-09 15:17:00,2026-05-16 15:17:00,2026-05-17 15:17:00,2026-05-17 15:17:00,2026-05-15 15:17:00
fa2b8c1f-a4b6-488f-884a-dd63137cda90,SUP-0008,Delivered,CAR002,LOC-SUPL-8,LOC-PLANT-001,2026-07-31 15:17:00,2026-08-05 15:17:00,2026-08-06 15:17:00,2026-08-07 15:17:00,2026-08-05 15:17:00
da8fa860-a319-4849-aef8-60630750dd79,SUP-0008,Delivered,CAR002,LOC-SUPL-8,LOC-PLANT-001,2026-08-01 15:17:00,2026-08-05 15:17:00,2026-08-07 15:17:00,2026-08-07 15:17:00,2026-08-05 15:17:00
f5d3271e-2400-47b6-a8c7-c676ba1da60f,SUP-0008,Delivered,CAR002,LOC-SUPL-8,LOC-PLANT-002,2026-07-17 15:17:00,2026-07-25 15:17:00,2026-07-27 15:17:00,2026-07-27 15:17:00,2026-07-22 15:17:00
fb759c91-85be-4a79-beb3-78352719694e,SUP-0009,Delivered,CAR001,LOC-SUPL-9,LOC-PLANT-002,2026-07-01 15:17:00,2026-07-08 15:17:00,2026-07-08 15:17:00,2026-07-11 15:17:00,2026-07-13 15:17:00
b14fbcaa-6019-422e-9d73-bf49e9090024,SUP-0005,Delivered,CAR003,LOC-SUPL-5,LOC-PLANT-001,2026-07-11 15:17:00,2026-07-12 15:17:00,2026-07-14 15:17:00,2026-07-14 15:17:00,2026-07-14 15:17:00
1c306533-7f43-4ff3-80f2-95511f4377fb,SUP-0005,Delivered,CAR003,LOC-SUPL-5,LOC-PLANT-001,2026-07-09 15:17:00,2026-07-12 15:17:00,2026-07-11 15:17:00,2026-07-14 15:17:00,2026-07-14 15:17:00
432f22c9-64ad-441c-a7e3-54959b5d423e,SUP-0009,Delivered,CAR003,LOC-SUPL-9,LOC-PLANT-001,2026-03-17 15:17:00,2026-03-27 15:17:00,2026-03-23 15:17:00,2026-03-25 15:17:00,2026-03-22 15:17:00
ba569bd5-db6c-4997-8f2d-53e244fa81c8,SUP-0009,Delivered,CAR003,LOC-SUPL-9,LOC-PLANT-001,2026-04-14 15:17:00,2026-04-17 15:17:00,2026-04-21 15:17:00,2026-04-21 15:17:00,2026-04-15 15:17:00
794791ad-949a-471f-93ed-691bfec1e883,SUP-0004,Delivered,CAR001,LOC-SUPL-4,LOC-PLANT-001,2026-06-23 15:17:00,2026-06-24 15:17:00,2026-06-28 15:17:00,2026-06-28 15:17:00,2026-06-25 15:17:00
8b204c5a-671f-4f21-b860-4a7b35cbb012,SUP-0004,Delivered,CAR001,LOC-SUPL-4,LOC-PLANT-001,2026-06-19 15:17:00,2026-06-26 15:17:00,2026-06-23 15:17:00,2026-06-28 15:17:00,2026-06-25 15:17:00
3d77849b-5cac-4d38-acc5-74a59c57febe,SUP-0006,Delivered,CAR003,LOC-SUPL-6,LOC-PLANT-001,2026-08-12 15:17:00,2026-08-15 15:17:00,2026-08-18 15:17:00,2026-08-18 15:17:00,2026-08-15 15:17:00
3ab7e2e9-ce9a-49bd-84db-9f7702c9f729,SUP-0010,Delivered,CAR003,LOC-SUPL-10,LOC-PLANT-002,2026-08-27 15:17:00,2026-09-03 15:17:00,2026-09-02 15:17:00,2026-09-03 15:17:00,2026-09-06 15:17:00
7e2da7fa-6195-4c1c-b8c4-0e6d3da444bb,SUP-0007,Delivered,CAR002,LOC-SUPL-7,LOC-PLANT-001,2026-06-05 15:17:00,2026-06-09 15:17:00,2026-06-12 15:17:00,2026-06-12 15:17:00,2026-06-13 15:17:00
694b2c9b-92fd-4992-bf63-113373e650ff,SUP-0007,Delivered,CAR002,LOC-SUPL-7,LOC-PLANT-001,2026-06-04 15:17:00,2026-06-12 15:17:00,2026-06-11 15:17:00,2026-06-12 15:17:00,2026-06-13 15:17:00
f339da7e-a5ae-41e1-97d5-83deddc2ec79,SUP-0001,Delivered,CAR002,LOC-SUPL-1,LOC-PLANT-001,2026-05-06 15:17:00,2026-05-07 15:17:00,2026-05-10 15:17:00,2026-05-10 15:17:00,2026-05-10 15:17:00
51ee17af-7b06-4a0c-aa15-bb562970e2bf,SUP-0003,Delivered,CAR003,LOC-SUPL-3,LOC-PLANT-001,2026-09-01 15:17:00,2026-09-05 15:17:00,2026-09-06 15:17:00,2026-09-06 15:17:00,2026-09-06 15:17:00
43649579-97d2-4123-86fb-500262c337b9,SUP-0007,Delivered,CAR003,LOC-SUPL-7,LOC-PLANT-001,2026-06-29 15:17:00,2026-07-10 15:17:00,2026-07-06 15:17:00,2026-07-08 15:17:00,2026-07-10 15:17:00
2e08eb48-5d81-4cd6-aeac-8f22b555ee91,SUP-0007,Delivered,CAR003,LOC-SUPL-7,LOC-PLANT-001,2026-06-29 15:17:00,2026-07-06 15:17:00,2026-07-05 15:17:00,2026-07-08 15:17:00,2026-07-10 15:17:00
eae2fc36-1d62-44f8-8e03-5747f31ce5bc,SUP-0006,Delivered,CAR002,LOC-SUPL-6,LOC-PLANT-002,2026-05-03 15:17:00,2026-05-07 15:17:00,2026-05-10 15:17:00,2026-05-10 15:17:00,2026-05-09 15:17:00
aceeeef4-b8fd-481b-8f6a-c5fe39c128d4,SUP-0010,Delivered,CAR003,LOC-SUPL-10,LOC-PLANT-001,2026-04-22 15:17:00,2026-04-24 15:17:00,2026-04-22 15:17:00,2026-04-22 15:17:00,2026-04-25 15:17:00
841a697c-3436-4c69-9af4-d245d4a6df40,SUP-0010,Delivered,CAR003,LOC-SUPL-10,LOC-PLANT-002,2026-06-20 15:17:00,2026-06-22 15:17:00,2026-06-24 15:17:00,2026-06-24 15:17:00,2026-06-26 15:17:00
183af005-d2e3-4e08-a3ae-78481a566f14,SUP-0010,Delivered,CAR003,LOC-SUPL-10,LOC-PLANT-002,2026-06-20 15:17:00,2026-06-25 15:17:00,2026-06-23 15:17:00,2026-06-24 15:17:00,2026-06-26 15:17:00
5cbe9aa4-bcd7-4610-8293-6001b065c85a,SUP-0010,Delivered,CAR003,LOC-SUPL-10,LOC-PLANT-001,2026-07-22 15:17:00,2026-07-23 15:17:00,2026-07-24 15:17:00,2026-07-25 15:17:00,2026-07-23 15:17:00
9cec650b-fe00-47ef-9afa-834ba58f002e,SUP-0008,Delivered,CAR001,LOC-SUPL-8,LOC-PLANT-002,2026-07-10 15:17:00,2026-07-18 15:17:00,2026-07-19 15:17:00,2026-07-19 15:17:00,2026-07-20 15:17:00
a1a86f6a-1aea-4336-a9b6-1a6f935cd530,SUP-0010,Delivered,CAR001,LOC-SUPL-10,LOC-PLANT-002,2026-03-30 15:17:00,2026-04-03 15:17:00,2026-04-06 15:17:00,2026-04-06 15:17:00,2026-04-05 15:17:00
49302590-1259-4beb-b114-f078cb367bce,SUP-0010,Delivered,CAR001,LOC-SUPL-10,LOC-PLANT-002,2026-03-27 15:17:00,2026-04-02 15:17:00,2026-04-01 15:17:00,2026-04-06 15:17:00,2026-04-05 15:17:00
0c110def-2de9-4348-a1d8-164aea0b8df7,SUP-0001,Delivered,CAR002,LOC-SUPL-1,LOC-PLANT-001,2026-05-03 15:17:00,2026-05-09 15:17:00,2026-05-08 15:17:00,2026-05-09 15:17:00,2026-05-06 15:17:00
f832aed7-b21c-47af-921c-e7d156cac702,SUP-0010,Delivered,CAR003,LOC-SUPL-10,LOC-PLANT-001,2026-04-27 15:17:00,2026-04-29 15:17:00,2026-04-27 15:17:00,2026-04-30 15:17:00,2026-05-01 15:17:00
d93cc77a-3751-4ca6-891c-19439b7e499d,SUP-0005,Delivered,CAR001,LOC-SUPL-5,LOC-PLANT-002,2026-04-07 15:17:00,2026-04-10 15:17:00,2026-04-14 15:17:00,2026-04-14 15:17:00,2026-04-14 15:17:00
25a0139f-c5ca-4a71-a30b-5ca7a2c8d2f3,SUP-0005,Delivered,CAR001,LOC-SUPL-5,LOC-PLANT-002,2026-04-02 15:17:00,2026-04-12 15:17:00,2026-04-08 15:17:00,2026-04-14 15:17:00,2026-04-14 15:17:00
d5d7cc33-9b9b-434f-942c-2ae01a8693df,SUP-0005,Delivered,CAR002,LOC-SUPL-5,LOC-PLANT-001,2026-07-12 15:17:00,2026-07-16 15:17:00,2026-07-19 15:17:00,2026-07-19 15:17:00,2026-07-21 15:17:00
14aa2a4c-8de8-41fb-87fe-308cc986fc96,SUP-0004,Delivered,CAR001,LOC-SUPL-4,LOC-PLANT-002,2026-04-09 15:17:00,2026-04-13 15:17:00,2026-04-18 15:17:00,2026-04-18 15:17:00,2026-04-16 15:17:00
685125d1-de87-4b64-aa16-f34fc2b9777b,SUP-0010,Delivered,CAR003,LOC-SUPL-10,LOC-PLANT-002,2026-06-18 15:17:00,2026-06-20 15:17:00,2026-06-24 15:17:00,2026-06-24 15:17:00,2026-06-24 15:17:00
f2c9999c-4603-4778-8bdd-754548167662,SUP-0010,Delivered,CAR003,LOC-SUPL-10,LOC-PLANT-002,2026-06-16 15:17:00,2026-06-23 15:17:00,2026-06-23 15:17:00,2026-06-24 15:17:00,2026-06-24 15:17:00
6b76947f-5a98-4c36-a5a9-a62572ee4f40,SUP-0005,Delivered,CAR002,LOC-SUPL-5,LOC-PLANT-001,2026-04-23 15:17:00,2026-04-27 15:17:00,2026-04-26 15:17:00,2026-04-29 15:17:00,2026-04-28 15:17:00
1b597fd0-c4bd-42f7-afd8-f67efb2b88ba,SUP-0002,Delivered,CAR003,LOC-SUPL-2,LOC-PLANT-002,2026-04-02 15:17:00,2026-04-07 15:17:00,2026-04-06 15:17:00,2026-04-08 15:17:00,2026-04-08 15:17:00
04a6516e-0286-4965-8d4e-6fcf4c58253a,SUP-0003,Delivered,CAR001,LOC-SUPL-3,LOC-PLANT-001,2026-08-26 15:17:00,2026-08-31 15:17:00,2026-08-29 15:17:00,2026-08-29 15:17:00,2026-08-29 15:17:00
ca05f6e3-2326-4e82-a7a9-c7ea07344e12,SUP-0003,Delivered,CAR001,LOC-SUPL-3,LOC-PLANT-001,2026-08-24 15:17:00,2026-08-26 15:17:00,2026-08-27 15:17:00,2026-08-29 15:17:00,2026-08-29 15:17:00
54460d63-1d69-4888-83af-5bc59aa29be6,SUP-0006,Delivered,CAR003,LOC-SUPL-6,LOC-PLANT-001,2026-05-23 15:17:00,2026-05-29 15:17:00,2026-05-27 15:17:00,2026-05-30 15:17:00,2026-05-31 15:17:00
3f12bfa9-4796-43eb-97b7-5c0307a73abb,SUP-0001,Delivered,CAR003,LOC-SUPL-1,LOC-PLANT-001,2026-08-27 15:17:00,2026-08-31 15:17:00,2026-08-31 15:17:00,2026-08-31 15:17:00,2026-08-31 15:17:00
b7436db1-c848-4d63-b6f1-d2d869795005,SUP-0010,Delivered,CAR002,LOC-SUPL-10,LOC-PLANT-002,2026-05-16 15:17:00,2026-05-18 15:17:00,2026-05-22 15:17:00,2026-05-22 15:17:00,2026-05-19 15:17:00
22f3ba79-61b8-415b-89c2-324c4134bb2e,SUP-0010,Delivered,CAR002,LOC-SUPL-10,LOC-PLANT-002,2026-05-16 15:17:00,2026-05-19 15:17:00,2026-05-22 15:17:00,2026-05-22 15:17:00,2026-05-19 15:17:00
a7a3e3e1-1d2c-477a-b9b0-1bc38792417f,SUP-0010,Delivered,CAR003,LOC-SUPL-10,LOC-PLANT-002,2026-08-18 15:17:00,2026-08-24 15:17:00,2026-08-22 15:17:00,2026-08-22 15:17:00,2026-08-21 15:17:00
8708cbe0-65df-4320-a4a2-3c3cc520e364,SUP-0007,Delivered,CAR003,LOC-SUPL-7,LOC-PLANT-002,2026-03-19 15:17:00,2026-03-25 15:17:00,2026-03-29 15:17:00,2026-03-29 15:17:00,2026-03-26 15:17:00
8b610808-1b01-4e01-a4e2-aacaebb1bdaa,SUP-0006,Delivered,CAR001,LOC-SUPL-6,LOC-PLANT-001,2026-05-17 15:17:00,2026-05-21 15:17:00,2026-05-24 15:17:00,2026-05-24 15:17:00,2026-05-19 15:17:00
3eb3df84-f038-4fd4-b020-c1b224a00fd5,SUP-0006,Delivered,CAR001,LOC-SUPL-6,LOC-PLANT-001,2026-05-18 15:17:00,2026-05-24 15:17:00,2026-05-22 15:17:00,2026-05-24 15:17:00,2026-05-19 15:17:00
bd68b4ea-1f9c-41d0-97d1-1ec3f82f80a7,SUP-0006,Delivered,CAR002,LOC-SUPL-6,LOC-PLANT-002,2026-04-18 15:17:00,2026-04-22 15:17:00,2026-04-23 15:17:00,2026-04-23 15:17:00,2026-04-24 15:17:00
005ffd7d-0c42-4334-8726-a45e9e80bd89,SUP-0002,Delivered,CAR003,LOC-SUPL-2,LOC-PLANT-001,2026-08-10 15:17:00,2026-08-15 15:17:00,2026-08-12 15:17:00,2026-08-11 15:17:00,2026-08-16 15:17:00
e7bb5a78-4d5c-4079-90d2-d6e3bd6ce7ab,SUP-0002,Delivered,CAR003,LOC-SUPL-2,LOC-PLANT-001,2026-04-28 15:17:00,2026-05-03 15:17:00,2026-04-29 15:17:00,2026-04-28 15:17:00,2026-05-03 15:17:00
7219b3be-ed47-4ffd-9d25-de00945b7fa5,SUP-0006,Delivered,CAR001,LOC-SUPL-6,LOC-PLANT-001,2026-06-28 15:17:00,2026-06-30 15:17:00,2026-07-02 15:17:00,2026-07-01 15:17:00,2026-07-02 15:17:00
b8f890a7-8ddd-49a2-8547-57b2ca38a7d0,SUP-0006,Delivered,CAR001,LOC-SUPL-6,LOC-PLANT-001,2026-06-24 15:17:00,2026-07-01 15:17:00,2026-07-01 15:17:00,2026-07-01 15:17:00,2026-07-02 15:17:00
83ea8be1-5e9b-4c6c-a9c0-cc5533f36b91,SUP-0004,Delivered,CAR003,LOC-SUPL-4,LOC-PLANT-002,2026-07-27 15:17:00,2026-07-31 15:17:00,2026-08-03 15:17:00,2026-08-02 15:17:00,2026-07-29 15:17:00
5cfb8b18-cb3a-4b4c-93f8-05e7b2858989,SUP-0001,Delivered,CAR003,LOC-SUPL-1,LOC-PLANT-001,2026-05-02 15:17:00,2026-05-06 15:17:00,2026-05-04 15:17:00,2026-05-03 15:17:00,2026-05-09 15:17:00
fa9c140a-cbad-476c-aba2-e5f8eff78f0d,SUP-0009,Delivered,CAR002,LOC-SUPL-9,LOC-PLANT-001,2026-07-08 15:17:00,2026-07-11 15:17:00,2026-07-15 15:17:00,2026-07-14 15:17:00,2026-07-08 15:17:00
5e51925f-2b3c-44a8-85cc-116baa6fdd20,SUP-0009,Delivered,CAR002,LOC-SUPL-9,LOC-PLANT-001,2026-07-07 15:17:00,2026-07-09 15:17:00,2026-07-15 15:17:00,2026-07-14 15:17:00,2026-07-08 15:17:00
a147ad1b-ee8a-4cc8-9571-0da9313afef2,SUP-0002,Delivered,CAR002,LOC-SUPL-2,LOC-PLANT-002,2026-04-10 15:17:00,2026-04-13 15:17:00,2026-04-16 15:17:00,2026-04-15 15:17:00,2026-04-13 15:17:00
c5799994-800a-438b-83fb-4c58f79d9567,SUP-0005,Delivered,CAR001,LOC-SUPL-5,LOC-PLANT-001,2026-03-07 15:17:00,2026-03-09 15:17:00,2026-03-14 15:17:00,2026-03-13 15:17:00,2026-03-12 15:17:00
f3d66b0b-37ae-4a5d-bba5-6b0b1e35ab46,SUP-0002,Delivered,CAR002,LOC-SUPL-2,LOC-PLANT-001,2026-04-02 15:17:00,2026-04-03 15:17:00,2026-04-06 15:17:00,2026-04-05 15:17:00,2026-04-04 15:17:00
c6b4f464-84a1-4b53-83bf-60b414e924e4,SUP-0002,Delivered,CAR002,LOC-SUPL-2,LOC-PLANT-001,2026-04-03 15:17:00,2026-04-05 15:17:00,2026-04-07 15:17:00,2026-04-05 15:17:00,2026-04-04 15:17:00
acecb585-d399-486e-be8f-cd7621d1599b,SUP-0001,Delivered,CAR003,LOC-SUPL-1,LOC-PLANT-002,2026-07-24 15:17:00,2026-07-28 15:17:00,2026-07-29 15:17:00,2026-07-28 15:17:00,2026-08-01 15:17:00
0ddda75f-944a-4c6d-b8b1-56158f2f0224,SUP-0001,Delivered,CAR002,LOC-SUPL-1,LOC-PLANT-001,2026-05-21 15:17:00,2026-05-27 15:17:00,2026-05-24 15:17:00,2026-05-23 15:17:00,2026-05-30 15:17:00
42d43b0e-a5f7-4a53-8fd6-3bba3e202fd1,SUP-0007,Delivered,CAR002,LOC-SUPL-7,LOC-PLANT-001,2026-05-12 15:17:00,2026-05-20 15:17:00,2026-05-19 15:17:00,2026-05-18 15:17:00,2026-05-22 15:17:00
f1806c3a-47a2-456f-a961-55531e1f34cc,SUP-0007,Delivered,CAR002,LOC-SUPL-7,LOC-PLANT-001,2026-05-17 15:17:00,2026-05-18 15:17:00,2026-05-22 15:17:00,2026-05-18 15:17:00,2026-05-22 15:17:00
e032dece-3496-47ed-87a6-e5a66db7269f,SUP-0009,Delivered,CAR002,LOC-SUPL-9,LOC-PLANT-002,2026-07-09 15:17:00,2026-07-14 15:17:00,2026-07-18 15:17:00,2026-07-17 15:17:00,2026-07-19 15:17:00
80b5784e-9da5-4937-ba93-29ec5251bec2,SUP-0009,Delivered,CAR003,LOC-SUPL-9,LOC-PLANT-002,2026-04-04 15:17:00,2026-04-07 15:17:00,2026-04-12 15:17:00,2026-04-11 15:17:00,2026-04-11 15:17:00
573aaff9-c811-4236-9d18-f7457e0a34ae,SUP-0006,Delivered,CAR001,LOC-SUPL-6,LOC-PLANT-001,2026-07-02 15:17:00,2026-07-12 15:17:00,2026-07-09 15:17:00,2026-07-08 15:17:00,2026-07-06 15:17:00
9d00cf1f-3f1b-48ee-952e-8996b9ea83c6,SUP-0006,Delivered,CAR001,LOC-SUPL-6,LOC-PLANT-001,2026-07-02 15:17:00,2026-07-12 15:17:00,2026-07-10 15:17:00,2026-07-08 15:17:00,2026-07-06 15:17:00
7ef04eb1-4ed3-4811-ae6d-8d4c4793e3d4,SUP-0005,Delivered,CAR003,LOC-SUPL-5,LOC-PLANT-001,2026-03-25 15:17:00,2026-03-29 15:17:00,2026-03-28 15:17:00,2026-03-27 15:17:00,2026-03-24 15:17:00
9a4f9322-de85-4fe0-968f-671dd1893fcb,SUP-0006,Delivered,CAR001,LOC-SUPL-6,LOC-PLANT-001,2026-07-26 15:17:00,2026-08-01 15:17:00,2026-07-31 15:17:00,2026-07-30 15:17:00,2026-08-05 15:17:00
b37baea8-980b-4b6f-a66f-8565af8ca9ce,SUP-0006,Delivered,CAR002,LOC-SUPL-6,LOC-PLANT-001,2026-03-16 15:17:00,2026-03-17 15:17:00,2026-03-22 15:17:00,2026-03-21 15:17:00,2026-03-19 15:17:00
50e1df8e-fe28-45cf-872e-92457f30a2b9,SUP-0006,Delivered,CAR002,LOC-SUPL-6,LOC-PLANT-001,2026-03-12 15:17:00,2026-03-15 15:17:00,2026-03-17 15:17:00,2026-03-21 15:17:00,2026-03-19 15:17:00
a074dea4-a2ef-4721-a675-368b1918bc4a,SUP-0008,Delivered,CAR001,LOC-SUPL-8,LOC-PLANT-002,2026-05-06 15:17:00,2026-05-13 15:17:00,2026-05-15 15:17:00,2026-05-14 15:17:00,2026-05-13 15:17:00
dcfe9412-0701-41d5-af07-0e2d5865f05f,SUP-0004,Delivered,CAR001,LOC-SUPL-4,LOC-PLANT-001,2026-07-21 15:17:00,2026-07-28 15:17:00,2026-07-26 15:17:00,2026-07-25 15:17:00,2026-07-23 15:17:00
a5f15b47-5153-4086-9f54-681f3055f0db,SUP-0002,Delivered,CAR003,LOC-SUPL-2,LOC-PLANT-002,2026-03-27 15:17:00,2026-03-31 15:17:00,2026-04-02 15:17:00,2026-04-01 15:17:00,2026-04-01 15:17:00
3f7fdbd0-cb33-42d0-b115-8c3b56fc652b,SUP-0002,Delivered,CAR003,LOC-SUPL-2,LOC-PLANT-002,2026-03-27 15:17:00,2026-03-28 15:17:00,2026-04-01 15:17:00,2026-04-01 15:17:00,2026-04-01 15:17:00
e8d1d42e-d9f4-41b5-beb2-5dfb0847c538,SUP-0009,Delivered,CAR003,LOC-SUPL-9,LOC-PLANT-002,2026-06-23 15:17:00,2026-07-01 15:17:00,2026-07-01 15:17:00,2026-06-30 15:17:00,2026-06-28 15:17:00
9e57be22-7b09-4174-9d88-1d52819e565b,SUP-0002,Delivered,CAR001,LOC-SUPL-2,LOC-PLANT-002,2026-05-30 15:17:00,2026-06-03 15:17:00,2026-06-03 15:17:00,2026-06-02 15:17:00,2026-06-04 15:17:00
e832d467-aa0f-4db6-9551-ec4a0cb7e968,SUP-0003,Delivered,CAR001,LOC-SUPL-3,LOC-PLANT-001,2026-03-24 15:17:00,2026-03-28 15:17:00,2026-03-26 15:17:00,2026-03-25 15:17:00,2026-04-01 15:17:00
1897d355-eca7-4f15-9624-156bb3844d93,SUP-0003,Delivered,CAR001,LOC-SUPL-3,LOC-PLANT-001,2026-03-23 15:17:00,2026-03-30 15:17:00,2026-03-25 15:17:00,2026-03-25 15:17:00,2026-04-01 15:17:00
75e2a411-978e-44a0-97f7-f406300c3a92,SUP-0009,Delivered,CAR002,LOC-SUPL-9,LOC-PLANT-002,2026-07-27 15:17:00,2026-07-30 15:17:00,2026-08-03 15:17:00,2026-08-02 15:17:00,2026-08-03 15:17:00
53c43e3b-7bad-4c88-b11f-d899a4a8f83a,SUP-0006,Delivered,CAR003,LOC-SUPL-6,LOC-PLANT-001,2026-04-23 15:17:00,2026-04-28 15:17:00,2026-04-28 15:17:00,2026-04-27 15:17:00,2026-04-25 15:17:00
50b794e1-0722-4382-8885-6bc05de74cbb,SUP-0004,Delivered,CAR003,LOC-SUPL-4,LOC-PLANT-001,2026-03-23 15:17:00,2026-03-28 15:17:00,2026-03-26 15:17:00,2026-03-25 15:17:00,2026-03-28 15:17:00
8190deca-4767-4628-a384-f7d28265fec9,SUP-0004,Delivered,CAR003,LOC-SUPL-4,LOC-PLANT-001,2026-03-25 15:17:00,2026-03-26 15:17:00,2026-03-27 15:17:00,2026-03-25 15:17:00,2026-03-28 15:17:00
ef503fa5-9c39-478d-9699-636d99fad9f6,SUP-0010,Delivered,CAR002,LOC-SUPL-10,LOC-PLANT-001,2026-04-24 15:17:00,2026-04-29 15:17:00,2026-04-27 15:17:00,2026-04-26 15:17:00,2026-04-30 15:17:00
fb43fc43-2788-4805-a915-39f659487654,SUP-0001,Delivered,CAR001,LOC-SUPL-1,LOC-PLANT-002,2026-06-11 15:17:00,2026-06-18 15:17:00,2026-06-18 15:17:00,2026-06-17 15:17:00,2026-06-14 15:17:00
007d352f-b134-482b-8ff5-80339d0effbc,SUP-0002,Delivered,CAR001,LOC-SUPL-2,LOC-PLANT-002,2026-05-29 15:17:00,2026-06-02 15:17:00,2026-06-06 15:17:00,2026-06-05 15:17:00,2026-06-07 15:17:00
a26bc1c8-a93f-4469-9f44-e64f76d11c95,SUP-0002,Delivered,CAR001,LOC-SUPL-2,LOC-PLANT-002,2026-06-01 15:17:00,2026-06-04 15:17:00,2026-06-07 15:17:00,2026-06-05 15:17:00,2026-06-07 15:17:00
94091209-1722-4ea8-a31d-1a892e25bef3,SUP-0001,Delivered,CAR001,LOC-SUPL-1,LOC-PLANT-001,2026-07-29 15:17:00,2026-08-02 15:17:00,2026-07-31 15:17:00,2026-07-30 15:17:00,2026-08-04 15:17:00
d4340a32-f767-4a19-b20b-03e69b707ee0,SUP-0009,Delivered,CAR002,LOC-SUPL-9,LOC-PLANT-002,2026-08-20 15:17:00,2026-08-28 15:17:00,2026-08-27 15:17:00,2026-08-26 15:17:00,2026-08-24 15:17:00
0ad6cfac-55f5-4107-ba1d-4346bb401ed3,SUP-0002,Delivered,CAR002,LOC-SUPL-2,LOC-PLANT-002,2026-03-26 15:17:00,2026-04-03 15:17:00,2026-03-31 15:17:00,2026-03-30 15:17:00,2026-03-30 15:17:00
d6ee7afe-fd33-4770-b401-716b919d15ca,SUP-0002,Delivered,CAR002,LOC-SUPL-2,LOC-PLANT-002,2026-03-25 15:17:00,2026-04-01 15:17:00,2026-04-01 15:17:00,2026-03-30 15:17:00,2026-03-30 15:17:00
6144ea09-dd2b-4985-a74f-34f3b1f3baa1,SUP-0001,Delivered,CAR003,LOC-SUPL-1,LOC-PLANT-002,2026-07-28 15:17:00,2026-08-05 15:17:00,2026-07-31 15:17:00,2026-07-30 15:17:00,2026-08-05 15:17:00
8f61673a-fe17-477a-99e9-371959f782c2,SUP-0004,Delivered,CAR002,LOC-SUPL-4,LOC-PLANT-001,2026-08-16 15:17:00,2026-08-17 15:17:00,2026-08-21 15:17:00,2026-08-20 15:17:00,2026-08-20 15:17:00
2b1315d4-d741-4f8f-b619-2aa69ddb5760,SUP-0010,Delivered,CAR002,LOC-SUPL-10,LOC-PLANT-002,2026-05-07 15:17:00,2026-05-14 15:17:00,2026-05-14 15:17:00,2026-05-13 15:17:00,2026-05-14 15:17:00
d1cec481-ac0a-44d9-b637-b85d22502b4b,SUP-0010,Delivered,CAR002,LOC-SUPL-10,LOC-PLANT-002,2026-05-09 15:17:00,2026-05-10 15:17:00,2026-05-17 15:17:00,2026-05-13 15:17:00,2026-05-14 15:17:00
fba373c9-3abe-4777-982f-969e3728034b,SUP-0006,Delivered,CAR003,LOC-SUPL-6,LOC-PLANT-001,2026-05-11 15:17:00,2026-05-15 15:17:00,2026-05-17 15:17:00,2026-05-16 15:17:00,2026-05-13 15:17:00
30a3a328-1741-4e53-a0e4-3fc64ec21602,SUP-0004,Delivered,CAR002,LOC-SUPL-4,LOC-PLANT-002,2026-05-22 15:17:00,2026-05-26 15:17:00,2026-05-30 15:17:00,2026-05-29 15:17:00,2026-05-31 15:17:00
96b4fa11-7c8f-4a22-baad-1b52a22cba1e,SUP-0001,Delivered,CAR003,LOC-SUPL-1,LOC-PLANT-001,2026-04-09 15:17:00,2026-04-14 15:17:00,2026-04-14 15:17:00,2026-04-13 15:17:00,2026-04-13 15:17:00
de407c59-548a-499c-a561-542a7f0190c4,SUP-0001,Delivered,CAR003,LOC-SUPL-1,LOC-PLANT-001,2026-04-08 15:17:00,2026-04-13 15:17:00,2026-04-11 15:17:00,2026-04-13 15:17:00,2026-04-13 15:17:00
db94389d-3d8d-400c-b653-e72c65fd716d,SUP-0007,Delivered,CAR002,LOC-SUPL-7,LOC-PLANT-002,2026-07-22 15:17:00,2026-07-27 15:17:00,2026-07-28 15:17:00,2026-07-27 15:17:00,2026-08-01 15:17:00
ebd82001-69af-4eb2-85c3-49f75148334e,SUP-0006,Delivered,CAR001,LOC-SUPL-6,LOC-PLANT-001,2026-06-03 15:17:00,2026-06-05 15:17:00,2026-06-07 15:17:00,2026-06-06 15:17:00,2026-06-10 15:17:00
a65066b7-69e2-4a8a-9637-9fadf08ed6c2,SUP-0009,Delivered,CAR001,LOC-SUPL-9,LOC-PLANT-002,2026-04-29 15:17:00,2026-05-10 15:17:00,2026-05-08 15:17:00,2026-05-07 15:17:00,2026-05-10 15:17:00
3a1057de-14c4-460b-9d07-703f2c58a23e,SUP-0009,Delivered,CAR001,LOC-SUPL-9,LOC-PLANT-002,2026-05-02 15:17:00,2026-05-07 15:17:00,2026-05-10 15:17:00,2026-05-07 15:17:00,2026-05-10 15:17:00
d1153bff-aded-48fc-ac02-a819749345d5,SUP-0005,Delivered,CAR003,LOC-SUPL-5,LOC-PLANT-002,2026-08-05 15:17:00,2026-08-09 15:17:00,2026-08-10 15:17:00,2026-08-09 15:17:00,2026-08-09 15:17:00
c6479d98-e2fe-4906-94a3-5de966a31db7,SUP-0005,Delivered,CAR002,LOC-SUPL-5,LOC-PLANT-002,2026-06-05 15:17:00,2026-06-11 15:17:00,2026-06-13 15:17:00,2026-06-12 15:17:00,2026-06-14 15:17:00
04be71e9-fc89-450f-82e6-21a9cfc7fb8d,SUP-0001,Delivered,CAR002,LOC-SUPL-1,LOC-PLANT-002,2026-03-26 15:17:00,2026-04-02 15:17:00,2026-03-31 15:17:00,2026-03-30 15:17:00,2026-03-29 15:17:00
c97052e9-f8d0-4089-9deb-5b9f097640b8,SUP-0001,Delivered,CAR002,LOC-SUPL-1,LOC-PLANT-002,2026-03-29 15:17:00,2026-04-04 15:17:00,2026-04-04 15:17:00,2026-03-30 15:17:00,2026-03-29 15:17:00
335595d4-041b-4791-bb6e-b2eb4538924c,SUP-0005,Delivered,CAR003,LOC-SUPL-5,LOC-PLANT-001,2026-04-02 15:17:00,2026-04-06 15:17:00,2026-04-08 15:17:00,2026-04-07 15:17:00,2026-04-07 15:17:00
a003cca7-cf92-4675-989f-ec339f0391d5,SUP-0005,Delivered,CAR001,LOC-SUPL-5,LOC-PLANT-001,2026-05-01 15:17:00,2026-05-07 15:17:00,2026-05-07 15:17:00,2026-05-06 15:17:00,2026-05-06 15:17:00
1d6cac1e-4276-4df1-86a9-7dc253afd146,SUP-0006,Delivered,CAR002,LOC-SUPL-6,LOC-PLANT-002,2026-03-22 15:17:00,2026-03-25 15:17:00,2026-03-28 15:17:00,2026-03-27 15:17:00,2026-03-28 15:17:00
9de7cd00-0c01-4cd4-95a1-f0c72fa717e0,SUP-0006,Delivered,CAR002,LOC-SUPL-6,LOC-PLANT-002,2026-03-22 15:17:00,2026-03-25 15:17:00,2026-03-27 15:17:00,2026-03-27 15:17:00,2026-03-28 15:17:00
be767923-692f-4238-a6d9-d3f4444dd443,SUP-0006,Delivered,CAR003,LOC-SUPL-6,LOC-PLANT-002,2026-03-25 15:17:00,2026-03-29 15:17:00,2026-04-01 15:17:00,2026-03-31 15:17:00,2026-03-28 15:17:00
4ce8b0ee-e842-44df-b46a-d74c11822887,SUP-0006,Delivered,CAR002,LOC-SUPL-6,LOC-PLANT-001,2026-06-16 15:17:00,2026-06-23 15:17:00,2026-06-19 15:17:00,2026-06-18 15:17:00,2026-06-19 15:17:00
82a0910d-e6fa-4870-ad12-dc86e2955dce,SUP-0006,Delivered,CAR001,LOC-SUPL-6,LOC-PLANT-002,2026-06-03 15:17:00,2026-06-11 15:17:00,2026-06-10 15:17:00,2026-06-09 15:17:00,2026-06-11 15:17:00
151106cc-cb76-4385-a324-37a81446e998,SUP-0006,Delivered,CAR001,LOC-SUPL-6,LOC-PLANT-002,2026-06-01 15:17:00,2026-06-09 15:17:00,2026-06-05 15:17:00,2026-06-09 15:17:00,2026-06-11 15:17:00
a8c0e761-becd-45f4-ab67-eb3f561feb71,SUP-0003,Delivered,CAR001,LOC-SUPL-3,LOC-PLANT-001,2026-05-23 15:17:00,2026-05-27 15:17:00,2026-05-29 15:17:00,2026-05-28 15:17:00,2026-05-25 15:17:00
b2896d32-ec95-46db-8ee5-1f18247a3d4c,SUP-0008,Delivered,CAR003,LOC-SUPL-8,LOC-PLANT-001,2026-03-05 15:17:00,2026-03-12 15:17:00,2026-03-11 15:17:00,2026-03-10 15:17:00,2026-03-10 15:17:00
c6a3cd4b-51e3-41e4-baf4-a426bae9289e,SUP-0007,Delivered,CAR002,LOC-SUPL-7,LOC-PLANT-002,2026-06-25 15:17:00,2026-06-30 15:17:00,2026-07-04 15:17:00,2026-07-03 15:17:00,2026-07-01 15:17:00
b0b5867d-da86-44aa-a77f-329d421b4cfa,SUP-0007,Delivered,CAR002,LOC-SUPL-7,LOC-PLANT-002,2026-06-23 15:17:00,2026-06-29 15:17:00,2026-07-01 15:17:00,2026-07-03 15:17:00,2026-07-01 15:17:00
a87463b0-c6cd-426e-8352-4abb18066f9e,SUP-0009,Delivered,CAR001,LOC-SUPL-9,LOC-PLANT-001,2026-07-04 15:17:00,2026-07-10 15:17:00,2026-07-12 15:17:00,2026-07-11 15:17:00,2026-07-10 15:17:00
df0a2b2a-fc8d-46bc-8ac7-4d7e482ead30,SUP-0010,Delivered,CAR002,LOC-SUPL-10,LOC-PLANT-002,2026-05-04 15:17:00,2026-05-07 15:17:00,2026-05-11 15:17:00,2026-05-10 15:17:00,2026-05-09 15:17:00
8004d101-3301-4105-b3c1-5545e81bb37b,SUP-0008,Delivered,CAR003,LOC-SUPL-8,LOC-PLANT-002,2026-05-03 15:17:00,2026-05-09 15:17:00,2026-05-11 15:17:00,2026-05-10 15:17:00,2026-05-14 15:17:00
eeddde79-8a9c-4dd8-b9b3-2a401d7ac4a1,SUP-0008,Delivered,CAR003,LOC-SUPL-8,LOC-PLANT-002,2026-05-04 15:17:00,2026-05-12 15:17:00,2026-05-11 15:17:00,2026-05-10 15:17:00,2026-05-14 15:17:00
7ef2cd06-07c1-4855-b994-e2a83698343c,SUP-0001,Delivered,CAR001,LOC-SUPL-1,LOC-PLANT-001,2026-03-13 15:17:00,2026-03-17 15:17:00,2026-03-17 15:17:00,2026-03-16 15:17:00,2026-03-18 15:17:00
6b67e41a-0104-43f4-be74-919493a3cac6,SUP-0001,Delivered,CAR002,LOC-SUPL-1,LOC-PLANT-002,2026-05-09 15:17:00,2026-05-14 15:17:00,2026-05-14 15:17:00,2026-05-13 15:17:00,2026-05-16 15:17:00
aae570ad-b75d-4d22-8f13-91f4d89a2149,SUP-0010,Delivered,CAR003,LOC-SUPL-10,LOC-PLANT-002,2026-04-21 15:17:00,2026-04-26 15:17:00,2026-04-28 15:17:00,2026-04-27 15:17:00,2026-04-24 15:17:00
0af61bbc-f87e-4a69-b8c1-4dd659478c8e,SUP-0010,Delivered,CAR003,LOC-SUPL-10,LOC-PLANT-002,2026-04-21 15:17:00,2026-04-28 15:17:00,2026-04-25 15:17:00,2026-04-27 15:17:00,2026-04-24 15:17:00
b2b1589f-0bc4-4e99-87b5-8018128a9123,SUP-0010,Delivered,CAR001,LOC-SUPL-10,LOC-PLANT-001,2026-06-05 15:17:00,2026-06-06 15:17:00,2026-06-05 15:17:00,2026-06-04 15:17:00,2026-06-08 15:17:00
262eeee0-7521-4dbe-85ce-1c9c740243b7,SUP-0004,Delivered,CAR003,LOC-SUPL-4,LOC-PLANT-001,2026-07-11 15:17:00,2026-07-13 15:17:00,2026-07-15 15:17:00,2026-07-14 15:17:00,2026-07-18 15:17:00
8d6c394e-cd2e-41fd-8746-9574ebb8bde6,SUP-0001,Delivered,CAR002,LOC-SUPL-1,LOC-PLANT-002,2026-06-28 15:17:00,2026-06-30 15:17:00,2026-07-02 15:17:00,2026-07-01 15:17:00,2026-06-29 15:17:00
e5154d92-4826-4792-aff8-cec9da943d3d,SUP-0001,Delivered,CAR002,LOC-SUPL-1,LOC-PLANT-002,2026-06-25 15:17:00,2026-07-03 15:17:00,2026-06-29 15:17:00,2026-07-01 15:17:00,2026-06-29 15:17:00
62aac220-b0f7-496a-8dce-5c70f70722a8,SUP-0005,Delivered,CAR003,LOC-SUPL-5,LOC-PLANT-001,2026-04-03 15:17:00,2026-04-06 15:17:00,2026-04-08 15:17:00,2026-04-07 15:17:00,2026-04-06 15:17:00
a76d53df-fcb5-4212-b6c3-9f24d926dd34,SUP-0005,Delivered,CAR002,LOC-SUPL-5,LOC-PLANT-001,2026-08-26 15:17:00,2026-08-31 15:17:00,2026-08-29 15:17:00,2026-08-28 15:17:00,2026-08-30 15:17:00
efe147b1-5493-4558-bec0-331fda0b4f15,SUP-0008,Delivered,CAR001,LOC-SUPL-8,LOC-PLANT-002,2026-05-23 15:17:00,2026-05-31 15:17:00,2026-05-30 15:17:00,2026-05-29 15:17:00,2026-06-04 15:17:00
79bd1efe-177c-4859-af2e-d1169f67fde3,SUP-0008,Delivered,CAR001,LOC-SUPL-8,LOC-PLANT-002,2026-05-24 15:17:00,2026-06-01 15:17:00,2026-05-31 15:17:00,2026-05-29 15:17:00,2026-06-04 15:17:00
cc117141-18c8-4967-a6d2-1a9bac4c1314,SUP-0008,Delivered,CAR003,LOC-SUPL-8,LOC-PLANT-001,2026-08-02 15:17:00,2026-08-08 15:17:00,2026-08-08 15:17:00,2026-08-07 15:17:00,2026-08-06 15:17:00
761edee9-5081-4cd0-a469-48ed6d7ca3a0,SUP-0009,Delivered,CAR003,LOC-SUPL-9,LOC-PLANT-002,2026-07-21 15:17:00,2026-07-28 15:17:00,2026-07-30 15:17:00,2026-07-29 15:17:00,2026-07-31 15:17:00
f70764dd-831e-435e-a7cd-629e39c0e02d,SUP-0007,Delivered,CAR003,LOC-SUPL-7,LOC-PLANT-001,2026-06-21 15:17:00,2026-06-30 15:17:00,2026-06-28 15:17:00,2026-06-27 15:17:00,2026-06-26 15:17:00
3321467f-72a8-42e9-9df9-3e91f11b6eaf,SUP-0007,Delivered,CAR003,LOC-SUPL-7,LOC-PLANT-001,2026-06-24 15:17:00,2026-07-01 15:17:00,2026-07-04 15:17:00,2026-06-27 15:17:00,2026-06-26 15:17:00
4995757e-0d6d-4efa-b1cc-77ffaee9b5a4,SUP-0007,Delivered,CAR001,LOC-SUPL-7,LOC-PLANT-002,2026-08-21 15:17:00,2026-08-29 15:17:00,2026-08-31 15:17:00,2026-08-30 15:17:00,2026-08-25 15:17:00
0c50dafb-7899-43da-b1f7-7e4c0890417a,SUP-0003,Delivered,CAR003,LOC-SUPL-3,LOC-PLANT-001,2026-03-22 15:17:00,2026-03-27 15:17:00,2026-03-23 15:17:00,2026-03-22 15:17:00,2026-03-29 15:17:00
2a5bf506-6aaa-412b-86ab-200d412f3282,SUP-0010,Delivered,CAR002,LOC-SUPL-10,LOC-PLANT-002,2026-04-03 15:17:00,2026-04-05 15:17:00,2026-04-07 15:17:00,2026-04-06 15:17:00,2026-04-07 15:17:00
ccbb1141-e894-42e4-9021-f8628486f496,SUP-0010,Delivered,CAR002,LOC-SUPL-10,LOC-PLANT-002,2026-04-03 15:17:00,2026-04-07 15:17:00,2026-04-11 15:17:00,2026-04-06 15:17:00,2026-04-07 15:17:00
eebbd8ab-14a6-4e73-afa8-cb56757f7cf3,SUP-0005,Delivered,CAR003,LOC-SUPL-5,LOC-PLANT-002,2026-07-30 15:17:00,2026-08-05 15:17:00,2026-08-04 15:17:00,2026-08-03 15:17:00,2026-08-07 15:17:00
03c96d19-4b98-427b-80cd-064f1c0fbbce,SUP-0005,Delivered,CAR003,LOC-SUPL-5,LOC-PLANT-002,2026-05-22 15:17:00,2026-05-26 15:17:00,2026-05-26 15:17:00,2026-05-25 15:17:00,2026-05-24 15:17:00
fe79ec3f-dc62-4a0d-886b-b0c6e1d2bd0b,SUP-0009,Delivered,CAR003,LOC-SUPL-9,LOC-PLANT-001,2026-06-12 15:17:00,2026-06-16 15:17:00,2026-06-20 15:17:00,2026-06-19 15:17:00,2026-06-19 15:17:00
944a4341-0685-489a-8a6f-e147988ed474,SUP-0009,Delivered,CAR003,LOC-SUPL-9,LOC-PLANT-001,2026-06-11 15:17:00,2026-06-18 15:17:00,2026-06-19 15:17:00,2026-06-19 15:17:00,2026-06-19 15:17:00