ID,supplyShipmentId,lineNumber,purchaseOrderLineId,purchaseOrderId,purchaseOrderLineNumber,ProductId,quantityShipped,unitOfMeasure
b1a0e02a-db6b-46ad-97da-a8ebc362050f-10,b1a0e02a-db6b-46ad-97da-a8ebc362050f,10,ffa139ac-951f-47a3-abfe-d66cbb8c422c-10,ffa139ac-951f-47a3-abfe-d66cbb8c422c,10,PART004,190,Each
fb7b64ef-7f8e-4385-b13c-3e625e4fc459-10,fb7b64ef-7f8e-4385-b13c-3e625e4fc459,10,78d75105-d901-4be2-8bae-55e5105e046c-10,78d75105-d901-4be2-8bae-55e5105e046c,10,PART005,33,Each
878b0476-968a-46f8-8be2-a4f8d03e0cdc-10,878b0476-968a-46f8-8be2-a4f8d03e0cdc,10,49899404-f8c4-4dfe-bd92-f03e956129d2-20,49899404-f8c4-4dfe-bd92-f03e956129d2,20,PART003,70,Each
9c49bb01-ff61-4ba6-a18b-fd000da7767a-10,9c49bb01-ff61-4ba6-a18b-fd000da7767a,10,4fa1cb92-0fac-443b-9ca5-19df47f1ccd6-10,4fa1cb92-0fac-443b-9ca5-19df47f1ccd6,10,PART002,140,Each
9c49bb01-ff61-4ba6-a18b-fd000da7767a-20,9c49bb01-ff61-4ba6-a18b-fd000da7767a,20,4fa1cb92-0fac-443b-9ca5-19df47f1ccd6-30,4fa1cb92-0fac-443b-9ca5-19df47f1ccd6,30,PART003-1,100,Each
85932089-f49a-4db7-b85a-c83513c6242a-10,85932089-f49a-4db7-b85a-c83513c6242a,10,0915777c-21a3-47fc-8739-63c31d7740b5-10,0915777c-21a3-47fc-8739-63c31d7740b5,10,PART003,470,Each
299c55bd-5220-40b4-8756-8502c26b874c-10,299c55bd-5220-40b4-8756-8502c26b874c,10,3e021fb2-4770-49d5-86cb-d583574d8467-10,3e021fb2-4770-49d5-86cb-d583574d8467,10,PART003-2,29,Each
8e7cc4a6-5b5a-4a18-b777-3469af117e49-10,8e7cc4a6-5b5a-4a18-b777-3469af117e49,10,2a5befb2-c551-447e-b40e-45d04bd5c691-10,2a5befb2-c551-447e-b40e-45d04bd5c691,10,PART005,390,Each
c5ec59ce-ea51-460b-80bd-614b22ddcfbc-10,c5ec59ce-ea51-460b-80bd-614b22ddcfbc,10,7e005e14-cd1f-4a25-8f90-a62c8ead0b90-10,7e005e14-cd1f-4a25-8f90-a62c8ead0b90,10,PART003-3,360,Each
12bf3518-1985-46a4-9385-f2317f3662c6-10,12bf3518-1985-46a4-9385-f2317f3662c6,10,e41be754-31f5-404a-a6ea-71791c6e1751-10,e41be754-31f5-404a-a6ea-71791c6e1751,10,PART003-1,330,Each
12bf3518-1985-46a4-9385-f2317f3662c6-20,12bf3518-1985-46a4-9385-f2317f3662c6,20,e41be754-31f5-404a-a6ea-71791c6e1751-30,e41be754-31f5-404a-a6ea-71791c6e1751,30,PART001,220,Each
3148af93-bd71-4b14-b58c-1278c4ff954b-10,3148af93-bd71-4b14-b58c-1278c4ff954b,10,5f4993df-d387-472c-a773-4211a96e0a23-10,5f4993df-d387-472c-a773-4211a96e0a23,10,PART005,80,Each
3148af93-bd71-4b14-b58c-1278c4ff954b-20,3148af93-bd71-4b14-b58c-1278c4ff954b,20,5f4993df-d387-472c-a773-4211a96e0a23-20,5f4993df-d387-472c-a773-4211a96e0a23,20,PART003-3,210,Each
1593ce03-8558-4ffb-ae4c-cb2b55353d59-10,1593ce03-8558-4ffb-ae4c-cb2b55353d59,10,e9ab42f1-a93c-4b2b-aaa3-ffe8ddbafcd8-10,e9ab42f1-a93c-4b2b-aaa3-ffe8ddbafcd8,10,PART003-2,60,Each
15e3bc60-a8a5-4541-9253-99adb69b103b-10,15e3bc60-a8a5-4541-9253-99adb69b103b,10,32bd4781-4e47-43cf-a1d9-ec91de19977f-10,32bd4781-4e47-43cf-a1d9-ec91de19977f,10,PART001,62,Each
9de522dc-d897-466e-963c-08331dc7a234-10,9de522dc-d897-466e-963c-08331dc7a234,10,f36b595e-34b3-496f-aea8-507be2eeaf17-10,f36b595e-34b3-496f-aea8-507be2eeaf17,10,PART005,180,Each
eddcc8e6-61ba-4007-beb2-8055c810b9c9-10,eddcc8e6-61ba-4007-beb2-8055c810b9c9,10,fa49671d-c576-4a02-86a9-f959a921e3b5-10,fa49671d-c576-4a02-86a9-f959a921e3b5,10,PART003-3,90,Each
594ad7cb-9a2e-41af-99be-9d912534884a-10,594ad7cb-9a2e-41af-99be-9d912534884a,10,eb2d1f3a-06da-4ff3-b31e-ec0eb8488792-20,eb2d1f3a-06da-4ff3-b31e-ec0eb8488792,20,PART003-1,70,Each
594ad7cb-9a2e-41af-99be-9d912534884a-20,594ad7cb-9a2e-41af-99be-9d912534884a,20,eb2d1f3a-06da-4ff3-b31e-ec0eb8488792-30,eb2d1f3a-06da-4ff3-b31e-ec0eb8488792,30,PART004,430,Each
83df7323-98db-4dbf-8cdd-069fa35fff2c-10,83df7323-98db-4dbf-8cdd-069fa35fff2c,10,9886d608-03b6-452d-b2a4-0f0d8d3366ea-20,9886d608-03b6-452d-b2a4-0f0d8d3366ea,20,PART003-3,400,Each
cbecf6f9-2091-4bf3-bfc2-813387e71f33-10,cbecf6f9-2091-4bf3-bfc2-813387e71f33,10,666ab65e-c98e-4f04-8654-d1b1de6aff41-10,666ab65e-c98e-4f04-8654-d1b1de6aff41,10,PART002,470,Each
cbecf6f9-2091-4bf3-bfc2-813387e71f33-20,cbecf6f9-2091-4bf3-bfc2-813387e71f33,20,666ab65e-c98e-4f04-8654-d1b1de6aff41-30,666ab65e-c98e-4f04-8654-d1b1de6aff41,30,PART005,140,Each
bd68aa64-3d8c-4da4-a711-3f95cd5890ca-10,bd68aa64-3d8c-4da4-a711-3f95cd5890ca,10,9e727e58-2622-4cef-80b2-d5ecc2d31e81-10,9e727e58-2622-4cef-80b2-d5ecc2d31e81,10,PART003-1,110,Each
073ac0ee-cb84-47ea-b5b4-a6edeb86694d-10,073ac0ee-cb84-47ea-b5b4-a6edeb86694d,10,4900077c-d3e4-4ff3-ad2a-c41e70fc6598-20,4900077c-d3e4-4ff3-ad2a-c41e70fc6598,20,PART004,170,Each
073ac0ee-cb84-47ea-b5b4-a6edeb86694d-20,073ac0ee-cb84-47ea-b5b4-a6edeb86694d,20,4900077c-d3e4-4ff3-ad2a-c41e70fc6598-30,4900077c-d3e4-4ff3-ad2a-c41e70fc6598,30,PART003-1,140,Each
1f23b231-2936-415c-9a67-c4b72445813c-10,1f23b231-2936-415c-9a67-c4b72445813c,10,d21712cd-a53a-487e-bfd2-505ec5a36cf5-10,d21712cd-a53a-487e-bfd2-505ec5a36cf5,10,PART001,282,Each
d9966eed-03ee-44bb-93c7-1e8c0e303f8a-10,d9966eed-03ee-44bb-93c7-1e8c0e303f8a,10,8804db32-0184-4107-a0c1-2a820b6c4b43-10,8804db32-0184-4107-a0c1-2a820b6c4b43,10,PART006,160,Each
d9966eed-03ee-44bb-93c7-1e8c0e303f8a-20,d9966eed-03ee-44bb-93c7-1e8c0e303f8a,20,8804db32-0184-4107-a0c1-2a820b6c4b43-20,8804db32-0184-4107-a0c1-2a820b6c4b43,20,PART002,260,Each
b8971cf2-462b-4bbd-b4dc-41b67ac24d5c-10,b8971cf2-462b-4bbd-b4dc-41b67ac24d5c,10,0c59b11e-4e7f-4652-8aef-beafe2bebd8b-10,0c59b11e-4e7f-4652-8aef-beafe2bebd8b,10,PART003,50,Each
24a1c4ab-442b-4b04-b698-29c2e00b40c5-10,24a1c4ab-442b-4b04-b698-29c2e00b40c5,10,948437c1-8259-49ad-b8cf-a543b2e2adca-10,948437c1-8259-49ad-b8cf-a543b2e2adca,10,PART003-1,350,Each
ce27ca1a-cc43-4774-af52-22b8d44b863c-10,ce27ca1a-cc43-4774-af52-22b8d44b863c,10,2dbd0aa4-18e6-45b9-b752-bf0529689763-10,2dbd0aa4-18e6-45b9-b752-bf0529689763,10,PART003-2,60,Each
ce27ca1a-cc43-4774-af52-22b8d44b863c-20,ce27ca1a-cc43-4774-af52-22b8d44b863c,20,2dbd0aa4-18e6-45b9-b752-bf0529689763-20,2dbd0aa4-18e6-45b9-b752-bf0529689763,20,PART003,50,Each
ce27ca1a-cc43-4774-af52-22b8d44b863c-30,ce27ca1a-cc43-4774-af52-22b8d44b863c,30,2dbd0aa4-18e6-45b9-b752-bf0529689763-30,2dbd0aa4-18e6-45b9-b752-bf0529689763,30,PART001,400,Each
bf644a69-40b2-42de-91de-8bdab90dbcf5-10,bf644a69-40b2-42de-91de-8bdab90dbcf5,10,0fe980e6-d2c2-4890-9292-c27cf2d9452b-10,0fe980e6-d2c2-4890-9292-c27cf2d9452b,10,PART002,260,Each
f6a6acd8-f9ac-4102-bbe8-15bee57e5309-10,f6a6acd8-f9ac-4102-bbe8-15bee57e5309,10,1381e4a3-9a6e-48a8-9c57-0a253017cd94-10,1381e4a3-9a6e-48a8-9c57-0a253017cd94,10,PART001,310,Each
f6a6acd8-f9ac-4102-bbe8-15bee57e5309-20,f6a6acd8-f9ac-4102-bbe8-15bee57e5309,20,1381e4a3-9a6e-48a8-9c57-0a253017cd94-20,1381e4a3-9a6e-48a8-9c57-0a253017cd94,20,PART005,460,Each
f6a6acd8-f9ac-4102-bbe8-15bee57e5309-30,f6a6acd8-f9ac-4102-bbe8-15bee57e5309,30,1381e4a3-9a6e-48a8-9c57-0a253017cd94-30,1381e4a3-9a6e-48a8-9c57-0a253017cd94,30,PART003-1,420,Each
bbf1b40f-5631-48d4-882e-781250018bd0-10,bbf1b40f-5631-48d4-882e-781250018bd0,10,1fde701b-bae9-4c9f-a5e8-11f8b1f71d43-10,1fde701b-bae9-4c9f-a5e8-11f8b1f71d43,10,PART006,120,Each
bbf1b40f-5631-48d4-882e-781250018bd0-20,bbf1b40f-5631-48d4-882e-781250018bd0,20,1fde701b-bae9-4c9f-a5e8-11f8b1f71d43-20,1fde701b-bae9-4c9f-a5e8-11f8b1f71d43,20,PART004,300,Each
adfd3a78-1abc-4d8d-bf01-7ab9b3e14773-10,adfd3a78-1abc-4d8d-bf01-7ab9b3e14773,10,6bfbaa70-d5ba-4a9a-be1c-9eb75f119e91-10,6bfbaa70-d5ba-4a9a-be1c-9eb75f119e91,10,PART004,270,Each
adfd3a78-1abc-4d8d-bf01-7ab9b3e14773-20,adfd3a78-1abc-4d8d-bf01-7ab9b3e14773,20,6bfbaa70-d5ba-4a9a-be1c-9eb75f119e91-20,6bfbaa70-d5ba-4a9a-be1c-9eb75f119e91,20,PART005,200,Each
abc52011-e9f9-4b52-bc15-318528b66b98-10,abc52011-e9f9-4b52-bc15-318528b66b98,10,f21da985-cd03-432a-b570-8bfa1f2120d1-10,f21da985-cd03-432a-b570-8bfa1f2120d1,10,PART003,150,Each
abc52011-e9f9-4b52-bc15-318528b66b98-20,abc52011-e9f9-4b52-bc15-318528b66b98,20,f21da985-cd03-432a-b570-8bfa1f2120d1-20,f21da985-cd03-432a-b570-8bfa1f2120d1,20,PART001,390,Each
abc52011-e9f9-4b52-bc15-318528b66b98-30,abc52011-e9f9-4b52-bc15-318528b66b98,30,f21da985-cd03-432a-b570-8bfa1f2120d1-30,f21da985-cd03-432a-b570-8bfa1f2120d1,30,PART005,220,Each
052c8e77-0bcb-4f76-b5d3-f05aee77c9d8-10,052c8e77-0bcb-4f76-b5d3-f05aee77c9d8,10,20a03f25-1670-437d-9685-8fe4d3b39976-10,20a03f25-1670-437d-9685-8fe4d3b39976,10,PART003-1,420,Each
052c8e77-0bcb-4f76-b5d3-f05aee77c9d8-20,052c8e77-0bcb-4f76-b5d3-f05aee77c9d8,20,20a03f25-1670-437d-9685-8fe4d3b39976-20,20a03f25-1670-437d-9685-8fe4d3b39976,20,PART005,360,Each
052c8e77-0bcb-4f76-b5d3-f05aee77c9d8-30,052c8e77-0bcb-4f76-b5d3-f05aee77c9d8,30,20a03f25-1670-437d-9685-8fe4d3b39976-30,20a03f25-1670-437d-9685-8fe4d3b39976,30,PART002,400,Each
b3214fde-e0c1-4ca4-8936-586da69d58db-10,b3214fde-e0c1-4ca4-8936-586da69d58db,10,5b57df2e-6e66-465a-829c-ece45932fa8d-10,5b57df2e-6e66-465a-829c-ece45932fa8d,10,PART003,210,Each
b3214fde-e0c1-4ca4-8936-586da69d58db-20,b3214fde-e0c1-4ca4-8936-586da69d58db,20,5b57df2e-6e66-465a-829c-ece45932fa8d-20,5b57df2e-6e66-465a-829c-ece45932fa8d,20,PART002,500,Each
b3214fde-e0c1-4ca4-8936-586da69d58db-30,b3214fde-e0c1-4ca4-8936-586da69d58db,30,5b57df2e-6e66-465a-829c-ece45932fa8d-30,5b57df2e-6e66-465a-829c-ece45932fa8d,30,PART003-2,200,Each
210910ca-21eb-47da-a3fd-c9bdb38263b8-10,210910ca-21eb-47da-a3fd-c9bdb38263b8,10,1ad1302a-1a3c-49f7-b9c7-03f75042e87a-10,1ad1302a-1a3c-49f7-b9c7-03f75042e87a,10,PART003-1,140,Each
e1fcdcb8-08db-4738-9cf7-f32f593ae4cf-10,e1fcdcb8-08db-4738-9cf7-f32f593ae4cf,10,760752c8-3be3-49e3-824e-2a95916856ff-10,760752c8-3be3-49e3-824e-2a95916856ff,10,PART001,200,Each
a2e95871-7a33-4d17-9617-1561766b3024-10,a2e95871-7a33-4d17-9617-1561766b3024,10,d4e669c0-c3e3-4a0a-9425-68eb853027e0-10,d4e669c0-c3e3-4a0a-9425-68eb853027e0,10,PART003,450,Each
a2e95871-7a33-4d17-9617-1561766b3024-20,a2e95871-7a33-4d17-9617-1561766b3024,20,d4e669c0-c3e3-4a0a-9425-68eb853027e0-20,d4e669c0-c3e3-4a0a-9425-68eb853027e0,20,PART003-3,210,Each
172bea15-7174-479e-a3f9-1c0ca4e9669f-10,172bea15-7174-479e-a3f9-1c0ca4e9669f,10,fe65b391-8f3e-4d74-b3f0-5bcadfe9eb7b-10,fe65b391-8f3e-4d74-b3f0-5bcadfe9eb7b,10,PART006,340,Each
b7a121d8-37db-4133-b930-f755930b4417-10,b7a121d8-37db-4133-b930-f755930b4417,10,024593c7-1d20-43ae-a216-f479a8f277df-10,024593c7-1d20-43ae-a216-f479a8f277df,10,PART003-2,490,Each
96a590f3-a274-493e-a57e-96e5ad8e8491-10,96a590f3-a274-493e-a57e-96e5ad8e8491,10,be6237bc-9902-40b3-abb6-43f9cf5264db-10,be6237bc-9902-40b3-abb6-43f9cf5264db,10,PART003,50,Each
96a590f3-a274-493e-a57e-96e5ad8e8491-20,96a590f3-a274-493e-a57e-96e5ad8e8491,20,be6237bc-9902-40b3-abb6-43f9cf5264db-20,be6237bc-9902-40b3-abb6-43f9cf5264db,20,PART001,390,Each
83d1c3b5-966f-4cf3-adb8-2c42f4864e3f-10,83d1c3b5-966f-4cf3-adb8-2c42f4864e3f,10,d242b67c-bb29-42ed-ac33-1583c19b168b-10,d242b67c-bb29-42ed-ac33-1583c19b168b,10,PART002,80,Each
0cf59a57-0023-43c4-8c9d-343790d4595f-10,0cf59a57-0023-43c4-8c9d-343790d4595f,10,933f2219-7fb7-4f63-bf19-f620e7f9a475-10,933f2219-7fb7-4f63-bf19-f620e7f9a475,10,PART001,50,Each
0cf59a57-0023-43c4-8c9d-343790d4595f-20,0cf59a57-0023-43c4-8c9d-343790d4595f,20,933f2219-7fb7-4f63-bf19-f620e7f9a475-20,933f2219-7fb7-4f63-bf19-f620e7f9a475,20,PART003-1,410,Each
63cf1331-07be-46c4-8b2c-460702632e15-10,63cf1331-07be-46c4-8b2c-460702632e15,10,f8c0f6ca-c675-48ea-9e2d-973382835ccc-10,f8c0f6ca-c675-48ea-9e2d-973382835ccc,10,PART001,120,Each
635bc344-affc-4aab-9a57-8694cfa013fc-10,635bc344-affc-4aab-9a57-8694cfa013fc,10,ffbec458-864e-4ce0-a630-7564c42403ef-10,ffbec458-864e-4ce0-a630-7564c42403ef,10,PART003-1,470,Each
b7f05fa4-16bb-4b7f-9967-da059c2e5fd9-10,b7f05fa4-16bb-4b7f-9967-da059c2e5fd9,10,41efa7bb-7424-4d4e-b167-d8c07822cf7f-10,41efa7bb-7424-4d4e-b167-d8c07822cf7f,10,PART003-2,410,Each
f4557bb8-c151-4685-b21e-ce1ceaf89b2a-10,f4557bb8-c151-4685-b21e-ce1ceaf89b2a,10,db8fc463-7fd9-4fcd-8263-68364c7703a3-10,db8fc463-7fd9-4fcd-8263-68364c7703a3,10,PART004,320,Each
a78ce29f-a0fb-4c59-9bd0-338ffe3c88a4-10,a78ce29f-a0fb-4c59-9bd0-338ffe3c88a4,10,d17917ff-6b38-40ae-aad3-e5e872f1e1a1-10,d17917ff-6b38-40ae-aad3-e5e872f1e1a1,10,PART003-3,440,Each
a78ce29f-a0fb-4c59-9bd0-338ffe3c88a4-20,a78ce29f-a0fb-4c59-9bd0-338ffe3c88a4,20,d17917ff-6b38-40ae-aad3-e5e872f1e1a1-20,d17917ff-6b38-40ae-aad3-e5e872f1e1a1,20,PART003-1,400,Each
a78ce29f-a0fb-4c59-9bd0-338ffe3c88a4-30,a78ce29f-a0fb-4c59-9bd0-338ffe3c88a4,30,d17917ff-6b38-40ae-aad3-e5e872f1e1a1-30,d17917ff-6b38-40ae-aad3-e5e872f1e1a1,30,PART003-2,130,Each
02814bcf-70af-472f-bbff-7147a38f7cd6-10,02814bcf-70af-472f-bbff-7147a38f7cd6,10,c17d03ee-cb75-4653-9255-eb9125e9af7c-10,c17d03ee-cb75-4653-9255-eb9125e9af7c,10,PART003-1,470,Each
02814bcf-70af-472f-bbff-7147a38f7cd6-20,02814bcf-70af-472f-bbff-7147a38f7cd6,20,c17d03ee-cb75-4653-9255-eb9125e9af7c-20,c17d03ee-cb75-4653-9255-eb9125e9af7c,20,PART006,300,Each
02814bcf-70af-472f-bbff-7147a38f7cd6-30,02814bcf-70af-472f-bbff-7147a38f7cd6,30,c17d03ee-cb75-4653-9255-eb9125e9af7c-30,c17d03ee-cb75-4653-9255-eb9125e9af7c,30,PART002,330,Each
81987313-e800-4bd7-b4a2-f4595cf15020-10,81987313-e800-4bd7-b4a2-f4595cf15020,10,e8b43710-d5fb-4566-bcdf-1eda792623ca-10,e8b43710-d5fb-4566-bcdf-1eda792623ca,10,PART003-1,350,Each
9e6b4de8-1b33-4267-a43f-5a672e9511ba-10,9e6b4de8-1b33-4267-a43f-5a672e9511ba,10,c2597ac3-180a-4623-94de-613ffee6d949-10,c2597ac3-180a-4623-94de-613ffee6d949,10,PART001,160,Each
0257188b-d11a-417a-ab5a-a04913bacdf8-10,0257188b-d11a-417a-ab5a-a04913bacdf8,10,c2597ac3-180a-4623-94de-613ffee6d949-10,c2597ac3-180a-4623-94de-613ffee6d949,10,PART001,260,Each
2cc6abfa-4eee-4a34-a20a-b96f211670eb-10,2cc6abfa-4eee-4a34-a20a-b96f211670eb,10,5f5efc5d-673f-470c-9734-5030831ebeb6-10,5f5efc5d-673f-470c-9734-5030831ebeb6,10,PART003-2,440,Each
359a0be1-e367-4894-a0e3-1603bf4f55ed-10,359a0be1-e367-4894-a0e3-1603bf4f55ed,10,6581e336-a875-4fec-9f1f-74ed6ced2c7d-10,6581e336-a875-4fec-9f1f-74ed6ced2c7d,10,PART004,400,Each
31318353-1f53-40c4-8231-44c62131efd4-10,31318353-1f53-40c4-8231-44c62131efd4,10,9a73a2d0-262b-4028-9694-eb06c7ba9492-20,9a73a2d0-262b-4028-9694-eb06c7ba9492,20,PART004,450,Each
742ef663-ed9a-4053-ab60-856347f49ab4-10,742ef663-ed9a-4053-ab60-856347f49ab4,10,9a73a2d0-262b-4028-9694-eb06c7ba9492-10,9a73a2d0-262b-4028-9694-eb06c7ba9492,10,PART001,140,Each
8af02510-953e-4a7e-8a43-31c1427978eb-10,8af02510-953e-4a7e-8a43-31c1427978eb,10,11018313-a907-41bd-8f41-93599d32b93a-10,11018313-a907-41bd-8f41-93599d32b93a,10,PART003-3,500,Each
0c8dba5a-dd66-4f71-a2a1-8e4169fbcf20-10,0c8dba5a-dd66-4f71-a2a1-8e4169fbcf20,10,f5da8a63-ee6d-480e-9541-a993802d34a1-10,f5da8a63-ee6d-480e-9541-a993802d34a1,10,PART003-1,110,Each
0c8dba5a-dd66-4f71-a2a1-8e4169fbcf20-20,0c8dba5a-dd66-4f71-a2a1-8e4169fbcf20,20,f5da8a63-ee6d-480e-9541-a993802d34a1-20,f5da8a63-ee6d-480e-9541-a993802d34a1,20,PART001,390,Each
632c5abf-ae87-43e8-938c-cebc85bef433-10,632c5abf-ae87-43e8-938c-cebc85bef433,10,a3cb065c-13d1-459e-8536-ea4535f1c072-20,a3cb065c-13d1-459e-8536-ea4535f1c072,20,PART003-1,220,Each
36f8912b-c556-44c3-a4b4-8e039a05bab9-10,36f8912b-c556-44c3-a4b4-8e039a05bab9,10,a3cb065c-13d1-459e-8536-ea4535f1c072-10,a3cb065c-13d1-459e-8536-ea4535f1c072,10,PART002,120,Each
c5d661a3-a3f2-41a5-961e-2536a232f55b-10,c5d661a3-a3f2-41a5-961e-2536a232f55b,10,bb2dbe01-5b86-4784-8edd-8b6d8abe9d34-10,bb2dbe01-5b86-4784-8edd-8b6d8abe9d34,10,PART003-1,400,Each
c5d661a3-a3f2-41a5-961e-2536a232f55b-20,c5d661a3-a3f2-41a5-961e-2536a232f55b,20,bb2dbe01-5b86-4784-8edd-8b6d8abe9d34-20,bb2dbe01-5b86-4784-8edd-8b6d8abe9d34,20,PART004,340,Each
c5d661a3-a3f2-41a5-961e-2536a232f55b-30,c5d661a3-a3f2-41a5-961e-2536a232f55b,30,bb2dbe01-5b86-4784-8edd-8b6d8abe9d34-30,bb2dbe01-5b86-4784-8edd-8b6d8abe9d34,30,PART003,330,Each
a1b9539b-d633-46b1-8d30-91f8e7e05e49-10,a1b9539b-d633-46b1-8d30-91f8e7e05e49,10,b35d2bea-b6a0-439b-be18-2dc352240527-10,b35d2bea-b6a0-439b-be18-2dc352240527,10,PART002,180,Each
5e13299e-4e64-4b5d-b04d-d3f1f1e5f808-10,5e13299e-4e64-4b5d-b04d-d3f1f1e5f808,10,d498671a-799e-4cb0-b6a2-a8f91ddbb2df-10,d498671a-799e-4cb0-b6a2-a8f91ddbb2df,10,PART002,220,Each
bdedde99-72c6-48b1-9e55-42c25981993e-10,bdedde99-72c6-48b1-9e55-42c25981993e,10,d498671a-799e-4cb0-b6a2-a8f91ddbb2df-10,d498671a-799e-4cb0-b6a2-a8f91ddbb2df,10,PART002,270,Each
15a9bff5-c770-4439-a72b-8f83384e5aa3-10,15a9bff5-c770-4439-a72b-8f83384e5aa3,10,e8ec0164-10dd-4789-a7f0-648691597f97-10,e8ec0164-10dd-4789-a7f0-648691597f97,10,PART004,380,Each
15a9bff5-c770-4439-a72b-8f83384e5aa3-20,15a9bff5-c770-4439-a72b-8f83384e5aa3,20,e8ec0164-10dd-4789-a7f0-648691597f97-20,e8ec0164-10dd-4789-a7f0-648691597f97,20,PART005,480,Each
15a9bff5-c770-4439-a72b-8f83384e5aa3-30,15a9bff5-c770-4439-a72b-8f83384e5aa3,30,e8ec0164-10dd-4789-a7f0-648691597f97-30,e8ec0164-10dd-4789-a7f0-648691597f97,30,PART003-1,380,Each
ada0cd14-cada-4b31-8091-a1accb58cf42-10,ada0cd14-cada-4b31-8091-a1accb58cf42,10,e0ac8da9-2b9d-448d-a348-616843a8a497-10,e0ac8da9-2b9d-448d-a348-616843a8a497,10,PART001,490,Each
d9616529-8e3e-42e1-9bb3-1e9955aad5c1-10,d9616529-8e3e-42e1-9bb3-1e9955aad5c1,10,24af096a-cb7f-4e46-9b58-b3446b88d9f5-20,24af096a-cb7f-4e46-9b58-b3446b88d9f5,20,PART001,180,Each
0504d2df-3538-4604-bbf2-60b15d961b7c-10,0504d2df-3538-4604-bbf2-60b15d961b7c,10,24af096a-cb7f-4e46-9b58-b3446b88d9f5-10,24af096a-cb7f-4e46-9b58-b3446b88d9f5,10,PART003-2,150,Each
de0fe354-4b04-4260-8e8a-8296f8adfe43-10,de0fe354-4b04-4260-8e8a-8296f8adfe43,10,ae03a6d2-44e3-469e-b066-40e0027c9d66-10,ae03a6d2-44e3-469e-b066-40e0027c9d66,10,PART003,90,Each
de0fe354-4b04-4260-8e8a-8296f8adfe43-20,de0fe354-4b04-4260-8e8a-8296f8adfe43,20,ae03a6d2-44e3-469e-b066-40e0027c9d66-20,ae03a6d2-44e3-469e-b066-40e0027c9d66,20,PART005,100,Each
a13c9f13-9f80-40a7-81bc-af17ef4218b6-10,a13c9f13-9f80-40a7-81bc-af17ef4218b6,10,2e3e1cc3-61e4-48be-8cb7-90f7c28ff799-10,2e3e1cc3-61e4-48be-8cb7-90f7c28ff799,10,PART003,140,Each
a13c9f13-9f80-40a7-81bc-af17ef4218b6-20,a13c9f13-9f80-40a7-81bc-af17ef4218b6,20,2e3e1cc3-61e4-48be-8cb7-90f7c28ff799-20,2e3e1cc3-61e4-48be-8cb7-90f7c28ff799,20,PART001,290,Each
7644ea4c-f93e-43d3-9e68-d5824cd11f85-10,7644ea4c-f93e-43d3-9e68-d5824cd11f85,10,7d175894-da56-4314-9950-9b9b3fb423f7-20,7d175894-da56-4314-9950-9b9b3fb423f7,20,PART001,460,Each
d619bbc5-5d5f-4e60-b1f0-717eec97ea18-10,d619bbc5-5d5f-4e60-b1f0-717eec97ea18,10,7d175894-da56-4314-9950-9b9b3fb423f7-10,7d175894-da56-4314-9950-9b9b3fb423f7,10,PART006,260,Each
d619bbc5-5d5f-4e60-b1f0-717eec97ea18-20,d619bbc5-5d5f-4e60-b1f0-717eec97ea18,20,7d175894-da56-4314-9950-9b9b3fb423f7-30,7d175894-da56-4314-9950-9b9b3fb423f7,30,PART003-2,270,Each
d302d88c-e67e-4b88-b8ad-802805445bde-10,d302d88c-e67e-4b88-b8ad-802805445bde,10,b09296b0-8544-48c5-8515-730504840db5-10,b09296b0-8544-48c5-8515-730504840db5,10,PART005,140,Each
d302d88c-e67e-4b88-b8ad-802805445bde-20,d302d88c-e67e-4b88-b8ad-802805445bde,20,b09296b0-8544-48c5-8515-730504840db5-20,b09296b0-8544-48c5-8515-730504840db5,20,PART006,450,Each
d302d88c-e67e-4b88-b8ad-802805445bde-30,d302d88c-e67e-4b88-b8ad-802805445bde,30,b09296b0-8544-48c5-8515-730504840db5-30,b09296b0-8544-48c5-8515-730504840db5,30,PART002,350,Each
16731d64-dcc7-416c-b1f7-4695747f343a-10,16731d64-dcc7-416c-b1f7-4695747f343a,10,adf4354a-210f-461e-bf47-fe50f088b269-10,adf4354a-210f-461e-bf47-fe50f088b269,10,PART002,50,Each
16731d64-dcc7-416c-b1f7-4695747f343a-20,16731d64-dcc7-416c-b1f7-4695747f343a,20,adf4354a-210f-461e-bf47-fe50f088b269-20,adf4354a-210f-461e-bf47-fe50f088b269,20,PART003-1,60,Each
16731d64-dcc7-416c-b1f7-4695747f343a-30,16731d64-dcc7-416c-b1f7-4695747f343a,30,adf4354a-210f-461e-bf47-fe50f088b269-30,adf4354a-210f-461e-bf47-fe50f088b269,30,PART001,220,Each
9bcebdfa-e214-4ea3-bca5-c2f0c52fde2f-10,9bcebdfa-e214-4ea3-bca5-c2f0c52fde2f,10,45c0d571-fb69-4e18-92de-a71c6d92dda2-10,45c0d571-fb69-4e18-92de-a71c6d92dda2,10,PART001,55,Each
79e9361f-6bd3-4663-8ff0-0447b18f3231-10,79e9361f-6bd3-4663-8ff0-0447b18f3231,10,45c0d571-fb69-4e18-92de-a71c6d92dda2-10,45c0d571-fb69-4e18-92de-a71c6d92dda2,10,PART001,175,Each
eca56bc8-d38b-4c09-a0d8-5be55c224002-10,eca56bc8-d38b-4c09-a0d8-5be55c224002,10,aa1dab3c-af7d-4c4f-9a58-c2e17b7ec2fe-10,aa1dab3c-af7d-4c4f-9a58-c2e17b7ec2fe,10,PART005,60,Each
eca56bc8-d38b-4c09-a0d8-5be55c224002-20,eca56bc8-d38b-4c09-a0d8-5be55c224002,20,aa1dab3c-af7d-4c4f-9a58-c2e17b7ec2fe-20,aa1dab3c-af7d-4c4f-9a58-c2e17b7ec2fe,20,PART004,250,Each
eca56bc8-d38b-4c09-a0d8-5be55c224002-30,eca56bc8-d38b-4c09-a0d8-5be55c224002,30,aa1dab3c-af7d-4c4f-9a58-c2e17b7ec2fe-30,aa1dab3c-af7d-4c4f-9a58-c2e17b7ec2fe,30,PART003-3,90,Each
da29f1b4-209a-450a-b36a-272b29117526-10,da29f1b4-209a-450a-b36a-272b29117526,10,478eedf4-dccf-4dc3-a722-219b8f2cd37d-10,478eedf4-dccf-4dc3-a722-219b8f2cd37d,10,PART003-1,480,Each
78045d9a-31b0-45d7-b15f-fbccb9dedec5-10,78045d9a-31b0-45d7-b15f-fbccb9dedec5,10,27cbf9d2-670d-42eb-b3c8-03ca22d59585-30,27cbf9d2-670d-42eb-b3c8-03ca22d59585,30,PART001,450,Each
26991a7e-e251-4c7b-8d45-544e7e7dc98e-10,26991a7e-e251-4c7b-8d45-544e7e7dc98e,10,27cbf9d2-670d-42eb-b3c8-03ca22d59585-10,27cbf9d2-670d-42eb-b3c8-03ca22d59585,10,PART005,360,Each
26991a7e-e251-4c7b-8d45-544e7e7dc98e-20,26991a7e-e251-4c7b-8d45-544e7e7dc98e,20,27cbf9d2-670d-42eb-b3c8-03ca22d59585-20,27cbf9d2-670d-42eb-b3c8-03ca22d59585,20,PART003-1,490,Each
957b4291-66c6-4abd-9c6a-47b3123cf027-10,957b4291-66c6-4abd-9c6a-47b3123cf027,10,c3e260e3-cb21-4d89-a0ac-a3042c64171f-10,c3e260e3-cb21-4d89-a0ac-a3042c64171f,10,PART004,200,Each
957b4291-66c6-4abd-9c6a-47b3123cf027-20,957b4291-66c6-4abd-9c6a-47b3123cf027,20,c3e260e3-cb21-4d89-a0ac-a3042c64171f-20,c3e260e3-cb21-4d89-a0ac-a3042c64171f,20,PART002,290,Each
957b4291-66c6-4abd-9c6a-47b3123cf027-30,957b4291-66c6-4abd-9c6a-47b3123cf027,30,c3e260e3-cb21-4d89-a0ac-a3042c64171f-30,c3e260e3-cb21-4d89-a0ac-a3042c64171f,30,PART006,490,Each
681c2ab8-5130-4f8e-a7e1-8f74900379ca-10,681c2ab8-5130-4f8e-a7e1-8f74900379ca,10,c7aac351-fccb-428e-ab2c-79283f7b358c-10,c7aac351-fccb-428e-ab2c-79283f7b358c,10,PART005,280,Each
8c0e1db0-5c00-420f-a62b-72820a3a8e0e-10,8c0e1db0-5c00-420f-a62b-72820a3a8e0e,10,8f66771a-a0ff-4f89-8fb5-f0587568658e-20,8f66771a-a0ff-4f89-8fb5-f0587568658e,20,PART006,360,Each
db0dfee2-8cf5-4640-b3c3-7bf7470a973d-10,db0dfee2-8cf5-4640-b3c3-7bf7470a973d,10,8f66771a-a0ff-4f89-8fb5-f0587568658e-10,8f66771a-a0ff-4f89-8fb5-f0587568658e,10,PART002,440,Each
9ea887ae-f698-4bcd-8a6d-b7f074cf348f-10,9ea887ae-f698-4bcd-8a6d-b7f074cf348f,10,a0292fde-6bb7-4f83-b855-3b687987a0ba-10,a0292fde-6bb7-4f83-b855-3b687987a0ba,10,PART003-1,290,Each
9ea887ae-f698-4bcd-8a6d-b7f074cf348f-20,9ea887ae-f698-4bcd-8a6d-b7f074cf348f,20,a0292fde-6bb7-4f83-b855-3b687987a0ba-20,a0292fde-6bb7-4f83-b855-3b687987a0ba,20,PART006,50,Each
9ea887ae-f698-4bcd-8a6d-b7f074cf348f-30,9ea887ae-f698-4bcd-8a6d-b7f074cf348f,30,a0292fde-6bb7-4f83-b855-3b687987a0ba-30,a0292fde-6bb7-4f83-b855-3b687987a0ba,30,PART003,190,Each
095035f2-1307-4bf3-92f0-9938e9b76bca-10,095035f2-1307-4bf3-92f0-9938e9b76bca,10,c1b491de-1c4a-46d9-9213-ba9f399c18c0-10,c1b491de-1c4a-46d9-9213-ba9f399c18c0,10,PART001,340,Each
eaf8e3ec-b19c-4177-913f-e4f6fab9f7d2-10,eaf8e3ec-b19c-4177-913f-e4f6fab9f7d2,10,fde9c7e4-afcd-4e02-9834-e2d65a1927f9-10,fde9c7e4-afcd-4e02-9834-e2d65a1927f9,10,PART006,80,Each
ed689115-ed55-4e04-bcbf-f8c76b308ed1-10,ed689115-ed55-4e04-bcbf-f8c76b308ed1,10,fde9c7e4-afcd-4e02-9834-e2d65a1927f9-20,fde9c7e4-afcd-4e02-9834-e2d65a1927f9,20,PART005,420,Each
ed689115-ed55-4e04-bcbf-f8c76b308ed1-20,ed689115-ed55-4e04-bcbf-f8c76b308ed1,20,fde9c7e4-afcd-4e02-9834-e2d65a1927f9-30,fde9c7e4-afcd-4e02-9834-e2d65a1927f9,30,PART002,250,Each
c108b628-8b4e-4a68-9ddb-59645d21c100-10,c108b628-8b4e-4a68-9ddb-59645d21c100,10,f24f43ba-f5c9-4d45-a768-463623b62def-10,f24f43ba-f5c9-4d45-a768-463623b62def,10,PART002,470,Each
dcd9baeb-5562-4f31-a87f-8040b1fa401e-10,dcd9baeb-5562-4f31-a87f-8040b1fa401e,10,70620809-8074-4690-a749-ca2c3b2af8ea-10,70620809-8074-4690-a749-ca2c3b2af8ea,10,PART003-1,70,Each
dcd9baeb-5562-4f31-a87f-8040b1fa401e-20,dcd9baeb-5562-4f31-a87f-8040b1fa401e,20,70620809-8074-4690-a749-ca2c3b2af8ea-20,70620809-8074-4690-a749-ca2c3b2af8ea,20,PART005,340,Each
dcd9baeb-5562-4f31-a87f-8040b1fa401e-30,dcd9baeb-5562-4f31-a87f-8040b1fa401e,30,70620809-8074-4690-a749-ca2c3b2af8ea-30,70620809-8074-4690-a749-ca2c3b2af8ea,30,PART003,290,Each
924225b6-af5a-40fc-b3b9-95a4251a1ec9-10,924225b6-af5a-40fc-b3b9-95a4251a1ec9,10,0cc4480b-0bd6-4e24-8292-b8ca746b9756-10,0cc4480b-0bd6-4e24-8292-b8ca746b9756,10,PART005,350,Each
ca074e4a-a09f-4179-9b96-30d23f540461-10,ca074e4a-a09f-4179-9b96-30d23f540461,10,0cc4480b-0bd6-4e24-8292-b8ca746b9756-20,0cc4480b-0bd6-4e24-8292-b8ca746b9756,20,PART003-1,460,Each
a5daf806-f9cd-4afb-b74f-f7353180f0d7-10,a5daf806-f9cd-4afb-b74f-f7353180f0d7,10,645c9166-0ac5-4784-b801-f9df144b099c-10,645c9166-0ac5-4784-b801-f9df144b099c,10,PART006,470,Each
a5daf806-f9cd-4afb-b74f-f7353180f0d7-20,a5daf806-f9cd-4afb-b74f-f7353180f0d7,20,645c9166-0ac5-4784-b801-f9df144b099c-20,645c9166-0ac5-4784-b801-f9df144b099c,20,PART003-3,230,Each
7be316b9-6cdd-4c32-8b8c-6811d09b7060-10,7be316b9-6cdd-4c32-8b8c-6811d09b7060,10,bf5c41c2-de7a-451a-a1b2-2f2475b54a65-10,bf5c41c2-de7a-451a-a1b2-2f2475b54a65,10,PART004,330,Each
7be316b9-6cdd-4c32-8b8c-6811d09b7060-20,7be316b9-6cdd-4c32-8b8c-6811d09b7060,20,bf5c41c2-de7a-451a-a1b2-2f2475b54a65-20,bf5c41c2-de7a-451a-a1b2-2f2475b54a65,20,PART003-3,80,Each
bdf5c889-aa25-4ff3-9ca7-7ed0ab90ac77-10,bdf5c889-aa25-4ff3-9ca7-7ed0ab90ac77,10,ce85192c-130d-4492-99f1-34819e143501-10,ce85192c-130d-4492-99f1-34819e143501,10,PART003-2,330,Each
d30ef8fd-0ba2-4a31-b37f-a5507da90480-10,d30ef8fd-0ba2-4a31-b37f-a5507da90480,10,ce85192c-130d-4492-99f1-34819e143501-20,ce85192c-130d-4492-99f1-34819e143501,20,PART001,100,Each
ec5d1e43-aae1-4771-8767-e0b69ce4778f-10,ec5d1e43-aae1-4771-8767-e0b69ce4778f,10,bca416e5-c6b7-465a-b37b-3b061d57b9e2-10,bca416e5-c6b7-465a-b37b-3b061d57b9e2,10,PART003-3,420,Each
74eee71c-548a-4d1a-a006-6ae3cdf1b3eb-10,74eee71c-548a-4d1a-a006-6ae3cdf1b3eb,10,886f51d2-1eb1-4aab-99d9-bcd0c1fa7557-10,886f51d2-1eb1-4aab-99d9-bcd0c1fa7557,10,PART003-3,470,Each
74eee71c-548a-4d1a-a006-6ae3cdf1b3eb-20,74eee71c-548a-4d1a-a006-6ae3cdf1b3eb,20,886f51d2-1eb1-4aab-99d9-bcd0c1fa7557-20,886f51d2-1eb1-4aab-99d9-bcd0c1fa7557,20,PART004,360,Each
74eee71c-548a-4d1a-a006-6ae3cdf1b3eb-30,74eee71c-548a-4d1a-a006-6ae3cdf1b3eb,30,886f51d2-1eb1-4aab-99d9-bcd0c1fa7557-30,886f51d2-1eb1-4aab-99d9-bcd0c1fa7557,30,PART002,350,Each
0ba75cf4-3e34-42a2-b374-5138aea5e869-10,0ba75cf4-3e34-42a2-b374-5138aea5e869,10,b2590c83-d3fa-40b7-9f85-c5a84b682393-20,b2590c83-d3fa-40b7-9f85-c5a84b682393,20,PART002,430,Each
893de915-a486-42e7-8f5f-94769e9efdd8-10,893de915-a486-42e7-8f5f-94769e9efdd8,10,b2590c83-d3fa-40b7-9f85-c5a84b682393-10,b2590c83-d3fa-40b7-9f85-c5a84b682393,10,PART003-1,200,Each
2850644e-5c33-437f-8c57-24024867884f-10,2850644e-5c33-437f-8c57-24024867884f,10,aa2c396d-30db-4eb3-bf3d-7b86f15a9674-10,aa2c396d-30db-4eb3-bf3d-7b86f15a9674,10,PART003-2,100,Each
2850644e-5c33-437f-8c57-24024867884f-20,2850644e-5c33-437f-8c57-24024867884f,20,aa2c396d-30db-4eb3-bf3d-7b86f15a9674-20,aa2c396d-30db-4eb3-bf3d-7b86f15a9674,20,PART003-3,500,Each
af5f6f5b-6034-46ea-b8bb-cabf0bac7d85-10,af5f6f5b-6034-46ea-b8bb-cabf0bac7d85,10,c41ba7c8-909a-4146-8d03-949e9f17d48c-10,c41ba7c8-909a-4146-8d03-949e9f17d48c,10,PART006,120,Each
3d0a0d03-9b0e-4beb-944c-c616451eb9d3-10,3d0a0d03-9b0e-4beb-944c-c616451eb9d3,10,d281b1cf-c416-4826-91d1-8946550e83f2-10,d281b1cf-c416-4826-91d1-8946550e83f2,10,PART004,27,Each
25bb2f72-f05d-44dc-86b8-9884c44f2ed5-10,25bb2f72-f05d-44dc-86b8-9884c44f2ed5,10,d281b1cf-c416-4826-91d1-8946550e83f2-10,d281b1cf-c416-4826-91d1-8946550e83f2,10,PART004,43,Each
35e1c85a-bb07-4fdb-b174-0b0a7d7bdaf2-10,35e1c85a-bb07-4fdb-b174-0b0a7d7bdaf2,10,1b76af37-df81-405a-902d-9a072c2ca8e2-10,1b76af37-df81-405a-902d-9a072c2ca8e2,10,PART004,260,Each
35e1c85a-bb07-4fdb-b174-0b0a7d7bdaf2-20,35e1c85a-bb07-4fdb-b174-0b0a7d7bdaf2,20,1b76af37-df81-405a-902d-9a072c2ca8e2-20,1b76af37-df81-405a-902d-9a072c2ca8e2,20,PART001,310,Each
3fceb27a-02ef-4c32-989f-12d3eeb838cd-10,3fceb27a-02ef-4c32-989f-12d3eeb838cd,10,31d2b301-d581-4d54-850d-75c6698cb92f-10,31d2b301-d581-4d54-850d-75c6698cb92f,10,PART003-1,140,Each
3fceb27a-02ef-4c32-989f-12d3eeb838cd-20,3fceb27a-02ef-4c32-989f-12d3eeb838cd,20,31d2b301-d581-4d54-850d-75c6698cb92f-20,31d2b301-d581-4d54-850d-75c6698cb92f,20,PART003,310,Each
3fceb27a-02ef-4c32-989f-12d3eeb838cd-30,3fceb27a-02ef-4c32-989f-12d3eeb838cd,30,31d2b301-d581-4d54-850d-75c6698cb92f-30,31d2b301-d581-4d54-850d-75c6698cb92f,30,PART004,480,Each
2c2403ba-0407-43fa-8418-a7b349c0d54f-10,2c2403ba-0407-43fa-8418-a7b349c0d54f,10,aa10aaf5-44a8-4681-b6f9-0e3a3ec51d1b-20,aa10aaf5-44a8-4681-b6f9-0e3a3ec51d1b,20,PART003,210,Each
36ef0e85-6e2f-4423-9085-d66fd1759053-10,36ef0e85-6e2f-4423-9085-d66fd1759053,10,aa10aaf5-44a8-4681-b6f9-0e3a3ec51d1b-10,aa10aaf5-44a8-4681-b6f9-0e3a3ec51d1b,10,PART003-2,220,Each
60f7eafc-ad87-47bf-9ec7-114b04e9bd4c-10,60f7eafc-ad87-47bf-9ec7-114b04e9bd4c,10,b3224e97-40d1-4fca-b8ab-2ff577684951-10,b3224e97-40d1-4fca-b8ab-2ff577684951,10,PART004,260,Each
60f7eafc-ad87-47bf-9ec7-114b04e9bd4c-20,60f7eafc-ad87-47bf-9ec7-114b04e9bd4c,20,b3224e97-40d1-4fca-b8ab-2ff577684951-20,b3224e97-40d1-4fca-b8ab-2ff577684951,20,PART003,100,Each
60f7eafc-ad87-47bf-9ec7-114b04e9bd4c-30,60f7eafc-ad87-47bf-9ec7-114b04e9bd4c,30,b3224e97-40d1-4fca-b8ab-2ff577684951-30,b3224e97-40d1-4fca-b8ab-2ff577684951,30,PART001,310,Each
f758137c-15a1-4f00-a37d-29d8943d0136-10,f758137c-15a1-4f00-a37d-29d8943d0136,10,eaa072e4-3f5c-44e2-967f-10fe7150956e-10,eaa072e4-3f5c-44e2-967f-10fe7150956e,10,PART004,440,Each
f758137c-15a1-4f00-a37d-29d8943d0136-20,f758137c-15a1-4f00-a37d-29d8943d0136,20,eaa072e4-3f5c-44e2-967f-10fe7150956e-20,eaa072e4-3f5c-44e2-967f-10fe7150956e,20,PART002,370,Each
4d0f4594-d517-45cf-9718-066b035c614b-10,4d0f4594-d517-45cf-9718-066b035c614b,10,700c7fa1-4a36-4027-ac88-0fe33ad64f98-10,700c7fa1-4a36-4027-ac88-0fe33ad64f98,10,PART003-1,23,Each
7791a0f6-9d53-4f60-9ee8-4b55f75a6a53-10,7791a0f6-9d53-4f60-9ee8-4b55f75a6a53,10,700c7fa1-4a36-4027-ac88-0fe33ad64f98-10,700c7fa1-4a36-4027-ac88-0fe33ad64f98,10,PART003-1,27,Each
549ca127-ab5f-494b-8e67-d3a272e5c29e-10,549ca127-ab5f-494b-8e67-d3a272e5c29e,10,c96adca7-d41c-471d-8fad-edf6e1acc52c-10,c96adca7-d41c-471d-8fad-edf6e1acc52c,10,PART001,330,Each
549ca127-ab5f-494b-8e67-d3a272e5c29e-20,549ca127-ab5f-494b-8e67-d3a272e5c29e,20,c96adca7-d41c-471d-8fad-edf6e1acc52c-20,c96adca7-d41c-471d-8fad-edf6e1acc52c,20,PART003-1,390,Each
83c0c518-10d6-43f8-a2a5-87579985bd17-10,83c0c518-10d6-43f8-a2a5-87579985bd17,10,ba307200-51cf-44f2-8659-4e59fa0bb765-10,ba307200-51cf-44f2-8659-4e59fa0bb765,10,PART001,440,Each
f6279030-af3d-4e37-a986-0fcc5495381b-10,f6279030-af3d-4e37-a986-0fcc5495381b,10,4f20fdf7-8c6f-42e7-9622-c7f07f22b418-10,4f20fdf7-8c6f-42e7-9622-c7f07f22b418,10,PART003-3,140,Each
ea78b7bf-550e-4201-9cf3-17a27b0774d5-10,ea78b7bf-550e-4201-9cf3-17a27b0774d5,10,4f20fdf7-8c6f-42e7-9622-c7f07f22b418-20,4f20fdf7-8c6f-42e7-9622-c7f07f22b418,20,PART003,470,Each
9e932665-3fd4-4969-b3c8-a9c098f4e338-10,9e932665-3fd4-4969-b3c8-a9c098f4e338,10,e10c8025-874d-444f-847b-1f02fe43ff7f-10,e10c8025-874d-444f-847b-1f02fe43ff7f,10,PART006,210,Each
b78ac9b9-a77b-4ac0-9903-8cc5573dc222-10,b78ac9b9-a77b-4ac0-9903-8cc5573dc222,10,c8525c69-9011-4c35-8d6c-4b01bf63936a-10,c8525c69-9011-4c35-8d6c-4b01bf63936a,10,PART005,410,Each
b78ac9b9-a77b-4ac0-9903-8cc5573dc222-20,b78ac9b9-a77b-4ac0-9903-8cc5573dc222,20,c8525c69-9011-4c35-8d6c-4b01bf63936a-20,c8525c69-9011-4c35-8d6c-4b01bf63936a,20,PART003,450,Each
b78ac9b9-a77b-4ac0-9903-8cc5573dc222-30,b78ac9b9-a77b-4ac0-9903-8cc5573dc222,30,c8525c69-9011-4c35-8d6c-4b01bf63936a-30,c8525c69-9011-4c35-8d6c-4b01bf63936a,30,PART006,70,Each
1bde0a00-f2df-4a3a-b5cc-1db7e798d824-10,1bde0a00-f2df-4a3a-b5cc-1db7e798d824,10,97ee79d6-96f0-46b5-9c83-24eab1df314a-10,97ee79d6-96f0-46b5-9c83-24eab1df314a,10,PART006,250,Each
7a2971cc-0c66-4ab5-9f3e-819ab936ccb1-10,7a2971cc-0c66-4ab5-9f3e-819ab936ccb1,10,97ee79d6-96f0-46b5-9c83-24eab1df314a-20,97ee79d6-96f0-46b5-9c83-24eab1df314a,20,PART003,100,Each
9452e69d-91f9-479a-898e-982c2e1e09e5-10,9452e69d-91f9-479a-898e-982c2e1e09e5,10,c57b8ca1-3ecd-4aa5-885b-441ff745f8de-10,c57b8ca1-3ecd-4aa5-885b-441ff745f8de,10,PART002,240,Each
9452e69d-91f9-479a-898e-982c2e1e09e5-20,9452e69d-91f9-479a-898e-982c2e1e09e5,20,c57b8ca1-3ecd-4aa5-885b-441ff745f8de-20,c57b8ca1-3ecd-4aa5-885b-441ff745f8de,20,PART001,430,Each
a0cf6acd-1c16-4c25-ab0a-0f86366541a5-10,a0cf6acd-1c16-4c25-ab0a-0f86366541a5,10,e79f2c1e-1296-4330-9712-97cc41d8e8c8-10,e79f2c1e-1296-4330-9712-97cc41d8e8c8,10,PART003-3,300,Each
a0cf6acd-1c16-4c25-ab0a-0f86366541a5-20,a0cf6acd-1c16-4c25-ab0a-0f86366541a5,20,e79f2c1e-1296-4330-9712-97cc41d8e8c8-20,e79f2c1e-1296-4330-9712-97cc41d8e8c8,20,PART003,390,Each
a0cf6acd-1c16-4c25-ab0a-0f86366541a5-30,a0cf6acd-1c16-4c25-ab0a-0f86366541a5,30,e79f2c1e-1296-4330-9712-97cc41d8e8c8-30,e79f2c1e-1296-4330-9712-97cc41d8e8c8,30,PART006,110,Each
1a3eb11e-8ba2-4ae0-a4d6-fb3a249c7750-10,1a3eb11e-8ba2-4ae0-a4d6-fb3a249c7750,10,a376719d-c3fa-460f-adc3-cc541eaa384f-10,a376719d-c3fa-460f-adc3-cc541eaa384f,10,PART006,420,Each
1bb31420-195c-4c0b-8039-eec2cba550ba-10,1bb31420-195c-4c0b-8039-eec2cba550ba,10,a376719d-c3fa-460f-adc3-cc541eaa384f-20,a376719d-c3fa-460f-adc3-cc541eaa384f,20,PART004,230,Each
21b9b62e-1386-4806-825e-e1617335d2ea-10,21b9b62e-1386-4806-825e-e1617335d2ea,10,1d375e45-1643-4b6a-8d75-839fd88616d8-10,1d375e45-1643-4b6a-8d75-839fd88616d8,10,PART003-2,420,Each
fd6e15fb-2797-497b-bacb-fac1e43ef6f0-10,fd6e15fb-2797-497b-bacb-fac1e43ef6f0,10,4f680dd5-17a4-420c-a0a4-dc8dbc7bd432-10,4f680dd5-17a4-420c-a0a4-dc8dbc7bd432,10,PART003-2,390,Each
7e9174d0-54cd-449d-a5e0-7462ef55b234-10,7e9174d0-54cd-449d-a5e0-7462ef55b234,10,3224a466-0bb7-4791-a548-99eb6cf7e3af-10,3224a466-0bb7-4791-a548-99eb6cf7e3af,10,PART005,135,Each
e13856cf-c9df-4e51-9ad8-1522f4197377-10,e13856cf-c9df-4e51-9ad8-1522f4197377,10,3224a466-0bb7-4791-a548-99eb6cf7e3af-10,3224a466-0bb7-4791-a548-99eb6cf7e3af,10,PART005,45,Each
f6dd55f7-a937-48a1-a9a8-691f8d2961a3-10,f6dd55f7-a937-48a1-a9a8-691f8d2961a3,10,7eecec5f-6fad-45d2-ae2e-60f1753a547f-10,7eecec5f-6fad-45d2-ae2e-60f1753a547f,10,PART003-2,270,Each
9669a323-2253-46e7-8e6c-3e9e71a45733-10,9669a323-2253-46e7-8e6c-3e9e71a45733,10,68e099ec-41db-4f08-8453-7597162f941b-10,68e099ec-41db-4f08-8453-7597162f941b,10,PART006,220,Each
9669a323-2253-46e7-8e6c-3e9e71a45733-20,9669a323-2253-46e7-8e6c-3e9e71a45733,20,68e099ec-41db-4f08-8453-7597162f941b-20,68e099ec-41db-4f08-8453-7597162f941b,20,PART003-3,170,Each
951112e3-49cc-447a-9b70-6dd0b530023e-10,951112e3-49cc-447a-9b70-6dd0b530023e,10,df089223-cb5d-4b2a-a289-be0346b2cdd1-10,df089223-cb5d-4b2a-a289-be0346b2cdd1,10,PART003,164,Each
cdd52e65-f426-4ec3-a7a8-22ba43985935-10,cdd52e65-f426-4ec3-a7a8-22ba43985935,10,df089223-cb5d-4b2a-a289-be0346b2cdd1-10,df089223-cb5d-4b2a-a289-be0346b2cdd1,10,PART003,46,Each
879c132a-65c2-4277-88dc-3c346949d25a-10,879c132a-65c2-4277-88dc-3c346949d25a,10,272d4b68-4625-4404-b170-96b840ef3b38-10,272d4b68-4625-4404-b170-96b840ef3b38,10,PART002,120,Each
879c132a-65c2-4277-88dc-3c346949d25a-20,879c132a-65c2-4277-88dc-3c346949d25a,20,272d4b68-4625-4404-b170-96b840ef3b38-20,272d4b68-4625-4404-b170-96b840ef3b38,20,PART004,310,Each
879c132a-65c2-4277-88dc-3c346949d25a-30,879c132a-65c2-4277-88dc-3c346949d25a,30,272d4b68-4625-4404-b170-96b840ef3b38-30,272d4b68-4625-4404-b170-96b840ef3b38,30,PART001,100,Each
825c5f6f-1555-4a55-a9b2-a3e419e580f8-10,825c5f6f-1555-4a55-a9b2-a3e419e580f8,10,14d7b5e7-a89f-42c5-a50c-39962dbf6f31-10,14d7b5e7-a89f-42c5-a50c-39962dbf6f31,10,PART005,170,Each
825c5f6f-1555-4a55-a9b2-a3e419e580f8-20,825c5f6f-1555-4a55-a9b2-a3e419e580f8,20,14d7b5e7-a89f-42c5-a50c-39962dbf6f31-20,14d7b5e7-a89f-42c5-a50c-39962dbf6f31,20,PART002,160,Each
bfdd69b3-ca34-4712-9b13-b5f221f671b2-10,bfdd69b3-ca34-4712-9b13-b5f221f671b2,10,691f5243-f9da-4259-b6b3-b0e23002062e-20,691f5243-f9da-4259-b6b3-b0e23002062e,20,PART004,420,Each
4a3cf7c8-cc27-4b01-9165-4df2bee1eabc-10,4a3cf7c8-cc27-4b01-9165-4df2bee1eabc,10,691f5243-f9da-4259-b6b3-b0e23002062e-10,691f5243-f9da-4259-b6b3-b0e23002062e,10,PART006,270,Each
933077aa-e882-4579-80ef-cc94a7dc0e83-10,933077aa-e882-4579-80ef-cc94a7dc0e83,10,fa716668-2dac-4ab3-9347-f9f564f4e683-10,fa716668-2dac-4ab3-9347-f9f564f4e683,10,PART003-2,80,Each
933077aa-e882-4579-80ef-cc94a7dc0e83-20,933077aa-e882-4579-80ef-cc94a7dc0e83,20,fa716668-2dac-4ab3-9347-f9f564f4e683-20,fa716668-2dac-4ab3-9347-f9f564f4e683,20,PART003-1,300,Each
933077aa-e882-4579-80ef-cc94a7dc0e83-30,933077aa-e882-4579-80ef-cc94a7dc0e83,30,fa716668-2dac-4ab3-9347-f9f564f4e683-30,fa716668-2dac-4ab3-9347-f9f564f4e683,30,PART003,380,Each
23a1b121-981d-4d29-baa7-1616f493cb09-10,23a1b121-981d-4d29-baa7-1616f493cb09,10,e42fd745-e3b0-43e1-a85d-3b31a90dc7d5-10,e42fd745-e3b0-43e1-a85d-3b31a90dc7d5,10,PART003-2,200,Each
23a1b121-981d-4d29-baa7-1616f493cb09-20,23a1b121-981d-4d29-baa7-1616f493cb09,20,e42fd745-e3b0-43e1-a85d-3b31a90dc7d5-20,e42fd745-e3b0-43e1-a85d-3b31a90dc7d5,20,PART001,290,Each
23a1b121-981d-4d29-baa7-1616f493cb09-30,23a1b121-981d-4d29-baa7-1616f493cb09,30,e42fd745-e3b0-43e1-a85d-3b31a90dc7d5-30,e42fd745-e3b0-43e1-a85d-3b31a90dc7d5,30,PART003,250,Each
361943bd-4892-45e1-92e6-d7ecda937d3a-10,361943bd-4892-45e1-92e6-d7ecda937d3a,10,d36ac1c8-05b2-40dd-9e5c-107fed85e7ec-20,d36ac1c8-05b2-40dd-9e5c-107fed85e7ec,20,PART002,440,Each
ad308e32-2056-481f-9cab-8b3b21ca3cda-10,ad308e32-2056-481f-9cab-8b3b21ca3cda,10,d36ac1c8-05b2-40dd-9e5c-107fed85e7ec-10,d36ac1c8-05b2-40dd-9e5c-107fed85e7ec,10,PART003-1,280,Each
ad308e32-2056-481f-9cab-8b3b21ca3cda-20,ad308e32-2056-481f-9cab-8b3b21ca3cda,20,d36ac1c8-05b2-40dd-9e5c-107fed85e7ec-30,d36ac1c8-05b2-40dd-9e5c-107fed85e7ec,30,PART003,350,Each
7cdbab06-25d3-4e05-b9f6-88e474884be1-10,7cdbab06-25d3-4e05-b9f6-88e474884be1,10,e5f24eee-8d33-4fdc-baf0-610e0a97be46-10,e5f24eee-8d33-4fdc-baf0-610e0a97be46,10,PART003-2,450,Each
7cdbab06-25d3-4e05-b9f6-88e474884be1-20,7cdbab06-25d3-4e05-b9f6-88e474884be1,20,e5f24eee-8d33-4fdc-baf0-610e0a97be46-20,e5f24eee-8d33-4fdc-baf0-610e0a97be46,20,PART004,110,Each
e55e0c19-b6d9-46bc-9d69-f60d64470161-10,e55e0c19-b6d9-46bc-9d69-f60d64470161,10,99ca2a4a-4467-49b0-9647-ae62eb396688-10,99ca2a4a-4467-49b0-9647-ae62eb396688,10,PART001,160,Each
e55e0c19-b6d9-46bc-9d69-f60d64470161-20,e55e0c19-b6d9-46bc-9d69-f60d64470161,20,99ca2a4a-4467-49b0-9647-ae62eb396688-20,99ca2a4a-4467-49b0-9647-ae62eb396688,20,PART006,210,Each
bead5de1-8b80-4947-a227-ef2fea643db9-10,bead5de1-8b80-4947-a227-ef2fea643db9,10,4f1582cb-23f2-4de9-922b-cdad3246be18-20,4f1582cb-23f2-4de9-922b-cdad3246be18,20,PART003-3,190,Each
c6978b57-9d5c-42dc-b2b0-da74d9164dce-10,c6978b57-9d5c-42dc-b2b0-da74d9164dce,10,4f1582cb-23f2-4de9-922b-cdad3246be18-10,4f1582cb-23f2-4de9-922b-cdad3246be18,10,PART006,310,Each
c6978b57-9d5c-42dc-b2b0-da74d9164dce-20,c6978b57-9d5c-42dc-b2b0-da74d9164dce,20,4f1582cb-23f2-4de9-922b-cdad3246be18-30,4f1582cb-23f2-4de9-922b-cdad3246be18,30,PART003,440,Each
ed774170-de0a-499d-b38b-2525bbef0cdc-10,ed774170-de0a-499d-b38b-2525bbef0cdc,10,d2fcc587-60f5-4c7b-b2f2-e0a8bc826755-10,d2fcc587-60f5-4c7b-b2f2-e0a8bc826755,10,PART004,450,Each
ed774170-de0a-499d-b38b-2525bbef0cdc-20,ed774170-de0a-499d-b38b-2525bbef0cdc,20,d2fcc587-60f5-4c7b-b2f2-e0a8bc826755-20,d2fcc587-60f5-4c7b-b2f2-e0a8bc826755,20,PART003-1,130,Each
b5f9aa1f-8de4-400e-98f2-9eb151433b44-10,b5f9aa1f-8de4-400e-98f2-9eb151433b44,10,5f41924b-5d89-491b-8b9e-cb883c1f1274-10,5f41924b-5d89-491b-8b9e-cb883c1f1274,10,PART006,280,Each
a4bf129e-0e36-4b8c-9069-6866f15e220f-10,a4bf129e-0e36-4b8c-9069-6866f15e220f,10,c078ed3c-1a52-46ea-82c3-1b7183ff8f71-20,c078ed3c-1a52-46ea-82c3-1b7183ff8f71,20,PART005,340,Each
418b86c5-c1b9-4fbf-b3a7-a818f76487cc-10,418b86c5-c1b9-4fbf-b3a7-a818f76487cc,10,c078ed3c-1a52-46ea-82c3-1b7183ff8f71-10,c078ed3c-1a52-46ea-82c3-1b7183ff8f71,10,PART003-2,410,Each
bfdf323f-cd8a-4907-95cb-bd51c71c2408-10,bfdf323f-cd8a-4907-95cb-bd51c71c2408,10,a096f9ef-1e70-4047-a94a-344acd2b2e26-10,a096f9ef-1e70-4047-a94a-344acd2b2e26,10,PART003-2,260,Each
9cb7f847-56c8-42d8-ab38-0058b26b42e8-10,9cb7f847-56c8-42d8-ab38-0058b26b42e8,10,a16031d3-c0b3-44e0-a42e-82afa9433a5d-10,a16031d3-c0b3-44e0-a42e-82afa9433a5d,10,PART003-2,450,Each
8e383229-a847-4b52-950a-dea06ca7896e-10,8e383229-a847-4b52-950a-dea06ca7896e,10,0527dac3-1c9f-4ab5-9674-5526a3a95917-10,0527dac3-1c9f-4ab5-9674-5526a3a95917,10,PART004,480,Each
35fc3e5b-5964-45ee-ab9a-a07ae76a51be-10,35fc3e5b-5964-45ee-ab9a-a07ae76a51be,10,0527dac3-1c9f-4ab5-9674-5526a3a95917-20,0527dac3-1c9f-4ab5-9674-5526a3a95917,20,PART002,260,Each
c39c50f3-55a3-4190-8edd-17fe65a6c40e-10,c39c50f3-55a3-4190-8edd-17fe65a6c40e,10,28915a92-4373-4d38-b47f-9e347d15dbf4-10,28915a92-4373-4d38-b47f-9e347d15dbf4,10,PART002,410,Each
ad8ed6d0-a921-49a7-a72c-9dc2eb97e480-10,ad8ed6d0-a921-49a7-a72c-9dc2eb97e480,10,4788cc6e-9378-4550-b0c4-80ab71c033c1-10,4788cc6e-9378-4550-b0c4-80ab71c033c1,10,PART002,180,Each
3d429d59-cc3b-4e7a-85c0-cd2de1a3deeb-10,3d429d59-cc3b-4e7a-85c0-cd2de1a3deeb,10,d42bc04a-3099-438e-b911-5ca3033e2767-10,d42bc04a-3099-438e-b911-5ca3033e2767,10,PART003-2,430,Each
58d315c6-a20f-4aeb-ab17-eda2af0e8354-10,58d315c6-a20f-4aeb-ab17-eda2af0e8354,10,d42bc04a-3099-438e-b911-5ca3033e2767-20,d42bc04a-3099-438e-b911-5ca3033e2767,20,PART001,290,Each
e962d099-5afb-47e9-9684-51afd0e607f0-10,e962d099-5afb-47e9-9684-51afd0e607f0,10,e5a6f60a-df11-4067-a08b-1441891e110f-10,e5a6f60a-df11-4067-a08b-1441891e110f,10,PART003,130,Each
e962d099-5afb-47e9-9684-51afd0e607f0-20,e962d099-5afb-47e9-9684-51afd0e607f0,20,e5a6f60a-df11-4067-a08b-1441891e110f-20,e5a6f60a-df11-4067-a08b-1441891e110f,20,PART001,410,Each
e962d099-5afb-47e9-9684-51afd0e607f0-30,e962d099-5afb-47e9-9684-51afd0e607f0,30,e5a6f60a-df11-4067-a08b-1441891e110f-30,e5a6f60a-df11-4067-a08b-1441891e110f,30,PART005,370,Each
98533de5-edc0-4d86-9388-46570f3b933e-10,98533de5-edc0-4d86-9388-46570f3b933e,10,61bfb2a7-c655-4397-921f-cbd791d980a3-10,61bfb2a7-c655-4397-921f-cbd791d980a3,10,PART004,250,Each
98533de5-edc0-4d86-9388-46570f3b933e-20,98533de5-edc0-4d86-9388-46570f3b933e,20,61bfb2a7-c655-4397-921f-cbd791d980a3-20,61bfb2a7-c655-4397-921f-cbd791d980a3,20,PART001,430,Each
9c9e1e37-6f69-4b59-840a-dba080d78b2d-10,9c9e1e37-6f69-4b59-840a-dba080d78b2d,10,6363295d-885f-4090-a5bb-29c752cd1cac-10,6363295d-885f-4090-a5bb-29c752cd1cac,10,PART003-3,108,Each
e8aa8075-4c60-46c2-a813-fc3e9ef1a9da-10,e8aa8075-4c60-46c2-a813-fc3e9ef1a9da,10,6363295d-885f-4090-a5bb-29c752cd1cac-10,6363295d-885f-4090-a5bb-29c752cd1cac,10,PART003-3,72,Each
2ff729a2-ac18-4f76-b34b-834cc535f1a4-10,2ff729a2-ac18-4f76-b34b-834cc535f1a4,10,0f57c8c8-0699-43c1-9222-d65c40d417e3-10,0f57c8c8-0699-43c1-9222-d65c40d417e3,10,PART002,230,Each
2ff729a2-ac18-4f76-b34b-834cc535f1a4-20,2ff729a2-ac18-4f76-b34b-834cc535f1a4,20,0f57c8c8-0699-43c1-9222-d65c40d417e3-20,0f57c8c8-0699-43c1-9222-d65c40d417e3,20,PART003,100,Each
d04d7516-2ce3-4e0a-a098-92134eb0a70e-10,d04d7516-2ce3-4e0a-a098-92134eb0a70e,10,3f17a6c7-82bd-4d6b-84e5-88c0314a4fc9-10,3f17a6c7-82bd-4d6b-84e5-88c0314a4fc9,10,PART003-2,500,Each
d04d7516-2ce3-4e0a-a098-92134eb0a70e-20,d04d7516-2ce3-4e0a-a098-92134eb0a70e,20,3f17a6c7-82bd-4d6b-84e5-88c0314a4fc9-20,3f17a6c7-82bd-4d6b-84e5-88c0314a4fc9,20,PART003,230,Each
d04d7516-2ce3-4e0a-a098-92134eb0a70e-30,d04d7516-2ce3-4e0a-a098-92134eb0a70e,30,3f17a6c7-82bd-4d6b-84e5-88c0314a4fc9-30,3f17a6c7-82bd-4d6b-84e5-88c0314a4fc9,30,PART003-3,330,Each
15cca9b0-0616-4d1c-a4fd-8b2be5de7a73-10,15cca9b0-0616-4d1c-a4fd-8b2be5de7a73,10,20fe7bbf-1712-418e-86b3-bbeb7b191ae3-10,20fe7bbf-1712-418e-86b3-bbeb7b191ae3,10,PART003-3,210,Each
daa3b00c-8b2c-4526-8a61-d68797c6a090-10,daa3b00c-8b2c-4526-8a61-d68797c6a090,10,20fe7bbf-1712-418e-86b3-bbeb7b191ae3-20,20fe7bbf-1712-418e-86b3-bbeb7b191ae3,20,PART003,250,Each
daa3b00c-8b2c-4526-8a61-d68797c6a090-20,daa3b00c-8b2c-4526-8a61-d68797c6a090,20,20fe7bbf-1712-418e-86b3-bbeb7b191ae3-30,20fe7bbf-1712-418e-86b3-bbeb7b191ae3,30,PART005,500,Each
a037478a-fcf7-4923-b552-6dba3bf718ce-10,a037478a-fcf7-4923-b552-6dba3bf718ce,10,3dffe620-ddc5-476d-bc3e-bcf922b1ba8d-10,3dffe620-ddc5-476d-bc3e-bcf922b1ba8d,10,PART003,110,Each
a037478a-fcf7-4923-b552-6dba3bf718ce-20,a037478a-fcf7-4923-b552-6dba3bf718ce,20,3dffe620-ddc5-476d-bc3e-bcf922b1ba8d-20,3dffe620-ddc5-476d-bc3e-bcf922b1ba8d,20,PART004,190,Each
a037478a-fcf7-4923-b552-6dba3bf718ce-30,a037478a-fcf7-4923-b552-6dba3bf718ce,30,3dffe620-ddc5-476d-bc3e-bcf922b1ba8d-30,3dffe620-ddc5-476d-bc3e-bcf922b1ba8d,30,PART001,150,Each
470ae18e-fa11-4107-9dd4-c858e30e6ac4-10,470ae18e-fa11-4107-9dd4-c858e30e6ac4,10,b955637f-58d9-4d38-812e-6922a596952a-10,b955637f-58d9-4d38-812e-6922a596952a,10,PART006,300,Each
470ae18e-fa11-4107-9dd4-c858e30e6ac4-20,470ae18e-fa11-4107-9dd4-c858e30e6ac4,20,b955637f-58d9-4d38-812e-6922a596952a-20,b955637f-58d9-4d38-812e-6922a596952a,20,PART003-1,200,Each
3d244b17-4fb3-4cd7-81e6-b790da1f4fab-10,3d244b17-4fb3-4cd7-81e6-b790da1f4fab,10,f952d44b-4573-44d7-b4c8-e7f36f080c1b-10,f952d44b-4573-44d7-b4c8-e7f36f080c1b,10,PART003,410,Each
3bbeb406-7706-4388-ad53-fd25690cffd8-10,3bbeb406-7706-4388-ad53-fd25690cffd8,10,f952d44b-4573-44d7-b4c8-e7f36f080c1b-20,f952d44b-4573-44d7-b4c8-e7f36f080c1b,20,PART004,380,Each
a292f5bc-3002-48ee-b1d4-6a6271a61ca4-10,a292f5bc-3002-48ee-b1d4-6a6271a61ca4,10,03ec1455-3be6-4bef-bbc4-b2155f88ca03-10,03ec1455-3be6-4bef-bbc4-b2155f88ca03,10,PART003,350,Each
a292f5bc-3002-48ee-b1d4-6a6271a61ca4-20,a292f5bc-3002-48ee-b1d4-6a6271a61ca4,20,03ec1455-3be6-4bef-bbc4-b2155f88ca03-20,03ec1455-3be6-4bef-bbc4-b2155f88ca03,20,PART006,160,Each
a292f5bc-3002-48ee-b1d4-6a6271a61ca4-30,a292f5bc-3002-48ee-b1d4-6a6271a61ca4,30,03ec1455-3be6-4bef-bbc4-b2155f88ca03-30,03ec1455-3be6-4bef-bbc4-b2155f88ca03,30,PART001,220,Each
6962c2fd-9570-4adb-84e1-e35f09163712-10,6962c2fd-9570-4adb-84e1-e35f09163712,10,0e82bf0b-ffa4-4884-80fc-bdeb761015e4-10,0e82bf0b-ffa4-4884-80fc-bdeb761015e4,10,PART005,270,Each
efb9d7ef-b9d1-444a-a2d8-5959463ec12a-10,efb9d7ef-b9d1-444a-a2d8-5959463ec12a,10,cfbcfa7b-1a44-48ee-9c80-926171ab4f7c-20,cfbcfa7b-1a44-48ee-9c80-926171ab4f7c,20,PART005,250,Each
8274f1bc-39c8-4add-ab8d-34110d158a55-10,8274f1bc-39c8-4add-ab8d-34110d158a55,10,cfbcfa7b-1a44-48ee-9c80-926171ab4f7c-10,cfbcfa7b-1a44-48ee-9c80-926171ab4f7c,10,PART003-1,500,Each
ad8d0cd4-2c79-4261-b7e5-002460668f3b-10,ad8d0cd4-2c79-4261-b7e5-002460668f3b,10,ee25bb82-c77f-4070-8619-e658fa21f23e-10,ee25bb82-c77f-4070-8619-e658fa21f23e,10,PART001,220,Each
3d53b105-af3f-408d-8f59-18b4006a08e7-10,3d53b105-af3f-408d-8f59-18b4006a08e7,10,48b207c6-baa8-4fd5-ad45-3431d0e1ff10-10,48b207c6-baa8-4fd5-ad45-3431d0e1ff10,10,PART004,300,Each
e4c2545f-fb60-41f0-aaee-3a132bfce177-10,e4c2545f-fb60-41f0-aaee-3a132bfce177,10,d9cd66d6-573b-4775-9889-6963402f14eb-10,d9cd66d6-573b-4775-9889-6963402f14eb,10,PART001,190,Each
36908d71-3f2b-43ac-bff8-ed4b392c282b-10,36908d71-3f2b-43ac-bff8-ed4b392c282b,10,d9cd66d6-573b-4775-9889-6963402f14eb-20,d9cd66d6-573b-4775-9889-6963402f14eb,20,PART003-1,390,Each
36908d71-3f2b-43ac-bff8-ed4b392c282b-20,36908d71-3f2b-43ac-bff8-ed4b392c282b,20,d9cd66d6-573b-4775-9889-6963402f14eb-30,d9cd66d6-573b-4775-9889-6963402f14eb,30,PART003-3,160,Each
705d21a5-3e0d-49f8-bd83-bab65e8f9279-10,705d21a5-3e0d-49f8-bd83-bab65e8f9279,10,d65c660b-33e4-48d4-82b3-581532ec0fe1-10,d65c660b-33e4-48d4-82b3-581532ec0fe1,10,PART004,400,Each
705d21a5-3e0d-49f8-bd83-bab65e8f9279-20,705d21a5-3e0d-49f8-bd83-bab65e8f9279,20,d65c660b-33e4-48d4-82b3-581532ec0fe1-20,d65c660b-33e4-48d4-82b3-581532ec0fe1,20,PART003,160,Each
1c24a0ca-adc8-40ce-b39f-c0ad7aedb8cd-10,1c24a0ca-adc8-40ce-b39f-c0ad7aedb8cd,10,81b54c2b-80f9-4427-8e1b-170609f3bdff-10,81b54c2b-80f9-4427-8e1b-170609f3bdff,10,PART004,270,Each
445b74b3-a1cb-409f-a43a-6d688b694bb9-10,445b74b3-a1cb-409f-a43a-6d688b694bb9,10,a93a3485-bb19-4861-979a-0d4ffbe26603-10,a93a3485-bb19-4861-979a-0d4ffbe26603,10,PART001,360,Each
619556e4-1c65-4c85-94ca-6e1632ae4dd5-10,619556e4-1c65-4c85-94ca-6e1632ae4dd5,10,a93a3485-bb19-4861-979a-0d4ffbe26603-20,a93a3485-bb19-4861-979a-0d4ffbe26603,20,PART003,90,Each
619556e4-1c65-4c85-94ca-6e1632ae4dd5-20,619556e4-1c65-4c85-94ca-6e1632ae4dd5,20,a93a3485-bb19-4861-979a-0d4ffbe26603-30,a93a3485-bb19-4861-979a-0d4ffbe26603,30,PART003-1,70,Each
c489635d-6c4e-4c1f-a21f-23f9db5bb5da-10,c489635d-6c4e-4c1f-a21f-23f9db5bb5da,10,8aaf4ab7-6ef0-4020-b71b-be2f348b34de-10,8aaf4ab7-6ef0-4020-b71b-be2f348b34de,10,PART006,140,Each
c489635d-6c4e-4c1f-a21f-23f9db5bb5da-20,c489635d-6c4e-4c1f-a21f-23f9db5bb5da,20,8aaf4ab7-6ef0-4020-b71b-be2f348b34de-20,8aaf4ab7-6ef0-4020-b71b-be2f348b34de,20,PART003-1,500,Each
c489635d-6c4e-4c1f-a21f-23f9db5bb5da-30,c489635d-6c4e-4c1f-a21f-23f9db5bb5da,30,8aaf4ab7-6ef0-4020-b71b-be2f348b34de-30,8aaf4ab7-6ef0-4020-b71b-be2f348b34de,30,PART003,50,Each
72b9a307-7643-40b2-8f5e-de762f71fcd7-10,72b9a307-7643-40b2-8f5e-de762f71fcd7,10,1e127b12-383f-4170-910a-c5104c384cee-10,1e127b12-383f-4170-910a-c5104c384cee,10,PART001,170,Each
72b9a307-7643-40b2-8f5e-de762f71fcd7-20,72b9a307-7643-40b2-8f5e-de762f71fcd7,20,1e127b12-383f-4170-910a-c5104c384cee-20,1e127b12-383f-4170-910a-c5104c384cee,20,PART004,310,Each
72b9a307-7643-40b2-8f5e-de762f71fcd7-30,72b9a307-7643-40b2-8f5e-de762f71fcd7,30,1e127b12-383f-4170-910a-c5104c384cee-30,1e127b12-383f-4170-910a-c5104c384cee,30,PART005,240,Each
f3a17f77-b7d5-413d-84e2-b71db32f709f-10,f3a17f77-b7d5-413d-84e2-b71db32f709f,10,a57323f1-8f57-41ba-998a-9f24f46af310-10,a57323f1-8f57-41ba-998a-9f24f46af310,10,PART002,460,Each
ce8a04e9-6e36-408f-8edd-dfdaac8cba91-10,ce8a04e9-6e36-408f-8edd-dfdaac8cba91,10,a57323f1-8f57-41ba-998a-9f24f46af310-20,a57323f1-8f57-41ba-998a-9f24f46af310,20,PART006,440,Each
1c4a9b5d-94f6-470c-935f-ca18ec8c7dfc-10,1c4a9b5d-94f6-470c-935f-ca18ec8c7dfc,10,1696cdd8-b128-4481-94f7-3f1dcc6b8807-10,1696cdd8-b128-4481-94f7-3f1dcc6b8807,10,PART006,440,Each
1c4a9b5d-94f6-470c-935f-ca18ec8c7dfc-20,1c4a9b5d-94f6-470c-935f-ca18ec8c7dfc,20,1696cdd8-b128-4481-94f7-3f1dcc6b8807-20,1696cdd8-b128-4481-94f7-3f1dcc6b8807,20,PART001,120,Each
a19e1844-428f-4df7-ab5a-a188f9197040-10,a19e1844-428f-4df7-ab5a-a188f9197040,10,ad3eab72-726f-43d4-a479-52bd9c51740f-10,ad3eab72-726f-43d4-a479-52bd9c51740f,10,PART003-3,240,Each
a19e1844-428f-4df7-ab5a-a188f9197040-20,a19e1844-428f-4df7-ab5a-a188f9197040,20,ad3eab72-726f-43d4-a479-52bd9c51740f-20,ad3eab72-726f-43d4-a479-52bd9c51740f,20,PART003,140,Each
a19e1844-428f-4df7-ab5a-a188f9197040-30,a19e1844-428f-4df7-ab5a-a188f9197040,30,ad3eab72-726f-43d4-a479-52bd9c51740f-30,ad3eab72-726f-43d4-a479-52bd9c51740f,30,PART001,140,Each
c1ee1829-54f9-4d7e-a1a6-8067b68983e9-10,c1ee1829-54f9-4d7e-a1a6-8067b68983e9,10,2458af46-92fe-4e55-a2ff-49b7de54f932-10,2458af46-92fe-4e55-a2ff-49b7de54f932,10,PART004,200,Each
eed30be9-ecf3-476e-8c4d-b562571c5b74-10,eed30be9-ecf3-476e-8c4d-b562571c5b74,10,2458af46-92fe-4e55-a2ff-49b7de54f932-20,2458af46-92fe-4e55-a2ff-49b7de54f932,20,PART003,140,Each
4a996aa7-50c5-4d59-99a4-e5baf201f857-10,4a996aa7-50c5-4d59-99a4-e5baf201f857,10,c1fd0115-1cf7-4663-8fc6-a3fdcdfdde58-10,c1fd0115-1cf7-4663-8fc6-a3fdcdfdde58,10,PART003-1,80,Each
4a996aa7-50c5-4d59-99a4-e5baf201f857-20,4a996aa7-50c5-4d59-99a4-e5baf201f857,20,c1fd0115-1cf7-4663-8fc6-a3fdcdfdde58-20,c1fd0115-1cf7-4663-8fc6-a3fdcdfdde58,20,PART005,430,Each
52e18425-ff2f-40fa-b219-760d8050869a-10,52e18425-ff2f-40fa-b219-760d8050869a,10,048e07bb-46cf-463b-8d83-77a09ffe488c-10,048e07bb-46cf-463b-8d83-77a09ffe488c,10,PART004,320,Each
52e18425-ff2f-40fa-b219-760d8050869a-20,52e18425-ff2f-40fa-b219-760d8050869a,20,048e07bb-46cf-463b-8d83-77a09ffe488c-20,048e07bb-46cf-463b-8d83-77a09ffe488c,20,PART003-1,500,Each
054d3056-2223-4ebe-ba1a-0af33afba71b-10,054d3056-2223-4ebe-ba1a-0af33afba71b,10,cf925c43-5fd6-4adf-8c98-6040472b5deb-20,cf925c43-5fd6-4adf-8c98-6040472b5deb,20,PART003-3,270,Each
a8a95f4b-be33-48f1-8334-4e2626594ffd-10,a8a95f4b-be33-48f1-8334-4e2626594ffd,10,cf925c43-5fd6-4adf-8c98-6040472b5deb-10,cf925c43-5fd6-4adf-8c98-6040472b5deb,10,PART003-1,420,Each
a8a95f4b-be33-48f1-8334-4e2626594ffd-20,a8a95f4b-be33-48f1-8334-4e2626594ffd,20,cf925c43-5fd6-4adf-8c98-6040472b5deb-30,cf925c43-5fd6-4adf-8c98-6040472b5deb,30,PART002,50,Each
985968fb-803b-4a48-9313-5c6d850ae9c2-10,985968fb-803b-4a48-9313-5c6d850ae9c2,10,5a1bc1a6-3f50-4205-915f-2d70ad0042da-10,5a1bc1a6-3f50-4205-915f-2d70ad0042da,10,PART002,460,Each
011e42ea-abfd-4a07-b312-3f32456d1033-10,011e42ea-abfd-4a07-b312-3f32456d1033,10,1b555832-a029-44e1-92a6-2920f5d011de-10,1b555832-a029-44e1-92a6-2920f5d011de,10,PART004,410,Each
011e42ea-abfd-4a07-b312-3f32456d1033-20,011e42ea-abfd-4a07-b312-3f32456d1033,20,1b555832-a029-44e1-92a6-2920f5d011de-20,1b555832-a029-44e1-92a6-2920f5d011de,20,PART003-1,70,Each
fa4c600a-a98c-4553-8cca-93be9564dd6b-10,fa4c600a-a98c-4553-8cca-93be9564dd6b,10,3514d8e5-8ca5-4799-9274-a64346338cb9-20,3514d8e5-8ca5-4799-9274-a64346338cb9,20,PART003-2,200,Each
2d3ef619-34c8-4744-b9fd-01b502a281a8-10,2d3ef619-34c8-4744-b9fd-01b502a281a8,10,3514d8e5-8ca5-4799-9274-a64346338cb9-10,3514d8e5-8ca5-4799-9274-a64346338cb9,10,PART001,370,Each
2d3ef619-34c8-4744-b9fd-01b502a281a8-20,2d3ef619-34c8-4744-b9fd-01b502a281a8,20,3514d8e5-8ca5-4799-9274-a64346338cb9-30,3514d8e5-8ca5-4799-9274-a64346338cb9,30,PART003-3,220,Each
84d4efd0-51a0-43ea-a807-fdffd43b142d-10,84d4efd0-51a0-43ea-a807-fdffd43b142d,10,7c4b9725-f033-410c-aba8-865a473e2a55-10,7c4b9725-f033-410c-aba8-865a473e2a55,10,PART003,280,Each
84d4efd0-51a0-43ea-a807-fdffd43b142d-20,84d4efd0-51a0-43ea-a807-fdffd43b142d,20,7c4b9725-f033-410c-aba8-865a473e2a55-20,7c4b9725-f033-410c-aba8-865a473e2a55,20,PART004,330,Each
3bc91152-85a4-49c5-8c41-c112168331e4-10,3bc91152-85a4-49c5-8c41-c112168331e4,10,0b2d1575-3d2a-4832-bbca-12e589e92780-10,0b2d1575-3d2a-4832-bbca-12e589e92780,10,PART006,290,Each
0551c076-31b0-4f71-b867-f9d320780daf-10,0551c076-31b0-4f71-b867-f9d320780daf,10,80887f4a-7e51-4826-ad8a-c1d9fbb2a417-10,80887f4a-7e51-4826-ad8a-c1d9fbb2a417,10,PART003-1,20,Each
e3c5e797-c2de-4da7-a4ea-e856ee94ec3f-10,e3c5e797-c2de-4da7-a4ea-e856ee94ec3f,10,80887f4a-7e51-4826-ad8a-c1d9fbb2a417-10,80887f4a-7e51-4826-ad8a-c1d9fbb2a417,10,PART003-1,70,Each
fabd28a1-aa82-4d52-aa3b-ec7000123143-10,fabd28a1-aa82-4d52-aa3b-ec7000123143,10,19966306-b728-44a5-bf0f-5f2b091e1429-10,19966306-b728-44a5-bf0f-5f2b091e1429,10,PART006,300,Each
fabd28a1-aa82-4d52-aa3b-ec7000123143-20,fabd28a1-aa82-4d52-aa3b-ec7000123143,20,19966306-b728-44a5-bf0f-5f2b091e1429-20,19966306-b728-44a5-bf0f-5f2b091e1429,20,PART003-3,380,Each
27167e60-3ef1-46db-8be7-bd142aa8a0f4-10,27167e60-3ef1-46db-8be7-bd142aa8a0f4,10,7b735b6b-cd65-4821-ba4e-6832b8b4bb70-10,7b735b6b-cd65-4821-ba4e-6832b8b4bb70,10,PART003-1,240,Each
e2d23839-fdfd-4732-a71b-f7057ec38738-10,e2d23839-fdfd-4732-a71b-f7057ec38738,10,085a5282-e835-404b-81ce-d9631f345157-10,085a5282-e835-404b-81ce-d9631f345157,10,PART006,180,Each
52baadc8-7faa-4bdc-beba-9d9131b14980-10,52baadc8-7faa-4bdc-beba-9d9131b14980,10,085a5282-e835-404b-81ce-d9631f345157-20,085a5282-e835-404b-81ce-d9631f345157,20,PART004,60,Each
4552ab25-321e-4e99-9297-2b66a88c1179-10,4552ab25-321e-4e99-9297-2b66a88c1179,10,84be3817-0b9c-4ba2-918c-4b99d080f444-10,84be3817-0b9c-4ba2-918c-4b99d080f444,10,PART003-3,340,Each
8e558def-86ae-497b-aa53-86e14603bdc0-10,8e558def-86ae-497b-aa53-86e14603bdc0,10,24b34fe4-12e7-463e-b297-87a98d432dc4-10,24b34fe4-12e7-463e-b297-87a98d432dc4,10,PART001,190,Each
ca64c72c-e05c-4943-85b0-887bf8c78842-10,ca64c72c-e05c-4943-85b0-887bf8c78842,10,127c01bc-ca3f-49f7-a160-c2f38ec110a3-10,127c01bc-ca3f-49f7-a160-c2f38ec110a3,10,PART003-1,120,Each
e68dc9ff-32af-4571-af67-514ace0a40e1-10,e68dc9ff-32af-4571-af67-514ace0a40e1,10,127c01bc-ca3f-49f7-a160-c2f38ec110a3-20,127c01bc-ca3f-49f7-a160-c2f38ec110a3,20,PART004,430,Each
d858e716-910e-4706-a0a7-c6b2b08da4c1-10,d858e716-910e-4706-a0a7-c6b2b08da4c1,10,ee35c03d-fec4-4f1b-9a1c-b171794bd074-10,ee35c03d-fec4-4f1b-9a1c-b171794bd074,10,PART004,420,Each
d858e716-910e-4706-a0a7-c6b2b08da4c1-20,d858e716-910e-4706-a0a7-c6b2b08da4c1,20,ee35c03d-fec4-4f1b-9a1c-b171794bd074-20,ee35c03d-fec4-4f1b-9a1c-b171794bd074,20,PART003-1,270,Each
d6de086e-a4ce-4af0-8dea-e1c6c86cdd3c-10,d6de086e-a4ce-4af0-8dea-e1c6c86cdd3c,10,f1b0791d-7a45-43c1-834d-ab8af92ddc40-10,f1b0791d-7a45-43c1-834d-ab8af92ddc40,10,PART003-3,380,Each
d6de086e-a4ce-4af0-8dea-e1c6c86cdd3c-20,d6de086e-a4ce-4af0-8dea-e1c6c86cdd3c,20,f1b0791d-7a45-43c1-834d-ab8af92ddc40-20,f1b0791d-7a45-43c1-834d-ab8af92ddc40,20,PART003-2,70,Each
43a45c3f-77bf-48b7-949c-bbd3f3fcd467-10,43a45c3f-77bf-48b7-949c-bbd3f3fcd467,10,051939f9-f183-4575-9b36-6b656b91ddb0-10,051939f9-f183-4575-9b36-6b656b91ddb0,10,PART003-2,73,Each
f28d5c75-e3b3-4818-8ba6-ad3d71a24a1a-10,f28d5c75-e3b3-4818-8ba6-ad3d71a24a1a,10,051939f9-f183-4575-9b36-6b656b91ddb0-10,051939f9-f183-4575-9b36-6b656b91ddb0,10,PART003-2,47,Each
3339a7f1-da3f-482c-b983-8b85de5c0bf0-10,3339a7f1-da3f-482c-b983-8b85de5c0bf0,10,7e3104d7-b7bd-40bd-aced-cc2a86dde415-10,7e3104d7-b7bd-40bd-aced-cc2a86dde415,10,PART001,360,Each
9263e7ee-ace9-4499-93bf-f6f44ba271e4-10,9263e7ee-ace9-4499-93bf-f6f44ba271e4,10,7d371b56-2cac-45b4-8142-a1bf2665f0f7-10,7d371b56-2cac-45b4-8142-a1bf2665f0f7,10,PART003-2,460,Each
9263e7ee-ace9-4499-93bf-f6f44ba271e4-20,9263e7ee-ace9-4499-93bf-f6f44ba271e4,20,7d371b56-2cac-45b4-8142-a1bf2665f0f7-20,7d371b56-2cac-45b4-8142-a1bf2665f0f7,20,PART004,210,Each
f880cdfa-dd9f-419a-b9b7-5c9efe02ccec-10,f880cdfa-dd9f-419a-b9b7-5c9efe02ccec,10,2a26ae90-92fa-4e3f-8968-4fa2c88242da-10,2a26ae90-92fa-4e3f-8968-4fa2c88242da,10,PART003-1,230,Each
747fa9b4-0e33-4d74-9bce-0bd449730b15-10,747fa9b4-0e33-4d74-9bce-0bd449730b15,10,2a26ae90-92fa-4e3f-8968-4fa2c88242da-20,2a26ae90-92fa-4e3f-8968-4fa2c88242da,20,PART005,340,Each
3f7c83f5-399f-413c-b359-ed873c486cb5-10,3f7c83f5-399f-413c-b359-ed873c486cb5,10,6e1da6b1-e3a5-480f-8fe5-45728438d475-10,6e1da6b1-e3a5-480f-8fe5-45728438d475,10,PART003-2,430,Each
3f7c83f5-399f-413c-b359-ed873c486cb5-20,3f7c83f5-399f-413c-b359-ed873c486cb5,20,6e1da6b1-e3a5-480f-8fe5-45728438d475-20,6e1da6b1-e3a5-480f-8fe5-45728438d475,20,PART003-3,200,Each
04bdae41-c0be-4835-a4ba-5ba325f3b7f2-10,04bdae41-c0be-4835-a4ba-5ba325f3b7f2,10,de440e20-b4d2-4bf0-b4d4-f32a516fdab8-10,de440e20-b4d2-4bf0-b4d4-f32a516fdab8,10,PART003-1,130,Each
04bdae41-c0be-4835-a4ba-5ba325f3b7f2-20,04bdae41-c0be-4835-a4ba-5ba325f3b7f2,20,de440e20-b4d2-4bf0-b4d4-f32a516fdab8-20,de440e20-b4d2-4bf0-b4d4-f32a516fdab8,20,PART001,170,Each
04bdae41-c0be-4835-a4ba-5ba325f3b7f2-30,04bdae41-c0be-4835-a4ba-5ba325f3b7f2,30,de440e20-b4d2-4bf0-b4d4-f32a516fdab8-30,de440e20-b4d2-4bf0-b4d4-f32a516fdab8,30,PART005,460,Each
8d2d4183-0766-4db8-8adf-b558ee94532a-10,8d2d4183-0766-4db8-8adf-b558ee94532a,10,7cbdb875-6a5e-46cf-a274-32035ffd5d51-10,7cbdb875-6a5e-46cf-a274-32035ffd5d51,10,PART005,14,Each
71170677-1ae1-4a11-877c-3f52830f4ed5-10,71170677-1ae1-4a11-877c-3f52830f4ed5,10,7cbdb875-6a5e-46cf-a274-32035ffd5d51-10,7cbdb875-6a5e-46cf-a274-32035ffd5d51,10,PART005,36,Each
c2cb695b-0c2b-4cfd-adb8-e4c3e1c01c45-10,c2cb695b-0c2b-4cfd-adb8-e4c3e1c01c45,10,6a2acb5d-622b-4a92-b1ee-99e543b76772-10,6a2acb5d-622b-4a92-b1ee-99e543b76772,10,PART003-2,440,Each
c2cb695b-0c2b-4cfd-adb8-e4c3e1c01c45-20,c2cb695b-0c2b-4cfd-adb8-e4c3e1c01c45,20,6a2acb5d-622b-4a92-b1ee-99e543b76772-20,6a2acb5d-622b-4a92-b1ee-99e543b76772,20,PART002,130,Each
c2cb695b-0c2b-4cfd-adb8-e4c3e1c01c45-30,c2cb695b-0c2b-4cfd-adb8-e4c3e1c01c45,30,6a2acb5d-622b-4a92-b1ee-99e543b76772-30,6a2acb5d-622b-4a92-b1ee-99e543b76772,30,PART003-1,50,Each
c7e285c1-aca8-44c3-9d7c-8d7e4f1c53ab-10,c7e285c1-aca8-44c3-9d7c-8d7e4f1c53ab,10,99ea879b-fbbc-4915-ad51-d7a4378ce6d3-10,99ea879b-fbbc-4915-ad51-d7a4378ce6d3,10,PART005,190,Each
c7e285c1-aca8-44c3-9d7c-8d7e4f1c53ab-20,c7e285c1-aca8-44c3-9d7c-8d7e4f1c53ab,20,99ea879b-fbbc-4915-ad51-d7a4378ce6d3-20,99ea879b-fbbc-4915-ad51-d7a4378ce6d3,20,PART001,130,Each
c7e285c1-aca8-44c3-9d7c-8d7e4f1c53ab-30,c7e285c1-aca8-44c3-9d7c-8d7e4f1c53ab,30,99ea879b-fbbc-4915-ad51-d7a4378ce6d3-30,99ea879b-fbbc-4915-ad51-d7a4378ce6d3,30,PART006,270,Each
93fe7ded-ff67-45db-ac1c-9284e05811a3-10,93fe7ded-ff67-45db-ac1c-9284e05811a3,10,d9b151cf-972c-493b-b328-557f234b721f-10,d9b151cf-972c-493b-b328-557f234b721f,10,PART003-1,420,Each
9aa4d7f6-526d-4f8a-b113-2cd1cd0d5bee-10,9aa4d7f6-526d-4f8a-b113-2cd1cd0d5bee,10,d9b151cf-972c-493b-b328-557f234b721f-20,d9b151cf-972c-493b-b328-557f234b721f,20,PART002,330,Each
91c363c2-2f18-47a2-8b83-1673c077efbd-10,91c363c2-2f18-47a2-8b83-1673c077efbd,10,25451ec4-dc89-416a-b0dc-3cbed122325c-10,25451ec4-dc89-416a-b0dc-3cbed122325c,10,PART006,330,Each
91c363c2-2f18-47a2-8b83-1673c077efbd-20,91c363c2-2f18-47a2-8b83-1673c077efbd,20,25451ec4-dc89-416a-b0dc-3cbed122325c-20,25451ec4-dc89-416a-b0dc-3cbed122325c,20,PART004,230,Each
91c363c2-2f18-47a2-8b83-1673c077efbd-30,91c363c2-2f18-47a2-8b83-1673c077efbd,30,25451ec4-dc89-416a-b0dc-3cbed122325c-30,25451ec4-dc89-416a-b0dc-3cbed122325c,30,PART003-3,90,Each
fd2f3fcb-94ba-498c-8675-1b65bcdfc576-10,fd2f3fcb-94ba-498c-8675-1b65bcdfc576,10,e5bbbab8-b9a2-48fc-9ee8-89378b24f1b6-10,e5bbbab8-b9a2-48fc-9ee8-89378b24f1b6,10,PART003,270,Each
dbe77dc5-51b9-4cfd-82dc-18373b047603-10,dbe77dc5-51b9-4cfd-82dc-18373b047603,10,53693ba8-95d4-47aa-899f-3c9d527a4a93-10,53693ba8-95d4-47aa-899f-3c9d527a4a93,10,PART003,93,Each
cbdd1ff1-746a-4f38-bf86-b3e38b150dbb-10,cbdd1ff1-746a-4f38-bf86-b3e38b150dbb,10,53693ba8-95d4-47aa-899f-3c9d527a4a93-10,53693ba8-95d4-47aa-899f-3c9d527a4a93,10,PART003,227,Each
b9a558a6-07e6-46ea-8284-f4bbe2302f2c-10,b9a558a6-07e6-46ea-8284-f4bbe2302f2c,10,7aa3cc0c-9510-4ffe-9497-0b209006bfd3-10,7aa3cc0c-9510-4ffe-9497-0b209006bfd3,10,PART003-1,500,Each
78a21d83-01a7-4c2c-ba85-73e78b7c0b83-10,78a21d83-01a7-4c2c-ba85-73e78b7c0b83,10,2e1f5ecb-763b-40eb-abe7-c3279c08fa2c-10,2e1f5ecb-763b-40eb-abe7-c3279c08fa2c,10,PART003-1,180,Each
78a21d83-01a7-4c2c-ba85-73e78b7c0b83-20,78a21d83-01a7-4c2c-ba85-73e78b7c0b83,20,2e1f5ecb-763b-40eb-abe7-c3279c08fa2c-20,2e1f5ecb-763b-40eb-abe7-c3279c08fa2c,20,PART003-2,140,Each
a2a802c7-a04e-4a77-bb5c-9b85e806639b-10,a2a802c7-a04e-4a77-bb5c-9b85e806639b,10,4eb03f22-f66e-466b-9a7d-f30d28808210-10,4eb03f22-f66e-466b-9a7d-f30d28808210,10,PART005,45,Each
ef0bc8f7-5c8e-4587-97a7-d8c88f43ebcc-10,ef0bc8f7-5c8e-4587-97a7-d8c88f43ebcc,10,4eb03f22-f66e-466b-9a7d-f30d28808210-10,4eb03f22-f66e-466b-9a7d-f30d28808210,10,PART005,135,Each
e11f00cd-3a1e-4eae-85f3-e83b83d52d64-10,e11f00cd-3a1e-4eae-85f3-e83b83d52d64,10,35fe44ab-784a-44f5-a8d3-a5c45d8e70d4-10,35fe44ab-784a-44f5-a8d3-a5c45d8e70d4,10,PART003-3,500,Each
e11f00cd-3a1e-4eae-85f3-e83b83d52d64-20,e11f00cd-3a1e-4eae-85f3-e83b83d52d64,20,35fe44ab-784a-44f5-a8d3-a5c45d8e70d4-20,35fe44ab-784a-44f5-a8d3-a5c45d8e70d4,20,PART006,90,Each
d46ea6bf-2901-4072-8544-43d73fedd547-10,d46ea6bf-2901-4072-8544-43d73fedd547,10,482546a9-b7fc-421b-bb4c-a590bdb936d5-10,482546a9-b7fc-421b-bb4c-a590bdb936d5,10,PART003-3,430,Each
d46ea6bf-2901-4072-8544-43d73fedd547-20,d46ea6bf-2901-4072-8544-43d73fedd547,20,482546a9-b7fc-421b-bb4c-a590bdb936d5-20,482546a9-b7fc-421b-bb4c-a590bdb936d5,20,PART005,100,Each
a6177532-e0b3-48f5-aecf-2eb91c8d99df-10,a6177532-e0b3-48f5-aecf-2eb91c8d99df,10,168ede5f-1dcb-4dd4-981a-915fbec36c0a-10,168ede5f-1dcb-4dd4-981a-915fbec36c0a,10,PART004,117,Each
7267e2c9-820e-4d3c-acd8-3fd019fd7b35-10,7267e2c9-820e-4d3c-acd8-3fd019fd7b35,10,168ede5f-1dcb-4dd4-981a-915fbec36c0a-10,168ede5f-1dcb-4dd4-981a-915fbec36c0a,10,PART004,43,Each
0e6bd950-b1e8-413a-9f3c-7f42d0c5e27b-10,0e6bd950-b1e8-413a-9f3c-7f42d0c5e27b,10,184d2634-dd55-4ff4-bf26-cf0bd39e1ac9-10,184d2634-dd55-4ff4-bf26-cf0bd39e1ac9,10,PART003-1,350,Each
953c744b-1ccb-4f08-a876-4a5e087e80ff-10,953c744b-1ccb-4f08-a876-4a5e087e80ff,10,5bd82b2b-441c-4459-b3cf-a97cde1a95c6-10,5bd82b2b-441c-4459-b3cf-a97cde1a95c6,10,PART002,150,Each
4ccfe3a4-9d68-4a36-9ef8-3c180a796aa9-10,4ccfe3a4-9d68-4a36-9ef8-3c180a796aa9,10,517f403a-12b8-4f79-91fa-c2e6ef6954d0-10,517f403a-12b8-4f79-91fa-c2e6ef6954d0,10,PART005,34,Each
f550a1f5-2745-4396-8b4c-79ab1f468a58-10,f550a1f5-2745-4396-8b4c-79ab1f468a58,10,517f403a-12b8-4f79-91fa-c2e6ef6954d0-10,517f403a-12b8-4f79-91fa-c2e6ef6954d0,10,PART005,96,Each
ece83f25-9d54-480d-8465-e3a6a9f7511e-10,ece83f25-9d54-480d-8465-e3a6a9f7511e,10,02cb1786-3f71-4410-956f-bb7d54af007a-10,02cb1786-3f71-4410-956f-bb7d54af007a,10,PART004,220,Each
55e063c1-93ea-4646-a599-b7e4abddb408-10,55e063c1-93ea-4646-a599-b7e4abddb408,10,f5f6c1d5-aff3-4d8d-b15e-56e5aee75d7a-10,f5f6c1d5-aff3-4d8d-b15e-56e5aee75d7a,10,PART004,180,Each
8830ee1b-6865-4bf1-9e13-729d349ea150-10,8830ee1b-6865-4bf1-9e13-729d349ea150,10,79b7a296-c58d-4982-87b3-93e155e703fe-10,79b7a296-c58d-4982-87b3-93e155e703fe,10,PART003-3,289,Each
8da00e93-d8c1-4140-b899-ffe7eca9a220-10,8da00e93-d8c1-4140-b899-ffe7eca9a220,10,79b7a296-c58d-4982-87b3-93e155e703fe-10,79b7a296-c58d-4982-87b3-93e155e703fe,10,PART003-3,91,Each
017de1ec-04f1-4aca-8ea3-7a3c4d41974c-10,017de1ec-04f1-4aca-8ea3-7a3c4d41974c,10,b1874536-e880-454a-8af5-e089db06dfd3-10,b1874536-e880-454a-8af5-e089db06dfd3,10,PART005,360,Each
86832a15-6a20-463f-a818-f89fbe70f284-10,86832a15-6a20-463f-a818-f89fbe70f284,10,afea11c3-cec0-449c-86dc-c3d5878641d4-10,afea11c3-cec0-449c-86dc-c3d5878641d4,10,PART003-3,500,Each
86832a15-6a20-463f-a818-f89fbe70f284-20,86832a15-6a20-463f-a818-f89fbe70f284,20,afea11c3-cec0-449c-86dc-c3d5878641d4-20,afea11c3-cec0-449c-86dc-c3d5878641d4,20,PART003-1,410,Each
79b96265-bb1b-45b4-ad9f-8818bf485318-10,79b96265-bb1b-45b4-ad9f-8818bf485318,10,2d8c3b39-3641-42a9-a540-100c76f87761-20,2d8c3b39-3641-42a9-a540-100c76f87761,20,PART002,370,Each
f80761d1-caed-4776-a25f-79de740f33e3-10,f80761d1-caed-4776-a25f-79de740f33e3,10,2d8c3b39-3641-42a9-a540-100c76f87761-10,2d8c3b39-3641-42a9-a540-100c76f87761,10,PART003-2,310,Each
0c8c54ee-27c0-446a-81fe-4d3d0662f417-10,0c8c54ee-27c0-446a-81fe-4d3d0662f417,10,ca7fe539-aa1c-4715-a4dd-25f33ef30a49-10,ca7fe539-aa1c-4715-a4dd-25f33ef30a49,10,PART004,450,Each
0c8c54ee-27c0-446a-81fe-4d3d0662f417-20,0c8c54ee-27c0-446a-81fe-4d3d0662f417,20,ca7fe539-aa1c-4715-a4dd-25f33ef30a49-20,ca7fe539-aa1c-4715-a4dd-25f33ef30a49,20,PART003,400,Each
0c8c54ee-27c0-446a-81fe-4d3d0662f417-30,0c8c54ee-27c0-446a-81fe-4d3d0662f417,30,ca7fe539-aa1c-4715-a4dd-25f33ef30a49-30,ca7fe539-aa1c-4715-a4dd-25f33ef30a49,30,PART003-3,170,Each
18c7242e-b34e-4ca4-9dc7-a29bed29570e-10,18c7242e-b34e-4ca4-9dc7-a29bed29570e,10,a68a4ec3-1a62-4d43-82ec-d57534ebb8f7-10,a68a4ec3-1a62-4d43-82ec-d57534ebb8f7,10,PART003-1,230,Each
18c7242e-b34e-4ca4-9dc7-a29bed29570e-20,18c7242e-b34e-4ca4-9dc7-a29bed29570e,20,a68a4ec3-1a62-4d43-82ec-d57534ebb8f7-20,a68a4ec3-1a62-4d43-82ec-d57534ebb8f7,20,PART003-3,200,Each
3d9202d8-6d8e-422d-ae4d-ce1226ff7a06-10,3d9202d8-6d8e-422d-ae4d-ce1226ff7a06,10,f602c502-7873-4ae2-beff-66ddf940ef35-10,f602c502-7873-4ae2-beff-66ddf940ef35,10,PART001,360,Each
0f6dd5f2-bccf-4b2c-ae7c-b57575f6c28d-10,0f6dd5f2-bccf-4b2c-ae7c-b57575f6c28d,10,f602c502-7873-4ae2-beff-66ddf940ef35-20,f602c502-7873-4ae2-beff-66ddf940ef35,20,PART003,300,Each
0f6dd5f2-bccf-4b2c-ae7c-b57575f6c28d-20,0f6dd5f2-bccf-4b2c-ae7c-b57575f6c28d,20,f602c502-7873-4ae2-beff-66ddf940ef35-30,f602c502-7873-4ae2-beff-66ddf940ef35,30,PART004,280,Each
0655ae27-aade-4513-8e0c-cd86ae9a23e8-10,0655ae27-aade-4513-8e0c-cd86ae9a23e8,10,0a8d55ef-eef6-40fb-a823-0742e2fb2a99-10,0a8d55ef-eef6-40fb-a823-0742e2fb2a99,10,PART002,250,Each
0655ae27-aade-4513-8e0c-cd86ae9a23e8-20,0655ae27-aade-4513-8e0c-cd86ae9a23e8,20,0a8d55ef-eef6-40fb-a823-0742e2fb2a99-20,0a8d55ef-eef6-40fb-a823-0742e2fb2a99,20,PART003,310,Each
0655ae27-aade-4513-8e0c-cd86ae9a23e8-30,0655ae27-aade-4513-8e0c-cd86ae9a23e8,30,0a8d55ef-eef6-40fb-a823-0742e2fb2a99-30,0a8d55ef-eef6-40fb-a823-0742e2fb2a99,30,PART003-3,430,Each
c116d445-ab69-4e98-8aa6-bae06d67ac41-10,c116d445-ab69-4e98-8aa6-bae06d67ac41,10,1f1e759c-5a21-43ee-8366-8bf473fb3586-10,1f1e759c-5a21-43ee-8366-8bf473fb3586,10,PART003,360,Each
a34664f8-96dc-4a01-bac3-39b154fcae6d-10,a34664f8-96dc-4a01-bac3-39b154fcae6d,10,4d54f247-d016-4634-bae0-1c171bdf5910-10,4d54f247-d016-4634-bae0-1c171bdf5910,10,PART001,112,Each
a2ca38ba-b31c-4784-bd77-850e02f41be4-10,a2ca38ba-b31c-4784-bd77-850e02f41be4,10,4d54f247-d016-4634-bae0-1c171bdf5910-10,4d54f247-d016-4634-bae0-1c171bdf5910,10,PART001,58,Each
b5bab5e1-9f70-4ae6-99a0-c86d8b08ff71-10,b5bab5e1-9f70-4ae6-99a0-c86d8b08ff71,10,10e18124-3d50-43b1-b29b-856067967175-10,10e18124-3d50-43b1-b29b-856067967175,10,PART001,280,Each
b5bab5e1-9f70-4ae6-99a0-c86d8b08ff71-20,b5bab5e1-9f70-4ae6-99a0-c86d8b08ff71,20,10e18124-3d50-43b1-b29b-856067967175-20,10e18124-3d50-43b1-b29b-856067967175,20,PART003,210,Each
fed2efc2-2eeb-47d5-8e6b-d986a0986512-10,fed2efc2-2eeb-47d5-8e6b-d986a0986512,10,4224fba7-cf07-464b-a074-b5ccc851862f-10,4224fba7-cf07-464b-a074-b5ccc851862f,10,PART004,140,Each
e00f8deb-f136-4c92-bd8c-f883077ace58-10,e00f8deb-f136-4c92-bd8c-f883077ace58,10,ba19b1bd-a988-46ab-8147-38203e2955f1-10,ba19b1bd-a988-46ab-8147-38203e2955f1,10,PART003,500,Each
3b011eb7-7ec1-4af9-86ae-b0502c4c8610-10,3b011eb7-7ec1-4af9-86ae-b0502c4c8610,10,ba19b1bd-a988-46ab-8147-38203e2955f1-20,ba19b1bd-a988-46ab-8147-38203e2955f1,20,PART005,350,Each
3b011eb7-7ec1-4af9-86ae-b0502c4c8610-20,3b011eb7-7ec1-4af9-86ae-b0502c4c8610,20,ba19b1bd-a988-46ab-8147-38203e2955f1-30,ba19b1bd-a988-46ab-8147-38203e2955f1,30,PART003-1,90,Each
3e39bfb5-57cf-4107-b980-6a0ebf4d9dd3-10,3e39bfb5-57cf-4107-b980-6a0ebf4d9dd3,10,bf8e2561-551d-4be2-b70f-0e2475de91ee-10,bf8e2561-551d-4be2-b70f-0e2475de91ee,10,PART002,190,Each
3a313080-9e84-414d-b274-09187af011b7-10,3a313080-9e84-414d-b274-09187af011b7,10,508d73a7-cb50-472c-bf9a-58394a478115-10,508d73a7-cb50-472c-bf9a-58394a478115,10,PART001,60,Each
3a313080-9e84-414d-b274-09187af011b7-20,3a313080-9e84-414d-b274-09187af011b7,20,508d73a7-cb50-472c-bf9a-58394a478115-20,508d73a7-cb50-472c-bf9a-58394a478115,20,PART005,200,Each
3a313080-9e84-414d-b274-09187af011b7-30,3a313080-9e84-414d-b274-09187af011b7,30,508d73a7-cb50-472c-bf9a-58394a478115-30,508d73a7-cb50-472c-bf9a-58394a478115,30,PART003,140,Each
e4459074-e6bd-46bd-8ca9-ee0498794a7e-10,e4459074-e6bd-46bd-8ca9-ee0498794a7e,10,1e9ce0b6-a120-4f54-800a-8fe728ba73f7-10,1e9ce0b6-a120-4f54-800a-8fe728ba73f7,10,PART002,35,Each
d865db5c-0e24-4f71-9b0f-3b5bbef2a3e2-10,d865db5c-0e24-4f71-9b0f-3b5bbef2a3e2,10,1e9ce0b6-a120-4f54-800a-8fe728ba73f7-10,1e9ce0b6-a120-4f54-800a-8fe728ba73f7,10,PART002,15,Each
4590cac5-fc6c-4a14-af97-0337faabeffa-10,4590cac5-fc6c-4a14-af97-0337faabeffa,10,97e84aea-04e9-4a35-9f70-971405240450-10,97e84aea-04e9-4a35-9f70-971405240450,10,PART001,140,Each
4590cac5-fc6c-4a14-af97-0337faabeffa-20,4590cac5-fc6c-4a14-af97-0337faabeffa,20,97e84aea-04e9-4a35-9f70-971405240450-20,97e84aea-04e9-4a35-9f70-971405240450,20,PART006,220,Each
4590cac5-fc6c-4a14-af97-0337faabeffa-30,4590cac5-fc6c-4a14-af97-0337faabeffa,30,97e84aea-04e9-4a35-9f70-971405240450-30,97e84aea-04e9-4a35-9f70-971405240450,30,PART002,340,Each
57b9d488-15a2-471a-8985-5feb61ac35ea-10,57b9d488-15a2-471a-8985-5feb61ac35ea,10,11f4e25b-a5a2-4f0d-9ded-7d74a01efd43-10,11f4e25b-a5a2-4f0d-9ded-7d74a01efd43,10,PART005,430,Each
aa7351bb-1e4c-458b-82e9-898f566f578d-10,aa7351bb-1e4c-458b-82e9-898f566f578d,10,bff5e0d4-3429-4266-9d5e-85518e1b746a-10,bff5e0d4-3429-4266-9d5e-85518e1b746a,10,PART003-3,100,Each
f04db481-9c61-432d-aa57-1d6cad7836f2-10,f04db481-9c61-432d-aa57-1d6cad7836f2,10,bff5e0d4-3429-4266-9d5e-85518e1b746a-20,bff5e0d4-3429-4266-9d5e-85518e1b746a,20,PART003-2,330,Each
f04db481-9c61-432d-aa57-1d6cad7836f2-20,f04db481-9c61-432d-aa57-1d6cad7836f2,20,bff5e0d4-3429-4266-9d5e-85518e1b746a-30,bff5e0d4-3429-4266-9d5e-85518e1b746a,30,PART001,290,Each
3ee4ae97-9a0b-41dd-89ca-9ac75d253d14-10,3ee4ae97-9a0b-41dd-89ca-9ac75d253d14,10,ebf0276a-96cb-4466-9f6c-fcec8ed38be5-10,ebf0276a-96cb-4466-9f6c-fcec8ed38be5,10,PART003-2,60,Each
3ee4ae97-9a0b-41dd-89ca-9ac75d253d14-20,3ee4ae97-9a0b-41dd-89ca-9ac75d253d14,20,ebf0276a-96cb-4466-9f6c-fcec8ed38be5-20,ebf0276a-96cb-4466-9f6c-fcec8ed38be5,20,PART006,480,Each
33d57720-a787-4d74-b01f-86e6d98cd40d-10,33d57720-a787-4d74-b01f-86e6d98cd40d,10,9762755c-5c4e-477c-a738-e435154d1331-10,9762755c-5c4e-477c-a738-e435154d1331,10,PART004,140,Each
33d57720-a787-4d74-b01f-86e6d98cd40d-20,33d57720-a787-4d74-b01f-86e6d98cd40d,20,9762755c-5c4e-477c-a738-e435154d1331-20,9762755c-5c4e-477c-a738-e435154d1331,20,PART003-1,280,Each
33d57720-a787-4d74-b01f-86e6d98cd40d-30,33d57720-a787-4d74-b01f-86e6d98cd40d,30,9762755c-5c4e-477c-a738-e435154d1331-30,9762755c-5c4e-477c-a738-e435154d1331,30,PART002,340,Each
7b4b351f-2b69-4307-8dba-1a1eed8adf8d-10,7b4b351f-2b69-4307-8dba-1a1eed8adf8d,10,e90e9068-7ea3-4178-a138-746709acc101-10,e90e9068-7ea3-4178-a138-746709acc101,10,PART004,380,Each
72acb4fb-1db4-438a-9d7e-5f531c1b0c4c-10,72acb4fb-1db4-438a-9d7e-5f531c1b0c4c,10,e90e9068-7ea3-4178-a138-746709acc101-20,e90e9068-7ea3-4178-a138-746709acc101,20,PART006,190,Each
654c4e83-5f0a-4739-bd1e-62abf219506e-10,654c4e83-5f0a-4739-bd1e-62abf219506e,10,d5620e33-d7c9-4a2c-9396-8705701daa9e-10,d5620e33-d7c9-4a2c-9396-8705701daa9e,10,PART001,190,Each
654c4e83-5f0a-4739-bd1e-62abf219506e-20,654c4e83-5f0a-4739-bd1e-62abf219506e,20,d5620e33-d7c9-4a2c-9396-8705701daa9e-20,d5620e33-d7c9-4a2c-9396-8705701daa9e,20,PART002,360,Each
99b99c39-4395-4291-9a63-bdf27af6f2ff-10,99b99c39-4395-4291-9a63-bdf27af6f2ff,10,2a1a177e-047e-4271-adf5-63dea4ca55e4-10,2a1a177e-047e-4271-adf5-63dea4ca55e4,10,PART003-1,420,Each
99b99c39-4395-4291-9a63-bdf27af6f2ff-20,99b99c39-4395-4291-9a63-bdf27af6f2ff,20,2a1a177e-047e-4271-adf5-63dea4ca55e4-20,2a1a177e-047e-4271-adf5-63dea4ca55e4,20,PART003,90,Each
99b99c39-4395-4291-9a63-bdf27af6f2ff-30,99b99c39-4395-4291-9a63-bdf27af6f2ff,30,2a1a177e-047e-4271-adf5-63dea4ca55e4-30,2a1a177e-047e-4271-adf5-63dea4ca55e4,30,PART001,110,Each
ac79e45c-32dd-43d9-b7d9-df6bbf6f6618-10,ac79e45c-32dd-43d9-b7d9-df6bbf6f6618,10,2f10075f-9ada-430b-8378-82de9cc4b97d-10,2f10075f-9ada-430b-8378-82de9cc4b97d,10,PART006,280,Each
37611e1e-7d37-4df2-bdef-b943751a583e-10,37611e1e-7d37-4df2-bdef-b943751a583e,10,2f10075f-9ada-430b-8378-82de9cc4b97d-20,2f10075f-9ada-430b-8378-82de9cc4b97d,20,PART002,290,Each
49369b0b-0362-4691-aee9-12f2120ede1a-10,49369b0b-0362-4691-aee9-12f2120ede1a,10,4cd93e5a-c78d-4ef6-9413-b6c1a9d1783e-10,4cd93e5a-c78d-4ef6-9413-b6c1a9d1783e,10,PART003-3,450,Each
49369b0b-0362-4691-aee9-12f2120ede1a-20,49369b0b-0362-4691-aee9-12f2120ede1a,20,4cd93e5a-c78d-4ef6-9413-b6c1a9d1783e-20,4cd93e5a-c78d-4ef6-9413-b6c1a9d1783e,20,PART001,200,Each
49369b0b-0362-4691-aee9-12f2120ede1a-30,49369b0b-0362-4691-aee9-12f2120ede1a,30,4cd93e5a-c78d-4ef6-9413-b6c1a9d1783e-30,4cd93e5a-c78d-4ef6-9413-b6c1a9d1783e,30,PART002,370,Each
ab1f91a0-bf92-4171-962c-5c9e1508c7c1-10,ab1f91a0-bf92-4171-962c-5c9e1508c7c1,10,7017150b-ab1a-4be6-95f5-09ecc237612e-10,7017150b-ab1a-4be6-95f5-09ecc237612e,10,PART003,140,Each
9bbbfa81-6389-4398-a53c-656e2b650ab0-10,9bbbfa81-6389-4398-a53c-656e2b650ab0,10,5935d8de-2bb2-4423-976d-cfaa27bf4232-20,5935d8de-2bb2-4423-976d-cfaa27bf4232,20,PART003-3,320,Each
31fa74fc-d0df-40f5-a230-cb3f733404e0-10,31fa74fc-d0df-40f5-a230-cb3f733404e0,10,5935d8de-2bb2-4423-976d-cfaa27bf4232-10,5935d8de-2bb2-4423-976d-cfaa27bf4232,10,PART004,280,Each
7990a337-a434-4d93-b873-287fa174d95a-10,7990a337-a434-4d93-b873-287fa174d95a,10,591f9414-38b3-4470-b6ba-1108d4439475-10,591f9414-38b3-4470-b6ba-1108d4439475,10,PART003-2,70,Each
7990a337-a434-4d93-b873-287fa174d95a-20,7990a337-a434-4d93-b873-287fa174d95a,20,591f9414-38b3-4470-b6ba-1108d4439475-20,591f9414-38b3-4470-b6ba-1108d4439475,20,PART003-3,110,Each
7990a337-a434-4d93-b873-287fa174d95a-30,7990a337-a434-4d93-b873-287fa174d95a,30,591f9414-38b3-4470-b6ba-1108d4439475-30,591f9414-38b3-4470-b6ba-1108d4439475,30,PART002,60,Each
3e5aac44-cf46-4f90-a89e-be5b406a2d77-10,3e5aac44-cf46-4f90-a89e-be5b406a2d77,10,69366b66-2cb8-4682-80f1-e6bf15f0a75b-10,69366b66-2cb8-4682-80f1-e6bf15f0a75b,10,PART004,220,Each
3e5aac44-cf46-4f90-a89e-be5b406a2d77-20,3e5aac44-cf46-4f90-a89e-be5b406a2d77,20,69366b66-2cb8-4682-80f1-e6bf15f0a75b-20,69366b66-2cb8-4682-80f1-e6bf15f0a75b,20,PART006,440,Each
3e5aac44-cf46-4f90-a89e-be5b406a2d77-30,3e5aac44-cf46-4f90-a89e-be5b406a2d77,30,69366b66-2cb8-4682-80f1-e6bf15f0a75b-30,69366b66-2cb8-4682-80f1-e6bf15f0a75b,30,PART002,80,Each
f8367688-731f-4c35-ac63-edcb8b056618-10,f8367688-731f-4c35-ac63-edcb8b056618,10,52235c08-9c10-45f2-9fed-87abbf8975fe-20,52235c08-9c10-45f2-9fed-87abbf8975fe,20,PART003,250,Each
2312f263-c35a-4db4-8ad6-f02ae88271c2-10,2312f263-c35a-4db4-8ad6-f02ae88271c2,10,52235c08-9c10-45f2-9fed-87abbf8975fe-10,52235c08-9c10-45f2-9fed-87abbf8975fe,10,PART002,300,Each
04e46aa7-375d-41cc-b1fc-ecbba0857a29-10,04e46aa7-375d-41cc-b1fc-ecbba0857a29,10,985c1eab-593d-4499-8ace-a11aee83f62a-10,985c1eab-593d-4499-8ace-a11aee83f62a,10,PART003-3,260,Each
04e46aa7-375d-41cc-b1fc-ecbba0857a29-20,04e46aa7-375d-41cc-b1fc-ecbba0857a29,20,985c1eab-593d-4499-8ace-a11aee83f62a-20,985c1eab-593d-4499-8ace-a11aee83f62a,20,PART006,390,Each
04e46aa7-375d-41cc-b1fc-ecbba0857a29-30,04e46aa7-375d-41cc-b1fc-ecbba0857a29,30,985c1eab-593d-4499-8ace-a11aee83f62a-30,985c1eab-593d-4499-8ace-a11aee83f62a,30,PART002,50,Each
06373879-0909-4bd3-9079-cc068373be29-10,06373879-0909-4bd3-9079-cc068373be29,10,d163bee7-43ed-46d8-9869-2415ca998211-10,d163bee7-43ed-46d8-9869-2415ca998211,10,PART003,140,Each
06373879-0909-4bd3-9079-cc068373be29-20,06373879-0909-4bd3-9079-cc068373be29,20,d163bee7-43ed-46d8-9869-2415ca998211-20,d163bee7-43ed-46d8-9869-2415ca998211,20,PART001,140,Each
06373879-0909-4bd3-9079-cc068373be29-30,06373879-0909-4bd3-9079-cc068373be29,30,d163bee7-43ed-46d8-9869-2415ca998211-30,d163bee7-43ed-46d8-9869-2415ca998211,30,PART005,460,Each
8ce90471-4703-4fdb-93c4-171b2df303da-10,8ce90471-4703-4fdb-93c4-171b2df303da,10,c2a90bcf-74d7-49bb-89a2-4ea37a18961c-10,c2a90bcf-74d7-49bb-89a2-4ea37a18961c,10,PART004,49,Each
e031c981-307b-4f84-9f18-997784c6cd8c-10,e031c981-307b-4f84-9f18-997784c6cd8c,10,c2a90bcf-74d7-49bb-89a2-4ea37a18961c-10,c2a90bcf-74d7-49bb-89a2-4ea37a18961c,10,PART004,131,Each
409e0883-93f3-47f0-9b01-ac743c6ef50a-10,409e0883-93f3-47f0-9b01-ac743c6ef50a,10,24a73b09-aaa0-48bd-ac3b-e7d39f8dab5a-10,24a73b09-aaa0-48bd-ac3b-e7d39f8dab5a,10,PART003,180,Each
409e0883-93f3-47f0-9b01-ac743c6ef50a-20,409e0883-93f3-47f0-9b01-ac743c6ef50a,20,24a73b09-aaa0-48bd-ac3b-e7d39f8dab5a-20,24a73b09-aaa0-48bd-ac3b-e7d39f8dab5a,20,PART001,250,Each
409e0883-93f3-47f0-9b01-ac743c6ef50a-30,409e0883-93f3-47f0-9b01-ac743c6ef50a,30,24a73b09-aaa0-48bd-ac3b-e7d39f8dab5a-30,24a73b09-aaa0-48bd-ac3b-e7d39f8dab5a,30,PART003-3,150,Each
2b0b7046-103f-472b-b756-9089032a50a3-10,2b0b7046-103f-472b-b756-9089032a50a3,10,64870ab1-8c92-48d0-bc5c-f0bde355e676-10,64870ab1-8c92-48d0-bc5c-f0bde355e676,10,PART001,160,Each
b2276e85-7a64-44ad-b925-460fe1c6bba5-10,b2276e85-7a64-44ad-b925-460fe1c6bba5,10,c257d5e2-5bd6-44e3-b158-b9472dba74b4-10,c257d5e2-5bd6-44e3-b158-b9472dba74b4,10,PART004,460,Each
82e319f4-b092-48c5-8552-2e09eb7953ae-10,82e319f4-b092-48c5-8552-2e09eb7953ae,10,c257d5e2-5bd6-44e3-b158-b9472dba74b4-20,c257d5e2-5bd6-44e3-b158-b9472dba74b4,20,PART001,110,Each
82e319f4-b092-48c5-8552-2e09eb7953ae-20,82e319f4-b092-48c5-8552-2e09eb7953ae,20,c257d5e2-5bd6-44e3-b158-b9472dba74b4-30,c257d5e2-5bd6-44e3-b158-b9472dba74b4,30,PART006,430,Each
5774e45e-6bab-4fce-b1f9-e504ba046f3c-10,5774e45e-6bab-4fce-b1f9-e504ba046f3c,10,50e95ee6-58bc-4901-b477-1f7b15c8e578-10,50e95ee6-58bc-4901-b477-1f7b15c8e578,10,PART005,150,Each
9a851db8-38f2-4994-8aa9-f2a0cb2b4d3d-10,9a851db8-38f2-4994-8aa9-f2a0cb2b4d3d,10,19bd3a6f-51b3-4abd-beda-1900c55eeced-10,19bd3a6f-51b3-4abd-beda-1900c55eeced,10,PART003-3,90,Each
39041b96-6894-4edb-92bf-1e08d596a4d8-10,39041b96-6894-4edb-92bf-1e08d596a4d8,10,663ba959-8136-433d-8bfc-ca385ababace-10,663ba959-8136-433d-8bfc-ca385ababace,10,PART004,67,Each
0d9cfab1-bbdf-4ea6-8145-823d61356c8f-10,0d9cfab1-bbdf-4ea6-8145-823d61356c8f,10,663ba959-8136-433d-8bfc-ca385ababace-10,663ba959-8136-433d-8bfc-ca385ababace,10,PART004,73,Each
0f5c2ae2-5d8d-4f48-91ba-c53fd3991ff9-10,0f5c2ae2-5d8d-4f48-91ba-c53fd3991ff9,10,97450f71-c74d-4f7f-9091-9a39f2acc023-10,97450f71-c74d-4f7f-9091-9a39f2acc023,10,PART001,380,Each
0f5c2ae2-5d8d-4f48-91ba-c53fd3991ff9-20,0f5c2ae2-5d8d-4f48-91ba-c53fd3991ff9,20,97450f71-c74d-4f7f-9091-9a39f2acc023-20,97450f71-c74d-4f7f-9091-9a39f2acc023,20,PART002,420,Each
0f5c2ae2-5d8d-4f48-91ba-c53fd3991ff9-30,0f5c2ae2-5d8d-4f48-91ba-c53fd3991ff9,30,97450f71-c74d-4f7f-9091-9a39f2acc023-30,97450f71-c74d-4f7f-9091-9a39f2acc023,30,PART003-3,320,Each
a1b1cc87-5dc9-4969-99a1-96a928d742ed-10,a1b1cc87-5dc9-4969-99a1-96a928d742ed,10,c0726f6a-1896-490a-8bf3-d697b1c41d6c-10,c0726f6a-1896-490a-8bf3-d697b1c41d6c,10,PART005,360,Each
8059ae08-f796-439f-bc32-5df4788f51da-10,8059ae08-f796-439f-bc32-5df4788f51da,10,50c755c7-fce5-422d-9cfe-77b32e702b01-10,50c755c7-fce5-422d-9cfe-77b32e702b01,10,PART004,450,Each
cedb5613-7f98-4ae7-b702-d29bbed1ec72-10,cedb5613-7f98-4ae7-b702-d29bbed1ec72,10,50c755c7-fce5-422d-9cfe-77b32e702b01-20,50c755c7-fce5-422d-9cfe-77b32e702b01,20,PART003,350,Each
cedb5613-7f98-4ae7-b702-d29bbed1ec72-20,cedb5613-7f98-4ae7-b702-d29bbed1ec72,20,50c755c7-fce5-422d-9cfe-77b32e702b01-30,50c755c7-fce5-422d-9cfe-77b32e702b01,30,PART005,390,Each
3e954b47-1905-4730-b000-5ae0813cc3ec-10,3e954b47-1905-4730-b000-5ae0813cc3ec,10,71b7fa0b-ade8-4690-920c-b272e9ac6e8a-10,71b7fa0b-ade8-4690-920c-b272e9ac6e8a,10,PART003-3,250,Each
3e954b47-1905-4730-b000-5ae0813cc3ec-20,3e954b47-1905-4730-b000-5ae0813cc3ec,20,71b7fa0b-ade8-4690-920c-b272e9ac6e8a-20,71b7fa0b-ade8-4690-920c-b272e9ac6e8a,20,PART006,380,Each
ac339406-753a-4906-b4af-4e24fc60f6fd-10,ac339406-753a-4906-b4af-4e24fc60f6fd,10,52bbc04c-627d-46a5-8692-0c634ac619fa-10,52bbc04c-627d-46a5-8692-0c634ac619fa,10,PART006,330,Each
ac339406-753a-4906-b4af-4e24fc60f6fd-20,ac339406-753a-4906-b4af-4e24fc60f6fd,20,52bbc04c-627d-46a5-8692-0c634ac619fa-20,52bbc04c-627d-46a5-8692-0c634ac619fa,20,PART003-2,380,Each
ac339406-753a-4906-b4af-4e24fc60f6fd-30,ac339406-753a-4906-b4af-4e24fc60f6fd,30,52bbc04c-627d-46a5-8692-0c634ac619fa-30,52bbc04c-627d-46a5-8692-0c634ac619fa,30,PART003-1,340,Each
02b20f2a-ff2d-48ff-a1f2-d10193a5800b-10,02b20f2a-ff2d-48ff-a1f2-d10193a5800b,10,7e436303-967b-4125-89aa-0f642a23211e-20,7e436303-967b-4125-89aa-0f642a23211e,20,PART003,50,Each
4fb18f98-d2c0-42ec-a320-dfd5c9f45aa3-10,4fb18f98-d2c0-42ec-a320-dfd5c9f45aa3,10,7e436303-967b-4125-89aa-0f642a23211e-10,7e436303-967b-4125-89aa-0f642a23211e,10,PART003-3,330,Each
c922cc74-8b88-490a-8650-501f4d6a09a6-10,c922cc74-8b88-490a-8650-501f4d6a09a6,10,cbc8844c-c83e-4611-a8ec-31524c565f4a-10,cbc8844c-c83e-4611-a8ec-31524c565f4a,10,PART004,360,Each
fc3792d6-fa52-4b03-998d-d02beebd79ad-10,fc3792d6-fa52-4b03-998d-d02beebd79ad,10,82903178-cd6d-4793-bb51-94b971732ff4-10,82903178-cd6d-4793-bb51-94b971732ff4,10,PART004,120,Each
bda99847-747b-49af-b4a8-b19a73d03136-10,bda99847-747b-49af-b4a8-b19a73d03136,10,3e12fe9c-10e9-4975-a6a0-99ef257a4fdb-10,3e12fe9c-10e9-4975-a6a0-99ef257a4fdb,10,PART005,260,Each
82ebaf78-2db7-4745-806a-589498eba916-10,82ebaf78-2db7-4745-806a-589498eba916,10,3e12fe9c-10e9-4975-a6a0-99ef257a4fdb-20,3e12fe9c-10e9-4975-a6a0-99ef257a4fdb,20,PART004,120,Each
1cb19e39-6900-4f43-9957-7d42228d5af8-10,1cb19e39-6900-4f43-9957-7d42228d5af8,10,16f749ce-72e3-4b2c-bc7c-19018baf8172-10,16f749ce-72e3-4b2c-bc7c-19018baf8172,10,PART003,260,Each
1cb19e39-6900-4f43-9957-7d42228d5af8-20,1cb19e39-6900-4f43-9957-7d42228d5af8,20,16f749ce-72e3-4b2c-bc7c-19018baf8172-20,16f749ce-72e3-4b2c-bc7c-19018baf8172,20,PART003-3,390,Each
1cb19e39-6900-4f43-9957-7d42228d5af8-30,1cb19e39-6900-4f43-9957-7d42228d5af8,30,16f749ce-72e3-4b2c-bc7c-19018baf8172-30,16f749ce-72e3-4b2c-bc7c-19018baf8172,30,PART004,150,Each
7b16fcb2-63ae-4c50-b6c9-dd02c5778cec-10,7b16fcb2-63ae-4c50-b6c9-dd02c5778cec,10,332abc38-63d1-41dd-aee1-6d35f8c25c34-10,332abc38-63d1-41dd-aee1-6d35f8c25c34,10,PART005,470,Each
9ee4b541-921c-4385-aba2-587af0191eac-10,9ee4b541-921c-4385-aba2-587af0191eac,10,560b8118-0fa5-473e-ac9a-3ecc32c70f95-30,560b8118-0fa5-473e-ac9a-3ecc32c70f95,30,PART003,250,Each
186ad005-ba87-4e03-868f-9b8225472c4c-10,186ad005-ba87-4e03-868f-9b8225472c4c,10,560b8118-0fa5-473e-ac9a-3ecc32c70f95-10,560b8118-0fa5-473e-ac9a-3ecc32c70f95,10,PART002,60,Each
186ad005-ba87-4e03-868f-9b8225472c4c-20,186ad005-ba87-4e03-868f-9b8225472c4c,20,560b8118-0fa5-473e-ac9a-3ecc32c70f95-20,560b8118-0fa5-473e-ac9a-3ecc32c70f95,20,PART003-2,330,Each
4e25e8ed-dfe4-49e6-9ba6-2097bbca59e3-10,4e25e8ed-dfe4-49e6-9ba6-2097bbca59e3,10,fce9d68a-2ecd-4a32-9b46-95ef34b65d79-10,fce9d68a-2ecd-4a32-9b46-95ef34b65d79,10,PART003-3,130,Each
4680478e-68f9-4e06-b6be-8d824db4ddc1-10,4680478e-68f9-4e06-b6be-8d824db4ddc1,10,8b6f3d7b-f35b-4352-944c-94f03b122d10-10,8b6f3d7b-f35b-4352-944c-94f03b122d10,10,PART005,360,Each
c19db014-1401-4b92-8e33-d8543776e837-10,c19db014-1401-4b92-8e33-d8543776e837,10,43a47653-cc92-4810-aa00-b099da3527f7-10,43a47653-cc92-4810-aa00-b099da3527f7,10,PART005,94,Each
2cced80b-5c3f-4989-91d5-388d730300e2-10,2cced80b-5c3f-4989-91d5-388d730300e2,10,43a47653-cc92-4810-aa00-b099da3527f7-10,43a47653-cc92-4810-aa00-b099da3527f7,10,PART005,146,Each
4c94d526-dca3-49e6-b8a1-af90e60640a0-10,4c94d526-dca3-49e6-b8a1-af90e60640a0,10,58f5737f-59a9-40a8-a219-02e28513591b-10,58f5737f-59a9-40a8-a219-02e28513591b,10,PART004,80,Each
4c94d526-dca3-49e6-b8a1-af90e60640a0-20,4c94d526-dca3-49e6-b8a1-af90e60640a0,20,58f5737f-59a9-40a8-a219-02e28513591b-20,58f5737f-59a9-40a8-a219-02e28513591b,20,PART001,430,Each
567d28f5-96e2-4939-b924-f10034e76c02-10,567d28f5-96e2-4939-b924-f10034e76c02,10,1afdd7fa-8bef-476b-9879-5b9645ef442e-10,1afdd7fa-8bef-476b-9879-5b9645ef442e,10,PART003-2,380,Each
567d28f5-96e2-4939-b924-f10034e76c02-20,567d28f5-96e2-4939-b924-f10034e76c02,20,1afdd7fa-8bef-476b-9879-5b9645ef442e-20,1afdd7fa-8bef-476b-9879-5b9645ef442e,20,PART003-1,290,Each
567d28f5-96e2-4939-b924-f10034e76c02-30,567d28f5-96e2-4939-b924-f10034e76c02,30,1afdd7fa-8bef-476b-9879-5b9645ef442e-30,1afdd7fa-8bef-476b-9879-5b9645ef442e,30,PART003-3,270,Each
33d117bf-2065-43b7-95d4-f2933410807d-10,33d117bf-2065-43b7-95d4-f2933410807d,10,8d34b4b3-8336-4226-a143-078f84af79fe-10,8d34b4b3-8336-4226-a143-078f84af79fe,10,PART003-2,340,Each
882b6a90-9c67-4d59-a80d-1098e603316e-10,882b6a90-9c67-4d59-a80d-1098e603316e,10,8d34b4b3-8336-4226-a143-078f84af79fe-20,8d34b4b3-8336-4226-a143-078f84af79fe,20,PART004,200,Each
48cfc55b-9ae1-45ee-a20d-22efc80af13f-10,48cfc55b-9ae1-45ee-a20d-22efc80af13f,10,7346ff75-b381-4711-8895-298b98f9ccee-10,7346ff75-b381-4711-8895-298b98f9ccee,10,PART004,250,Each
48cfc55b-9ae1-45ee-a20d-22efc80af13f-20,48cfc55b-9ae1-45ee-a20d-22efc80af13f,20,7346ff75-b381-4711-8895-298b98f9ccee-20,7346ff75-b381-4711-8895-298b98f9ccee,20,PART003-2,320,Each
48cfc55b-9ae1-45ee-a20d-22efc80af13f-30,48cfc55b-9ae1-45ee-a20d-22efc80af13f,30,7346ff75-b381-4711-8895-298b98f9ccee-30,7346ff75-b381-4711-8895-298b98f9ccee,30,PART006,80,Each
3873cd7f-945e-4835-b41c-14623a3a8c96-10,3873cd7f-945e-4835-b41c-14623a3a8c96,10,37dd9369-c62f-483c-8cf6-c1f018cfb934-10,37dd9369-c62f-483c-8cf6-c1f018cfb934,10,PART006,290,Each
3873cd7f-945e-4835-b41c-14623a3a8c96-20,3873cd7f-945e-4835-b41c-14623a3a8c96,20,37dd9369-c62f-483c-8cf6-c1f018cfb934-20,37dd9369-c62f-483c-8cf6-c1f018cfb934,20,PART003-3,230,Each
3873cd7f-945e-4835-b41c-14623a3a8c96-30,3873cd7f-945e-4835-b41c-14623a3a8c96,30,37dd9369-c62f-483c-8cf6-c1f018cfb934-30,37dd9369-c62f-483c-8cf6-c1f018cfb934,30,PART005,230,Each
77db9728-ed2d-42ce-89dc-a85b66c22cba-10,77db9728-ed2d-42ce-89dc-a85b66c22cba,10,ddc4d4ae-c677-493d-9901-6797c65b071f-30,ddc4d4ae-c677-493d-9901-6797c65b071f,30,PART005,390,Each
96567ec3-edfd-49dd-91a1-766835789b67-10,96567ec3-edfd-49dd-91a1-766835789b67,10,ddc4d4ae-c677-493d-9901-6797c65b071f-10,ddc4d4ae-c677-493d-9901-6797c65b071f,10,PART002,330,Each
96567ec3-edfd-49dd-91a1-766835789b67-20,96567ec3-edfd-49dd-91a1-766835789b67,20,ddc4d4ae-c677-493d-9901-6797c65b071f-20,ddc4d4ae-c677-493d-9901-6797c65b071f,20,PART003-1,180,Each
48f50f4f-71c9-4962-bd27-24e892a365c2-10,48f50f4f-71c9-4962-bd27-24e892a365c2,10,939aa4c1-1b33-4007-b58f-4f041eca0f2d-10,939aa4c1-1b33-4007-b58f-4f041eca0f2d,10,PART005,440,Each
48f50f4f-71c9-4962-bd27-24e892a365c2-20,48f50f4f-71c9-4962-bd27-24e892a365c2,20,939aa4c1-1b33-4007-b58f-4f041eca0f2d-20,939aa4c1-1b33-4007-b58f-4f041eca0f2d,20,PART003-3,300,Each
a2f0ed99-d52d-4b59-9e43-6d71dc5de8dd-10,a2f0ed99-d52d-4b59-9e43-6d71dc5de8dd,10,a473e379-5901-4a3d-926b-20ec4791d10f-10,a473e379-5901-4a3d-926b-20ec4791d10f,10,PART004,480,Each
a2f0ed99-d52d-4b59-9e43-6d71dc5de8dd-20,a2f0ed99-d52d-4b59-9e43-6d71dc5de8dd,20,a473e379-5901-4a3d-926b-20ec4791d10f-20,a473e379-5901-4a3d-926b-20ec4791d10f,20,PART006,230,Each
a2f0ed99-d52d-4b59-9e43-6d71dc5de8dd-30,a2f0ed99-d52d-4b59-9e43-6d71dc5de8dd,30,a473e379-5901-4a3d-926b-20ec4791d10f-30,a473e379-5901-4a3d-926b-20ec4791d10f,30,PART001,180,Each
625a7f45-e218-4df0-a8a5-86865165656f-10,625a7f45-e218-4df0-a8a5-86865165656f,10,3423e81b-d829-4e72-9d83-dca91a32f14f-20,3423e81b-d829-4e72-9d83-dca91a32f14f,20,PART001,370,Each
4459cb4d-f697-491e-8aac-ff6c8026cabc-10,4459cb4d-f697-491e-8aac-ff6c8026cabc,10,3423e81b-d829-4e72-9d83-dca91a32f14f-10,3423e81b-d829-4e72-9d83-dca91a32f14f,10,PART005,150,Each
4459cb4d-f697-491e-8aac-ff6c8026cabc-20,4459cb4d-f697-491e-8aac-ff6c8026cabc,20,3423e81b-d829-4e72-9d83-dca91a32f14f-30,3423e81b-d829-4e72-9d83-dca91a32f14f,30,PART004,450,Each
106edb08-c6e2-4123-a30a-70e6156db1bf-10,106edb08-c6e2-4123-a30a-70e6156db1bf,10,b60fd33c-3cd3-46cd-984b-01b1d7055c11-10,b60fd33c-3cd3-46cd-984b-01b1d7055c11,10,PART002,300,Each
106edb08-c6e2-4123-a30a-70e6156db1bf-20,106edb08-c6e2-4123-a30a-70e6156db1bf,20,b60fd33c-3cd3-46cd-984b-01b1d7055c11-20,b60fd33c-3cd3-46cd-984b-01b1d7055c11,20,PART003-1,340,Each
4930f241-bf9d-474e-9b76-ba96d94b8163-10,4930f241-bf9d-474e-9b76-ba96d94b8163,10,8b2abcd0-d62d-44d3-b1f0-f9980fcd90be-10,8b2abcd0-d62d-44d3-b1f0-f9980fcd90be,10,PART003-3,100,Each
6ce0aabb-8b74-47ac-8980-044e44b33c16-10,6ce0aabb-8b74-47ac-8980-044e44b33c16,10,f4db9f9e-4a1d-4f84-8cfc-f51b82efaba6-20,f4db9f9e-4a1d-4f84-8cfc-f51b82efaba6,20,PART002,210,Each
6c21c8a8-06a9-480a-b890-60f6c6564752-10,6c21c8a8-06a9-480a-b890-60f6c6564752,10,f4db9f9e-4a1d-4f84-8cfc-f51b82efaba6-10,f4db9f9e-4a1d-4f84-8cfc-f51b82efaba6,10,PART003-1,460,Each
6c21c8a8-06a9-480a-b890-60f6c6564752-20,6c21c8a8-06a9-480a-b890-60f6c6564752,20,f4db9f9e-4a1d-4f84-8cfc-f51b82efaba6-30,f4db9f9e-4a1d-4f84-8cfc-f51b82efaba6,30,PART005,110,Each
7e9dd86c-2827-49ec-9992-9fc5b30a1a53-10,7e9dd86c-2827-49ec-9992-9fc5b30a1a53,10,ab840a0e-fd7b-4807-b729-007b2c7eb54b-10,ab840a0e-fd7b-4807-b729-007b2c7eb54b,10,PART006,470,Each
7e9dd86c-2827-49ec-9992-9fc5b30a1a53-20,7e9dd86c-2827-49ec-9992-9fc5b30a1a53,20,ab840a0e-fd7b-4807-b729-007b2c7eb54b-20,ab840a0e-fd7b-4807-b729-007b2c7eb54b,20,PART004,260,Each
8de77a14-6f00-466d-9f46-6cb63c5382ae-10,8de77a14-6f00-466d-9f46-6cb63c5382ae,10,0a7cf919-4236-4488-ba9c-4537fa5c8820-10,0a7cf919-4236-4488-ba9c-4537fa5c8820,10,PART005,390,Each
8de77a14-6f00-466d-9f46-6cb63c5382ae-20,8de77a14-6f00-466d-9f46-6cb63c5382ae,20,0a7cf919-4236-4488-ba9c-4537fa5c8820-20,0a7cf919-4236-4488-ba9c-4537fa5c8820,20,PART006,190,Each
8de77a14-6f00-466d-9f46-6cb63c5382ae-30,8de77a14-6f00-466d-9f46-6cb63c5382ae,30,0a7cf919-4236-4488-ba9c-4537fa5c8820-30,0a7cf919-4236-4488-ba9c-4537fa5c8820,30,PART001,430,Each
f90205df-267f-43da-91ed-a2ff9db54e0b-10,f90205df-267f-43da-91ed-a2ff9db54e0b,10,a7417e31-21e0-4701-956d-4fdca578f076-20,a7417e31-21e0-4701-956d-4fdca578f076,20,PART003-1,230,Each
6937ee94-6869-45f8-8d25-6534e9ad8f8a-10,6937ee94-6869-45f8-8d25-6534e9ad8f8a,10,a7417e31-21e0-4701-956d-4fdca578f076-10,a7417e31-21e0-4701-956d-4fdca578f076,10,PART002,340,Each
df030cd2-ae1b-4534-9b3b-da321b39e4c9-10,df030cd2-ae1b-4534-9b3b-da321b39e4c9,10,1748d47a-b439-4512-b736-237ecf8bfca6-10,1748d47a-b439-4512-b736-237ecf8bfca6,10,PART003-2,330,Each
df030cd2-ae1b-4534-9b3b-da321b39e4c9-20,df030cd2-ae1b-4534-9b3b-da321b39e4c9,20,1748d47a-b439-4512-b736-237ecf8bfca6-20,1748d47a-b439-4512-b736-237ecf8bfca6,20,PART004,170,Each
df030cd2-ae1b-4534-9b3b-da321b39e4c9-30,df030cd2-ae1b-4534-9b3b-da321b39e4c9,30,1748d47a-b439-4512-b736-237ecf8bfca6-30,1748d47a-b439-4512-b736-237ecf8bfca6,30,PART003,490,Each
4726de7c-ff89-46e1-aa7e-8894406ea3d1-10,4726de7c-ff89-46e1-aa7e-8894406ea3d1,10,66b3bd50-1b85-45ed-970d-a67db1467ab3-10,66b3bd50-1b85-45ed-970d-a67db1467ab3,10,PART003-1,220,Each
4726de7c-ff89-46e1-aa7e-8894406ea3d1-20,4726de7c-ff89-46e1-aa7e-8894406ea3d1,20,66b3bd50-1b85-45ed-970d-a67db1467ab3-20,66b3bd50-1b85-45ed-970d-a67db1467ab3,20,PART004,240,Each
4726de7c-ff89-46e1-aa7e-8894406ea3d1-30,4726de7c-ff89-46e1-aa7e-8894406ea3d1,30,66b3bd50-1b85-45ed-970d-a67db1467ab3-30,66b3bd50-1b85-45ed-970d-a67db1467ab3,30,PART003-3,230,Each
ee962d66-ecae-4fd0-8c71-e2adbbd62317-10,ee962d66-ecae-4fd0-8c71-e2adbbd62317,10,2b0c508d-0f92-45af-943d-84b185085830-10,2b0c508d-0f92-45af-943d-84b185085830,10,PART003-3,266,Each
dafaea11-3d1f-4109-95a6-bba10dc7496e-10,dafaea11-3d1f-4109-95a6-bba10dc7496e,10,2b0c508d-0f92-45af-943d-84b185085830-10,2b0c508d-0f92-45af-943d-84b185085830,10,PART003-3,144,Each
b34ebb38-5d1d-465e-80e6-8416841f5020-10,b34ebb38-5d1d-465e-80e6-8416841f5020,10,dc9dfba7-4896-470c-ad69-c62c25672b62-10,dc9dfba7-4896-470c-ad69-c62c25672b62,10,PART003-2,300,Each
b34ebb38-5d1d-465e-80e6-8416841f5020-20,b34ebb38-5d1d-465e-80e6-8416841f5020,20,dc9dfba7-4896-470c-ad69-c62c25672b62-20,dc9dfba7-4896-470c-ad69-c62c25672b62,20,PART001,70,Each
c4241d4b-dce9-43b7-a34a-a7f0f9b0cdf0-10,c4241d4b-dce9-43b7-a34a-a7f0f9b0cdf0,10,5f63ee1d-ceb4-427e-a937-24b1edeb09bf-10,5f63ee1d-ceb4-427e-a937-24b1edeb09bf,10,PART003-1,110,Each
c4241d4b-dce9-43b7-a34a-a7f0f9b0cdf0-20,c4241d4b-dce9-43b7-a34a-a7f0f9b0cdf0,20,5f63ee1d-ceb4-427e-a937-24b1edeb09bf-20,5f63ee1d-ceb4-427e-a937-24b1edeb09bf,20,PART005,490,Each
c4241d4b-dce9-43b7-a34a-a7f0f9b0cdf0-30,c4241d4b-dce9-43b7-a34a-a7f0f9b0cdf0,30,5f63ee1d-ceb4-427e-a937-24b1edeb09bf-30,5f63ee1d-ceb4-427e-a937-24b1edeb09bf,30,PART004,310,Each
f28017cb-f933-432d-a5ce-29ac97daea85-10,f28017cb-f933-432d-a5ce-29ac97daea85,10,a4b48798-8494-40fd-98ae-a600872c84d8-10,a4b48798-8494-40fd-98ae-a600872c84d8,10,PART001,259,Each
86ee18d8-13be-4837-bc83-673f6366a605-10,86ee18d8-13be-4837-bc83-673f6366a605,10,a4b48798-8494-40fd-98ae-a600872c84d8-10,a4b48798-8494-40fd-98ae-a600872c84d8,10,PART001,221,Each
57d47329-3bf9-4973-80d1-20309648572f-10,57d47329-3bf9-4973-80d1-20309648572f,10,2ae01cd0-35c3-4e67-b337-41c37d49d202-10,2ae01cd0-35c3-4e67-b337-41c37d49d202,10,PART003,150,Each
57d47329-3bf9-4973-80d1-20309648572f-20,57d47329-3bf9-4973-80d1-20309648572f,20,2ae01cd0-35c3-4e67-b337-41c37d49d202-20,2ae01cd0-35c3-4e67-b337-41c37d49d202,20,PART003-1,360,Each
20bd60ce-cd6e-4364-a895-66ada56e15f5-10,20bd60ce-cd6e-4364-a895-66ada56e15f5,10,d392a9e4-992e-439a-94c9-436269b13720-10,d392a9e4-992e-439a-94c9-436269b13720,10,PART004,270,Each
20bd60ce-cd6e-4364-a895-66ada56e15f5-20,20bd60ce-cd6e-4364-a895-66ada56e15f5,20,d392a9e4-992e-439a-94c9-436269b13720-20,d392a9e4-992e-439a-94c9-436269b13720,20,PART005,210,Each
20bd60ce-cd6e-4364-a895-66ada56e15f5-30,20bd60ce-cd6e-4364-a895-66ada56e15f5,30,d392a9e4-992e-439a-94c9-436269b13720-30,d392a9e4-992e-439a-94c9-436269b13720,30,PART006,390,Each
585a8a3b-4b49-49cd-ab4c-754ed9a2a842-10,585a8a3b-4b49-49cd-ab4c-754ed9a2a842,10,923182ce-bf5f-42c5-b95b-b10046cc2460-20,923182ce-bf5f-42c5-b95b-b10046cc2460,20,PART002,90,Each
98fad9b3-a5d1-4432-a493-13bdbd38587d-10,98fad9b3-a5d1-4432-a493-13bdbd38587d,10,923182ce-bf5f-42c5-b95b-b10046cc2460-10,923182ce-bf5f-42c5-b95b-b10046cc2460,10,PART001,50,Each
a550f543-dc19-4b43-9af8-256042a75af0-10,a550f543-dc19-4b43-9af8-256042a75af0,10,bbece499-7feb-47c5-a34f-8684c3f8d57d-10,bbece499-7feb-47c5-a34f-8684c3f8d57d,10,PART001,340,Each
a550f543-dc19-4b43-9af8-256042a75af0-20,a550f543-dc19-4b43-9af8-256042a75af0,20,bbece499-7feb-47c5-a34f-8684c3f8d57d-20,bbece499-7feb-47c5-a34f-8684c3f8d57d,20,PART006,180,Each
a550f543-dc19-4b43-9af8-256042a75af0-30,a550f543-dc19-4b43-9af8-256042a75af0,30,bbece499-7feb-47c5-a34f-8684c3f8d57d-30,bbece499-7feb-47c5-a34f-8684c3f8d57d,30,PART003-2,170,Each
63629347-5442-4973-b9ae-a3f32e3273f2-10,63629347-5442-4973-b9ae-a3f32e3273f2,10,14a307d0-ebc1-41b8-b0ea-b2509bf6800f-10,14a307d0-ebc1-41b8-b0ea-b2509bf6800f,10,PART003-2,260,Each
63629347-5442-4973-b9ae-a3f32e3273f2-20,63629347-5442-4973-b9ae-a3f32e3273f2,20,14a307d0-ebc1-41b8-b0ea-b2509bf6800f-20,14a307d0-ebc1-41b8-b0ea-b2509bf6800f,20,PART003,360,Each
5416dccf-9298-4df9-b709-dfb5df04715a-10,5416dccf-9298-4df9-b709-dfb5df04715a,10,d2bbbde6-303d-44ac-9fac-b1f0add97516-30,d2bbbde6-303d-44ac-9fac-b1f0add97516,30,PART005,220,Each
04b0f7cf-e853-4ca8-812d-c97519e70265-10,04b0f7cf-e853-4ca8-812d-c97519e70265,10,d2bbbde6-303d-44ac-9fac-b1f0add97516-10,d2bbbde6-303d-44ac-9fac-b1f0add97516,10,PART002,290,Each
04b0f7cf-e853-4ca8-812d-c97519e70265-20,04b0f7cf-e853-4ca8-812d-c97519e70265,20,d2bbbde6-303d-44ac-9fac-b1f0add97516-20,d2bbbde6-303d-44ac-9fac-b1f0add97516,20,PART003-2,210,Each
48148837-be7c-4ae8-aa7d-a9771de4f581-10,48148837-be7c-4ae8-aa7d-a9771de4f581,10,77509ca1-d06d-4d83-91de-ea123dacb903-10,77509ca1-d06d-4d83-91de-ea123dacb903,10,PART006,180,Each
48148837-be7c-4ae8-aa7d-a9771de4f581-20,48148837-be7c-4ae8-aa7d-a9771de4f581,20,77509ca1-d06d-4d83-91de-ea123dacb903-20,77509ca1-d06d-4d83-91de-ea123dacb903,20,PART003-3,460,Each
1eaba472-e54f-4950-a188-21705aecc0e4-10,1eaba472-e54f-4950-a188-21705aecc0e4,10,037839ea-e573-407a-9e9e-509ca57f3fa8-10,037839ea-e573-407a-9e9e-509ca57f3fa8,10,PART006,120,Each
6f9eeacc-ce94-4324-b055-3bb093b14a41-10,6f9eeacc-ce94-4324-b055-3bb093b14a41,10,600d042b-b270-449e-9c7c-a1f195de6231-10,600d042b-b270-449e-9c7c-a1f195de6231,10,PART004,110,Each
9cb3e904-1310-49e6-8eff-cf4d236998dc-10,9cb3e904-1310-49e6-8eff-cf4d236998dc,10,600d042b-b270-449e-9c7c-a1f195de6231-20,600d042b-b270-449e-9c7c-a1f195de6231,20,PART003,130,Each
9cb3e904-1310-49e6-8eff-cf4d236998dc-20,9cb3e904-1310-49e6-8eff-cf4d236998dc,20,600d042b-b270-449e-9c7c-a1f195de6231-30,600d042b-b270-449e-9c7c-a1f195de6231,30,PART002,190,Each
6b4a1e40-b14b-4692-a835-1f2f56f17c5f-10,6b4a1e40-b14b-4692-a835-1f2f56f17c5f,10,2b6e6d67-ae1d-415a-a745-7bbfd6fa2c9f-10,2b6e6d67-ae1d-415a-a745-7bbfd6fa2c9f,10,PART003-3,360,Each
6b4a1e40-b14b-4692-a835-1f2f56f17c5f-20,6b4a1e40-b14b-4692-a835-1f2f56f17c5f,20,2b6e6d67-ae1d-415a-a745-7bbfd6fa2c9f-20,2b6e6d67-ae1d-415a-a745-7bbfd6fa2c9f,20,PART003-2,130,Each
b587ad79-48c8-4419-948a-7a2c82c722f4-10,b587ad79-48c8-4419-948a-7a2c82c722f4,10,97a5086d-d683-4750-8c48-686edf9f7c15-10,97a5086d-d683-4750-8c48-686edf9f7c15,10,PART002,280,Each
b587ad79-48c8-4419-948a-7a2c82c722f4-20,b587ad79-48c8-4419-948a-7a2c82c722f4,20,97a5086d-d683-4750-8c48-686edf9f7c15-20,97a5086d-d683-4750-8c48-686edf9f7c15,20,PART001,470,Each
12ed2446-c902-41a9-85f7-133fad5e71ef-10,12ed2446-c902-41a9-85f7-133fad5e71ef,10,1eed3b4d-b463-4527-99de-673968fd6307-10,1eed3b4d-b463-4527-99de-673968fd6307,10,PART003-1,104,Each
75e0e120-1862-4211-a65d-eceb9a4c8780-10,75e0e120-1862-4211-a65d-eceb9a4c8780,10,1eed3b4d-b463-4527-99de-673968fd6307-10,1eed3b4d-b463-4527-99de-673968fd6307,10,PART003-1,76,Each
e8c0ccf6-904c-4048-b622-620820140483-10,e8c0ccf6-904c-4048-b622-620820140483,10,68a0d97d-d93a-4470-a27e-6942764a6119-10,68a0d97d-d93a-4470-a27e-6942764a6119,10,PART001,360,Each
e8c0ccf6-904c-4048-b622-620820140483-20,e8c0ccf6-904c-4048-b622-620820140483,20,68a0d97d-d93a-4470-a27e-6942764a6119-20,68a0d97d-d93a-4470-a27e-6942764a6119,20,PART003-1,260,Each
b128e148-d17f-4624-9403-cac5668ff679-10,b128e148-d17f-4624-9403-cac5668ff679,10,8e8e8a6a-99bd-4227-bacb-e3ec87a395aa-10,8e8e8a6a-99bd-4227-bacb-e3ec87a395aa,10,PART003-1,50,Each
374447d8-e7d4-400f-b4a5-8859b6376417-10,374447d8-e7d4-400f-b4a5-8859b6376417,10,0baa4985-1592-426f-97e9-df8b9d2a7a0e-30,0baa4985-1592-426f-97e9-df8b9d2a7a0e,30,PART002,260,Each
7df892ba-dcdc-4923-8d27-fadd3dcd575a-10,7df892ba-dcdc-4923-8d27-fadd3dcd575a,10,0baa4985-1592-426f-97e9-df8b9d2a7a0e-10,0baa4985-1592-426f-97e9-df8b9d2a7a0e,10,PART001,450,Each
7df892ba-dcdc-4923-8d27-fadd3dcd575a-20,7df892ba-dcdc-4923-8d27-fadd3dcd575a,20,0baa4985-1592-426f-97e9-df8b9d2a7a0e-20,0baa4985-1592-426f-97e9-df8b9d2a7a0e,20,PART006,220,Each
74da868e-47fd-4653-a035-13de9d087574-10,74da868e-47fd-4653-a035-13de9d087574,10,3e718d7f-77e2-4aca-a13d-a5466874065e-10,3e718d7f-77e2-4aca-a13d-a5466874065e,10,PART003-1,280,Each
74da868e-47fd-4653-a035-13de9d087574-20,74da868e-47fd-4653-a035-13de9d087574,20,3e718d7f-77e2-4aca-a13d-a5466874065e-20,3e718d7f-77e2-4aca-a13d-a5466874065e,20,PART002,240,Each
5c282824-80e3-42b2-b002-e70dd4f6bdc2-10,5c282824-80e3-42b2-b002-e70dd4f6bdc2,10,8bff0ceb-2e7e-4bbf-9762-0de8a5d9e75b-10,8bff0ceb-2e7e-4bbf-9762-0de8a5d9e75b,10,PART003-2,340,Each
c959ce9d-f8ea-4b6f-b600-b468d7ac5a0a-10,c959ce9d-f8ea-4b6f-b600-b468d7ac5a0a,10,68402df3-996b-4b9d-8040-083512beb4c5-20,68402df3-996b-4b9d-8040-083512beb4c5,20,PART005,180,Each
aa1d7725-f0e6-4fef-acf1-4c6069faad8e-10,aa1d7725-f0e6-4fef-acf1-4c6069faad8e,10,68402df3-996b-4b9d-8040-083512beb4c5-10,68402df3-996b-4b9d-8040-083512beb4c5,10,PART001,460,Each
707b1752-e1c9-451b-866a-e019790e5f3d-10,707b1752-e1c9-451b-866a-e019790e5f3d,10,01c0d280-5a9e-4424-b389-a4067dc13ae8-10,01c0d280-5a9e-4424-b389-a4067dc13ae8,10,PART003-2,380,Each
17607b9f-0c45-4b1c-93ad-8ff6dd80697a-10,17607b9f-0c45-4b1c-93ad-8ff6dd80697a,10,ddd777bd-825f-40b0-809c-581baa1d6ecf-10,ddd777bd-825f-40b0-809c-581baa1d6ecf,10,PART005,470,Each
17607b9f-0c45-4b1c-93ad-8ff6dd80697a-20,17607b9f-0c45-4b1c-93ad-8ff6dd80697a,20,ddd777bd-825f-40b0-809c-581baa1d6ecf-20,ddd777bd-825f-40b0-809c-581baa1d6ecf,20,PART001,280,Each
4968a03a-0c1c-4cc9-8670-536c3492f9f6-10,4968a03a-0c1c-4cc9-8670-536c3492f9f6,10,1c29ae3b-c61c-4073-947a-65d874e9612d-10,1c29ae3b-c61c-4073-947a-65d874e9612d,10,PART003-3,107,Each
3a823ee2-17cf-4fbd-8950-062aa6873eab-10,3a823ee2-17cf-4fbd-8950-062aa6873eab,10,1c29ae3b-c61c-4073-947a-65d874e9612d-10,1c29ae3b-c61c-4073-947a-65d874e9612d,10,PART003-3,53,Each
24349bb8-d8e7-47b4-ab82-bb5a12cf01db-10,24349bb8-d8e7-47b4-ab82-bb5a12cf01db,10,39eb8572-fa5e-4f52-886c-99f38b48059f-10,39eb8572-fa5e-4f52-886c-99f38b48059f,10,PART003-1,90,Each
bf733240-2129-47e3-b373-ffd7cfd71e52-10,bf733240-2129-47e3-b373-ffd7cfd71e52,10,e17f44b6-e364-4155-b86d-ae320764ac92-10,e17f44b6-e364-4155-b86d-ae320764ac92,10,PART005,70,Each
bf733240-2129-47e3-b373-ffd7cfd71e52-20,bf733240-2129-47e3-b373-ffd7cfd71e52,20,e17f44b6-e364-4155-b86d-ae320764ac92-20,e17f44b6-e364-4155-b86d-ae320764ac92,20,PART003,290,Each
4d01c08c-043b-4190-8ff3-116e2dc42fec-10,4d01c08c-043b-4190-8ff3-116e2dc42fec,10,eb566406-ad90-44ed-8ef8-a3d80ce986a9-10,eb566406-ad90-44ed-8ef8-a3d80ce986a9,10,PART005,88,Each
5f77a18a-5329-4af0-85f6-5dcb3432239b-10,5f77a18a-5329-4af0-85f6-5dcb3432239b,10,eb566406-ad90-44ed-8ef8-a3d80ce986a9-10,eb566406-ad90-44ed-8ef8-a3d80ce986a9,10,PART005,112,Each
dc7bbd2b-ca10-454a-859b-0e8016bc8acb-10,dc7bbd2b-ca10-454a-859b-0e8016bc8acb,10,1c77e39f-0fbf-4ed4-9db1-eec8180c4e2c-10,1c77e39f-0fbf-4ed4-9db1-eec8180c4e2c,10,PART004,50,Each
dc7bbd2b-ca10-454a-859b-0e8016bc8acb-20,dc7bbd2b-ca10-454a-859b-0e8016bc8acb,20,1c77e39f-0fbf-4ed4-9db1-eec8180c4e2c-20,1c77e39f-0fbf-4ed4-9db1-eec8180c4e2c,20,PART005,130,Each
e380542e-3281-4230-9cee-495d2353abcf-10,e380542e-3281-4230-9cee-495d2353abcf,10,d7c204d6-60e9-4f8e-9e8e-3ed17d29fac0-10,d7c204d6-60e9-4f8e-9e8e-3ed17d29fac0,10,PART003-3,310,Each
e380542e-3281-4230-9cee-495d2353abcf-20,e380542e-3281-4230-9cee-495d2353abcf,20,d7c204d6-60e9-4f8e-9e8e-3ed17d29fac0-20,d7c204d6-60e9-4f8e-9e8e-3ed17d29fac0,20,PART002,210,Each
e380542e-3281-4230-9cee-495d2353abcf-30,e380542e-3281-4230-9cee-495d2353abcf,30,d7c204d6-60e9-4f8e-9e8e-3ed17d29fac0-30,d7c204d6-60e9-4f8e-9e8e-3ed17d29fac0,30,PART004,300,Each
2a0021dc-e765-4e58-a5a0-3e8f18ee549d-10,2a0021dc-e765-4e58-a5a0-3e8f18ee549d,10,dd78fd3a-2a69-4fb4-95cf-fc2236b57dcc-10,dd78fd3a-2a69-4fb4-95cf-fc2236b57dcc,10,PART003-1,100,Each
fdfd793a-81a8-4494-b2a2-9306e6a63638-10,fdfd793a-81a8-4494-b2a2-9306e6a63638,10,dd78fd3a-2a69-4fb4-95cf-fc2236b57dcc-20,dd78fd3a-2a69-4fb4-95cf-fc2236b57dcc,20,PART005,400,Each
fdfd793a-81a8-4494-b2a2-9306e6a63638-20,fdfd793a-81a8-4494-b2a2-9306e6a63638,20,dd78fd3a-2a69-4fb4-95cf-fc2236b57dcc-30,dd78fd3a-2a69-4fb4-95cf-fc2236b57dcc,30,PART001,420,Each
c74149b7-4bfa-4098-98e3-b97534f2ef76-10,c74149b7-4bfa-4098-98e3-b97534f2ef76,10,6bbf9229-d0c3-42e5-a858-13feea045c7d-10,6bbf9229-d0c3-42e5-a858-13feea045c7d,10,PART006,350,Each
c74149b7-4bfa-4098-98e3-b97534f2ef76-20,c74149b7-4bfa-4098-98e3-b97534f2ef76,20,6bbf9229-d0c3-42e5-a858-13feea045c7d-20,6bbf9229-d0c3-42e5-a858-13feea045c7d,20,PART001,320,Each
c74149b7-4bfa-4098-98e3-b97534f2ef76-30,c74149b7-4bfa-4098-98e3-b97534f2ef76,30,6bbf9229-d0c3-42e5-a858-13feea045c7d-30,6bbf9229-d0c3-42e5-a858-13feea045c7d,30,PART003,380,Each
ee42461c-834c-4de8-8347-008c55c39cf2-10,ee42461c-834c-4de8-8347-008c55c39cf2,10,cbd6440a-6342-44ed-a9ee-4413dcca8d38-10,cbd6440a-6342-44ed-a9ee-4413dcca8d38,10,PART003-1,230,Each
ee42461c-834c-4de8-8347-008c55c39cf2-20,ee42461c-834c-4de8-8347-008c55c39cf2,20,cbd6440a-6342-44ed-a9ee-4413dcca8d38-20,cbd6440a-6342-44ed-a9ee-4413dcca8d38,20,PART002,280,Each
f73ff5b4-fbf6-4932-b2bd-2836080b076f-10,f73ff5b4-fbf6-4932-b2bd-2836080b076f,10,8278316c-a2d6-4c0b-a016-5a3e29511b3e-10,8278316c-a2d6-4c0b-a016-5a3e29511b3e,10,PART003-1,240,Each
7cd45384-0d2d-4816-9226-3eaebfc2ba49-10,7cd45384-0d2d-4816-9226-3eaebfc2ba49,10,8278316c-a2d6-4c0b-a016-5a3e29511b3e-20,8278316c-a2d6-4c0b-a016-5a3e29511b3e,20,PART006,190,Each
7cd45384-0d2d-4816-9226-3eaebfc2ba49-20,7cd45384-0d2d-4816-9226-3eaebfc2ba49,20,8278316c-a2d6-4c0b-a016-5a3e29511b3e-30,8278316c-a2d6-4c0b-a016-5a3e29511b3e,30,PART005,120,Each
e4da7ad4-ce0a-4410-9f15-6158e549d465-10,e4da7ad4-ce0a-4410-9f15-6158e549d465,10,e1fc3fa3-98c6-47b7-a8b4-b6c67a2087b1-10,e1fc3fa3-98c6-47b7-a8b4-b6c67a2087b1,10,PART001,300,Each
e4da7ad4-ce0a-4410-9f15-6158e549d465-20,e4da7ad4-ce0a-4410-9f15-6158e549d465,20,e1fc3fa3-98c6-47b7-a8b4-b6c67a2087b1-20,e1fc3fa3-98c6-47b7-a8b4-b6c67a2087b1,20,PART003-3,400,Each
e4da7ad4-ce0a-4410-9f15-6158e549d465-30,e4da7ad4-ce0a-4410-9f15-6158e549d465,30,e1fc3fa3-98c6-47b7-a8b4-b6c67a2087b1-30,e1fc3fa3-98c6-47b7-a8b4-b6c67a2087b1,30,PART003-2,420,Each
70bd68c1-fa09-478f-a5ee-4bbb002742d8-10,70bd68c1-fa09-478f-a5ee-4bbb002742d8,10,130c1e7b-2803-4deb-bb7b-fd1026032a3c-10,130c1e7b-2803-4deb-bb7b-fd1026032a3c,10,PART003-2,460,Each
70bd68c1-fa09-478f-a5ee-4bbb002742d8-20,70bd68c1-fa09-478f-a5ee-4bbb002742d8,20,130c1e7b-2803-4deb-bb7b-fd1026032a3c-20,130c1e7b-2803-4deb-bb7b-fd1026032a3c,20,PART001,320,Each
610249d3-a949-4768-ac58-aa774e7d8526-10,610249d3-a949-4768-ac58-aa774e7d8526,10,8effdee4-e079-4ee0-86c8-a71c988f6db0-20,8effdee4-e079-4ee0-86c8-a71c988f6db0,20,PART003-3,120,Each
31c6b9fa-16e6-4e77-8b94-4cb4cbe34cd5-10,31c6b9fa-16e6-4e77-8b94-4cb4cbe34cd5,10,8effdee4-e079-4ee0-86c8-a71c988f6db0-10,8effdee4-e079-4ee0-86c8-a71c988f6db0,10,PART003-1,260,Each
31c6b9fa-16e6-4e77-8b94-4cb4cbe34cd5-20,31c6b9fa-16e6-4e77-8b94-4cb4cbe34cd5,20,8effdee4-e079-4ee0-86c8-a71c988f6db0-30,8effdee4-e079-4ee0-86c8-a71c988f6db0,30,PART002,240,Each
4d45dec8-8008-4b13-afec-ba52842ae2d5-10,4d45dec8-8008-4b13-afec-ba52842ae2d5,10,1cf98127-87c7-449c-8d45-1a0e166420de-10,1cf98127-87c7-449c-8d45-1a0e166420de,10,PART003-3,180,Each
4d45dec8-8008-4b13-afec-ba52842ae2d5-20,4d45dec8-8008-4b13-afec-ba52842ae2d5,20,1cf98127-87c7-449c-8d45-1a0e166420de-20,1cf98127-87c7-449c-8d45-1a0e166420de,20,PART003-2,420,Each
4d45dec8-8008-4b13-afec-ba52842ae2d5-30,4d45dec8-8008-4b13-afec-ba52842ae2d5,30,1cf98127-87c7-449c-8d45-1a0e166420de-30,1cf98127-87c7-449c-8d45-1a0e166420de,30,PART006,430,Each
ac5b99e5-8b70-43fa-843d-69164619f5b1-10,ac5b99e5-8b70-43fa-843d-69164619f5b1,10,36017998-9f5c-4edf-9ad3-94b264e54e1b-10,36017998-9f5c-4edf-9ad3-94b264e54e1b,10,PART006,380,Each
ac5b99e5-8b70-43fa-843d-69164619f5b1-20,ac5b99e5-8b70-43fa-843d-69164619f5b1,20,36017998-9f5c-4edf-9ad3-94b264e54e1b-20,36017998-9f5c-4edf-9ad3-94b264e54e1b,20,PART003-3,110,Each
ac5b99e5-8b70-43fa-843d-69164619f5b1-30,ac5b99e5-8b70-43fa-843d-69164619f5b1,30,36017998-9f5c-4edf-9ad3-94b264e54e1b-30,36017998-9f5c-4edf-9ad3-94b264e54e1b,30,PART005,500,Each
0a97ff1b-9435-48c5-ae57-e4444309bdf6-10,0a97ff1b-9435-48c5-ae57-e4444309bdf6,10,69c3d090-fb6b-418c-8360-f364489b914c-10,69c3d090-fb6b-418c-8360-f364489b914c,10,PART005,190,Each
aec9627c-5733-4a06-919e-c439782288df-10,aec9627c-5733-4a06-919e-c439782288df,10,69c3d090-fb6b-418c-8360-f364489b914c-20,69c3d090-fb6b-418c-8360-f364489b914c,20,PART004,150,Each
6602278f-27dd-48bb-8ba9-64f87865e20b-10,6602278f-27dd-48bb-8ba9-64f87865e20b,10,3fb66f9d-a264-46c2-b0e1-2d94d79e142f-10,3fb66f9d-a264-46c2-b0e1-2d94d79e142f,10,PART001,130,Each
6b6815f6-f481-402c-bdee-d6a9fd9cc758-10,6b6815f6-f481-402c-bdee-d6a9fd9cc758,10,9c6a3485-87b6-4a75-a2a1-f2448b7ee866-10,9c6a3485-87b6-4a75-a2a1-f2448b7ee866,10,PART002,60,Each
bab7fb7c-cfa0-4d92-89fd-e59b4725a644-10,bab7fb7c-cfa0-4d92-89fd-e59b4725a644,10,528a2865-0c51-4de0-b9b9-fff38c336fac-30,528a2865-0c51-4de0-b9b9-fff38c336fac,30,PART002,210,Each
b814e556-ec87-4dbf-b201-61cd4c4c76cd-10,b814e556-ec87-4dbf-b201-61cd4c4c76cd,10,528a2865-0c51-4de0-b9b9-fff38c336fac-10,528a2865-0c51-4de0-b9b9-fff38c336fac,10,PART003-2,300,Each
b814e556-ec87-4dbf-b201-61cd4c4c76cd-20,b814e556-ec87-4dbf-b201-61cd4c4c76cd,20,528a2865-0c51-4de0-b9b9-fff38c336fac-20,528a2865-0c51-4de0-b9b9-fff38c336fac,20,PART001,470,Each
632bbdcd-567e-474d-9ca1-c2fb9f291bfb-10,632bbdcd-567e-474d-9ca1-c2fb9f291bfb,10,3c47c91d-ba1a-4472-9ea4-4bfbaddfb6b8-10,3c47c91d-ba1a-4472-9ea4-4bfbaddfb6b8,10,PART002,340,Each
e13c4564-434f-48d9-8b6f-1a3084484090-10,e13c4564-434f-48d9-8b6f-1a3084484090,10,0085cce6-f845-4e12-965c-511e03c1c655-10,0085cce6-f845-4e12-965c-511e03c1c655,10,PART001,350,Each
e13c4564-434f-48d9-8b6f-1a3084484090-20,e13c4564-434f-48d9-8b6f-1a3084484090,20,0085cce6-f845-4e12-965c-511e03c1c655-20,0085cce6-f845-4e12-965c-511e03c1c655,20,PART003-1,460,Each
e13c4564-434f-48d9-8b6f-1a3084484090-30,e13c4564-434f-48d9-8b6f-1a3084484090,30,0085cce6-f845-4e12-965c-511e03c1c655-30,0085cce6-f845-4e12-965c-511e03c1c655,30,PART002,400,Each
00cd1ed1-fcf1-4e56-b786-9310892a0683-10,00cd1ed1-fcf1-4e56-b786-9310892a0683,10,dee4452c-f50d-45f7-81d1-7359c862503f-30,dee4452c-f50d-45f7-81d1-7359c862503f,30,PART003-1,370,Each
74142697-f6c9-4e3e-9483-c579f589c05d-10,74142697-f6c9-4e3e-9483-c579f589c05d,10,dee4452c-f50d-45f7-81d1-7359c862503f-10,dee4452c-f50d-45f7-81d1-7359c862503f,10,PART005,490,Each
74142697-f6c9-4e3e-9483-c579f589c05d-20,74142697-f6c9-4e3e-9483-c579f589c05d,20,dee4452c-f50d-45f7-81d1-7359c862503f-20,dee4452c-f50d-45f7-81d1-7359c862503f,20,PART003,100,Each
a9e1afcd-e24e-4f45-a190-4654b51d6c4b-10,a9e1afcd-e24e-4f45-a190-4654b51d6c4b,10,6d5e174c-c265-4a60-80a6-d8d16e94d531-10,6d5e174c-c265-4a60-80a6-d8d16e94d531,10,PART003-1,90,Each
cd9565f9-422f-4c5f-b8d9-20d9e572f978-10,cd9565f9-422f-4c5f-b8d9-20d9e572f978,10,a3ed2ec2-17dd-4e6e-9717-5ce7ae54ab35-10,a3ed2ec2-17dd-4e6e-9717-5ce7ae54ab35,10,PART005,140,Each
512c4b39-079c-47d6-8966-65288343b976-10,512c4b39-079c-47d6-8966-65288343b976,10,aa86c625-650b-4e60-bd6c-0c57d704482c-10,aa86c625-650b-4e60-bd6c-0c57d704482c,10,PART005,140,Each
ed73ee2a-7b89-4284-865f-5d1b2c5f16c5-10,ed73ee2a-7b89-4284-865f-5d1b2c5f16c5,10,aa86c625-650b-4e60-bd6c-0c57d704482c-20,aa86c625-650b-4e60-bd6c-0c57d704482c,20,PART003-1,100,Each
8c8a8409-e5a1-47ab-bb79-bccac6757297-10,8c8a8409-e5a1-47ab-bb79-bccac6757297,10,ab927945-f44b-43e6-9805-181a9d3693e4-10,ab927945-f44b-43e6-9805-181a9d3693e4,10,PART003-1,200,Each
8c8a8409-e5a1-47ab-bb79-bccac6757297-20,8c8a8409-e5a1-47ab-bb79-bccac6757297,20,ab927945-f44b-43e6-9805-181a9d3693e4-20,ab927945-f44b-43e6-9805-181a9d3693e4,20,PART003-3,210,Each
67792b17-15e1-4c45-b5bb-e9282158a44b-10,67792b17-15e1-4c45-b5bb-e9282158a44b,10,213328b2-0cf6-439b-8d1a-29490d3de336-10,213328b2-0cf6-439b-8d1a-29490d3de336,10,PART003-2,190,Each
67792b17-15e1-4c45-b5bb-e9282158a44b-20,67792b17-15e1-4c45-b5bb-e9282158a44b,20,213328b2-0cf6-439b-8d1a-29490d3de336-20,213328b2-0cf6-439b-8d1a-29490d3de336,20,PART003,450,Each
67792b17-15e1-4c45-b5bb-e9282158a44b-30,67792b17-15e1-4c45-b5bb-e9282158a44b,30,213328b2-0cf6-439b-8d1a-29490d3de336-30,213328b2-0cf6-439b-8d1a-29490d3de336,30,PART003-1,450,Each
db27918a-e533-4bd3-a95f-b54fdc70fe65-10,db27918a-e533-4bd3-a95f-b54fdc70fe65,10,f948331f-68ba-4cba-ac3b-9a765c377bd3-20,f948331f-68ba-4cba-ac3b-9a765c377bd3,20,PART003-2,200,Each
8a7c3b96-0fa1-4ac3-abec-5a05800b13c2-10,8a7c3b96-0fa1-4ac3-abec-5a05800b13c2,10,f948331f-68ba-4cba-ac3b-9a765c377bd3-10,f948331f-68ba-4cba-ac3b-9a765c377bd3,10,PART003-1,190,Each
8a7c3b96-0fa1-4ac3-abec-5a05800b13c2-20,8a7c3b96-0fa1-4ac3-abec-5a05800b13c2,20,f948331f-68ba-4cba-ac3b-9a765c377bd3-30,f948331f-68ba-4cba-ac3b-9a765c377bd3,30,PART001,310,Each
ea5843b3-3092-48cf-8187-27b0efdaea9a-10,ea5843b3-3092-48cf-8187-27b0efdaea9a,10,68426b32-a753-40be-a663-fb3359dbcace-10,68426b32-a753-40be-a663-fb3359dbcace,10,PART006,80,Each
ea5843b3-3092-48cf-8187-27b0efdaea9a-20,ea5843b3-3092-48cf-8187-27b0efdaea9a,20,68426b32-a753-40be-a663-fb3359dbcace-20,68426b32-a753-40be-a663-fb3359dbcace,20,PART002,280,Each
9220775a-b384-47e5-ba85-105801f6f161-10,9220775a-b384-47e5-ba85-105801f6f161,10,3dfc8678-8078-4354-bd56-6f3126c33e42-10,3dfc8678-8078-4354-bd56-6f3126c33e42,10,PART001,170,Each
9220775a-b384-47e5-ba85-105801f6f161-20,9220775a-b384-47e5-ba85-105801f6f161,20,3dfc8678-8078-4354-bd56-6f3126c33e42-20,3dfc8678-8078-4354-bd56-6f3126c33e42,20,PART003-1,110,Each
9220775a-b384-47e5-ba85-105801f6f161-30,9220775a-b384-47e5-ba85-105801f6f161,30,3dfc8678-8078-4354-bd56-6f3126c33e42-30,3dfc8678-8078-4354-bd56-6f3126c33e42,30,PART003,430,Each
5920cc5e-7be5-4d21-aa4e-6a31e6b1564c-10,5920cc5e-7be5-4d21-aa4e-6a31e6b1564c,10,f48147c3-c1e2-48ef-a987-323acd8bd1b7-20,f48147c3-c1e2-48ef-a987-323acd8bd1b7,20,PART004,170,Each
44af70ab-9517-4b5a-93a7-6fb114decaad-10,44af70ab-9517-4b5a-93a7-6fb114decaad,10,f48147c3-c1e2-48ef-a987-323acd8bd1b7-10,f48147c3-c1e2-48ef-a987-323acd8bd1b7,10,PART003-2,240,Each
44af70ab-9517-4b5a-93a7-6fb114decaad-20,44af70ab-9517-4b5a-93a7-6fb114decaad,20,f48147c3-c1e2-48ef-a987-323acd8bd1b7-30,f48147c3-c1e2-48ef-a987-323acd8bd1b7,30,PART003,500,Each
f7017303-303a-4952-b034-7d3e1260ae7f-10,f7017303-303a-4952-b034-7d3e1260ae7f,10,6e1ea996-dfc3-49cd-b968-30cfec1212f0-10,6e1ea996-dfc3-49cd-b968-30cfec1212f0,10,PART003-2,320,Each
f7017303-303a-4952-b034-7d3e1260ae7f-20,f7017303-303a-4952-b034-7d3e1260ae7f,20,6e1ea996-dfc3-49cd-b968-30cfec1212f0-20,6e1ea996-dfc3-49cd-b968-30cfec1212f0,20,PART003-3,300,Each
f7017303-303a-4952-b034-7d3e1260ae7f-30,f7017303-303a-4952-b034-7d3e1260ae7f,30,6e1ea996-dfc3-49cd-b968-30cfec1212f0-30,6e1ea996-dfc3-49cd-b968-30cfec1212f0,30,PART003,350,Each
2e4c1853-9b68-497f-b9ca-bf822c29be8a-10,2e4c1853-9b68-497f-b9ca-bf822c29be8a,10,b78ac0a8-f3d8-407b-a1a6-a4959fb4673f-10,b78ac0a8-f3d8-407b-a1a6-a4959fb4673f,10,PART004,500,Each
2e4c1853-9b68-497f-b9ca-bf822c29be8a-20,2e4c1853-9b68-497f-b9ca-bf822c29be8a,20,b78ac0a8-f3d8-407b-a1a6-a4959fb4673f-20,b78ac0a8-f3d8-407b-a1a6-a4959fb4673f,20,PART006,220,Each
2e4c1853-9b68-497f-b9ca-bf822c29be8a-30,2e4c1853-9b68-497f-b9ca-bf822c29be8a,30,b78ac0a8-f3d8-407b-a1a6-a4959fb4673f-30,b78ac0a8-f3d8-407b-a1a6-a4959fb4673f,30,PART003-3,290,Each
5ed056ce-36b3-4d22-a6a5-79f5671b0ce1-10,5ed056ce-36b3-4d22-a6a5-79f5671b0ce1,10,fd52d5ca-af7f-45eb-b170-30312f6f71f2-20,fd52d5ca-af7f-45eb-b170-30312f6f71f2,20,PART004,290,Each
8162661f-3bab-4b89-a9ce-86a51a3aef3f-10,8162661f-3bab-4b89-a9ce-86a51a3aef3f,10,fd52d5ca-af7f-45eb-b170-30312f6f71f2-10,fd52d5ca-af7f-45eb-b170-30312f6f71f2,10,PART003-1,420,Each
e7df272b-bce4-48a8-918b-24d230b41636-10,e7df272b-bce4-48a8-918b-24d230b41636,10,99d32365-4623-4ec6-b02b-e030b533d053-10,99d32365-4623-4ec6-b02b-e030b533d053,10,PART006,270,Each
e7df272b-bce4-48a8-918b-24d230b41636-20,e7df272b-bce4-48a8-918b-24d230b41636,20,99d32365-4623-4ec6-b02b-e030b533d053-20,99d32365-4623-4ec6-b02b-e030b533d053,20,PART003-2,220,Each
ed853525-f996-4fdc-b42d-fa880b5c0a0e-10,ed853525-f996-4fdc-b42d-fa880b5c0a0e,10,acb8ad7d-0f54-497f-ac06-b725eb1dedec-10,acb8ad7d-0f54-497f-ac06-b725eb1dedec,10,PART003-1,290,Each
fbab4311-0ee1-494d-86ff-bac18b18bf16-10,fbab4311-0ee1-494d-86ff-bac18b18bf16,10,d0b41aa3-fe69-46e9-b132-e2d5cd3372a0-10,d0b41aa3-fe69-46e9-b132-e2d5cd3372a0,10,PART005,96,Each
8657dd73-5a1e-4d46-8747-05e72573b501-10,8657dd73-5a1e-4d46-8747-05e72573b501,10,d0b41aa3-fe69-46e9-b132-e2d5cd3372a0-10,d0b41aa3-fe69-46e9-b132-e2d5cd3372a0,10,PART005,214,Each
f172c287-acdd-4b05-a2c9-a5af0904c4a7-10,f172c287-acdd-4b05-a2c9-a5af0904c4a7,10,145ae022-fa5a-4f83-8a4f-42b1ba5a8a88-10,145ae022-fa5a-4f83-8a4f-42b1ba5a8a88,10,PART001,260,Each
f172c287-acdd-4b05-a2c9-a5af0904c4a7-20,f172c287-acdd-4b05-a2c9-a5af0904c4a7,20,145ae022-fa5a-4f83-8a4f-42b1ba5a8a88-20,145ae022-fa5a-4f83-8a4f-42b1ba5a8a88,20,PART003-3,230,Each
1ac11a0f-94fe-4f88-abb7-b77d1f30ff58-10,1ac11a0f-94fe-4f88-abb7-b77d1f30ff58,10,4320e859-e3e3-481b-81ed-d3ec505dec96-10,4320e859-e3e3-481b-81ed-d3ec505dec96,10,PART002,100,Each
1ac11a0f-94fe-4f88-abb7-b77d1f30ff58-20,1ac11a0f-94fe-4f88-abb7-b77d1f30ff58,20,4320e859-e3e3-481b-81ed-d3ec505dec96-20,4320e859-e3e3-481b-81ed-d3ec505dec96,20,PART003,240,Each
1ac11a0f-94fe-4f88-abb7-b77d1f30ff58-30,1ac11a0f-94fe-4f88-abb7-b77d1f30ff58,30,4320e859-e3e3-481b-81ed-d3ec505dec96-30,4320e859-e3e3-481b-81ed-d3ec505dec96,30,PART003-2,110,Each
1b18ed8c-464b-451a-864f-0259145a50fb-10,1b18ed8c-464b-451a-864f-0259145a50fb,10,0b4b8abe-aba4-48fc-b822-afe3c7ffbfde-20,0b4b8abe-aba4-48fc-b822-afe3c7ffbfde,20,PART003-1,140,Each
3b7c83c1-27d5-413f-ab6f-f2920f49b745-10,3b7c83c1-27d5-413f-ab6f-f2920f49b745,10,0b4b8abe-aba4-48fc-b822-afe3c7ffbfde-10,0b4b8abe-aba4-48fc-b822-afe3c7ffbfde,10,PART005,380,Each
3b7c83c1-27d5-413f-ab6f-f2920f49b745-20,3b7c83c1-27d5-413f-ab6f-f2920f49b745,20,0b4b8abe-aba4-48fc-b822-afe3c7ffbfde-30,0b4b8abe-aba4-48fc-b822-afe3c7ffbfde,30,PART003-2,440,Each
693bb7df-b8cb-4aa3-9aad-9b3078c34c09-10,693bb7df-b8cb-4aa3-9aad-9b3078c34c09,10,bee57cc7-e374-48f8-bbe0-9647ab22d055-10,bee57cc7-e374-48f8-bbe0-9647ab22d055,10,PART003-2,80,Each
693bb7df-b8cb-4aa3-9aad-9b3078c34c09-20,693bb7df-b8cb-4aa3-9aad-9b3078c34c09,20,bee57cc7-e374-48f8-bbe0-9647ab22d055-20,bee57cc7-e374-48f8-bbe0-9647ab22d055,20,PART003-1,420,Each
693bb7df-b8cb-4aa3-9aad-9b3078c34c09-30,693bb7df-b8cb-4aa3-9aad-9b3078c34c09,30,bee57cc7-e374-48f8-bbe0-9647ab22d055-30,bee57cc7-e374-48f8-bbe0-9647ab22d055,30,PART003-3,70,Each
a1933312-6c85-4a98-9d36-895df9a2f1b9-10,a1933312-6c85-4a98-9d36-895df9a2f1b9,10,f0da678d-0733-4788-ad01-94266b93ebf5-10,f0da678d-0733-4788-ad01-94266b93ebf5,10,PART004,340,Each
a1933312-6c85-4a98-9d36-895df9a2f1b9-20,a1933312-6c85-4a98-9d36-895df9a2f1b9,20,f0da678d-0733-4788-ad01-94266b93ebf5-20,f0da678d-0733-4788-ad01-94266b93ebf5,20,PART001,200,Each
119eba6a-b4fc-46fd-8d39-b7937b25dc0e-10,119eba6a-b4fc-46fd-8d39-b7937b25dc0e,10,983c30c5-669b-4b4e-a331-f791d4b2f3e2-10,983c30c5-669b-4b4e-a331-f791d4b2f3e2,10,PART001,58,Each
8c664c48-09cd-4a59-86a5-af086683bcf3-10,8c664c48-09cd-4a59-86a5-af086683bcf3,10,983c30c5-669b-4b4e-a331-f791d4b2f3e2-10,983c30c5-669b-4b4e-a331-f791d4b2f3e2,10,PART001,42,Each
ceb9bdc6-73b7-4f8f-9670-13ad14b3e443-10,ceb9bdc6-73b7-4f8f-9670-13ad14b3e443,10,a35a1e1b-10e0-409a-ab5a-3c33a61de736-10,a35a1e1b-10e0-409a-ab5a-3c33a61de736,10,PART003-1,440,Each
ceb9bdc6-73b7-4f8f-9670-13ad14b3e443-20,ceb9bdc6-73b7-4f8f-9670-13ad14b3e443,20,a35a1e1b-10e0-409a-ab5a-3c33a61de736-20,a35a1e1b-10e0-409a-ab5a-3c33a61de736,20,PART005,320,Each
ceb9bdc6-73b7-4f8f-9670-13ad14b3e443-30,ceb9bdc6-73b7-4f8f-9670-13ad14b3e443,30,a35a1e1b-10e0-409a-ab5a-3c33a61de736-30,a35a1e1b-10e0-409a-ab5a-3c33a61de736,30,PART001,470,Each
88662c1c-302f-44d4-85de-146f0e615197-10,88662c1c-302f-44d4-85de-146f0e615197,10,29324d5a-0388-49e6-ae4b-7bc3a1fe10e6-10,29324d5a-0388-49e6-ae4b-7bc3a1fe10e6,10,PART006,500,Each
4ea55ebf-de92-4b94-8be0-8513cb9e38d1-10,4ea55ebf-de92-4b94-8be0-8513cb9e38d1,10,503aafaa-774e-46f3-9388-2c1c13c2b8b3-20,503aafaa-774e-46f3-9388-2c1c13c2b8b3,20,PART004,280,Each
cd9491e0-f39c-4d5f-b4ee-694a67439dfe-10,cd9491e0-f39c-4d5f-b4ee-694a67439dfe,10,503aafaa-774e-46f3-9388-2c1c13c2b8b3-10,503aafaa-774e-46f3-9388-2c1c13c2b8b3,10,PART003-3,110,Each
cd9491e0-f39c-4d5f-b4ee-694a67439dfe-20,cd9491e0-f39c-4d5f-b4ee-694a67439dfe,20,503aafaa-774e-46f3-9388-2c1c13c2b8b3-30,503aafaa-774e-46f3-9388-2c1c13c2b8b3,30,PART003-1,490,Each
aef40c4f-fe02-443c-9e1a-1cb964053c86-10,aef40c4f-fe02-443c-9e1a-1cb964053c86,10,200c796a-bb63-4777-abbc-1d34da9fd124-10,200c796a-bb63-4777-abbc-1d34da9fd124,10,PART003,280,Each
aef40c4f-fe02-443c-9e1a-1cb964053c86-20,aef40c4f-fe02-443c-9e1a-1cb964053c86,20,200c796a-bb63-4777-abbc-1d34da9fd124-20,200c796a-bb63-4777-abbc-1d34da9fd124,20,PART005,130,Each
8df8d6b3-8b12-40fb-b723-a9100d1f8b60-10,8df8d6b3-8b12-40fb-b723-a9100d1f8b60,10,d7698186-5f9f-4832-9a79-cceca0e09d7b-10,d7698186-5f9f-4832-9a79-cceca0e09d7b,10,PART004,470,Each
895b9cc6-419d-4462-8ba1-b8f9852dc2fb-10,895b9cc6-419d-4462-8ba1-b8f9852dc2fb,10,653138d1-8d33-470e-9c7b-ff8928ddf369-10,653138d1-8d33-470e-9c7b-ff8928ddf369,10,PART005,281,Each
bb475e9f-0c14-400a-b148-820ac647e88c-10,bb475e9f-0c14-400a-b148-820ac647e88c,10,653138d1-8d33-470e-9c7b-ff8928ddf369-10,653138d1-8d33-470e-9c7b-ff8928ddf369,10,PART005,89,Each
672b98a4-2d88-4da5-aa11-b9ce9d64925d-10,672b98a4-2d88-4da5-aa11-b9ce9d64925d,10,daa37487-7ff7-4236-b28f-546636ecd27b-10,daa37487-7ff7-4236-b28f-546636ecd27b,10,PART003-2,350,Each
4d82eae1-2eee-480e-9aef-8ad000ee5b6c-10,4d82eae1-2eee-480e-9aef-8ad000ee5b6c,10,161eda7b-8657-4cb1-ba14-c795afbc0982-10,161eda7b-8657-4cb1-ba14-c795afbc0982,10,PART003-3,500,Each
4d82eae1-2eee-480e-9aef-8ad000ee5b6c-20,4d82eae1-2eee-480e-9aef-8ad000ee5b6c,20,161eda7b-8657-4cb1-ba14-c795afbc0982-20,161eda7b-8657-4cb1-ba14-c795afbc0982,20,PART001,180,Each
4d82eae1-2eee-480e-9aef-8ad000ee5b6c-30,4d82eae1-2eee-480e-9aef-8ad000ee5b6c,30,161eda7b-8657-4cb1-ba14-c795afbc0982-30,161eda7b-8657-4cb1-ba14-c795afbc0982,30,PART002,230,Each
01af86f5-9637-462f-91d3-eef4b712600f-10,01af86f5-9637-462f-91d3-eef4b712600f,10,53e0de5e-d0aa-4521-8ae8-1bc06bf64cdc-20,53e0de5e-d0aa-4521-8ae8-1bc06bf64cdc,20,PART003-3,390,Each
da8483d0-7808-415f-965a-834034fc02ab-10,da8483d0-7808-415f-965a-834034fc02ab,10,53e0de5e-d0aa-4521-8ae8-1bc06bf64cdc-10,53e0de5e-d0aa-4521-8ae8-1bc06bf64cdc,10,PART003,440,Each
62d7ca2e-a357-403b-a758-6c0a6b64421f-10,62d7ca2e-a357-403b-a758-6c0a6b64421f,10,4ed32932-e129-4c85-aae3-cb67875380cb-10,4ed32932-e129-4c85-aae3-cb67875380cb,10,PART003,310,Each
62d7ca2e-a357-403b-a758-6c0a6b64421f-20,62d7ca2e-a357-403b-a758-6c0a6b64421f,20,4ed32932-e129-4c85-aae3-cb67875380cb-20,4ed32932-e129-4c85-aae3-cb67875380cb,20,PART006,350,Each
b53d3bd1-e13c-4304-9bc6-4cef2708f278-10,b53d3bd1-e13c-4304-9bc6-4cef2708f278,10,3f3004e8-0201-4f98-a55a-c8d5e59f8e4d-10,3f3004e8-0201-4f98-a55a-c8d5e59f8e4d,10,PART003-1,490,Each
7235b292-8399-4b50-9352-4e18992cea58-10,7235b292-8399-4b50-9352-4e18992cea58,10,06c98a4e-4821-460e-b57c-5659c3d0fcfb-10,06c98a4e-4821-460e-b57c-5659c3d0fcfb,10,PART004,156,Each
11345dd8-2b5c-4238-ba9b-10511a9cfed8-10,11345dd8-2b5c-4238-ba9b-10511a9cfed8,10,06c98a4e-4821-460e-b57c-5659c3d0fcfb-10,06c98a4e-4821-460e-b57c-5659c3d0fcfb,10,PART004,44,Each
6fa29f0e-5574-422b-85d2-f2d4824a50c5-10,6fa29f0e-5574-422b-85d2-f2d4824a50c5,10,19efab74-c344-4e0c-885e-c304aeb7dd16-10,19efab74-c344-4e0c-885e-c304aeb7dd16,10,PART003-2,260,Each
6fa29f0e-5574-422b-85d2-f2d4824a50c5-20,6fa29f0e-5574-422b-85d2-f2d4824a50c5,20,19efab74-c344-4e0c-885e-c304aeb7dd16-20,19efab74-c344-4e0c-885e-c304aeb7dd16,20,PART005,380,Each
805c0ff9-97e7-4db6-8253-b53f93f52772-10,805c0ff9-97e7-4db6-8253-b53f93f52772,10,5093d451-b104-4439-a8f3-3f31a271cb21-10,5093d451-b104-4439-a8f3-3f31a271cb21,10,PART005,440,Each
c23efa4d-aec2-4fd8-a6b4-c62d2b83cd4b-10,c23efa4d-aec2-4fd8-a6b4-c62d2b83cd4b,10,da865e2c-b0e4-49b6-8980-065f9a9cc983-10,da865e2c-b0e4-49b6-8980-065f9a9cc983,10,PART006,460,Each
f50e6ac3-0c08-4f08-9163-56b170089b65-10,f50e6ac3-0c08-4f08-9163-56b170089b65,10,da865e2c-b0e4-49b6-8980-065f9a9cc983-20,da865e2c-b0e4-49b6-8980-065f9a9cc983,20,PART003-2,230,Each
f50e6ac3-0c08-4f08-9163-56b170089b65-20,f50e6ac3-0c08-4f08-9163-56b170089b65,20,da865e2c-b0e4-49b6-8980-065f9a9cc983-30,da865e2c-b0e4-49b6-8980-065f9a9cc983,30,PART003,490,Each
d713edb8-0b1e-4183-866d-d7c45e108ba7-10,d713edb8-0b1e-4183-866d-d7c45e108ba7,10,7358d49b-1dc8-4c1f-8624-0ea94b1a58cf-10,7358d49b-1dc8-4c1f-8624-0ea94b1a58cf,10,PART004,100,Each
d713edb8-0b1e-4183-866d-d7c45e108ba7-20,d713edb8-0b1e-4183-866d-d7c45e108ba7,20,7358d49b-1dc8-4c1f-8624-0ea94b1a58cf-20,7358d49b-1dc8-4c1f-8624-0ea94b1a58cf,20,PART002,440,Each
b7c1f676-b749-47b9-85af-98cf179e9f6a-10,b7c1f676-b749-47b9-85af-98cf179e9f6a,10,f95e0d30-699f-4a29-add6-f5cd02df97da-10,f95e0d30-699f-4a29-add6-f5cd02df97da,10,PART004,160,Each
b7c1f676-b749-47b9-85af-98cf179e9f6a-20,b7c1f676-b749-47b9-85af-98cf179e9f6a,20,f95e0d30-699f-4a29-add6-f5cd02df97da-20,f95e0d30-699f-4a29-add6-f5cd02df97da,20,PART003,250,Each
bb7670c6-ee20-4f81-9c5b-9adb65fba005-10,bb7670c6-ee20-4f81-9c5b-9adb65fba005,10,5a486cf9-a132-4455-a7b9-f21bb96b354a-10,5a486cf9-a132-4455-a7b9-f21bb96b354a,10,PART002,172,Each
43d013bc-466c-484f-9573-fa7506f19b5d-10,43d013bc-466c-484f-9573-fa7506f19b5d,10,5a486cf9-a132-4455-a7b9-f21bb96b354a-10,5a486cf9-a132-4455-a7b9-f21bb96b354a,10,PART002,238,Each
d3ad9314-a8a6-4751-a541-94b4bc71b86e-10,d3ad9314-a8a6-4751-a541-94b4bc71b86e,10,d9eb9bdd-7fcc-4c9c-bc3b-2c96b864b7f3-10,d9eb9bdd-7fcc-4c9c-bc3b-2c96b864b7f3,10,PART003,380,Each
a6e002e7-1a50-45a6-a99a-1b6e773d6a39-10,a6e002e7-1a50-45a6-a99a-1b6e773d6a39,10,48b0d547-1e18-4512-b819-d0d16fec2eee-10,48b0d547-1e18-4512-b819-d0d16fec2eee,10,PART003-2,410,Each
a6e002e7-1a50-45a6-a99a-1b6e773d6a39-20,a6e002e7-1a50-45a6-a99a-1b6e773d6a39,20,48b0d547-1e18-4512-b819-d0d16fec2eee-20,48b0d547-1e18-4512-b819-d0d16fec2eee,20,PART003-3,440,Each
a6e002e7-1a50-45a6-a99a-1b6e773d6a39-30,a6e002e7-1a50-45a6-a99a-1b6e773d6a39,30,48b0d547-1e18-4512-b819-d0d16fec2eee-30,48b0d547-1e18-4512-b819-d0d16fec2eee,30,PART006,60,Each
8cd4f232-336d-4996-b1a1-5953871caf1c-10,8cd4f232-336d-4996-b1a1-5953871caf1c,10,7bcf12be-19d3-4782-8da2-c0dfb03cbb76-20,7bcf12be-19d3-4782-8da2-c0dfb03cbb76,20,PART003-2,360,Each
d0a87797-bdf3-43db-be69-ee7b5b51169e-10,d0a87797-bdf3-43db-be69-ee7b5b51169e,10,7bcf12be-19d3-4782-8da2-c0dfb03cbb76-10,7bcf12be-19d3-4782-8da2-c0dfb03cbb76,10,PART005,480,Each
d0a87797-bdf3-43db-be69-ee7b5b51169e-20,d0a87797-bdf3-43db-be69-ee7b5b51169e,20,7bcf12be-19d3-4782-8da2-c0dfb03cbb76-30,7bcf12be-19d3-4782-8da2-c0dfb03cbb76,30,PART006,410,Each
4d5d49da-6e88-4684-9050-c931abe031a9-10,4d5d49da-6e88-4684-9050-c931abe031a9,10,835e800d-a6eb-4b25-aab0-b2e1f423b1ea-10,835e800d-a6eb-4b25-aab0-b2e1f423b1ea,10,PART003,120,Each
4d5d49da-6e88-4684-9050-c931abe031a9-20,4d5d49da-6e88-4684-9050-c931abe031a9,20,835e800d-a6eb-4b25-aab0-b2e1f423b1ea-20,835e800d-a6eb-4b25-aab0-b2e1f423b1ea,20,PART002,270,Each
f7c016b8-efd8-4259-ade6-3722bcb46910-10,f7c016b8-efd8-4259-ade6-3722bcb46910,10,f1306c40-c12b-4a2b-a027-f2e48f56718f-10,f1306c40-c12b-4a2b-a027-f2e48f56718f,10,PART003-2,420,Each
f7c016b8-efd8-4259-ade6-3722bcb46910-20,f7c016b8-efd8-4259-ade6-3722bcb46910,20,f1306c40-c12b-4a2b-a027-f2e48f56718f-20,f1306c40-c12b-4a2b-a027-f2e48f56718f,20,PART003-3,450,Each
b6537874-3ade-4be4-ace2-d373ec33aebb-10,b6537874-3ade-4be4-ace2-d373ec33aebb,10,439f8a1a-faaa-42bb-b112-99d32932c030-10,439f8a1a-faaa-42bb-b112-99d32932c030,10,PART001,210,Each
2590c96d-44a9-4306-86b9-9045092e0e33-10,2590c96d-44a9-4306-86b9-9045092e0e33,10,439f8a1a-faaa-42bb-b112-99d32932c030-20,439f8a1a-faaa-42bb-b112-99d32932c030,20,PART004,490,Each
7115f1c5-fc88-4dfe-9b3c-e2697eba21ba-10,7115f1c5-fc88-4dfe-9b3c-e2697eba21ba,10,b2e5014f-12f9-4d6b-8147-d057e36f91c9-10,b2e5014f-12f9-4d6b-8147-d057e36f91c9,10,PART003-1,400,Each
a0fb03bc-091f-4866-8582-8ac0fc52b878-10,a0fb03bc-091f-4866-8582-8ac0fc52b878,10,7724a635-35f9-40be-bf23-d3788a323fdd-10,7724a635-35f9-40be-bf23-d3788a323fdd,10,PART003-2,220,Each
f090da7c-ba36-4db8-b3b9-d0796e25987b-10,f090da7c-ba36-4db8-b3b9-d0796e25987b,10,0f60c168-2ddb-4d2b-8de5-e5daf19f5ab9-10,0f60c168-2ddb-4d2b-8de5-e5daf19f5ab9,10,PART001,26,Each
f0a0d0d3-fb9c-4bc5-b40a-9b40b540953b-10,f0a0d0d3-fb9c-4bc5-b40a-9b40b540953b,10,0f60c168-2ddb-4d2b-8de5-e5daf19f5ab9-10,0f60c168-2ddb-4d2b-8de5-e5daf19f5ab9,10,PART001,84,Each
407a3eb2-b106-45e8-b72d-d63efbc12c95-10,407a3eb2-b106-45e8-b72d-d63efbc12c95,10,7b3fe5c0-098b-4511-be20-aef0b9d87957-10,7b3fe5c0-098b-4511-be20-aef0b9d87957,10,PART002,150,Each
407a3eb2-b106-45e8-b72d-d63efbc12c95-20,407a3eb2-b106-45e8-b72d-d63efbc12c95,20,7b3fe5c0-098b-4511-be20-aef0b9d87957-20,7b3fe5c0-098b-4511-be20-aef0b9d87957,20,PART003-3,420,Each
407a3eb2-b106-45e8-b72d-d63efbc12c95-30,407a3eb2-b106-45e8-b72d-d63efbc12c95,30,7b3fe5c0-098b-4511-be20-aef0b9d87957-30,7b3fe5c0-098b-4511-be20-aef0b9d87957,30,PART005,380,Each
02a74e0c-9ba5-4739-a9e4-64be8a690182-10,02a74e0c-9ba5-4739-a9e4-64be8a690182,10,915ed6c4-d63d-4b98-b6e3-489fdefadf9e-10,915ed6c4-d63d-4b98-b6e3-489fdefadf9e,10,PART001,240,Each
02a74e0c-9ba5-4739-a9e4-64be8a690182-20,02a74e0c-9ba5-4739-a9e4-64be8a690182,20,915ed6c4-d63d-4b98-b6e3-489fdefadf9e-20,915ed6c4-d63d-4b98-b6e3-489fdefadf9e,20,PART003-2,170,Each
02a74e0c-9ba5-4739-a9e4-64be8a690182-30,02a74e0c-9ba5-4739-a9e4-64be8a690182,30,915ed6c4-d63d-4b98-b6e3-489fdefadf9e-30,915ed6c4-d63d-4b98-b6e3-489fdefadf9e,30,PART002,460,Each
3ffe5f5a-af5a-4400-86fa-2ac24a21e6be-10,3ffe5f5a-af5a-4400-86fa-2ac24a21e6be,10,5ee5fc69-c937-44c3-b45c-6af8434330d5-10,5ee5fc69-c937-44c3-b45c-6af8434330d5,10,PART005,63,Each
bc3c43f0-cf97-4ab5-af21-9c29ee9694f3-10,bc3c43f0-cf97-4ab5-af21-9c29ee9694f3,10,5ee5fc69-c937-44c3-b45c-6af8434330d5-10,5ee5fc69-c937-44c3-b45c-6af8434330d5,10,PART005,77,Each
a3556678-9a11-4867-9acd-8cfdb973e851-10,a3556678-9a11-4867-9acd-8cfdb973e851,10,8bafb7d8-9f06-4738-8727-5ed70b2279d6-10,8bafb7d8-9f06-4738-8727-5ed70b2279d6,10,PART003-1,480,Each
a3556678-9a11-4867-9acd-8cfdb973e851-20,a3556678-9a11-4867-9acd-8cfdb973e851,20,8bafb7d8-9f06-4738-8727-5ed70b2279d6-20,8bafb7d8-9f06-4738-8727-5ed70b2279d6,20,PART004,380,Each
a3556678-9a11-4867-9acd-8cfdb973e851-30,a3556678-9a11-4867-9acd-8cfdb973e851,30,8bafb7d8-9f06-4738-8727-5ed70b2279d6-30,8bafb7d8-9f06-4738-8727-5ed70b2279d6,30,PART002,320,Each
d478b5bf-7798-4b23-8cfd-3ef3b30c3a89-10,d478b5bf-7798-4b23-8cfd-3ef3b30c3a89,10,9ce2b976-c67d-408c-8f5c-144cb07a879f-10,9ce2b976-c67d-408c-8f5c-144cb07a879f,10,PART006,220,Each
d478b5bf-7798-4b23-8cfd-3ef3b30c3a89-20,d478b5bf-7798-4b23-8cfd-3ef3b30c3a89,20,9ce2b976-c67d-408c-8f5c-144cb07a879f-20,9ce2b976-c67d-408c-8f5c-144cb07a879f,20,PART001,420,Each
379e562c-478a-411c-8f37-cd7770ba95ae-10,379e562c-478a-411c-8f37-cd7770ba95ae,10,451c238f-51fc-4e10-9061-91134ab44546-10,451c238f-51fc-4e10-9061-91134ab44546,10,PART003,160,Each
c9f1c0dc-7f38-4730-ab3b-0d6371c28a20-10,c9f1c0dc-7f38-4730-ab3b-0d6371c28a20,10,451c238f-51fc-4e10-9061-91134ab44546-10,451c238f-51fc-4e10-9061-91134ab44546,10,PART003,90,Each
50390b2c-1a1b-4684-9086-86fdbf474add-10,50390b2c-1a1b-4684-9086-86fdbf474add,10,8d77c337-027d-41ee-9b11-256a28007da0-10,8d77c337-027d-41ee-9b11-256a28007da0,10,PART005,260,Each
50390b2c-1a1b-4684-9086-86fdbf474add-20,50390b2c-1a1b-4684-9086-86fdbf474add,20,8d77c337-027d-41ee-9b11-256a28007da0-20,8d77c337-027d-41ee-9b11-256a28007da0,20,PART003-3,120,Each
50390b2c-1a1b-4684-9086-86fdbf474add-30,50390b2c-1a1b-4684-9086-86fdbf474add,30,8d77c337-027d-41ee-9b11-256a28007da0-30,8d77c337-027d-41ee-9b11-256a28007da0,30,PART003-1,140,Each
3e0333db-2959-4097-8eca-9a93b14e9b00-10,3e0333db-2959-4097-8eca-9a93b14e9b00,10,5db9ec12-78d1-400b-84b2-1045c254e61e-10,5db9ec12-78d1-400b-84b2-1045c254e61e,10,PART006,370,Each
04e4962a-cc6c-40ad-820e-5f44ce62d3e0-10,04e4962a-cc6c-40ad-820e-5f44ce62d3e0,10,21678313-4220-4eaf-b0b4-36ebfbac542e-10,21678313-4220-4eaf-b0b4-36ebfbac542e,10,PART003-1,104,Each
f0a17e42-d432-4d40-b998-bedcf6bd92aa-10,f0a17e42-d432-4d40-b998-bedcf6bd92aa,10,21678313-4220-4eaf-b0b4-36ebfbac542e-10,21678313-4220-4eaf-b0b4-36ebfbac542e,10,PART003-1,266,Each
13859d53-e795-4789-8555-7f210a4f7065-10,13859d53-e795-4789-8555-7f210a4f7065,10,48177ff5-8503-4409-a045-7bb696ad5793-10,48177ff5-8503-4409-a045-7bb696ad5793,10,PART001,300,Each
2917a1d6-3260-430f-b454-ff5a91d469a6-10,2917a1d6-3260-430f-b454-ff5a91d469a6,10,df85c5a7-4150-44a0-9406-3aec0ebb9265-10,df85c5a7-4150-44a0-9406-3aec0ebb9265,10,PART006,60,Each
2917a1d6-3260-430f-b454-ff5a91d469a6-20,2917a1d6-3260-430f-b454-ff5a91d469a6,20,df85c5a7-4150-44a0-9406-3aec0ebb9265-20,df85c5a7-4150-44a0-9406-3aec0ebb9265,20,PART003-1,410,Each
a50dc9d1-9888-465a-9b37-32469137189f-10,a50dc9d1-9888-465a-9b37-32469137189f,10,bd6fe61b-2866-469e-b2a6-bcf996a68a92-10,bd6fe61b-2866-469e-b2a6-bcf996a68a92,10,PART003-3,41,Each
36d8e0a2-80ba-4828-affd-27537a73dfbb-10,36d8e0a2-80ba-4828-affd-27537a73dfbb,10,bd6fe61b-2866-469e-b2a6-bcf996a68a92-10,bd6fe61b-2866-469e-b2a6-bcf996a68a92,10,PART003-3,49,Each
82caef81-061e-4285-b8e7-2bfcc42027d0-10,82caef81-061e-4285-b8e7-2bfcc42027d0,10,edf2d9ca-3d1c-45f0-a519-f4d4f0717374-10,edf2d9ca-3d1c-45f0-a519-f4d4f0717374,10,PART003-1,240,Each
82caef81-061e-4285-b8e7-2bfcc42027d0-20,82caef81-061e-4285-b8e7-2bfcc42027d0,20,edf2d9ca-3d1c-45f0-a519-f4d4f0717374-20,edf2d9ca-3d1c-45f0-a519-f4d4f0717374,20,PART001,470,Each
946bc9d4-3f79-4411-910a-0135dd2aad69-10,946bc9d4-3f79-4411-910a-0135dd2aad69,10,a6a03745-fa41-4f4f-a091-3e2e2191d2df-10,a6a03745-fa41-4f4f-a091-3e2e2191d2df,10,PART002,170,Each
946bc9d4-3f79-4411-910a-0135dd2aad69-20,946bc9d4-3f79-4411-910a-0135dd2aad69,20,a6a03745-fa41-4f4f-a091-3e2e2191d2df-20,a6a03745-fa41-4f4f-a091-3e2e2191d2df,20,PART006,120,Each
946bc9d4-3f79-4411-910a-0135dd2aad69-30,946bc9d4-3f79-4411-910a-0135dd2aad69,30,a6a03745-fa41-4f4f-a091-3e2e2191d2df-30,a6a03745-fa41-4f4f-a091-3e2e2191d2df,30,PART005,460,Each
fe0b1450-49ab-470e-a767-406b6a77f5d9-10,fe0b1450-49ab-470e-a767-406b6a77f5d9,10,b29f44d5-9e89-48ab-b1e7-a77260375e90-20,b29f44d5-9e89-48ab-b1e7-a77260375e90,20,PART003-3,270,Each
18ae39c9-463e-4f49-97ac-4bbff1553d9a-10,18ae39c9-463e-4f49-97ac-4bbff1553d9a,10,b29f44d5-9e89-48ab-b1e7-a77260375e90-10,b29f44d5-9e89-48ab-b1e7-a77260375e90,10,PART006,390,Each
e3ce4d97-fc6b-48d5-b02b-5d2f1cef3120-10,e3ce4d97-fc6b-48d5-b02b-5d2f1cef3120,10,a8ab80e5-4417-40cd-b192-e84b542d42ed-10,a8ab80e5-4417-40cd-b192-e84b542d42ed,10,PART005,310,Each
e3ce4d97-fc6b-48d5-b02b-5d2f1cef3120-20,e3ce4d97-fc6b-48d5-b02b-5d2f1cef3120,20,a8ab80e5-4417-40cd-b192-e84b542d42ed-20,a8ab80e5-4417-40cd-b192-e84b542d42ed,20,PART004,290,Each
e3ce4d97-fc6b-48d5-b02b-5d2f1cef3120-30,e3ce4d97-fc6b-48d5-b02b-5d2f1cef3120,30,a8ab80e5-4417-40cd-b192-e84b542d42ed-30,a8ab80e5-4417-40cd-b192-e84b542d42ed,30,PART003,340,Each
d8b2f8e8-ced2-4950-a6c3-837d1f1311be-10,d8b2f8e8-ced2-4950-a6c3-837d1f1311be,10,313dfe6d-70bd-4a0b-b540-25d629bc2f63-10,313dfe6d-70bd-4a0b-b540-25d629bc2f63,10,PART003-1,230,Each
d8b2f8e8-ced2-4950-a6c3-837d1f1311be-20,d8b2f8e8-ced2-4950-a6c3-837d1f1311be,20,313dfe6d-70bd-4a0b-b540-25d629bc2f63-20,313dfe6d-70bd-4a0b-b540-25d629bc2f63,20,PART003-2,60,Each
d8b2f8e8-ced2-4950-a6c3-837d1f1311be-30,d8b2f8e8-ced2-4950-a6c3-837d1f1311be,30,313dfe6d-70bd-4a0b-b540-25d629bc2f63-30,313dfe6d-70bd-4a0b-b540-25d629bc2f63,30,PART005,340,Each
c52e971d-628f-48e5-bf2f-16cecb004311-10,c52e971d-628f-48e5-bf2f-16cecb004311,10,f53e9d2b-ca2b-4503-9f37-851cdb9805f1-10,f53e9d2b-ca2b-4503-9f37-851cdb9805f1,10,PART003,320,Each
f1270237-50a9-498c-8ca2-842cc4f9ab04-10,f1270237-50a9-498c-8ca2-842cc4f9ab04,10,f53e9d2b-ca2b-4503-9f37-851cdb9805f1-20,f53e9d2b-ca2b-4503-9f37-851cdb9805f1,20,PART003-2,180,Each
f1270237-50a9-498c-8ca2-842cc4f9ab04-20,f1270237-50a9-498c-8ca2-842cc4f9ab04,20,f53e9d2b-ca2b-4503-9f37-851cdb9805f1-30,f53e9d2b-ca2b-4503-9f37-851cdb9805f1,30,PART003-1,80,Each
84a2798c-5de4-4ad8-ac62-941bb5da3091-10,84a2798c-5de4-4ad8-ac62-941bb5da3091,10,72f18feb-ba5b-4faa-aa3c-c7f58fe88871-10,72f18feb-ba5b-4faa-aa3c-c7f58fe88871,10,PART003,290,Each
770262d5-e63e-4b4c-9a74-ee578f2d8e71-10,770262d5-e63e-4b4c-9a74-ee578f2d8e71,10,b2e5c05e-95a6-4264-b224-32be95d19387-10,b2e5c05e-95a6-4264-b224-32be95d19387,10,PART003-2,320,Each
0d62df24-ae58-4819-a8c7-59cfb5296216-10,0d62df24-ae58-4819-a8c7-59cfb5296216,10,f60b91ee-f4e1-4686-b303-1b09421cbe21-20,f60b91ee-f4e1-4686-b303-1b09421cbe21,20,PART006,80,Each
0ab909db-1c20-4ba4-8008-7c7e08172489-10,0ab909db-1c20-4ba4-8008-7c7e08172489,10,f60b91ee-f4e1-4686-b303-1b09421cbe21-10,f60b91ee-f4e1-4686-b303-1b09421cbe21,10,PART003-1,330,Each
1c82499f-83f2-4f9e-8436-32c5348f0f76-10,1c82499f-83f2-4f9e-8436-32c5348f0f76,10,467748b0-c8a8-4268-857f-b8964224fa27-10,467748b0-c8a8-4268-857f-b8964224fa27,10,PART004,120,Each
1c82499f-83f2-4f9e-8436-32c5348f0f76-20,1c82499f-83f2-4f9e-8436-32c5348f0f76,20,467748b0-c8a8-4268-857f-b8964224fa27-20,467748b0-c8a8-4268-857f-b8964224fa27,20,PART003-3,420,Each
1c82499f-83f2-4f9e-8436-32c5348f0f76-30,1c82499f-83f2-4f9e-8436-32c5348f0f76,30,467748b0-c8a8-4268-857f-b8964224fa27-30,467748b0-c8a8-4268-857f-b8964224fa27,30,PART005,500,Each
5f1b7ca0-49e0-4654-9eb3-db5de437fb34-10,5f1b7ca0-49e0-4654-9eb3-db5de437fb34,10,6e1acc5c-f109-4424-968b-68d5e381b320-10,6e1acc5c-f109-4424-968b-68d5e381b320,10,PART003-3,130,Each
5f1b7ca0-49e0-4654-9eb3-db5de437fb34-20,5f1b7ca0-49e0-4654-9eb3-db5de437fb34,20,6e1acc5c-f109-4424-968b-68d5e381b320-20,6e1acc5c-f109-4424-968b-68d5e381b320,20,PART003-1,170,Each
5f1b7ca0-49e0-4654-9eb3-db5de437fb34-30,5f1b7ca0-49e0-4654-9eb3-db5de437fb34,30,6e1acc5c-f109-4424-968b-68d5e381b320-30,6e1acc5c-f109-4424-968b-68d5e381b320,30,PART005,210,Each
f8019ac9-6487-4b50-a524-533d54283a09-10,f8019ac9-6487-4b50-a524-533d54283a09,10,24f935bb-87d9-4fcf-a42b-5304a457e9be-10,24f935bb-87d9-4fcf-a42b-5304a457e9be,10,PART006,41,Each
5a2c6acf-2b24-4ca5-8808-1127d2586faa-10,5a2c6acf-2b24-4ca5-8808-1127d2586faa,10,24f935bb-87d9-4fcf-a42b-5304a457e9be-10,24f935bb-87d9-4fcf-a42b-5304a457e9be,10,PART006,49,Each
4b986e1b-ad15-435a-991a-5628fb099a41-10,4b986e1b-ad15-435a-991a-5628fb099a41,10,dc98eb6c-dae7-449b-8649-fcc94ac2cf0b-10,dc98eb6c-dae7-449b-8649-fcc94ac2cf0b,10,PART003-1,100,Each
4b986e1b-ad15-435a-991a-5628fb099a41-20,4b986e1b-ad15-435a-991a-5628fb099a41,20,dc98eb6c-dae7-449b-8649-fcc94ac2cf0b-20,dc98eb6c-dae7-449b-8649-fcc94ac2cf0b,20,PART002,360,Each
d9e4fce5-b567-4ce7-8e75-3d776371e838-10,d9e4fce5-b567-4ce7-8e75-3d776371e838,10,8de392e7-078a-46c3-98d4-cc999d6b376e-10,8de392e7-078a-46c3-98d4-cc999d6b376e,10,PART006,260,Each
d9e4fce5-b567-4ce7-8e75-3d776371e838-20,d9e4fce5-b567-4ce7-8e75-3d776371e838,20,8de392e7-078a-46c3-98d4-cc999d6b376e-20,8de392e7-078a-46c3-98d4-cc999d6b376e,20,PART003-2,330,Each
d9e4fce5-b567-4ce7-8e75-3d776371e838-30,d9e4fce5-b567-4ce7-8e75-3d776371e838,30,8de392e7-078a-46c3-98d4-cc999d6b376e-30,8de392e7-078a-46c3-98d4-cc999d6b376e,30,PART003-1,150,Each
bc0cc69e-21aa-47ec-a734-0cc8be4774f6-10,bc0cc69e-21aa-47ec-a734-0cc8be4774f6,10,eef9d9e3-42c2-4488-9128-01fe6c5d4734-10,eef9d9e3-42c2-4488-9128-01fe6c5d4734,10,PART002,270,Each
dd3495f1-2fb4-46c7-b8db-dda0924894c0-10,dd3495f1-2fb4-46c7-b8db-dda0924894c0,10,eef9d9e3-42c2-4488-9128-01fe6c5d4734-10,eef9d9e3-42c2-4488-9128-01fe6c5d4734,10,PART002,220,Each
e14f7c29-6107-48f0-bd1b-637bc1824071-10,e14f7c29-6107-48f0-bd1b-637bc1824071,10,9d18fca9-338d-4f53-bc21-c907a9e276d3-10,9d18fca9-338d-4f53-bc21-c907a9e276d3,10,PART005,50,Each
19831528-f33f-4932-b005-8a7be65af005-10,19831528-f33f-4932-b005-8a7be65af005,10,6e29d686-6fc0-4d48-8caa-6874eb71483f-10,6e29d686-6fc0-4d48-8caa-6874eb71483f,10,PART003-3,450,Each
19831528-f33f-4932-b005-8a7be65af005-20,19831528-f33f-4932-b005-8a7be65af005,20,6e29d686-6fc0-4d48-8caa-6874eb71483f-20,6e29d686-6fc0-4d48-8caa-6874eb71483f,20,PART002,440,Each
19831528-f33f-4932-b005-8a7be65af005-30,19831528-f33f-4932-b005-8a7be65af005,30,6e29d686-6fc0-4d48-8caa-6874eb71483f-30,6e29d686-6fc0-4d48-8caa-6874eb71483f,30,PART004,280,Each
2a370875-5827-4380-9de7-2b853f4ebd18-10,2a370875-5827-4380-9de7-2b853f4ebd18,10,3ff089a4-55da-4406-a43b-6749acee224d-20,3ff089a4-55da-4406-a43b-6749acee224d,20,PART003,120,Each
5c6553ea-b072-44cb-a702-2cc7d2398d28-10,5c6553ea-b072-44cb-a702-2cc7d2398d28,10,3ff089a4-55da-4406-a43b-6749acee224d-10,3ff089a4-55da-4406-a43b-6749acee224d,10,PART001,490,Each
842a6e60-eee8-42a8-94b6-3547cb963132-10,842a6e60-eee8-42a8-94b6-3547cb963132,10,ee90ea8f-2d5c-40a7-a06b-09f520917a4c-10,ee90ea8f-2d5c-40a7-a06b-09f520917a4c,10,PART006,90,Each
842a6e60-eee8-42a8-94b6-3547cb963132-20,842a6e60-eee8-42a8-94b6-3547cb963132,20,ee90ea8f-2d5c-40a7-a06b-09f520917a4c-20,ee90ea8f-2d5c-40a7-a06b-09f520917a4c,20,PART005,150,Each
f442dcde-301d-4ab4-b19c-6c7e7e52d5fa-10,f442dcde-301d-4ab4-b19c-6c7e7e52d5fa,10,36e9b12e-48ea-4026-bf9b-b1015b9c80c9-10,36e9b12e-48ea-4026-bf9b-b1015b9c80c9,10,PART006,200,Each
bf930f6e-32d5-454f-9981-0ceb7da78e60-10,bf930f6e-32d5-454f-9981-0ceb7da78e60,10,fce544d7-2ed7-4530-ad58-9da72de16e8a-10,fce544d7-2ed7-4530-ad58-9da72de16e8a,10,PART005,375,Each
e006785b-b637-4078-af6a-7df9db7eb8b4-10,e006785b-b637-4078-af6a-7df9db7eb8b4,10,fce544d7-2ed7-4530-ad58-9da72de16e8a-10,fce544d7-2ed7-4530-ad58-9da72de16e8a,10,PART005,125,Each
de1e0421-c660-45dd-988b-d7a39b9fa184-10,de1e0421-c660-45dd-988b-d7a39b9fa184,10,1cb00a71-e391-4f20-8d5c-bd34e571e209-10,1cb00a71-e391-4f20-8d5c-bd34e571e209,10,PART003-3,210,Each
83512c79-5764-4d1b-a711-045834a68bc6-10,83512c79-5764-4d1b-a711-045834a68bc6,10,b76c0c99-28a5-4be1-a7f9-08fb28e24144-10,b76c0c99-28a5-4be1-a7f9-08fb28e24144,10,PART004,160,Each
83512c79-5764-4d1b-a711-045834a68bc6-20,83512c79-5764-4d1b-a711-045834a68bc6,20,b76c0c99-28a5-4be1-a7f9-08fb28e24144-20,b76c0c99-28a5-4be1-a7f9-08fb28e24144,20,PART006,120,Each
83512c79-5764-4d1b-a711-045834a68bc6-30,83512c79-5764-4d1b-a711-045834a68bc6,30,b76c0c99-28a5-4be1-a7f9-08fb28e24144-30,b76c0c99-28a5-4be1-a7f9-08fb28e24144,30,PART003-2,450,Each
138a48a3-b63e-4745-835f-5b7ec489d992-10,138a48a3-b63e-4745-835f-5b7ec489d992,10,18130544-5097-4149-989e-8cc39bab4997-20,18130544-5097-4149-989e-8cc39bab4997,20,PART002,140,Each
14dab042-ee04-421f-99b9-735e30d68643-10,14dab042-ee04-421f-99b9-735e30d68643,10,18130544-5097-4149-989e-8cc39bab4997-10,18130544-5097-4149-989e-8cc39bab4997,10,PART005,330,Each
14dab042-ee04-421f-99b9-735e30d68643-20,14dab042-ee04-421f-99b9-735e30d68643,20,18130544-5097-4149-989e-8cc39bab4997-30,18130544-5097-4149-989e-8cc39bab4997,30,PART003-2,330,Each
c184085d-080f-41a0-99df-37efbc01b6eb-10,c184085d-080f-41a0-99df-37efbc01b6eb,10,2c8ee5ac-c412-4177-9787-50bb90b13387-10,2c8ee5ac-c412-4177-9787-50bb90b13387,10,PART003-2,60,Each
c184085d-080f-41a0-99df-37efbc01b6eb-20,c184085d-080f-41a0-99df-37efbc01b6eb,20,2c8ee5ac-c412-4177-9787-50bb90b13387-20,2c8ee5ac-c412-4177-9787-50bb90b13387,20,PART003,440,Each
c184085d-080f-41a0-99df-37efbc01b6eb-30,c184085d-080f-41a0-99df-37efbc01b6eb,30,2c8ee5ac-c412-4177-9787-50bb90b13387-30,2c8ee5ac-c412-4177-9787-50bb90b13387,30,PART003-1,350,Each
5d17ce61-3273-4d03-a630-45708c64d21a-10,5d17ce61-3273-4d03-a630-45708c64d21a,10,49a1a66f-80a3-4a7c-ad15-6ec09fabb779-10,49a1a66f-80a3-4a7c-ad15-6ec09fabb779,10,PART002,380,Each
5d17ce61-3273-4d03-a630-45708c64d21a-20,5d17ce61-3273-4d03-a630-45708c64d21a,20,49a1a66f-80a3-4a7c-ad15-6ec09fabb779-20,49a1a66f-80a3-4a7c-ad15-6ec09fabb779,20,PART003,340,Each
527bff17-62d4-4a3e-acc5-c4bd42d86457-10,527bff17-62d4-4a3e-acc5-c4bd42d86457,10,82adc7ff-31ab-47bb-aa8b-a4efb25266d9-10,82adc7ff-31ab-47bb-aa8b-a4efb25266d9,10,PART003-3,248,Each
1c486fbe-ace9-47c5-9d45-29eed447d6c8-10,1c486fbe-ace9-47c5-9d45-29eed447d6c8,10,82adc7ff-31ab-47bb-aa8b-a4efb25266d9-10,82adc7ff-31ab-47bb-aa8b-a4efb25266d9,10,PART003-3,172,Each
fc6e2bbc-5663-493a-bf37-b76365270288-10,fc6e2bbc-5663-493a-bf37-b76365270288,10,5fd2d94c-2826-4320-8dfa-d8f6a54a04ea-10,5fd2d94c-2826-4320-8dfa-d8f6a54a04ea,10,PART003-2,160,Each
5c2d069d-1bc0-466f-9991-2f2ac106ace9-10,5c2d069d-1bc0-466f-9991-2f2ac106ace9,10,e9643e49-c1c1-46a1-bffb-7b010fcc31cd-10,e9643e49-c1c1-46a1-bffb-7b010fcc31cd,10,PART002,310,Each
5c2d069d-1bc0-466f-9991-2f2ac106ace9-20,5c2d069d-1bc0-466f-9991-2f2ac106ace9,20,e9643e49-c1c1-46a1-bffb-7b010fcc31cd-20,e9643e49-c1c1-46a1-bffb-7b010fcc31cd,20,PART003-1,450,Each
856cd4e5-7d5d-4b44-b0ea-f777e5d23907-10,856cd4e5-7d5d-4b44-b0ea-f777e5d23907,10,5cc65f0d-1120-44f8-9ec4-826a2625b44d-10,5cc65f0d-1120-44f8-9ec4-826a2625b44d,10,PART003-1,41,Each
340c28c8-5c68-4e30-b2fd-fc458bec08bf-10,340c28c8-5c68-4e30-b2fd-fc458bec08bf,10,5cc65f0d-1120-44f8-9ec4-826a2625b44d-10,5cc65f0d-1120-44f8-9ec4-826a2625b44d,10,PART003-1,69,Each
5c46af3f-c927-4b20-99b4-3aafd2bbb652-10,5c46af3f-c927-4b20-99b4-3aafd2bbb652,10,2b37a509-1c2f-4668-a690-81c261e0a726-10,2b37a509-1c2f-4668-a690-81c261e0a726,10,PART004,340,Each
5c46af3f-c927-4b20-99b4-3aafd2bbb652-20,5c46af3f-c927-4b20-99b4-3aafd2bbb652,20,2b37a509-1c2f-4668-a690-81c261e0a726-20,2b37a509-1c2f-4668-a690-81c261e0a726,20,PART003-1,60,Each
5c46af3f-c927-4b20-99b4-3aafd2bbb652-30,5c46af3f-c927-4b20-99b4-3aafd2bbb652,30,2b37a509-1c2f-4668-a690-81c261e0a726-30,2b37a509-1c2f-4668-a690-81c261e0a726,30,PART003-2,190,Each
24ae4512-04f6-40f8-b7ca-3ea000d5a78f-10,24ae4512-04f6-40f8-b7ca-3ea000d5a78f,10,71161b9e-08e2-4beb-837c-962563801439-10,71161b9e-08e2-4beb-837c-962563801439,10,PART003-2,300,Each
d75cd536-711d-4be4-b72f-40942a8a2c03-10,d75cd536-711d-4be4-b72f-40942a8a2c03,10,9516cda6-95d8-4ec5-9176-d3cff287b873-10,9516cda6-95d8-4ec5-9176-d3cff287b873,10,PART002,128,Each
c264f1ab-f347-4387-b681-f4f34cf15c81-10,c264f1ab-f347-4387-b681-f4f34cf15c81,10,9516cda6-95d8-4ec5-9176-d3cff287b873-10,9516cda6-95d8-4ec5-9176-d3cff287b873,10,PART002,82,Each
70d06605-a41e-47c4-b943-9a18c233e323-10,70d06605-a41e-47c4-b943-9a18c233e323,10,9ca73b00-8db0-4644-9679-5930075d28ee-10,9ca73b00-8db0-4644-9679-5930075d28ee,10,PART005,190,Each
70d06605-a41e-47c4-b943-9a18c233e323-20,70d06605-a41e-47c4-b943-9a18c233e323,20,9ca73b00-8db0-4644-9679-5930075d28ee-20,9ca73b00-8db0-4644-9679-5930075d28ee,20,PART004,500,Each
c6dc5f1c-1690-4505-ad89-53596a8f5693-10,c6dc5f1c-1690-4505-ad89-53596a8f5693,10,ab396a3f-b4d1-4214-a8bc-d7b887f96dec-10,ab396a3f-b4d1-4214-a8bc-d7b887f96dec,10,PART001,120,Each
ee25f345-fc05-4e72-9804-14c131e49847-10,ee25f345-fc05-4e72-9804-14c131e49847,10,e3ebdbbc-e102-410a-8533-683f64f7e79e-20,e3ebdbbc-e102-410a-8533-683f64f7e79e,20,PART003-3,380,Each
cced6593-6946-4327-bd83-5a86c3cfdaf4-10,cced6593-6946-4327-bd83-5a86c3cfdaf4,10,e3ebdbbc-e102-410a-8533-683f64f7e79e-10,e3ebdbbc-e102-410a-8533-683f64f7e79e,10,PART001,370,Each
7f14e508-1661-4a99-90bd-df09bde9c978-10,7f14e508-1661-4a99-90bd-df09bde9c978,10,246e13a3-7d1e-41a1-b2dc-83350fe837d7-10,246e13a3-7d1e-41a1-b2dc-83350fe837d7,10,PART004,290,Each
7f14e508-1661-4a99-90bd-df09bde9c978-20,7f14e508-1661-4a99-90bd-df09bde9c978,20,246e13a3-7d1e-41a1-b2dc-83350fe837d7-20,246e13a3-7d1e-41a1-b2dc-83350fe837d7,20,PART003,280,Each
31e7f419-98fc-4c2a-b556-314f4caec3e7-10,31e7f419-98fc-4c2a-b556-314f4caec3e7,10,da03895c-92f3-4691-a076-3782b83f1c58-10,da03895c-92f3-4691-a076-3782b83f1c58,10,PART003,220,Each
31e7f419-98fc-4c2a-b556-314f4caec3e7-20,31e7f419-98fc-4c2a-b556-314f4caec3e7,20,da03895c-92f3-4691-a076-3782b83f1c58-20,da03895c-92f3-4691-a076-3782b83f1c58,20,PART003-3,280,Each
31e7f419-98fc-4c2a-b556-314f4caec3e7-30,31e7f419-98fc-4c2a-b556-314f4caec3e7,30,da03895c-92f3-4691-a076-3782b83f1c58-30,da03895c-92f3-4691-a076-3782b83f1c58,30,PART003-1,330,Each
281ac801-6bb3-4674-888d-4217267ad193-10,281ac801-6bb3-4674-888d-4217267ad193,10,372a1da9-6b2d-4458-8479-1cfe6a124714-10,372a1da9-6b2d-4458-8479-1cfe6a124714,10,PART005,81,Each
678b2a54-35b7-4162-9ed3-d5fb1bbeb448-10,678b2a54-35b7-4162-9ed3-d5fb1bbeb448,10,372a1da9-6b2d-4458-8479-1cfe6a124714-10,372a1da9-6b2d-4458-8479-1cfe6a124714,10,PART005,189,Each
c241b454-895f-479e-bddd-712feea99c86-10,c241b454-895f-479e-bddd-712feea99c86,10,f8de4715-8812-4acb-a095-44f7c49576f1-10,f8de4715-8812-4acb-a095-44f7c49576f1,10,PART003,360,Each
c241b454-895f-479e-bddd-712feea99c86-20,c241b454-895f-479e-bddd-712feea99c86,20,f8de4715-8812-4acb-a095-44f7c49576f1-20,f8de4715-8812-4acb-a095-44f7c49576f1,20,PART003-1,310,Each
330b66b1-d9fb-47f5-92b8-d99447cbeca3-10,330b66b1-d9fb-47f5-92b8-d99447cbeca3,10,d0178f7e-77f9-4ed7-9163-e12dbb53e8f3-10,d0178f7e-77f9-4ed7-9163-e12dbb53e8f3,10,PART006,250,Each
330b66b1-d9fb-47f5-92b8-d99447cbeca3-20,330b66b1-d9fb-47f5-92b8-d99447cbeca3,20,d0178f7e-77f9-4ed7-9163-e12dbb53e8f3-20,d0178f7e-77f9-4ed7-9163-e12dbb53e8f3,20,PART003-2,100,Each
02773139-4d1f-438c-babb-5246fb9babc0-10,02773139-4d1f-438c-babb-5246fb9babc0,10,713cbb2a-ef1a-4e30-8825-bb3b5e3572f5-10,713cbb2a-ef1a-4e30-8825-bb3b5e3572f5,10,PART001,170,Each
88c6edb8-15cb-451b-9f9d-13f6b9a36212-10,88c6edb8-15cb-451b-9f9d-13f6b9a36212,10,713cbb2a-ef1a-4e30-8825-bb3b5e3572f5-20,713cbb2a-ef1a-4e30-8825-bb3b5e3572f5,20,PART002,60,Each
88c6edb8-15cb-451b-9f9d-13f6b9a36212-20,88c6edb8-15cb-451b-9f9d-13f6b9a36212,20,713cbb2a-ef1a-4e30-8825-bb3b5e3572f5-30,713cbb2a-ef1a-4e30-8825-bb3b5e3572f5,30,PART005,190,Each
121c6812-49d6-4454-91df-f03098bb6ef8-10,121c6812-49d6-4454-91df-f03098bb6ef8,10,9ff9551b-4c82-4b3f-bc3f-b1fb969c1c4e-10,9ff9551b-4c82-4b3f-bc3f-b1fb969c1c4e,10,PART006,330,Each
121c6812-49d6-4454-91df-f03098bb6ef8-20,121c6812-49d6-4454-91df-f03098bb6ef8,20,9ff9551b-4c82-4b3f-bc3f-b1fb969c1c4e-20,9ff9551b-4c82-4b3f-bc3f-b1fb969c1c4e,20,PART003,240,Each
804e4a9b-9b78-4610-ac23-85cd4d428e07-10,804e4a9b-9b78-4610-ac23-85cd4d428e07,10,fd6ff0e8-3288-4532-bbf4-4b32735d26ee-10,fd6ff0e8-3288-4532-bbf4-4b32735d26ee,10,PART003-2,50,Each
804e4a9b-9b78-4610-ac23-85cd4d428e07-20,804e4a9b-9b78-4610-ac23-85cd4d428e07,20,fd6ff0e8-3288-4532-bbf4-4b32735d26ee-20,fd6ff0e8-3288-4532-bbf4-4b32735d26ee,20,PART003-1,390,Each
e3a4063f-9234-43ab-a50a-5df84fe6d2bd-10,e3a4063f-9234-43ab-a50a-5df84fe6d2bd,10,6c9e7ad5-78fd-4973-a072-eefb50c12210-20,6c9e7ad5-78fd-4973-a072-eefb50c12210,20,PART005,380,Each
0f95a15f-653d-4eca-abea-870254e3b807-10,0f95a15f-653d-4eca-abea-870254e3b807,10,6c9e7ad5-78fd-4973-a072-eefb50c12210-10,6c9e7ad5-78fd-4973-a072-eefb50c12210,10,PART003-3,60,Each
f72dd949-ba72-42a9-95f8-b6c250b14d5b-10,f72dd949-ba72-42a9-95f8-b6c250b14d5b,10,c58f72d7-9cce-402c-b0d5-e58806a01e44-10,c58f72d7-9cce-402c-b0d5-e58806a01e44,10,PART003-3,230,Each
f72dd949-ba72-42a9-95f8-b6c250b14d5b-20,f72dd949-ba72-42a9-95f8-b6c250b14d5b,20,c58f72d7-9cce-402c-b0d5-e58806a01e44-20,c58f72d7-9cce-402c-b0d5-e58806a01e44,20,PART003-2,320,Each
3443263c-595c-41d5-bb03-ea7b9f62e9cf-10,3443263c-595c-41d5-bb03-ea7b9f62e9cf,10,dde72439-2325-4845-abb6-4dc6948a7f34-10,dde72439-2325-4845-abb6-4dc6948a7f34,10,PART003,90,Each
3443263c-595c-41d5-bb03-ea7b9f62e9cf-20,3443263c-595c-41d5-bb03-ea7b9f62e9cf,20,dde72439-2325-4845-abb6-4dc6948a7f34-20,dde72439-2325-4845-abb6-4dc6948a7f34,20,PART004,160,Each
3443263c-595c-41d5-bb03-ea7b9f62e9cf-30,3443263c-595c-41d5-bb03-ea7b9f62e9cf,30,dde72439-2325-4845-abb6-4dc6948a7f34-30,dde72439-2325-4845-abb6-4dc6948a7f34,30,PART003-1,180,Each
a3481b50-9195-42b1-858a-7b4cd8871f99-10,a3481b50-9195-42b1-858a-7b4cd8871f99,10,5a1a1625-a60b-4988-a4ac-701e4a77ad3a-10,5a1a1625-a60b-4988-a4ac-701e4a77ad3a,10,PART003,68,Each
03b6150b-d172-463d-89ae-7085f9304217-10,03b6150b-d172-463d-89ae-7085f9304217,10,5a1a1625-a60b-4988-a4ac-701e4a77ad3a-10,5a1a1625-a60b-4988-a4ac-701e4a77ad3a,10,PART003,22,Each
f0094771-34a8-4364-a4fa-e130a2ab1975-10,f0094771-34a8-4364-a4fa-e130a2ab1975,10,6fcc5b83-9f56-4335-8186-c94bf1e539d9-10,6fcc5b83-9f56-4335-8186-c94bf1e539d9,10,PART002,100,Each
f0094771-34a8-4364-a4fa-e130a2ab1975-20,f0094771-34a8-4364-a4fa-e130a2ab1975,20,6fcc5b83-9f56-4335-8186-c94bf1e539d9-20,6fcc5b83-9f56-4335-8186-c94bf1e539d9,20,PART001,210,Each
44fca264-dc72-4604-91a8-25162755ccd2-10,44fca264-dc72-4604-91a8-25162755ccd2,10,a38434c9-2743-4201-af71-50a1ba679b64-10,a38434c9-2743-4201-af71-50a1ba679b64,10,PART003,80,Each
6ebfc19a-9437-43a9-8e34-4fc53c573ab3-10,6ebfc19a-9437-43a9-8e34-4fc53c573ab3,10,a7d2c954-f453-4664-9f93-f4d7fac855d9-10,a7d2c954-f453-4664-9f93-f4d7fac855d9,10,PART005,148,Each
0075a3ed-8687-4f2c-8d93-f0484f055767-10,0075a3ed-8687-4f2c-8d93-f0484f055767,10,a7d2c954-f453-4664-9f93-f4d7fac855d9-10,a7d2c954-f453-4664-9f93-f4d7fac855d9,10,PART005,142,Each
555d3640-c297-4735-869b-1935dcc661b5-10,555d3640-c297-4735-869b-1935dcc661b5,10,7bb1627d-239f-4fb9-b148-449295a94460-10,7bb1627d-239f-4fb9-b148-449295a94460,10,PART002,100,Each
6a4d5f19-5a27-41ac-bcc0-9fd00f1631db-10,6a4d5f19-5a27-41ac-bcc0-9fd00f1631db,10,e474efcc-8245-4d3a-9298-61f9b67427c1-10,e474efcc-8245-4d3a-9298-61f9b67427c1,10,PART006,160,Each
e7070441-c891-4033-a50b-d415337370ce-10,e7070441-c891-4033-a50b-d415337370ce,10,93d0a9b4-3055-4169-835e-43924ece3363-20,93d0a9b4-3055-4169-835e-43924ece3363,20,PART004,370,Each
ef4f036c-0e86-48e2-a22b-29db9671e551-10,ef4f036c-0e86-48e2-a22b-29db9671e551,10,93d0a9b4-3055-4169-835e-43924ece3363-10,93d0a9b4-3055-4169-835e-43924ece3363,10,PART003-3,420,Each
23e309e0-6383-445a-9dea-db04b2df7f29-10,23e309e0-6383-445a-9dea-db04b2df7f29,10,a0f52bc5-d89e-4628-b869-42d8bfdbdd3c-10,a0f52bc5-d89e-4628-b869-42d8bfdbdd3c,10,PART006,110,Each
23e309e0-6383-445a-9dea-db04b2df7f29-20,23e309e0-6383-445a-9dea-db04b2df7f29,20,a0f52bc5-d89e-4628-b869-42d8bfdbdd3c-20,a0f52bc5-d89e-4628-b869-42d8bfdbdd3c,20,PART004,100,Each
23e309e0-6383-445a-9dea-db04b2df7f29-30,23e309e0-6383-445a-9dea-db04b2df7f29,30,a0f52bc5-d89e-4628-b869-42d8bfdbdd3c-30,a0f52bc5-d89e-4628-b869-42d8bfdbdd3c,30,PART005,120,Each
06aab436-b84c-45ab-9055-ee4ace0627a3-10,06aab436-b84c-45ab-9055-ee4ace0627a3,10,79e3de9f-bd4c-4b9d-8347-523de36a11e7-10,79e3de9f-bd4c-4b9d-8347-523de36a11e7,10,PART004,140,Each
06aab436-b84c-45ab-9055-ee4ace0627a3-20,06aab436-b84c-45ab-9055-ee4ace0627a3,20,79e3de9f-bd4c-4b9d-8347-523de36a11e7-20,79e3de9f-bd4c-4b9d-8347-523de36a11e7,20,PART002,380,Each
5d8491f1-56f7-4b54-8cb3-f316e5c6291f-10,5d8491f1-56f7-4b54-8cb3-f316e5c6291f,10,33b0e65e-5e5b-44ae-afb8-ae6baa734aea-10,33b0e65e-5e5b-44ae-afb8-ae6baa734aea,10,PART006,190,Each
dcd0e844-f4c5-45be-a30d-0496ef2c049a-10,dcd0e844-f4c5-45be-a30d-0496ef2c049a,10,33b0e65e-5e5b-44ae-afb8-ae6baa734aea-10,33b0e65e-5e5b-44ae-afb8-ae6baa734aea,10,PART006,90,Each
bdbd4b48-8d3b-4127-b07e-edd74c4c844b-10,bdbd4b48-8d3b-4127-b07e-edd74c4c844b,10,abf05e0e-2a44-45d6-b21b-1e9b99d5412b-10,abf05e0e-2a44-45d6-b21b-1e9b99d5412b,10,PART006,340,Each
bdbd4b48-8d3b-4127-b07e-edd74c4c844b-20,bdbd4b48-8d3b-4127-b07e-edd74c4c844b,20,abf05e0e-2a44-45d6-b21b-1e9b99d5412b-20,abf05e0e-2a44-45d6-b21b-1e9b99d5412b,20,PART002,110,Each
61c77090-0325-4239-a00c-24fd4e3b2e88-10,61c77090-0325-4239-a00c-24fd4e3b2e88,10,16bc1dcd-b93d-4c62-b61e-5d5c16ca7d3b-10,16bc1dcd-b93d-4c62-b61e-5d5c16ca7d3b,10,PART005,100,Each
867c7b60-6521-454a-8f6e-0169edf6f7fe-10,867c7b60-6521-454a-8f6e-0169edf6f7fe,10,5beba8f2-5ec8-4ccf-9db4-ca2eda1daa9b-10,5beba8f2-5ec8-4ccf-9db4-ca2eda1daa9b,10,PART003-2,320,Each
8e8275ec-b309-451c-8556-76e000475cce-10,8e8275ec-b309-451c-8556-76e000475cce,10,5beba8f2-5ec8-4ccf-9db4-ca2eda1daa9b-20,5beba8f2-5ec8-4ccf-9db4-ca2eda1daa9b,20,PART001,480,Each
8e8275ec-b309-451c-8556-76e000475cce-20,8e8275ec-b309-451c-8556-76e000475cce,20,5beba8f2-5ec8-4ccf-9db4-ca2eda1daa9b-30,5beba8f2-5ec8-4ccf-9db4-ca2eda1daa9b,30,PART003,270,Each
bfb02329-7307-448a-bc22-062f40cc6062-10,bfb02329-7307-448a-bc22-062f40cc6062,10,8169f94b-eda3-470d-9c5e-eff192465978-10,8169f94b-eda3-470d-9c5e-eff192465978,10,PART003-1,470,Each
bfb02329-7307-448a-bc22-062f40cc6062-20,bfb02329-7307-448a-bc22-062f40cc6062,20,8169f94b-eda3-470d-9c5e-eff192465978-20,8169f94b-eda3-470d-9c5e-eff192465978,20,PART003-2,270,Each
82c85c96-1288-4118-9482-4c1d4ab9df4c-10,82c85c96-1288-4118-9482-4c1d4ab9df4c,10,fb9c0f8d-e839-4256-a9bd-3c4357abd932-10,fb9c0f8d-e839-4256-a9bd-3c4357abd932,10,PART003,180,Each
82c85c96-1288-4118-9482-4c1d4ab9df4c-20,82c85c96-1288-4118-9482-4c1d4ab9df4c,20,fb9c0f8d-e839-4256-a9bd-3c4357abd932-20,fb9c0f8d-e839-4256-a9bd-3c4357abd932,20,PART003-3,500,Each
8554dcd7-67df-48f1-b56c-e297bf49b02c-10,8554dcd7-67df-48f1-b56c-e297bf49b02c,10,52a3100d-bc64-454e-b899-4a6478f61588-10,52a3100d-bc64-454e-b899-4a6478f61588,10,PART003-3,110,Each
2642a49f-dcb2-4b7e-9cf3-8b305125f7b6-10,2642a49f-dcb2-4b7e-9cf3-8b305125f7b6,10,52a3100d-bc64-454e-b899-4a6478f61588-10,52a3100d-bc64-454e-b899-4a6478f61588,10,PART003-3,70,Each
5e6ff285-c388-4a2e-88c3-ce05a5e427cd-10,5e6ff285-c388-4a2e-88c3-ce05a5e427cd,10,62705649-aac7-44d4-8d08-e33ae59851b1-10,62705649-aac7-44d4-8d08-e33ae59851b1,10,PART002,250,Each
5e6ff285-c388-4a2e-88c3-ce05a5e427cd-20,5e6ff285-c388-4a2e-88c3-ce05a5e427cd,20,62705649-aac7-44d4-8d08-e33ae59851b1-20,62705649-aac7-44d4-8d08-e33ae59851b1,20,PART003-1,200,Each
5e6ff285-c388-4a2e-88c3-ce05a5e427cd-30,5e6ff285-c388-4a2e-88c3-ce05a5e427cd,30,62705649-aac7-44d4-8d08-e33ae59851b1-30,62705649-aac7-44d4-8d08-e33ae59851b1,30,PART003,230,Each
bd5d1f4c-470b-48f1-8ea1-f867473239ef-10,bd5d1f4c-470b-48f1-8ea1-f867473239ef,10,0a3f3e20-6843-4d97-9921-8807fff4bd64-10,0a3f3e20-6843-4d97-9921-8807fff4bd64,10,PART003-2,330,Each
bd5d1f4c-470b-48f1-8ea1-f867473239ef-20,bd5d1f4c-470b-48f1-8ea1-f867473239ef,20,0a3f3e20-6843-4d97-9921-8807fff4bd64-20,0a3f3e20-6843-4d97-9921-8807fff4bd64,20,PART003-1,390,Each
accc62bd-236c-40b3-90ae-95a37f709fd2-10,accc62bd-236c-40b3-90ae-95a37f709fd2,10,6989a2c7-e158-4555-ab80-bb9fd53db2a8-20,6989a2c7-e158-4555-ab80-bb9fd53db2a8,20,PART003-1,280,Each
c676d302-7619-4ed8-bf7d-8b867d8fb4f2-10,c676d302-7619-4ed8-bf7d-8b867d8fb4f2,10,6989a2c7-e158-4555-ab80-bb9fd53db2a8-10,6989a2c7-e158-4555-ab80-bb9fd53db2a8,10,PART006,450,Each
66bfdaa9-627e-4ec1-8023-46d790f7d2fe-10,66bfdaa9-627e-4ec1-8023-46d790f7d2fe,10,e64a14c2-c65d-4c54-9464-935288ed28cf-10,e64a14c2-c65d-4c54-9464-935288ed28cf,10,PART005,240,Each
64b0e4ba-2b15-4faf-b797-53e6f7ce177d-10,64b0e4ba-2b15-4faf-b797-53e6f7ce177d,10,3d8ee15b-b3fb-4832-b406-a27628899ead-10,3d8ee15b-b3fb-4832-b406-a27628899ead,10,PART001,450,Each
64b0e4ba-2b15-4faf-b797-53e6f7ce177d-20,64b0e4ba-2b15-4faf-b797-53e6f7ce177d,20,3d8ee15b-b3fb-4832-b406-a27628899ead-20,3d8ee15b-b3fb-4832-b406-a27628899ead,20,PART005,200,Each
64b0e4ba-2b15-4faf-b797-53e6f7ce177d-30,64b0e4ba-2b15-4faf-b797-53e6f7ce177d,30,3d8ee15b-b3fb-4832-b406-a27628899ead-30,3d8ee15b-b3fb-4832-b406-a27628899ead,30,PART006,470,Each
bfdb4c8f-ca94-436d-a470-cff5e2e0348e-10,bfdb4c8f-ca94-436d-a470-cff5e2e0348e,10,59869769-1068-4bcc-932b-81be0d8d8105-20,59869769-1068-4bcc-932b-81be0d8d8105,20,PART001,300,Each
7df697f2-7d79-488a-87f1-0d4aa2658ca2-10,7df697f2-7d79-488a-87f1-0d4aa2658ca2,10,59869769-1068-4bcc-932b-81be0d8d8105-10,59869769-1068-4bcc-932b-81be0d8d8105,10,PART005,60,Each
98a2261c-e356-49f7-b191-f5638e619d1a-10,98a2261c-e356-49f7-b191-f5638e619d1a,10,11b7feb5-a516-420a-ac24-e64b1af91651-10,11b7feb5-a516-420a-ac24-e64b1af91651,10,PART003-1,290,Each
98a2261c-e356-49f7-b191-f5638e619d1a-20,98a2261c-e356-49f7-b191-f5638e619d1a,20,11b7feb5-a516-420a-ac24-e64b1af91651-20,11b7feb5-a516-420a-ac24-e64b1af91651,20,PART003,70,Each
98a2261c-e356-49f7-b191-f5638e619d1a-30,98a2261c-e356-49f7-b191-f5638e619d1a,30,11b7feb5-a516-420a-ac24-e64b1af91651-30,11b7feb5-a516-420a-ac24-e64b1af91651,30,PART006,440,Each
87d7fc6c-573d-4ee6-a4ee-bdc7fa4ce490-10,87d7fc6c-573d-4ee6-a4ee-bdc7fa4ce490,10,56e5efe5-bbb5-434e-9911-2984d50b5fa7-10,56e5efe5-bbb5-434e-9911-2984d50b5fa7,10,PART003-3,330,Each
87d7fc6c-573d-4ee6-a4ee-bdc7fa4ce490-20,87d7fc6c-573d-4ee6-a4ee-bdc7fa4ce490,20,56e5efe5-bbb5-434e-9911-2984d50b5fa7-20,56e5efe5-bbb5-434e-9911-2984d50b5fa7,20,PART001,440,Each
87d7fc6c-573d-4ee6-a4ee-bdc7fa4ce490-30,87d7fc6c-573d-4ee6-a4ee-bdc7fa4ce490,30,56e5efe5-bbb5-434e-9911-2984d50b5fa7-30,56e5efe5-bbb5-434e-9911-2984d50b5fa7,30,PART006,300,Each
ec4961b2-af21-409b-9875-c46654781c93-10,ec4961b2-af21-409b-9875-c46654781c93,10,55de2251-2fae-415b-9185-4d85d5ebe4dd-10,55de2251-2fae-415b-9185-4d85d5ebe4dd,10,PART003-1,80,Each
d90a4484-b712-4d78-9231-1256d684de8e-10,d90a4484-b712-4d78-9231-1256d684de8e,10,55de2251-2fae-415b-9185-4d85d5ebe4dd-20,55de2251-2fae-415b-9185-4d85d5ebe4dd,20,PART003,290,Each
66ff591c-c29a-4efe-9d52-b39afbf3a8c7-10,66ff591c-c29a-4efe-9d52-b39afbf3a8c7,10,4434e929-d47f-4096-899e-e7d1165b1e79-10,4434e929-d47f-4096-899e-e7d1165b1e79,10,PART004,370,Each
66ff591c-c29a-4efe-9d52-b39afbf3a8c7-20,66ff591c-c29a-4efe-9d52-b39afbf3a8c7,20,4434e929-d47f-4096-899e-e7d1165b1e79-20,4434e929-d47f-4096-899e-e7d1165b1e79,20,PART003-3,440,Each
66ff591c-c29a-4efe-9d52-b39afbf3a8c7-30,66ff591c-c29a-4efe-9d52-b39afbf3a8c7,30,4434e929-d47f-4096-899e-e7d1165b1e79-30,4434e929-d47f-4096-899e-e7d1165b1e79,30,PART006,390,Each
657cc9cc-d010-494b-84e4-621e8b84310b-10,657cc9cc-d010-494b-84e4-621e8b84310b,10,0e5dd4a9-18e7-4f81-a923-a2d99c8a9aa4-10,0e5dd4a9-18e7-4f81-a923-a2d99c8a9aa4,10,PART005,390,Each
a6988d22-ef63-4051-9b14-09f2a28a4fc7-10,a6988d22-ef63-4051-9b14-09f2a28a4fc7,10,15431dc8-2692-4f62-b7f9-63c970a27002-10,15431dc8-2692-4f62-b7f9-63c970a27002,10,PART003,59,Each
bc4740d7-eb2e-4b4a-90ba-c7b409f9999e-10,bc4740d7-eb2e-4b4a-90ba-c7b409f9999e,10,15431dc8-2692-4f62-b7f9-63c970a27002-10,15431dc8-2692-4f62-b7f9-63c970a27002,10,PART003,31,Each
e621830b-4f28-44ad-9e63-390d098745e3-10,e621830b-4f28-44ad-9e63-390d098745e3,10,1f1f8b05-84fd-43e0-9407-7cc60f51f891-10,1f1f8b05-84fd-43e0-9407-7cc60f51f891,10,PART003,360,Each
3e9efed7-c2c1-436b-a33f-86df1d440847-10,3e9efed7-c2c1-436b-a33f-86df1d440847,10,f5237b81-0f53-4492-9a69-f9d53554757d-10,f5237b81-0f53-4492-9a69-f9d53554757d,10,PART003-2,180,Each
3e9efed7-c2c1-436b-a33f-86df1d440847-20,3e9efed7-c2c1-436b-a33f-86df1d440847,20,f5237b81-0f53-4492-9a69-f9d53554757d-20,f5237b81-0f53-4492-9a69-f9d53554757d,20,PART003-1,410,Each
58ea19c7-e1b7-47f7-aa77-7f048dc08ee2-10,58ea19c7-e1b7-47f7-aa77-7f048dc08ee2,10,ea0db232-77e8-41ad-be6b-ced94ad1bef9-10,ea0db232-77e8-41ad-be6b-ced94ad1bef9,10,PART004,470,Each
64fac297-c8e6-4a6d-99e8-1482e6608f77-10,64fac297-c8e6-4a6d-99e8-1482e6608f77,10,ea0db232-77e8-41ad-be6b-ced94ad1bef9-20,ea0db232-77e8-41ad-be6b-ced94ad1bef9,20,PART003,340,Each
5a32a812-e6aa-41ed-846a-703c18d36a36-10,5a32a812-e6aa-41ed-846a-703c18d36a36,10,25296d21-3f60-4e9b-be12-c26e29d6b39d-10,25296d21-3f60-4e9b-be12-c26e29d6b39d,10,PART004,380,Each
a0cddc29-f6a4-4083-9f65-e03c39b6909a-10,a0cddc29-f6a4-4083-9f65-e03c39b6909a,10,cd67649c-7fa2-49cf-b742-684ca92d24fa-10,cd67649c-7fa2-49cf-b742-684ca92d24fa,10,PART004,360,Each
a0cddc29-f6a4-4083-9f65-e03c39b6909a-20,a0cddc29-f6a4-4083-9f65-e03c39b6909a,20,cd67649c-7fa2-49cf-b742-684ca92d24fa-20,cd67649c-7fa2-49cf-b742-684ca92d24fa,20,PART003-2,370,Each
9524f655-c341-4f9e-b386-96a5def8c0ba-10,9524f655-c341-4f9e-b386-96a5def8c0ba,10,8e20f72e-29fa-4e3b-bfae-057925f9d2c6-10,8e20f72e-29fa-4e3b-bfae-057925f9d2c6,10,PART003-3,123,Each
cf7ff4fd-95eb-4593-bc51-e58183917223-10,cf7ff4fd-95eb-4593-bc51-e58183917223,10,8e20f72e-29fa-4e3b-bfae-057925f9d2c6-10,8e20f72e-29fa-4e3b-bfae-057925f9d2c6,10,PART003-3,177,Each
2f047c67-c486-4e46-8c52-6214fbef74dd-10,2f047c67-c486-4e46-8c52-6214fbef74dd,10,20d2ca43-5bc7-47be-bbf1-66cc909b5ce5-10,20d2ca43-5bc7-47be-bbf1-66cc909b5ce5,10,PART005,450,Each
ac7ead3e-0760-4937-9488-c86b0829bd9c-10,ac7ead3e-0760-4937-9488-c86b0829bd9c,10,03267186-8a3b-4b59-ab5a-b33998d7b5a7-10,03267186-8a3b-4b59-ab5a-b33998d7b5a7,10,PART003-2,420,Each
ac7ead3e-0760-4937-9488-c86b0829bd9c-20,ac7ead3e-0760-4937-9488-c86b0829bd9c,20,03267186-8a3b-4b59-ab5a-b33998d7b5a7-20,03267186-8a3b-4b59-ab5a-b33998d7b5a7,20,PART001,400,Each
afd2a777-21b2-478e-8172-d5fb35464320-10,afd2a777-21b2-478e-8172-d5fb35464320,10,bf219910-c314-48b3-8153-9e3d28187220-10,bf219910-c314-48b3-8153-9e3d28187220,10,PART003,360,Each
1391d076-5ac9-4ccd-8030-943f190d59ed-10,1391d076-5ac9-4ccd-8030-943f190d59ed,10,bf219910-c314-48b3-8153-9e3d28187220-20,bf219910-c314-48b3-8153-9e3d28187220,20,PART006,140,Each
1391d076-5ac9-4ccd-8030-943f190d59ed-20,1391d076-5ac9-4ccd-8030-943f190d59ed,20,bf219910-c314-48b3-8153-9e3d28187220-30,bf219910-c314-48b3-8153-9e3d28187220,30,PART001,370,Each
e58dd56a-1eb3-488c-9fd9-00bbedcf3232-10,e58dd56a-1eb3-488c-9fd9-00bbedcf3232,10,231cdede-e377-4ceb-ae2e-21da74f20ab9-10,231cdede-e377-4ceb-ae2e-21da74f20ab9,10,PART001,170,Each
e58dd56a-1eb3-488c-9fd9-00bbedcf3232-20,e58dd56a-1eb3-488c-9fd9-00bbedcf3232,20,231cdede-e377-4ceb-ae2e-21da74f20ab9-20,231cdede-e377-4ceb-ae2e-21da74f20ab9,20,PART003-3,400,Each
cc71669e-9277-42ec-938d-1fcd4528ef79-10,cc71669e-9277-42ec-938d-1fcd4528ef79,10,7b55d6a4-f7f5-4396-b2c1-3d2a2eceff7e-10,7b55d6a4-f7f5-4396-b2c1-3d2a2eceff7e,10,PART005,290,Each
416d7a77-ddfb-4b8d-a794-8927ab9d9222-10,416d7a77-ddfb-4b8d-a794-8927ab9d9222,10,a0770e8b-cff0-4012-9ddc-8bf2274181e7-10,a0770e8b-cff0-4012-9ddc-8bf2274181e7,10,PART005,260,Each
05c077a8-1414-4716-87fc-045f5d2050a7-10,05c077a8-1414-4716-87fc-045f5d2050a7,10,a0770e8b-cff0-4012-9ddc-8bf2274181e7-20,a0770e8b-cff0-4012-9ddc-8bf2274181e7,20,PART003,300,Each
05c077a8-1414-4716-87fc-045f5d2050a7-20,05c077a8-1414-4716-87fc-045f5d2050a7,20,a0770e8b-cff0-4012-9ddc-8bf2274181e7-30,a0770e8b-cff0-4012-9ddc-8bf2274181e7,30,PART003-2,320,Each
cd466578-35b3-4746-8d3a-2b2c2a6c987f-10,cd466578-35b3-4746-8d3a-2b2c2a6c987f,10,d87d7db1-7f94-435b-abcf-27399a4d975e-10,d87d7db1-7f94-435b-abcf-27399a4d975e,10,PART006,90,Each
4db9dc33-c8db-4eb6-8748-afccf8d1dbae-10,4db9dc33-c8db-4eb6-8748-afccf8d1dbae,10,e855cea2-6752-417e-b883-8f8ece8f279f-10,e855cea2-6752-417e-b883-8f8ece8f279f,10,PART001,300,Each
e0827c9a-1c6b-456e-a51b-7d062e69fb71-10,e0827c9a-1c6b-456e-a51b-7d062e69fb71,10,a27a20e2-451e-41be-96a4-341b07083c95-20,a27a20e2-451e-41be-96a4-341b07083c95,20,PART003-2,110,Each
b9f11833-d16e-4bbe-b0e4-c35cb8311bcd-10,b9f11833-d16e-4bbe-b0e4-c35cb8311bcd,10,a27a20e2-451e-41be-96a4-341b07083c95-10,a27a20e2-451e-41be-96a4-341b07083c95,10,PART003,320,Each
b9f11833-d16e-4bbe-b0e4-c35cb8311bcd-20,b9f11833-d16e-4bbe-b0e4-c35cb8311bcd,20,a27a20e2-451e-41be-96a4-341b07083c95-30,a27a20e2-451e-41be-96a4-341b07083c95,30,PART003-3,290,Each
a727fe69-2394-43d4-bac0-660513ac2d8f-10,a727fe69-2394-43d4-bac0-660513ac2d8f,10,0117c64c-cfc3-4644-be0d-d7201cc77164-10,0117c64c-cfc3-4644-be0d-d7201cc77164,10,PART005,380,Each
a727fe69-2394-43d4-bac0-660513ac2d8f-20,a727fe69-2394-43d4-bac0-660513ac2d8f,20,0117c64c-cfc3-4644-be0d-d7201cc77164-20,0117c64c-cfc3-4644-be0d-d7201cc77164,20,PART003-2,130,Each
b6510526-91ce-474a-97d3-ab0a74c4a76f-10,b6510526-91ce-474a-97d3-ab0a74c4a76f,10,80d8c8e4-f3a8-4369-9c26-4b63449c7d76-10,80d8c8e4-f3a8-4369-9c26-4b63449c7d76,10,PART006,250,Each
b6510526-91ce-474a-97d3-ab0a74c4a76f-20,b6510526-91ce-474a-97d3-ab0a74c4a76f,20,80d8c8e4-f3a8-4369-9c26-4b63449c7d76-20,80d8c8e4-f3a8-4369-9c26-4b63449c7d76,20,PART002,460,Each
d8813514-2e88-4f8b-ae78-287f25dd2da4-10,d8813514-2e88-4f8b-ae78-287f25dd2da4,10,98495201-0d6a-4c77-be9e-ee462e42dc4f-10,98495201-0d6a-4c77-be9e-ee462e42dc4f,10,PART005,203,Each
74a90f53-42e0-4d55-8742-90a36c5f1dce-10,74a90f53-42e0-4d55-8742-90a36c5f1dce,10,98495201-0d6a-4c77-be9e-ee462e42dc4f-10,98495201-0d6a-4c77-be9e-ee462e42dc4f,10,PART005,87,Each
c9d4c10b-a6bb-4b24-a286-b6fb9e25108f-10,c9d4c10b-a6bb-4b24-a286-b6fb9e25108f,10,08769ead-def9-402c-a9f0-ce3e23287282-10,08769ead-def9-402c-a9f0-ce3e23287282,10,PART006,280,Each
c9d4c10b-a6bb-4b24-a286-b6fb9e25108f-20,c9d4c10b-a6bb-4b24-a286-b6fb9e25108f,20,08769ead-def9-402c-a9f0-ce3e23287282-20,08769ead-def9-402c-a9f0-ce3e23287282,20,PART003,350,Each
a081867b-5285-471c-945e-c30d9bc07472-10,a081867b-5285-471c-945e-c30d9bc07472,10,309ccaf5-6686-4de4-a0fd-27c48c8e9668-10,309ccaf5-6686-4de4-a0fd-27c48c8e9668,10,PART003,210,Each
90409490-4867-45f3-9ce4-7b467445475f-10,90409490-4867-45f3-9ce4-7b467445475f,10,ff6c946b-ca3d-4b65-9fae-ce079f05c017-20,ff6c946b-ca3d-4b65-9fae-ce079f05c017,20,PART003,330,Each
24a70604-dfa0-4549-b87f-d35d792486ab-10,24a70604-dfa0-4549-b87f-d35d792486ab,10,ff6c946b-ca3d-4b65-9fae-ce079f05c017-10,ff6c946b-ca3d-4b65-9fae-ce079f05c017,10,PART004,450,Each
cd522822-c53a-4681-bc38-3ae7dc1ed117-10,cd522822-c53a-4681-bc38-3ae7dc1ed117,10,faac9781-c075-45b8-b1d1-9b5f2fa4e4e5-10,faac9781-c075-45b8-b1d1-9b5f2fa4e4e5,10,PART004,310,Each
1b687114-adf6-41e2-a11f-c76bdd2c3aa3-10,1b687114-adf6-41e2-a11f-c76bdd2c3aa3,10,5760f4cb-40b2-4c5e-b445-231023f7f083-10,5760f4cb-40b2-4c5e-b445-231023f7f083,10,PART003,230,Each
182e0af4-a46c-4cb3-8fb7-04df2a252cb1-10,182e0af4-a46c-4cb3-8fb7-04df2a252cb1,10,30e80ca3-9bc6-42f9-b4f0-8368e9c8da64-20,30e80ca3-9bc6-42f9-b4f0-8368e9c8da64,20,PART006,320,Each
f9149cda-9d1e-47a6-bc56-63c3f36c1c88-10,f9149cda-9d1e-47a6-bc56-63c3f36c1c88,10,30e80ca3-9bc6-42f9-b4f0-8368e9c8da64-10,30e80ca3-9bc6-42f9-b4f0-8368e9c8da64,10,PART001,330,Each
e4fb5e1c-812b-47ec-9c09-1ca08bfa7c4d-10,e4fb5e1c-812b-47ec-9c09-1ca08bfa7c4d,10,c4891636-9da2-48e2-8aa7-9e9892291c74-10,c4891636-9da2-48e2-8aa7-9e9892291c74,10,PART005,170,Each
e4fb5e1c-812b-47ec-9c09-1ca08bfa7c4d-20,e4fb5e1c-812b-47ec-9c09-1ca08bfa7c4d,20,c4891636-9da2-48e2-8aa7-9e9892291c74-20,c4891636-9da2-48e2-8aa7-9e9892291c74,20,PART003,240,Each
2c768216-da55-42a1-9883-ae7c8d583595-10,2c768216-da55-42a1-9883-ae7c8d583595,10,68775085-576e-4bc4-b162-a2c9b656c53e-10,68775085-576e-4bc4-b162-a2c9b656c53e,10,PART005,360,Each
2c768216-da55-42a1-9883-ae7c8d583595-20,2c768216-da55-42a1-9883-ae7c8d583595,20,68775085-576e-4bc4-b162-a2c9b656c53e-20,68775085-576e-4bc4-b162-a2c9b656c53e,20,PART004,410,Each
2c768216-da55-42a1-9883-ae7c8d583595-30,2c768216-da55-42a1-9883-ae7c8d583595,30,68775085-576e-4bc4-b162-a2c9b656c53e-30,68775085-576e-4bc4-b162-a2c9b656c53e,30,PART001,100,Each
19bd4e5b-9c2d-4344-a315-8730c8b9a93b-10,19bd4e5b-9c2d-4344-a315-8730c8b9a93b,10,942f6a86-a075-4651-95dc-2219cddfb30b-10,942f6a86-a075-4651-95dc-2219cddfb30b,10,PART002,144,Each
584b430d-75f4-4fa4-aaa6-7ad394de50df-10,584b430d-75f4-4fa4-aaa6-7ad394de50df,10,942f6a86-a075-4651-95dc-2219cddfb30b-10,942f6a86-a075-4651-95dc-2219cddfb30b,10,PART002,306,Each
ebe5549c-df97-4bd7-9a98-10da72437294-10,ebe5549c-df97-4bd7-9a98-10da72437294,10,7e699997-494e-4837-a10c-05bc24ba9d25-10,7e699997-494e-4837-a10c-05bc24ba9d25,10,PART003-2,420,Each
43a3bfc6-daac-4c2c-a523-cc2eaa6be310-10,43a3bfc6-daac-4c2c-a523-cc2eaa6be310,10,dce8acec-592c-4381-addd-964b411f6f14-10,dce8acec-592c-4381-addd-964b411f6f14,10,PART003-3,210,Each
43a3bfc6-daac-4c2c-a523-cc2eaa6be310-20,43a3bfc6-daac-4c2c-a523-cc2eaa6be310,20,dce8acec-592c-4381-addd-964b411f6f14-20,dce8acec-592c-4381-addd-964b411f6f14,20,PART003-2,60,Each
5f0596b6-936b-46a3-aa14-2ccc69382161-10,5f0596b6-936b-46a3-aa14-2ccc69382161,10,ec8195f9-0db0-4bdc-bdee-91fa9db7bfc1-10,ec8195f9-0db0-4bdc-bdee-91fa9db7bfc1,10,PART004,470,Each
6d737ff1-5c20-4d0e-a664-293374b7f687-10,6d737ff1-5c20-4d0e-a664-293374b7f687,10,ec8195f9-0db0-4bdc-bdee-91fa9db7bfc1-20,ec8195f9-0db0-4bdc-bdee-91fa9db7bfc1,20,PART005,200,Each
6d737ff1-5c20-4d0e-a664-293374b7f687-20,6d737ff1-5c20-4d0e-a664-293374b7f687,20,ec8195f9-0db0-4bdc-bdee-91fa9db7bfc1-30,ec8195f9-0db0-4bdc-bdee-91fa9db7bfc1,30,PART006,220,Each
b6b981b3-da30-467a-bbe9-3e7dd79fb391-10,b6b981b3-da30-467a-bbe9-3e7dd79fb391,10,17e0b2e6-a788-45e2-b6b6-8417b6f6bb23-10,17e0b2e6-a788-45e2-b6b6-8417b6f6bb23,10,PART004,370,Each
b6b981b3-da30-467a-bbe9-3e7dd79fb391-20,b6b981b3-da30-467a-bbe9-3e7dd79fb391,20,17e0b2e6-a788-45e2-b6b6-8417b6f6bb23-20,17e0b2e6-a788-45e2-b6b6-8417b6f6bb23,20,PART005,450,Each
b6b981b3-da30-467a-bbe9-3e7dd79fb391-30,b6b981b3-da30-467a-bbe9-3e7dd79fb391,30,17e0b2e6-a788-45e2-b6b6-8417b6f6bb23-30,17e0b2e6-a788-45e2-b6b6-8417b6f6bb23,30,PART002,340,Each
507b072b-b209-4bc7-9d2d-ed078be26b5c-10,507b072b-b209-4bc7-9d2d-ed078be26b5c,10,7e78000c-cf9a-4528-8c8e-32c37729d0de-10,7e78000c-cf9a-4528-8c8e-32c37729d0de,10,PART003-2,120,Each
507b072b-b209-4bc7-9d2d-ed078be26b5c-20,507b072b-b209-4bc7-9d2d-ed078be26b5c,20,7e78000c-cf9a-4528-8c8e-32c37729d0de-20,7e78000c-cf9a-4528-8c8e-32c37729d0de,20,PART005,260,Each
a3efcfc6-f0ee-41b7-9dce-bc77fd1fff5e-10,a3efcfc6-f0ee-41b7-9dce-bc77fd1fff5e,10,14e18dba-4736-470d-96dc-855aab49029f-20,14e18dba-4736-470d-96dc-855aab49029f,20,PART004,70,Each
badd8be0-273b-4f79-952b-1154766c5a78-10,badd8be0-273b-4f79-952b-1154766c5a78,10,14e18dba-4736-470d-96dc-855aab49029f-10,14e18dba-4736-470d-96dc-855aab49029f,10,PART003-2,410,Each
920d60fd-161b-4493-a103-72218c6ba40e-10,920d60fd-161b-4493-a103-72218c6ba40e,10,a76b07dd-4b04-405c-b953-a4ec89059ec0-10,a76b07dd-4b04-405c-b953-a4ec89059ec0,10,PART004,130,Each
c75d1f9b-1711-4bb2-8a5a-da08a91ce6ee-10,c75d1f9b-1711-4bb2-8a5a-da08a91ce6ee,10,f11ee98a-3546-401d-8927-6d6528d3e3a4-10,f11ee98a-3546-401d-8927-6d6528d3e3a4,10,PART003-2,470,Each
c75d1f9b-1711-4bb2-8a5a-da08a91ce6ee-20,c75d1f9b-1711-4bb2-8a5a-da08a91ce6ee,20,f11ee98a-3546-401d-8927-6d6528d3e3a4-20,f11ee98a-3546-401d-8927-6d6528d3e3a4,20,PART003-3,420,Each
ec13404d-5bcc-488c-8d57-de1cc7526e76-10,ec13404d-5bcc-488c-8d57-de1cc7526e76,10,bc59e487-f26f-4fa3-a8bb-f94f254312cb-10,bc59e487-f26f-4fa3-a8bb-f94f254312cb,10,PART005,270,Each
8847c57a-9ec9-4fff-9a4d-926d5a3c3bc7-10,8847c57a-9ec9-4fff-9a4d-926d5a3c3bc7,10,bc59e487-f26f-4fa3-a8bb-f94f254312cb-20,bc59e487-f26f-4fa3-a8bb-f94f254312cb,20,PART002,170,Each
cc71f9e2-30ee-489e-a25c-e6074f694606-10,cc71f9e2-30ee-489e-a25c-e6074f694606,10,749c8529-2b2f-4930-9680-3bb8d7739b8b-10,749c8529-2b2f-4930-9680-3bb8d7739b8b,10,PART002,190,Each
cc71f9e2-30ee-489e-a25c-e6074f694606-20,cc71f9e2-30ee-489e-a25c-e6074f694606,20,749c8529-2b2f-4930-9680-3bb8d7739b8b-20,749c8529-2b2f-4930-9680-3bb8d7739b8b,20,PART004,130,Each
cc71f9e2-30ee-489e-a25c-e6074f694606-30,cc71f9e2-30ee-489e-a25c-e6074f694606,30,749c8529-2b2f-4930-9680-3bb8d7739b8b-30,749c8529-2b2f-4930-9680-3bb8d7739b8b,30,PART003,130,Each
bc8f9a8f-cc0d-4beb-b10f-7418e28843dc-10,bc8f9a8f-cc0d-4beb-b10f-7418e28843dc,10,93784050-74b9-408d-83a9-bc9c3e2f6462-10,93784050-74b9-408d-83a9-bc9c3e2f6462,10,PART006,370,Each
bc8f9a8f-cc0d-4beb-b10f-7418e28843dc-20,bc8f9a8f-cc0d-4beb-b10f-7418e28843dc,20,93784050-74b9-408d-83a9-bc9c3e2f6462-20,93784050-74b9-408d-83a9-bc9c3e2f6462,20,PART003-1,50,Each
08826632-d492-4919-86e5-b9299523a970-10,08826632-d492-4919-86e5-b9299523a970,10,d20a5406-17fe-4d51-85d3-d45f272e9a85-10,d20a5406-17fe-4d51-85d3-d45f272e9a85,10,PART006,169,Each
f765e715-ea23-49a4-81db-3adb4cf24e6a-10,f765e715-ea23-49a4-81db-3adb4cf24e6a,10,d20a5406-17fe-4d51-85d3-d45f272e9a85-10,d20a5406-17fe-4d51-85d3-d45f272e9a85,10,PART006,301,Each
d375d87a-e9a4-4df7-b157-0144d32b7967-10,d375d87a-e9a4-4df7-b157-0144d32b7967,10,b90739c8-a476-4181-a6d4-3b4a97bd5c2e-10,b90739c8-a476-4181-a6d4-3b4a97bd5c2e,10,PART003-1,270,Each
d375d87a-e9a4-4df7-b157-0144d32b7967-20,d375d87a-e9a4-4df7-b157-0144d32b7967,20,b90739c8-a476-4181-a6d4-3b4a97bd5c2e-20,b90739c8-a476-4181-a6d4-3b4a97bd5c2e,20,PART004,70,Each
d375d87a-e9a4-4df7-b157-0144d32b7967-30,d375d87a-e9a4-4df7-b157-0144d32b7967,30,b90739c8-a476-4181-a6d4-3b4a97bd5c2e-30,b90739c8-a476-4181-a6d4-3b4a97bd5c2e,30,PART003-3,370,Each
b6381914-e3a7-433d-ae21-156691c0409a-10,b6381914-e3a7-433d-ae21-156691c0409a,10,c45f5a94-ffe9-4444-9189-d52cd544ed8b-10,c45f5a94-ffe9-4444-9189-d52cd544ed8b,10,PART006,170,Each
b6381914-e3a7-433d-ae21-156691c0409a-20,b6381914-e3a7-433d-ae21-156691c0409a,20,c45f5a94-ffe9-4444-9189-d52cd544ed8b-20,c45f5a94-ffe9-4444-9189-d52cd544ed8b,20,PART001,180,Each
f8f1a2e4-e7a7-4f89-8e11-aa67c9ac269b-10,f8f1a2e4-e7a7-4f89-8e11-aa67c9ac269b,10,734f5a64-5e49-4f73-bba3-eb92e3852be4-20,734f5a64-5e49-4f73-bba3-eb92e3852be4,20,PART003,140,Each
15b562ba-889b-4cc0-bec0-726d3a9790d9-10,15b562ba-889b-4cc0-bec0-726d3a9790d9,10,734f5a64-5e49-4f73-bba3-eb92e3852be4-10,734f5a64-5e49-4f73-bba3-eb92e3852be4,10,PART002,70,Each
638e33ff-13a7-4424-83e9-5f477f9ca177-10,638e33ff-13a7-4424-83e9-5f477f9ca177,10,9b5b7afe-ac2f-4751-93d9-9dc8b8bb55d1-10,9b5b7afe-ac2f-4751-93d9-9dc8b8bb55d1,10,PART003,100,Each
638e33ff-13a7-4424-83e9-5f477f9ca177-20,638e33ff-13a7-4424-83e9-5f477f9ca177,20,9b5b7afe-ac2f-4751-93d9-9dc8b8bb55d1-20,9b5b7afe-ac2f-4751-93d9-9dc8b8bb55d1,20,PART001,100,Each
638e33ff-13a7-4424-83e9-5f477f9ca177-30,638e33ff-13a7-4424-83e9-5f477f9ca177,30,9b5b7afe-ac2f-4751-93d9-9dc8b8bb55d1-30,9b5b7afe-ac2f-4751-93d9-9dc8b8bb55d1,30,PART005,470,Each
f82248e4-1587-469c-9dab-cce41f3b4839-10,f82248e4-1587-469c-9dab-cce41f3b4839,10,f0dbc4c3-433b-4571-b91e-7b316334d8df-10,f0dbc4c3-433b-4571-b91e-7b316334d8df,10,PART003-3,190,Each
f82248e4-1587-469c-9dab-cce41f3b4839-20,f82248e4-1587-469c-9dab-cce41f3b4839,20,f0dbc4c3-433b-4571-b91e-7b316334d8df-20,f0dbc4c3-433b-4571-b91e-7b316334d8df,20,PART003-2,420,Each
f82248e4-1587-469c-9dab-cce41f3b4839-30,f82248e4-1587-469c-9dab-cce41f3b4839,30,f0dbc4c3-433b-4571-b91e-7b316334d8df-30,f0dbc4c3-433b-4571-b91e-7b316334d8df,30,PART002,280,Each
44068c98-4c98-416b-928e-c9bc9a14eb21-10,44068c98-4c98-416b-928e-c9bc9a14eb21,10,a29705f7-2204-4175-997d-86019796b5cc-30,a29705f7-2204-4175-997d-86019796b5cc,30,PART001,340,Each
51e99a63-efab-437f-a44c-cb7d1eeee4bb-10,51e99a63-efab-437f-a44c-cb7d1eeee4bb,10,a29705f7-2204-4175-997d-86019796b5cc-10,a29705f7-2204-4175-997d-86019796b5cc,10,PART004,60,Each
51e99a63-efab-437f-a44c-cb7d1eeee4bb-20,51e99a63-efab-437f-a44c-cb7d1eeee4bb,20,a29705f7-2204-4175-997d-86019796b5cc-20,a29705f7-2204-4175-997d-86019796b5cc,20,PART006,470,Each
d692429b-bb06-45b6-8a1d-106dd4f8f14d-10,d692429b-bb06-45b6-8a1d-106dd4f8f14d,10,04a05dc8-a025-40ee-8007-24fcaffc4b60-10,04a05dc8-a025-40ee-8007-24fcaffc4b60,10,PART002,140,Each
d692429b-bb06-45b6-8a1d-106dd4f8f14d-20,d692429b-bb06-45b6-8a1d-106dd4f8f14d,20,04a05dc8-a025-40ee-8007-24fcaffc4b60-20,04a05dc8-a025-40ee-8007-24fcaffc4b60,20,PART003-3,370,Each
d692429b-bb06-45b6-8a1d-106dd4f8f14d-30,d692429b-bb06-45b6-8a1d-106dd4f8f14d,30,04a05dc8-a025-40ee-8007-24fcaffc4b60-30,04a05dc8-a025-40ee-8007-24fcaffc4b60,30,PART003-2,160,Each
06ae48e9-3a1a-4800-a6d8-76a08e876277-10,06ae48e9-3a1a-4800-a6d8-76a08e876277,10,3ffb7deb-f52f-4d1a-b2c8-3b08792dd5f9-10,3ffb7deb-f52f-4d1a-b2c8-3b08792dd5f9,10,PART006,240,Each
06ae48e9-3a1a-4800-a6d8-76a08e876277-20,06ae48e9-3a1a-4800-a6d8-76a08e876277,20,3ffb7deb-f52f-4d1a-b2c8-3b08792dd5f9-20,3ffb7deb-f52f-4d1a-b2c8-3b08792dd5f9,20,PART003-3,130,Each
14797161-47b2-425d-89b3-b79de311791f-10,14797161-47b2-425d-89b3-b79de311791f,10,9224cf12-d16f-43e7-95e7-bb06a5a79d2e-10,9224cf12-d16f-43e7-95e7-bb06a5a79d2e,10,PART004,140,Each
cad8161e-21f6-4712-a8e2-612c48cebfde-10,cad8161e-21f6-4712-a8e2-612c48cebfde,10,9224cf12-d16f-43e7-95e7-bb06a5a79d2e-20,9224cf12-d16f-43e7-95e7-bb06a5a79d2e,20,PART006,250,Each
5cdad4db-0088-4bae-a732-245334fc7b6d-10,5cdad4db-0088-4bae-a732-245334fc7b6d,10,758ab7da-d064-436b-944d-de7eab44bb38-10,758ab7da-d064-436b-944d-de7eab44bb38,10,PART003,460,Each
5cdad4db-0088-4bae-a732-245334fc7b6d-20,5cdad4db-0088-4bae-a732-245334fc7b6d,20,758ab7da-d064-436b-944d-de7eab44bb38-20,758ab7da-d064-436b-944d-de7eab44bb38,20,PART003-3,50,Each
5cdad4db-0088-4bae-a732-245334fc7b6d-30,5cdad4db-0088-4bae-a732-245334fc7b6d,30,758ab7da-d064-436b-944d-de7eab44bb38-30,758ab7da-d064-436b-944d-de7eab44bb38,30,PART003-1,110,Each
c9e4174e-749f-4828-ba96-f798fc9d5e15-10,c9e4174e-749f-4828-ba96-f798fc9d5e15,10,af95774f-e873-4f80-be6f-b81e1470d82b-10,af95774f-e873-4f80-be6f-b81e1470d82b,10,PART004,150,Each
c9e4174e-749f-4828-ba96-f798fc9d5e15-20,c9e4174e-749f-4828-ba96-f798fc9d5e15,20,af95774f-e873-4f80-be6f-b81e1470d82b-20,af95774f-e873-4f80-be6f-b81e1470d82b,20,PART003-2,80,Each
532afe0d-283c-423a-a51a-78dd3dcd5fb5-10,532afe0d-283c-423a-a51a-78dd3dcd5fb5,10,fdc13095-1f83-4d8d-bd28-c525d10d2b3e-10,fdc13095-1f83-4d8d-bd28-c525d10d2b3e,10,PART006,90,Each
ea8a9ce7-625c-40b2-8883-beba1c19a495-10,ea8a9ce7-625c-40b2-8883-beba1c19a495,10,fdc13095-1f83-4d8d-bd28-c525d10d2b3e-20,fdc13095-1f83-4d8d-bd28-c525d10d2b3e,20,PART003,400,Each
c5ed02b3-3ad4-49ea-a33c-6d907e87e87d-10,c5ed02b3-3ad4-49ea-a33c-6d907e87e87d,10,70bfe5ed-ef65-4a58-89f8-0e1ca35a52fb-10,70bfe5ed-ef65-4a58-89f8-0e1ca35a52fb,10,PART004,360,Each
9a3fe688-ac93-46c9-8e32-08270c960263-10,9a3fe688-ac93-46c9-8e32-08270c960263,10,11223e1d-c3e2-4c0e-9ef2-4c188b0eb9a8-10,11223e1d-c3e2-4c0e-9ef2-4c188b0eb9a8,10,PART003,380,Each
9a3fe688-ac93-46c9-8e32-08270c960263-20,9a3fe688-ac93-46c9-8e32-08270c960263,20,11223e1d-c3e2-4c0e-9ef2-4c188b0eb9a8-20,11223e1d-c3e2-4c0e-9ef2-4c188b0eb9a8,20,PART006,460,Each
43f91688-62a3-4c83-9a6a-6bcae41e6c73-10,43f91688-62a3-4c83-9a6a-6bcae41e6c73,10,c9c85c36-1d18-454b-9475-e61b2876eec3-10,c9c85c36-1d18-454b-9475-e61b2876eec3,10,PART004,36,Each
b697e314-aa7e-4625-ae06-f084411fa30d-10,b697e314-aa7e-4625-ae06-f084411fa30d,10,c9c85c36-1d18-454b-9475-e61b2876eec3-10,c9c85c36-1d18-454b-9475-e61b2876eec3,10,PART004,84,Each
52df8292-1372-4cb7-9671-ffbe14432b81-10,52df8292-1372-4cb7-9671-ffbe14432b81,10,a1ce8929-321d-4c29-b2f9-fd0574ee2484-10,a1ce8929-321d-4c29-b2f9-fd0574ee2484,10,PART003-2,300,Each
52df8292-1372-4cb7-9671-ffbe14432b81-20,52df8292-1372-4cb7-9671-ffbe14432b81,20,a1ce8929-321d-4c29-b2f9-fd0574ee2484-20,a1ce8929-321d-4c29-b2f9-fd0574ee2484,20,PART005,310,Each
7a30a7ea-589b-410f-9b3a-0a748f24eb81-10,7a30a7ea-589b-410f-9b3a-0a748f24eb81,10,28c4355e-671a-4b8d-8480-6975e4e1c025-10,28c4355e-671a-4b8d-8480-6975e4e1c025,10,PART003-2,460,Each
7a28672f-e2ce-495d-9c2b-b8ea2c5b6f12-10,7a28672f-e2ce-495d-9c2b-b8ea2c5b6f12,10,ca1dd3c4-1e80-41bb-a3ba-db93f87f1c89-20,ca1dd3c4-1e80-41bb-a3ba-db93f87f1c89,20,PART006,130,Each
76f4da86-21e9-4b4e-9c67-5ce2592a6798-10,76f4da86-21e9-4b4e-9c67-5ce2592a6798,10,ca1dd3c4-1e80-41bb-a3ba-db93f87f1c89-10,ca1dd3c4-1e80-41bb-a3ba-db93f87f1c89,10,PART003-3,140,Each
0387372e-fa26-4bd8-b104-03994151446a-10,0387372e-fa26-4bd8-b104-03994151446a,10,148777ec-3eea-42fb-b8a6-73c11c08b6d7-10,148777ec-3eea-42fb-b8a6-73c11c08b6d7,10,PART003-3,440,Each
0387372e-fa26-4bd8-b104-03994151446a-20,0387372e-fa26-4bd8-b104-03994151446a,20,148777ec-3eea-42fb-b8a6-73c11c08b6d7-20,148777ec-3eea-42fb-b8a6-73c11c08b6d7,20,PART005,150,Each
0387372e-fa26-4bd8-b104-03994151446a-30,0387372e-fa26-4bd8-b104-03994151446a,30,148777ec-3eea-42fb-b8a6-73c11c08b6d7-30,148777ec-3eea-42fb-b8a6-73c11c08b6d7,30,PART004,120,Each
7fcde57d-b7e3-4a98-a06f-ac7bbb3c1f0d-10,7fcde57d-b7e3-4a98-a06f-ac7bbb3c1f0d,10,78532ee9-d9ee-4774-a967-c424a349e3e8-10,78532ee9-d9ee-4774-a967-c424a349e3e8,10,PART003-1,160,Each
7fcde57d-b7e3-4a98-a06f-ac7bbb3c1f0d-20,7fcde57d-b7e3-4a98-a06f-ac7bbb3c1f0d,20,78532ee9-d9ee-4774-a967-c424a349e3e8-20,78532ee9-d9ee-4774-a967-c424a349e3e8,20,PART001,130,Each
7b22f968-e7e6-4354-94e1-a6c60d5e78c6-10,7b22f968-e7e6-4354-94e1-a6c60d5e78c6,10,967c4dd7-95e0-428e-841f-36ddebc59587-10,967c4dd7-95e0-428e-841f-36ddebc59587,10,PART004,107,Each
7027e003-be2c-4fd0-be1b-a7a335b6b835-10,7027e003-be2c-4fd0-be1b-a7a335b6b835,10,967c4dd7-95e0-428e-841f-36ddebc59587-10,967c4dd7-95e0-428e-841f-36ddebc59587,10,PART004,63,Each
299f22cd-2dda-456c-98a7-495fabffb033-10,299f22cd-2dda-456c-98a7-495fabffb033,10,82737366-580f-4bac-a992-dbfb9a6907cd-10,82737366-580f-4bac-a992-dbfb9a6907cd,10,PART003-3,160,Each
4843a7b0-94d3-4e33-b8d2-5f086d3d23e2-10,4843a7b0-94d3-4e33-b8d2-5f086d3d23e2,10,bed04379-39b3-41e1-a90e-bdc85d9419d0-10,bed04379-39b3-41e1-a90e-bdc85d9419d0,10,PART003,100,Each
736ed3d4-c1e4-4639-9969-d8d109f1b427-10,736ed3d4-c1e4-4639-9969-d8d109f1b427,10,6d148f27-b25c-4567-835d-ee0c5fa136d0-10,6d148f27-b25c-4567-835d-ee0c5fa136d0,10,PART004,360,Each
daa41ff1-ddfa-43c7-85b9-637be51975e4-10,daa41ff1-ddfa-43c7-85b9-637be51975e4,10,6d148f27-b25c-4567-835d-ee0c5fa136d0-20,6d148f27-b25c-4567-835d-ee0c5fa136d0,20,PART003,50,Each
daa41ff1-ddfa-43c7-85b9-637be51975e4-20,daa41ff1-ddfa-43c7-85b9-637be51975e4,20,6d148f27-b25c-4567-835d-ee0c5fa136d0-30,6d148f27-b25c-4567-835d-ee0c5fa136d0,30,PART003-1,340,Each
5b1df063-8d40-4aff-8119-86557fc430d7-10,5b1df063-8d40-4aff-8119-86557fc430d7,10,6b1bc26e-4208-46af-9285-5492c764d89e-10,6b1bc26e-4208-46af-9285-5492c764d89e,10,PART003-2,450,Each
5b1df063-8d40-4aff-8119-86557fc430d7-20,5b1df063-8d40-4aff-8119-86557fc430d7,20,6b1bc26e-4208-46af-9285-5492c764d89e-20,6b1bc26e-4208-46af-9285-5492c764d89e,20,PART006,320,Each
b564f867-5156-4bed-b769-8f060ca2f097-10,b564f867-5156-4bed-b769-8f060ca2f097,10,a530e41c-5eef-4ade-8d68-5c288d709606-10,a530e41c-5eef-4ade-8d68-5c288d709606,10,PART006,150,Each
e3655756-e96a-4df8-bd43-617cb3719601-10,e3655756-e96a-4df8-bd43-617cb3719601,10,0c31d492-78c4-4e14-9bd4-1ee0563b3047-10,0c31d492-78c4-4e14-9bd4-1ee0563b3047,10,PART005,150,Each
7885bd1c-110a-45e8-93a6-7045aea36a97-10,7885bd1c-110a-45e8-93a6-7045aea36a97,10,0c31d492-78c4-4e14-9bd4-1ee0563b3047-20,0c31d492-78c4-4e14-9bd4-1ee0563b3047,20,PART003-1,390,Each
a4a145f8-c07b-4a92-8840-e19c5e40219e-10,a4a145f8-c07b-4a92-8840-e19c5e40219e,10,1422d76e-998b-4055-bec7-ed6d8ccba4d5-10,1422d76e-998b-4055-bec7-ed6d8ccba4d5,10,PART002,420,Each
6d113d3e-5b41-43d7-ab59-7b0b67493d7a-10,6d113d3e-5b41-43d7-ab59-7b0b67493d7a,10,5bb82f54-add9-4243-a229-d1a0418f7950-10,5bb82f54-add9-4243-a229-d1a0418f7950,10,PART001,300,Each
6d113d3e-5b41-43d7-ab59-7b0b67493d7a-20,6d113d3e-5b41-43d7-ab59-7b0b67493d7a,20,5bb82f54-add9-4243-a229-d1a0418f7950-20,5bb82f54-add9-4243-a229-d1a0418f7950,20,PART002,60,Each
6d113d3e-5b41-43d7-ab59-7b0b67493d7a-30,6d113d3e-5b41-43d7-ab59-7b0b67493d7a,30,5bb82f54-add9-4243-a229-d1a0418f7950-30,5bb82f54-add9-4243-a229-d1a0418f7950,30,PART003-1,190,Each
15fe12ef-1834-4099-a1fd-c85f010493a8-10,15fe12ef-1834-4099-a1fd-c85f010493a8,10,896e54b2-6f73-4e90-a760-28291c5c7317-30,896e54b2-6f73-4e90-a760-28291c5c7317,30,PART001,500,Each
6d526cd0-14cc-43fe-ba79-c542eaae6137-10,6d526cd0-14cc-43fe-ba79-c542eaae6137,10,896e54b2-6f73-4e90-a760-28291c5c7317-10,896e54b2-6f73-4e90-a760-28291c5c7317,10,PART002,240,Each
6d526cd0-14cc-43fe-ba79-c542eaae6137-20,6d526cd0-14cc-43fe-ba79-c542eaae6137,20,896e54b2-6f73-4e90-a760-28291c5c7317-20,896e54b2-6f73-4e90-a760-28291c5c7317,20,PART006,310,Each
b63ffa32-2d86-4b1e-b06e-a3e48b8e4283-10,b63ffa32-2d86-4b1e-b06e-a3e48b8e4283,10,5fa109fd-c740-4257-9810-9ac51144d22b-10,5fa109fd-c740-4257-9810-9ac51144d22b,10,PART003-2,360,Each
7b0f44ad-31d2-4864-b3d1-252045f9755c-10,7b0f44ad-31d2-4864-b3d1-252045f9755c,10,f4a51a67-1ef9-4834-a9d7-e38bef7f3ac8-10,f4a51a67-1ef9-4834-a9d7-e38bef7f3ac8,10,PART001,130,Each
7b0f44ad-31d2-4864-b3d1-252045f9755c-20,7b0f44ad-31d2-4864-b3d1-252045f9755c,20,f4a51a67-1ef9-4834-a9d7-e38bef7f3ac8-20,f4a51a67-1ef9-4834-a9d7-e38bef7f3ac8,20,PART003-3,110,Each
ca6d3bba-f8e9-4361-9aba-f2ffc21bdfd9-10,ca6d3bba-f8e9-4361-9aba-f2ffc21bdfd9,10,69f7a0bb-9b94-4a34-8755-fede94a1902c-20,69f7a0bb-9b94-4a34-8755-fede94a1902c,20,PART001,140,Each
caec2bab-8fcd-44b1-9330-abaa1c786e1a-10,caec2bab-8fcd-44b1-9330-abaa1c786e1a,10,69f7a0bb-9b94-4a34-8755-fede94a1902c-10,69f7a0bb-9b94-4a34-8755-fede94a1902c,10,PART002,390,Each
c1cad919-0bf8-4127-aebf-0d62c9190e34-10,c1cad919-0bf8-4127-aebf-0d62c9190e34,10,d700d731-9f7f-4c5f-9e51-3fc7bb56454c-10,d700d731-9f7f-4c5f-9e51-3fc7bb56454c,10,PART002,330,Each
c1cad919-0bf8-4127-aebf-0d62c9190e34-20,c1cad919-0bf8-4127-aebf-0d62c9190e34,20,d700d731-9f7f-4c5f-9e51-3fc7bb56454c-20,d700d731-9f7f-4c5f-9e51-3fc7bb56454c,20,PART003-2,160,Each
c1cad919-0bf8-4127-aebf-0d62c9190e34-30,c1cad919-0bf8-4127-aebf-0d62c9190e34,30,d700d731-9f7f-4c5f-9e51-3fc7bb56454c-30,d700d731-9f7f-4c5f-9e51-3fc7bb56454c,30,PART003-3,130,Each
6d3fa3b4-ebdb-40ac-bd94-26e07bfd9c91-10,6d3fa3b4-ebdb-40ac-bd94-26e07bfd9c91,10,a78340cd-07df-43db-a033-29dc2222d9d5-10,a78340cd-07df-43db-a033-29dc2222d9d5,10,PART002,120,Each
7a9aa7b7-bceb-4dab-b87b-af030c584ccd-10,7a9aa7b7-bceb-4dab-b87b-af030c584ccd,10,cdb8bbb8-c196-40ee-92b3-f25e4081df52-20,cdb8bbb8-c196-40ee-92b3-f25e4081df52,20,PART003-2,300,Each
d2be8475-dfa2-47b9-bf3e-18fb844c0a8f-10,d2be8475-dfa2-47b9-bf3e-18fb844c0a8f,10,cdb8bbb8-c196-40ee-92b3-f25e4081df52-10,cdb8bbb8-c196-40ee-92b3-f25e4081df52,10,PART005,200,Each
d2be8475-dfa2-47b9-bf3e-18fb844c0a8f-20,d2be8475-dfa2-47b9-bf3e-18fb844c0a8f,20,cdb8bbb8-c196-40ee-92b3-f25e4081df52-30,cdb8bbb8-c196-40ee-92b3-f25e4081df52,30,PART004,400,Each
5ec45b74-9292-4cdd-9651-a7f7f7a2a9c7-10,5ec45b74-9292-4cdd-9651-a7f7f7a2a9c7,10,c564a68d-650a-450a-9950-104da56ae44c-10,c564a68d-650a-450a-9950-104da56ae44c,10,PART001,100,Each
5ec45b74-9292-4cdd-9651-a7f7f7a2a9c7-20,5ec45b74-9292-4cdd-9651-a7f7f7a2a9c7,20,c564a68d-650a-450a-9950-104da56ae44c-20,c564a68d-650a-450a-9950-104da56ae44c,20,PART003-3,100,Each
5ec45b74-9292-4cdd-9651-a7f7f7a2a9c7-30,5ec45b74-9292-4cdd-9651-a7f7f7a2a9c7,30,c564a68d-650a-450a-9950-104da56ae44c-30,c564a68d-650a-450a-9950-104da56ae44c,30,PART003-1,260,Each
912f5042-2541-48c9-9763-1f94c0a30d56-10,912f5042-2541-48c9-9763-1f94c0a30d56,10,dd08dd78-a781-4789-bcdb-79e5431697b7-10,dd08dd78-a781-4789-bcdb-79e5431697b7,10,PART005,500,Each
4afc16ca-2607-477f-8381-716c151f3501-10,4afc16ca-2607-477f-8381-716c151f3501,10,6cf59417-3cde-4114-b59e-62c2f165ac1f-10,6cf59417-3cde-4114-b59e-62c2f165ac1f,10,PART003-3,17,Each
78eae9f8-b228-423d-bc78-80343880fc71-10,78eae9f8-b228-423d-bc78-80343880fc71,10,6cf59417-3cde-4114-b59e-62c2f165ac1f-10,6cf59417-3cde-4114-b59e-62c2f165ac1f,10,PART003-3,33,Each
0472ade7-2f4b-42a3-9607-eaeaaf8bb470-10,0472ade7-2f4b-42a3-9607-eaeaaf8bb470,10,e8f098ea-b129-4d4b-a225-2e0f563d4ebc-10,e8f098ea-b129-4d4b-a225-2e0f563d4ebc,10,PART003-3,470,Each
0472ade7-2f4b-42a3-9607-eaeaaf8bb470-20,0472ade7-2f4b-42a3-9607-eaeaaf8bb470,20,e8f098ea-b129-4d4b-a225-2e0f563d4ebc-20,e8f098ea-b129-4d4b-a225-2e0f563d4ebc,20,PART005,490,Each
0472ade7-2f4b-42a3-9607-eaeaaf8bb470-30,0472ade7-2f4b-42a3-9607-eaeaaf8bb470,30,e8f098ea-b129-4d4b-a225-2e0f563d4ebc-30,e8f098ea-b129-4d4b-a225-2e0f563d4ebc,30,PART002,220,Each
d3953120-4109-4d09-a686-825856422e90-10,d3953120-4109-4d09-a686-825856422e90,10,8d44d4b1-07f1-4da0-8357-734024b0c349-10,8d44d4b1-07f1-4da0-8357-734024b0c349,10,PART001,410,Each
d3953120-4109-4d09-a686-825856422e90-20,d3953120-4109-4d09-a686-825856422e90,20,8d44d4b1-07f1-4da0-8357-734024b0c349-20,8d44d4b1-07f1-4da0-8357-734024b0c349,20,PART006,160,Each
d3953120-4109-4d09-a686-825856422e90-30,d3953120-4109-4d09-a686-825856422e90,30,8d44d4b1-07f1-4da0-8357-734024b0c349-30,8d44d4b1-07f1-4da0-8357-734024b0c349,30,PART003,380,Each
1aca4c10-0f47-4375-a8e3-da7a297e09ee-10,1aca4c10-0f47-4375-a8e3-da7a297e09ee,10,2bb784c1-f0f3-429c-aaa6-0ce2477738a3-10,2bb784c1-f0f3-429c-aaa6-0ce2477738a3,10,PART002,107,Each
53d87897-0a95-4549-8256-5002581b4c6f-10,53d87897-0a95-4549-8256-5002581b4c6f,10,2bb784c1-f0f3-429c-aaa6-0ce2477738a3-10,2bb784c1-f0f3-429c-aaa6-0ce2477738a3,10,PART002,153,Each
244e488d-0882-4957-9b1f-6963bfa3d3f8-10,244e488d-0882-4957-9b1f-6963bfa3d3f8,10,3d7141e4-c168-4fb9-a62d-230cc9fca2b6-10,3d7141e4-c168-4fb9-a62d-230cc9fca2b6,10,PART004,420,Each
244e488d-0882-4957-9b1f-6963bfa3d3f8-20,244e488d-0882-4957-9b1f-6963bfa3d3f8,20,3d7141e4-c168-4fb9-a62d-230cc9fca2b6-20,3d7141e4-c168-4fb9-a62d-230cc9fca2b6,20,PART006,500,Each
244e488d-0882-4957-9b1f-6963bfa3d3f8-30,244e488d-0882-4957-9b1f-6963bfa3d3f8,30,3d7141e4-c168-4fb9-a62d-230cc9fca2b6-30,3d7141e4-c168-4fb9-a62d-230cc9fca2b6,30,PART003-3,460,Each
e82fd722-a33b-49e3-ac14-4faec46ca9e7-10,e82fd722-a33b-49e3-ac14-4faec46ca9e7,10,cf9c6054-0717-4eeb-ae0c-4b1e64ca2501-10,cf9c6054-0717-4eeb-ae0c-4b1e64ca2501,10,PART006,420,Each
e82fd722-a33b-49e3-ac14-4faec46ca9e7-20,e82fd722-a33b-49e3-ac14-4faec46ca9e7,20,cf9c6054-0717-4eeb-ae0c-4b1e64ca2501-20,cf9c6054-0717-4eeb-ae0c-4b1e64ca2501,20,PART003-3,370,Each
e82fd722-a33b-49e3-ac14-4faec46ca9e7-30,e82fd722-a33b-49e3-ac14-4faec46ca9e7,30,cf9c6054-0717-4eeb-ae0c-4b1e64ca2501-30,cf9c6054-0717-4eeb-ae0c-4b1e64ca2501,30,PART004,260,Each
427418ad-53a7-4acd-a833-28be48cc89ba-10,427418ad-53a7-4acd-a833-28be48cc89ba,10,1e774a9d-c2b8-4d6a-88af-c0804f7c86e6-30,1e774a9d-c2b8-4d6a-88af-c0804f7c86e6,30,PART003-1,390,Each
5ed66cf8-e12d-4a58-9187-51c46ee0ff3c-10,5ed66cf8-e12d-4a58-9187-51c46ee0ff3c,10,1e774a9d-c2b8-4d6a-88af-c0804f7c86e6-10,1e774a9d-c2b8-4d6a-88af-c0804f7c86e6,10,PART003-2,350,Each
5ed66cf8-e12d-4a58-9187-51c46ee0ff3c-20,5ed66cf8-e12d-4a58-9187-51c46ee0ff3c,20,1e774a9d-c2b8-4d6a-88af-c0804f7c86e6-20,1e774a9d-c2b8-4d6a-88af-c0804f7c86e6,20,PART003-3,220,Each
078bad1d-896f-44fd-b5dd-24ab7ebc68f9-10,078bad1d-896f-44fd-b5dd-24ab7ebc68f9,10,bb82e905-b993-45ab-a44c-bb9cb16dc6b7-10,bb82e905-b993-45ab-a44c-bb9cb16dc6b7,10,PART006,180,Each
078bad1d-896f-44fd-b5dd-24ab7ebc68f9-20,078bad1d-896f-44fd-b5dd-24ab7ebc68f9,20,bb82e905-b993-45ab-a44c-bb9cb16dc6b7-20,bb82e905-b993-45ab-a44c-bb9cb16dc6b7,20,PART001,390,Each
bec06167-e642-4de4-974b-444932530581-10,bec06167-e642-4de4-974b-444932530581,10,b163fd5b-9e0a-48e9-b6ff-ba890087b46c-10,b163fd5b-9e0a-48e9-b6ff-ba890087b46c,10,PART003-1,480,Each
bec06167-e642-4de4-974b-444932530581-20,bec06167-e642-4de4-974b-444932530581,20,b163fd5b-9e0a-48e9-b6ff-ba890087b46c-20,b163fd5b-9e0a-48e9-b6ff-ba890087b46c,20,PART001,100,Each
418140c1-05f4-4b28-ac41-7124adccab1c-10,418140c1-05f4-4b28-ac41-7124adccab1c,10,7d34ee50-84a0-4561-90a6-ff2d123dbfa9-10,7d34ee50-84a0-4561-90a6-ff2d123dbfa9,10,PART003,144,Each
fae75a0b-fbba-4c41-854b-815f9143418e-10,fae75a0b-fbba-4c41-854b-815f9143418e,10,7d34ee50-84a0-4561-90a6-ff2d123dbfa9-10,7d34ee50-84a0-4561-90a6-ff2d123dbfa9,10,PART003,266,Each
34693c42-95cd-421d-b785-fd85ba3ecf4e-10,34693c42-95cd-421d-b785-fd85ba3ecf4e,10,4ac895de-4d5e-46cc-82e7-9e9e91d93103-10,4ac895de-4d5e-46cc-82e7-9e9e91d93103,10,PART006,390,Each
34693c42-95cd-421d-b785-fd85ba3ecf4e-20,34693c42-95cd-421d-b785-fd85ba3ecf4e,20,4ac895de-4d5e-46cc-82e7-9e9e91d93103-20,4ac895de-4d5e-46cc-82e7-9e9e91d93103,20,PART001,400,Each
34693c42-95cd-421d-b785-fd85ba3ecf4e-30,34693c42-95cd-421d-b785-fd85ba3ecf4e,30,4ac895de-4d5e-46cc-82e7-9e9e91d93103-30,4ac895de-4d5e-46cc-82e7-9e9e91d93103,30,PART003-1,380,Each
4b1c22c4-d6a7-4d2e-ad9a-bc989b89cff4-10,4b1c22c4-d6a7-4d2e-ad9a-bc989b89cff4,10,f77905d6-4de9-46da-a2f9-47d3a51d2c51-10,f77905d6-4de9-46da-a2f9-47d3a51d2c51,10,PART005,470,Each
4b1c22c4-d6a7-4d2e-ad9a-bc989b89cff4-20,4b1c22c4-d6a7-4d2e-ad9a-bc989b89cff4,20,f77905d6-4de9-46da-a2f9-47d3a51d2c51-20,f77905d6-4de9-46da-a2f9-47d3a51d2c51,20,PART003-1,260,Each
fff18048-f309-42bc-b65f-24e3f74bc173-10,fff18048-f309-42bc-b65f-24e3f74bc173,10,10567382-f36d-47fc-9a92-0665fee180e9-10,10567382-f36d-47fc-9a92-0665fee180e9,10,PART003-2,390,Each
624b7be7-5949-4c02-bbb9-f34c24d6eb9f-10,624b7be7-5949-4c02-bbb9-f34c24d6eb9f,10,10567382-f36d-47fc-9a92-0665fee180e9-20,10567382-f36d-47fc-9a92-0665fee180e9,20,PART002,270,Each
4259e56e-b162-4945-8fed-e11db1b297b4-10,4259e56e-b162-4945-8fed-e11db1b297b4,10,5e8aed04-6e42-48ae-a4c9-c76675d424a2-10,5e8aed04-6e42-48ae-a4c9-c76675d424a2,10,PART001,390,Each
a483509a-8d60-4b2c-9613-44c174dfadc9-10,a483509a-8d60-4b2c-9613-44c174dfadc9,10,255be7d8-10cc-4a6b-b12f-5a7328c7ed91-10,255be7d8-10cc-4a6b-b12f-5a7328c7ed91,10,PART002,260,Each
a483509a-8d60-4b2c-9613-44c174dfadc9-20,a483509a-8d60-4b2c-9613-44c174dfadc9,20,255be7d8-10cc-4a6b-b12f-5a7328c7ed91-20,255be7d8-10cc-4a6b-b12f-5a7328c7ed91,20,PART003-3,160,Each
aa373299-ac46-4f87-8c90-0fcca0961476-10,aa373299-ac46-4f87-8c90-0fcca0961476,10,3e53bddc-c007-4220-abee-c33bae75641e-10,3e53bddc-c007-4220-abee-c33bae75641e,10,PART003,310,Each
23a4f7f2-6b12-45df-8ba2-f7611492f919-10,23a4f7f2-6b12-45df-8ba2-f7611492f919,10,3e53bddc-c007-4220-abee-c33bae75641e-20,3e53bddc-c007-4220-abee-c33bae75641e,20,PART005,480,Each
cb1f946f-25a8-48d0-9f4c-f80cdc9b6e8f-10,cb1f946f-25a8-48d0-9f4c-f80cdc9b6e8f,10,cc0104e1-5a36-4bf0-96e4-c651297f7f9b-10,cc0104e1-5a36-4bf0-96e4-c651297f7f9b,10,PART003-3,130,Each
cb1f946f-25a8-48d0-9f4c-f80cdc9b6e8f-20,cb1f946f-25a8-48d0-9f4c-f80cdc9b6e8f,20,cc0104e1-5a36-4bf0-96e4-c651297f7f9b-20,cc0104e1-5a36-4bf0-96e4-c651297f7f9b,20,PART003,150,Each
95ad9672-8a11-4b20-92e7-5367a35c0dc7-10,95ad9672-8a11-4b20-92e7-5367a35c0dc7,10,f82a69f8-e8ba-4d34-8e27-39f3738b3067-10,f82a69f8-e8ba-4d34-8e27-39f3738b3067,10,PART003-3,100,Each
95ad9672-8a11-4b20-92e7-5367a35c0dc7-20,95ad9672-8a11-4b20-92e7-5367a35c0dc7,20,f82a69f8-e8ba-4d34-8e27-39f3738b3067-20,f82a69f8-e8ba-4d34-8e27-39f3738b3067,20,PART003,200,Each
eda664f8-c122-4ac9-b53b-90790a4cd732-10,eda664f8-c122-4ac9-b53b-90790a4cd732,10,7bf66536-a34a-497e-ba7f-0a042490a861-10,7bf66536-a34a-497e-ba7f-0a042490a861,10,PART005,370,Each
fbb12866-f365-4bc1-a809-ca37397cadc6-10,fbb12866-f365-4bc1-a809-ca37397cadc6,10,7bf66536-a34a-497e-ba7f-0a042490a861-20,7bf66536-a34a-497e-ba7f-0a042490a861,20,PART003,140,Each
fbb12866-f365-4bc1-a809-ca37397cadc6-20,fbb12866-f365-4bc1-a809-ca37397cadc6,20,7bf66536-a34a-497e-ba7f-0a042490a861-30,7bf66536-a34a-497e-ba7f-0a042490a861,30,PART004,320,Each
db28ef31-bde4-4abd-ba4a-73771ae7aa41-10,db28ef31-bde4-4abd-ba4a-73771ae7aa41,10,0a2967d4-aed5-4a71-95f0-8a1b8521c3a2-10,0a2967d4-aed5-4a71-95f0-8a1b8521c3a2,10,PART004,390,Each
db28ef31-bde4-4abd-ba4a-73771ae7aa41-20,db28ef31-bde4-4abd-ba4a-73771ae7aa41,20,0a2967d4-aed5-4a71-95f0-8a1b8521c3a2-20,0a2967d4-aed5-4a71-95f0-8a1b8521c3a2,20,PART001,170,Each
db28ef31-bde4-4abd-ba4a-73771ae7aa41-30,db28ef31-bde4-4abd-ba4a-73771ae7aa41,30,0a2967d4-aed5-4a71-95f0-8a1b8521c3a2-30,0a2967d4-aed5-4a71-95f0-8a1b8521c3a2,30,PART003-1,270,Each
435c91ce-f959-441e-b474-b1ba1c1ba94b-10,435c91ce-f959-441e-b474-b1ba1c1ba94b,10,eec0e05f-635c-461c-bbdd-56f978ef3397-10,eec0e05f-635c-461c-bbdd-56f978ef3397,10,PART001,170,Each
4cfaa8af-083c-438e-8fb9-992f4f1d9652-10,4cfaa8af-083c-438e-8fb9-992f4f1d9652,10,cdb9b11d-8c4a-4c0f-852f-ce69a0f40fe9-10,cdb9b11d-8c4a-4c0f-852f-ce69a0f40fe9,10,PART001,38,Each
00e1528f-7890-4b6e-8718-8bf5c4cfa1b4-10,00e1528f-7890-4b6e-8718-8bf5c4cfa1b4,10,cdb9b11d-8c4a-4c0f-852f-ce69a0f40fe9-10,cdb9b11d-8c4a-4c0f-852f-ce69a0f40fe9,10,PART001,142,Each
245b024e-67c5-4e98-bb09-954efe461f1e-10,245b024e-67c5-4e98-bb09-954efe461f1e,10,89538d84-0600-4d25-b61c-c8392993603c-10,89538d84-0600-4d25-b61c-c8392993603c,10,PART001,220,Each
99cb0404-c1df-4216-9108-3c4e1e83b2e8-10,99cb0404-c1df-4216-9108-3c4e1e83b2e8,10,f3d1e174-d5b0-472a-9b7b-193b9dc6cbe9-10,f3d1e174-d5b0-472a-9b7b-193b9dc6cbe9,10,PART005,270,Each
837a8735-5d71-4ea3-852f-435fa585e9a0-10,837a8735-5d71-4ea3-852f-435fa585e9a0,10,339ffe80-12cb-488e-837f-597cb41c8a4e-10,339ffe80-12cb-488e-837f-597cb41c8a4e,10,PART003-3,172,Each
79b0026a-1e42-4f7d-a274-3f6a9f93a822-10,79b0026a-1e42-4f7d-a274-3f6a9f93a822,10,339ffe80-12cb-488e-837f-597cb41c8a4e-10,339ffe80-12cb-488e-837f-597cb41c8a4e,10,PART003-3,238,Each
6c728969-cc84-4497-98f3-c96d55efe85c-10,6c728969-cc84-4497-98f3-c96d55efe85c,10,f0622c59-554a-4956-b818-db31a36bc1dc-10,f0622c59-554a-4956-b818-db31a36bc1dc,10,PART003-1,80,Each
6c728969-cc84-4497-98f3-c96d55efe85c-20,6c728969-cc84-4497-98f3-c96d55efe85c,20,f0622c59-554a-4956-b818-db31a36bc1dc-20,f0622c59-554a-4956-b818-db31a36bc1dc,20,PART005,220,Each
2cdf5764-a702-4968-bda9-98a93d988231-10,2cdf5764-a702-4968-bda9-98a93d988231,10,db43bc3b-1bdf-48cc-b9ad-5c24cdfc261a-10,db43bc3b-1bdf-48cc-b9ad-5c24cdfc261a,10,PART003-1,190,Each
2cdf5764-a702-4968-bda9-98a93d988231-20,2cdf5764-a702-4968-bda9-98a93d988231,20,db43bc3b-1bdf-48cc-b9ad-5c24cdfc261a-20,db43bc3b-1bdf-48cc-b9ad-5c24cdfc261a,20,PART003-3,250,Each
f3a6ebf1-c159-4757-9ad6-e3c6cbdd9e30-10,f3a6ebf1-c159-4757-9ad6-e3c6cbdd9e30,10,f51dd23d-fc97-45a1-ac63-5a1c2a156e86-20,f51dd23d-fc97-45a1-ac63-5a1c2a156e86,20,PART003-3,470,Each
572fda94-84cc-43c3-a804-700de3bba73f-10,572fda94-84cc-43c3-a804-700de3bba73f,10,f51dd23d-fc97-45a1-ac63-5a1c2a156e86-10,f51dd23d-fc97-45a1-ac63-5a1c2a156e86,10,PART003-2,400,Each
572fda94-84cc-43c3-a804-700de3bba73f-20,572fda94-84cc-43c3-a804-700de3bba73f,20,f51dd23d-fc97-45a1-ac63-5a1c2a156e86-30,f51dd23d-fc97-45a1-ac63-5a1c2a156e86,30,PART006,480,Each
7ddecae9-4e88-4e75-91fd-81497bbc4246-10,7ddecae9-4e88-4e75-91fd-81497bbc4246,10,1123e424-8487-48b1-9504-0b300b7ef3f7-10,1123e424-8487-48b1-9504-0b300b7ef3f7,10,PART005,320,Each
7ddecae9-4e88-4e75-91fd-81497bbc4246-20,7ddecae9-4e88-4e75-91fd-81497bbc4246,20,1123e424-8487-48b1-9504-0b300b7ef3f7-20,1123e424-8487-48b1-9504-0b300b7ef3f7,20,PART001,400,Each
7ddecae9-4e88-4e75-91fd-81497bbc4246-30,7ddecae9-4e88-4e75-91fd-81497bbc4246,30,1123e424-8487-48b1-9504-0b300b7ef3f7-30,1123e424-8487-48b1-9504-0b300b7ef3f7,30,PART003-1,230,Each
b78d6d3e-a9e1-4719-b7e8-ebcd2785a143-10,b78d6d3e-a9e1-4719-b7e8-ebcd2785a143,10,878b88ef-e84f-4638-b870-2dd9b1a124b2-10,878b88ef-e84f-4638-b870-2dd9b1a124b2,10,PART002,300,Each
b78d6d3e-a9e1-4719-b7e8-ebcd2785a143-20,b78d6d3e-a9e1-4719-b7e8-ebcd2785a143,20,878b88ef-e84f-4638-b870-2dd9b1a124b2-20,878b88ef-e84f-4638-b870-2dd9b1a124b2,20,PART003,410,Each
6dc74f11-9e61-4212-80c2-999db59834bc-10,6dc74f11-9e61-4212-80c2-999db59834bc,10,c94e315a-dd77-4999-bbe3-b678f8462cd5-20,c94e315a-dd77-4999-bbe3-b678f8462cd5,20,PART003-3,490,Each
92950b4f-f2ff-4d85-8ea3-efde8d76a7f6-10,92950b4f-f2ff-4d85-8ea3-efde8d76a7f6,10,c94e315a-dd77-4999-bbe3-b678f8462cd5-10,c94e315a-dd77-4999-bbe3-b678f8462cd5,10,PART001,280,Each
5a63e8dc-e798-4ba6-8b4a-37d6f15e3234-10,5a63e8dc-e798-4ba6-8b4a-37d6f15e3234,10,fb9ba622-f056-4af3-928d-21cda0d8dd79-10,fb9ba622-f056-4af3-928d-21cda0d8dd79,10,PART006,500,Each
5a63e8dc-e798-4ba6-8b4a-37d6f15e3234-20,5a63e8dc-e798-4ba6-8b4a-37d6f15e3234,20,fb9ba622-f056-4af3-928d-21cda0d8dd79-20,fb9ba622-f056-4af3-928d-21cda0d8dd79,20,PART004,120,Each
42a5f9c6-71d2-4918-9f91-f90f1df2a06d-10,42a5f9c6-71d2-4918-9f91-f90f1df2a06d,10,b0b84026-7cf1-4566-863e-8eef364ebdd8-10,b0b84026-7cf1-4566-863e-8eef364ebdd8,10,PART003-2,150,Each
42a5f9c6-71d2-4918-9f91-f90f1df2a06d-20,42a5f9c6-71d2-4918-9f91-f90f1df2a06d,20,b0b84026-7cf1-4566-863e-8eef364ebdd8-20,b0b84026-7cf1-4566-863e-8eef364ebdd8,20,PART006,380,Each
7fca902d-a480-4caf-9a02-983d86f715e7-10,7fca902d-a480-4caf-9a02-983d86f715e7,10,781f1d47-1359-421c-9635-58387a1adf6b-20,781f1d47-1359-421c-9635-58387a1adf6b,20,PART003-3,400,Each
a86c88a6-cd06-4ae4-bf0f-c47ed5796832-10,a86c88a6-cd06-4ae4-bf0f-c47ed5796832,10,781f1d47-1359-421c-9635-58387a1adf6b-10,781f1d47-1359-421c-9635-58387a1adf6b,10,PART006,370,Each
a86c88a6-cd06-4ae4-bf0f-c47ed5796832-20,a86c88a6-cd06-4ae4-bf0f-c47ed5796832,20,781f1d47-1359-421c-9635-58387a1adf6b-30,781f1d47-1359-421c-9635-58387a1adf6b,30,PART005,420,Each
c70319f5-79f2-4309-b840-0f100fa05b47-10,c70319f5-79f2-4309-b840-0f100fa05b47,10,65f153b8-4813-4e8f-89ac-867384601556-10,65f153b8-4813-4e8f-89ac-867384601556,10,PART003-3,240,Each
1fce5abc-b232-4e0d-8251-c6f263471395-10,1fce5abc-b232-4e0d-8251-c6f263471395,10,2d9c66e8-43ee-495e-b1c0-7abc9c125e1f-10,2d9c66e8-43ee-495e-b1c0-7abc9c125e1f,10,PART003-2,440,Each
1fce5abc-b232-4e0d-8251-c6f263471395-20,1fce5abc-b232-4e0d-8251-c6f263471395,20,2d9c66e8-43ee-495e-b1c0-7abc9c125e1f-20,2d9c66e8-43ee-495e-b1c0-7abc9c125e1f,20,PART003-3,260,Each
dc943b04-932d-4498-8b0f-bf0576d70373-10,dc943b04-932d-4498-8b0f-bf0576d70373,10,fb1acb97-4367-456e-8e01-ffe15d911d8e-10,fb1acb97-4367-456e-8e01-ffe15d911d8e,10,PART001,480,Each
7065aec7-e9ab-4df5-ab39-70cdf17ec5a4-10,7065aec7-e9ab-4df5-ab39-70cdf17ec5a4,10,fb1acb97-4367-456e-8e01-ffe15d911d8e-20,fb1acb97-4367-456e-8e01-ffe15d911d8e,20,PART005,100,Each
ea845d86-6a2e-44f4-949d-b22dd27f7771-10,ea845d86-6a2e-44f4-949d-b22dd27f7771,10,4f22faca-6ea6-4f73-8d3b-138e9f27a29a-10,4f22faca-6ea6-4f73-8d3b-138e9f27a29a,10,PART006,400,Each
2f49685a-9525-4de3-aa48-12c4aedcdbbf-10,2f49685a-9525-4de3-aa48-12c4aedcdbbf,10,1bbd0109-895d-4ffc-a339-be05f8eb6f91-10,1bbd0109-895d-4ffc-a339-be05f8eb6f91,10,PART005,460,Each
e4056757-655a-447e-b25e-937efdd8130b-10,e4056757-655a-447e-b25e-937efdd8130b,10,b88e5026-6ad8-495c-9aef-12792df6c3a4-20,b88e5026-6ad8-495c-9aef-12792df6c3a4,20,PART004,440,Each
c9c9efff-808e-4c02-9933-be2210695547-10,c9c9efff-808e-4c02-9933-be2210695547,10,b88e5026-6ad8-495c-9aef-12792df6c3a4-10,b88e5026-6ad8-495c-9aef-12792df6c3a4,10,PART003,380,Each
ec6d1bc1-cba0-4759-9ec9-7c62fd2ba202-10,ec6d1bc1-cba0-4759-9ec9-7c62fd2ba202,10,02c2d7c7-e8ce-4ee2-947f-92e17d196847-10,02c2d7c7-e8ce-4ee2-947f-92e17d196847,10,PART003-1,130,Each
ed7ba849-4d6b-4e69-b5a8-70afef0d9351-10,ed7ba849-4d6b-4e69-b5a8-70afef0d9351,10,fffb9934-95dc-4aba-ba9e-60ebf5b6c8c4-10,fffb9934-95dc-4aba-ba9e-60ebf5b6c8c4,10,PART003-3,240,Each
ed7ba849-4d6b-4e69-b5a8-70afef0d9351-20,ed7ba849-4d6b-4e69-b5a8-70afef0d9351,20,fffb9934-95dc-4aba-ba9e-60ebf5b6c8c4-20,fffb9934-95dc-4aba-ba9e-60ebf5b6c8c4,20,PART002,370,Each
ed7ba849-4d6b-4e69-b5a8-70afef0d9351-30,ed7ba849-4d6b-4e69-b5a8-70afef0d9351,30,fffb9934-95dc-4aba-ba9e-60ebf5b6c8c4-30,fffb9934-95dc-4aba-ba9e-60ebf5b6c8c4,30,PART001,110,Each
67f356ef-0f85-4bae-abf3-133091257105-10,67f356ef-0f85-4bae-abf3-133091257105,10,9d8a16a2-f7f7-4e26-8f86-2fe57cc5d118-10,9d8a16a2-f7f7-4e26-8f86-2fe57cc5d118,10,PART003-2,180,Each
7e06f474-7558-4e4c-b1d0-a0e7c6fb5148-10,7e06f474-7558-4e4c-b1d0-a0e7c6fb5148,10,9d8a16a2-f7f7-4e26-8f86-2fe57cc5d118-10,9d8a16a2-f7f7-4e26-8f86-2fe57cc5d118,10,PART003-2,130,Each
b818a35e-b6b7-44e6-a0ba-4403cadfafb0-10,b818a35e-b6b7-44e6-a0ba-4403cadfafb0,10,3f07b4c2-aadc-4ad1-b8fe-d22b4cf7e859-10,3f07b4c2-aadc-4ad1-b8fe-d22b4cf7e859,10,PART003,320,Each
b818a35e-b6b7-44e6-a0ba-4403cadfafb0-20,b818a35e-b6b7-44e6-a0ba-4403cadfafb0,20,3f07b4c2-aadc-4ad1-b8fe-d22b4cf7e859-20,3f07b4c2-aadc-4ad1-b8fe-d22b4cf7e859,20,PART003-1,400,Each
b818a35e-b6b7-44e6-a0ba-4403cadfafb0-30,b818a35e-b6b7-44e6-a0ba-4403cadfafb0,30,3f07b4c2-aadc-4ad1-b8fe-d22b4cf7e859-30,3f07b4c2-aadc-4ad1-b8fe-d22b4cf7e859,30,PART006,380,Each
2a2a1c93-6b20-46cb-b7e4-5051ab50c281-10,2a2a1c93-6b20-46cb-b7e4-5051ab50c281,10,594106d0-44ae-4c50-818d-dd825c0b9fe7-10,594106d0-44ae-4c50-818d-dd825c0b9fe7,10,PART003-2,180,Each
2a2a1c93-6b20-46cb-b7e4-5051ab50c281-20,2a2a1c93-6b20-46cb-b7e4-5051ab50c281,20,594106d0-44ae-4c50-818d-dd825c0b9fe7-20,594106d0-44ae-4c50-818d-dd825c0b9fe7,20,PART006,450,Each
2a2a1c93-6b20-46cb-b7e4-5051ab50c281-30,2a2a1c93-6b20-46cb-b7e4-5051ab50c281,30,594106d0-44ae-4c50-818d-dd825c0b9fe7-30,594106d0-44ae-4c50-818d-dd825c0b9fe7,30,PART003-3,300,Each
ce4aa127-07b9-48e2-995a-86ac9b51865e-10,ce4aa127-07b9-48e2-995a-86ac9b51865e,10,0733e7e1-511c-4fd9-87ee-a2bb1ea9c789-20,0733e7e1-511c-4fd9-87ee-a2bb1ea9c789,20,PART001,410,Each
b8a54544-8afc-4e19-aaa0-cf1d55690195-10,b8a54544-8afc-4e19-aaa0-cf1d55690195,10,0733e7e1-511c-4fd9-87ee-a2bb1ea9c789-10,0733e7e1-511c-4fd9-87ee-a2bb1ea9c789,10,PART005,120,Each
050c4b03-a781-4557-80ab-dd198d0726b3-10,050c4b03-a781-4557-80ab-dd198d0726b3,10,658ca3df-de8b-4834-a273-6ed3a01a9131-10,658ca3df-de8b-4834-a273-6ed3a01a9131,10,PART003-1,50,Each
050c4b03-a781-4557-80ab-dd198d0726b3-20,050c4b03-a781-4557-80ab-dd198d0726b3,20,658ca3df-de8b-4834-a273-6ed3a01a9131-20,658ca3df-de8b-4834-a273-6ed3a01a9131,20,PART003-3,250,Each
050c4b03-a781-4557-80ab-dd198d0726b3-30,050c4b03-a781-4557-80ab-dd198d0726b3,30,658ca3df-de8b-4834-a273-6ed3a01a9131-30,658ca3df-de8b-4834-a273-6ed3a01a9131,30,PART005,170,Each
4c92f3b3-b8a6-4924-bc00-5d8c1ab99d78-10,4c92f3b3-b8a6-4924-bc00-5d8c1ab99d78,10,aff9b0e1-d542-4437-97ae-de3652316bd2-10,aff9b0e1-d542-4437-97ae-de3652316bd2,10,PART003-3,330,Each
4c92f3b3-b8a6-4924-bc00-5d8c1ab99d78-20,4c92f3b3-b8a6-4924-bc00-5d8c1ab99d78,20,aff9b0e1-d542-4437-97ae-de3652316bd2-20,aff9b0e1-d542-4437-97ae-de3652316bd2,20,PART003-2,460,Each
4c92f3b3-b8a6-4924-bc00-5d8c1ab99d78-30,4c92f3b3-b8a6-4924-bc00-5d8c1ab99d78,30,aff9b0e1-d542-4437-97ae-de3652316bd2-30,aff9b0e1-d542-4437-97ae-de3652316bd2,30,PART004,190,Each
4ec9c275-5d08-48eb-aa48-2c660d8c52b5-10,4ec9c275-5d08-48eb-aa48-2c660d8c52b5,10,fb9e3f0e-c29f-49f8-bd57-c7df803da499-20,fb9e3f0e-c29f-49f8-bd57-c7df803da499,20,PART003-1,240,Each
b5cd7b30-ee7b-4a8b-987c-4d1b201af335-10,b5cd7b30-ee7b-4a8b-987c-4d1b201af335,10,fb9e3f0e-c29f-49f8-bd57-c7df803da499-10,fb9e3f0e-c29f-49f8-bd57-c7df803da499,10,PART003-3,330,Each
b5cd7b30-ee7b-4a8b-987c-4d1b201af335-20,b5cd7b30-ee7b-4a8b-987c-4d1b201af335,20,fb9e3f0e-c29f-49f8-bd57-c7df803da499-30,fb9e3f0e-c29f-49f8-bd57-c7df803da499,30,PART005,210,Each
5642d94b-b0f4-4921-bdab-15819fa50f14-10,5642d94b-b0f4-4921-bdab-15819fa50f14,10,cb22ad7d-5711-44a8-a52b-78483b345e6b-10,cb22ad7d-5711-44a8-a52b-78483b345e6b,10,PART003,420,Each
5642d94b-b0f4-4921-bdab-15819fa50f14-20,5642d94b-b0f4-4921-bdab-15819fa50f14,20,cb22ad7d-5711-44a8-a52b-78483b345e6b-20,cb22ad7d-5711-44a8-a52b-78483b345e6b,20,PART003-2,400,Each
bab43cc3-574a-45cb-aca6-34c28334f576-10,bab43cc3-574a-45cb-aca6-34c28334f576,10,3ee44b6f-d0a4-4497-bcbc-0bde907e0b0b-10,3ee44b6f-d0a4-4497-bcbc-0bde907e0b0b,10,PART003-3,140,Each
bab43cc3-574a-45cb-aca6-34c28334f576-20,bab43cc3-574a-45cb-aca6-34c28334f576,20,3ee44b6f-d0a4-4497-bcbc-0bde907e0b0b-20,3ee44b6f-d0a4-4497-bcbc-0bde907e0b0b,20,PART005,500,Each
84fb4688-dd35-4602-ab14-55b0c3a78ea4-10,84fb4688-dd35-4602-ab14-55b0c3a78ea4,10,4a3941f8-36a8-400d-9d7f-f1313a1459b6-30,4a3941f8-36a8-400d-9d7f-f1313a1459b6,30,PART004,390,Each
7342f203-162d-4dcc-8be5-fca192831358-10,7342f203-162d-4dcc-8be5-fca192831358,10,4a3941f8-36a8-400d-9d7f-f1313a1459b6-10,4a3941f8-36a8-400d-9d7f-f1313a1459b6,10,PART003,120,Each
7342f203-162d-4dcc-8be5-fca192831358-20,7342f203-162d-4dcc-8be5-fca192831358,20,4a3941f8-36a8-400d-9d7f-f1313a1459b6-20,4a3941f8-36a8-400d-9d7f-f1313a1459b6,20,PART003-1,320,Each
e9e90f34-ef6a-424a-bbc3-799009f3ef2d-10,e9e90f34-ef6a-424a-bbc3-799009f3ef2d,10,005db58e-3e1a-47f2-bee9-dd3e14067f6f-10,005db58e-3e1a-47f2-bee9-dd3e14067f6f,10,PART003-2,130,Each
e9e90f34-ef6a-424a-bbc3-799009f3ef2d-20,e9e90f34-ef6a-424a-bbc3-799009f3ef2d,20,005db58e-3e1a-47f2-bee9-dd3e14067f6f-20,005db58e-3e1a-47f2-bee9-dd3e14067f6f,20,PART004,480,Each
8b9b19a4-80e9-4d64-a7d6-1e3b4b29b1fb-10,8b9b19a4-80e9-4d64-a7d6-1e3b4b29b1fb,10,525e483a-9f23-4b3a-9945-3e66bcd20a1e-10,525e483a-9f23-4b3a-9945-3e66bcd20a1e,10,PART003-2,130,Each
8b9b19a4-80e9-4d64-a7d6-1e3b4b29b1fb-20,8b9b19a4-80e9-4d64-a7d6-1e3b4b29b1fb,20,525e483a-9f23-4b3a-9945-3e66bcd20a1e-20,525e483a-9f23-4b3a-9945-3e66bcd20a1e,20,PART005,210,Each
8b9b19a4-80e9-4d64-a7d6-1e3b4b29b1fb-30,8b9b19a4-80e9-4d64-a7d6-1e3b4b29b1fb,30,525e483a-9f23-4b3a-9945-3e66bcd20a1e-30,525e483a-9f23-4b3a-9945-3e66bcd20a1e,30,PART002,190,Each
f32b913b-3b15-48d6-a54c-265bc34ed500-10,f32b913b-3b15-48d6-a54c-265bc34ed500,10,2b346e2b-cb64-4527-a447-48f1414d2d23-10,2b346e2b-cb64-4527-a447-48f1414d2d23,10,PART003-3,410,Each
bd76b204-e820-4fe1-9b43-dbecaa4c1055-10,bd76b204-e820-4fe1-9b43-dbecaa4c1055,10,2b346e2b-cb64-4527-a447-48f1414d2d23-20,2b346e2b-cb64-4527-a447-48f1414d2d23,20,PART003,140,Each
bd76b204-e820-4fe1-9b43-dbecaa4c1055-20,bd76b204-e820-4fe1-9b43-dbecaa4c1055,20,2b346e2b-cb64-4527-a447-48f1414d2d23-30,2b346e2b-cb64-4527-a447-48f1414d2d23,30,PART003-1,330,Each
95dfb788-487b-4e21-a78c-98597694eb4d-10,95dfb788-487b-4e21-a78c-98597694eb4d,10,c6c1344f-f527-4075-ad56-2f54ea2e938b-10,c6c1344f-f527-4075-ad56-2f54ea2e938b,10,PART005,50,Each
776bcd6f-5c45-4fb3-a136-b0e9adc853b5-10,776bcd6f-5c45-4fb3-a136-b0e9adc853b5,10,058b4d9d-8e75-4ca0-9666-78b8f5a4b367-10,058b4d9d-8e75-4ca0-9666-78b8f5a4b367,10,PART005,500,Each
776bcd6f-5c45-4fb3-a136-b0e9adc853b5-20,776bcd6f-5c45-4fb3-a136-b0e9adc853b5,20,058b4d9d-8e75-4ca0-9666-78b8f5a4b367-20,058b4d9d-8e75-4ca0-9666-78b8f5a4b367,20,PART003-3,160,Each
50d1780d-bc22-4883-bfd6-d596d27f7d6f-10,50d1780d-bc22-4883-bfd6-d596d27f7d6f,10,2d65290f-0410-4bb6-ba86-72b5d7d47eb0-20,2d65290f-0410-4bb6-ba86-72b5d7d47eb0,20,PART005,90,Each
98a523cd-013a-4809-911e-0a9d3e008b48-10,98a523cd-013a-4809-911e-0a9d3e008b48,10,2d65290f-0410-4bb6-ba86-72b5d7d47eb0-10,2d65290f-0410-4bb6-ba86-72b5d7d47eb0,10,PART006,360,Each
95b2d7fa-bfd5-452f-b259-0a713658439a-10,95b2d7fa-bfd5-452f-b259-0a713658439a,10,87a1e5a4-0ec7-49cf-9dd1-046247c9e708-10,87a1e5a4-0ec7-49cf-9dd1-046247c9e708,10,PART006,290,Each
ac79a055-c36b-440e-aeb9-f42a540ed76e-10,ac79a055-c36b-440e-aeb9-f42a540ed76e,10,e5779ba5-8867-448a-8bd2-dd285d1c9f39-10,e5779ba5-8867-448a-8bd2-dd285d1c9f39,10,PART002,60,Each
4e480bbe-5d5c-4ccf-bcd3-e8244fc4184c-10,4e480bbe-5d5c-4ccf-bcd3-e8244fc4184c,10,c0b042b3-989d-4176-803b-f908608c2633-30,c0b042b3-989d-4176-803b-f908608c2633,30,PART003-3,170,Each
a5005a85-2940-4ff2-ac71-ba0e2dd7f754-10,a5005a85-2940-4ff2-ac71-ba0e2dd7f754,10,c0b042b3-989d-4176-803b-f908608c2633-10,c0b042b3-989d-4176-803b-f908608c2633,10,PART002,240,Each
a5005a85-2940-4ff2-ac71-ba0e2dd7f754-20,a5005a85-2940-4ff2-ac71-ba0e2dd7f754,20,c0b042b3-989d-4176-803b-f908608c2633-20,c0b042b3-989d-4176-803b-f908608c2633,20,PART003-2,490,Each
190700a8-a92e-48ee-bbc1-acade1a20e72-10,190700a8-a92e-48ee-bbc1-acade1a20e72,10,df62bca9-0b1f-4c05-b773-f3884869538d-10,df62bca9-0b1f-4c05-b773-f3884869538d,10,PART003-1,90,Each
a31287fb-e9e2-44a9-91ae-032686e060d3-10,a31287fb-e9e2-44a9-91ae-032686e060d3,10,a409ebb3-4dd9-4dae-94e1-6c6ae77c1ffb-10,a409ebb3-4dd9-4dae-94e1-6c6ae77c1ffb,10,PART002,490,Each
a31287fb-e9e2-44a9-91ae-032686e060d3-20,a31287fb-e9e2-44a9-91ae-032686e060d3,20,a409ebb3-4dd9-4dae-94e1-6c6ae77c1ffb-20,a409ebb3-4dd9-4dae-94e1-6c6ae77c1ffb,20,PART005,290,Each
7c1a306e-9fc5-4f1c-9ae7-bb11c0476905-10,7c1a306e-9fc5-4f1c-9ae7-bb11c0476905,10,0e1b9051-389b-4c95-811a-78344e2e9650-10,0e1b9051-389b-4c95-811a-78344e2e9650,10,PART006,270,Each
40e41ab0-a84c-439b-b7a9-a9313f6c1c52-10,40e41ab0-a84c-439b-b7a9-a9313f6c1c52,10,0e1b9051-389b-4c95-811a-78344e2e9650-20,0e1b9051-389b-4c95-811a-78344e2e9650,20,PART003,310,Each
40e41ab0-a84c-439b-b7a9-a9313f6c1c52-20,40e41ab0-a84c-439b-b7a9-a9313f6c1c52,20,0e1b9051-389b-4c95-811a-78344e2e9650-30,0e1b9051-389b-4c95-811a-78344e2e9650,30,PART001,280,Each
8ca38c8d-a0b1-4752-8f49-169d056f27ae-10,8ca38c8d-a0b1-4752-8f49-169d056f27ae,10,c8d7f6c6-1517-493b-acf1-ed37184e137d-10,c8d7f6c6-1517-493b-acf1-ed37184e137d,10,PART006,490,Each
e3deaf30-33ca-43de-be7b-57578cb047ff-10,e3deaf30-33ca-43de-be7b-57578cb047ff,10,8eb8f93c-eca4-4b71-8c25-9dcbced3d14a-10,8eb8f93c-eca4-4b71-8c25-9dcbced3d14a,10,PART002,80,Each
0d969028-6fa7-4f78-b98c-6d1f7ecc2c1a-10,0d969028-6fa7-4f78-b98c-6d1f7ecc2c1a,10,9edc966f-23eb-498c-9375-6cc359dc14be-20,9edc966f-23eb-498c-9375-6cc359dc14be,20,PART003,400,Each
caea399d-9437-4b11-84ff-8040f69b1d6f-10,caea399d-9437-4b11-84ff-8040f69b1d6f,10,9edc966f-23eb-498c-9375-6cc359dc14be-10,9edc966f-23eb-498c-9375-6cc359dc14be,10,PART006,340,Each
be8b6403-d4e7-46d2-9037-a3547be375cb-10,be8b6403-d4e7-46d2-9037-a3547be375cb,10,da0ca833-5b50-4739-abbf-758fa879988a-10,da0ca833-5b50-4739-abbf-758fa879988a,10,PART003-3,360,Each
d747db04-5536-4401-a394-407cfe1cfa4a-10,d747db04-5536-4401-a394-407cfe1cfa4a,10,10913fb1-c5c5-4dc8-8858-bfd41045f4b7-10,10913fb1-c5c5-4dc8-8858-bfd41045f4b7,10,PART001,110,Each
d747db04-5536-4401-a394-407cfe1cfa4a-20,d747db04-5536-4401-a394-407cfe1cfa4a,20,10913fb1-c5c5-4dc8-8858-bfd41045f4b7-20,10913fb1-c5c5-4dc8-8858-bfd41045f4b7,20,PART004,310,Each
7e0ccf6a-60e2-4c94-9659-623efd3664a8-10,7e0ccf6a-60e2-4c94-9659-623efd3664a8,10,80be4d67-b078-44df-9bc5-bf4debdff421-10,80be4d67-b078-44df-9bc5-bf4debdff421,10,PART004,34,Each
4ba022f7-7730-4947-a0a0-b376209ffca6-10,4ba022f7-7730-4947-a0a0-b376209ffca6,10,80be4d67-b078-44df-9bc5-bf4debdff421-10,80be4d67-b078-44df-9bc5-bf4debdff421,10,PART004,16,Each
3bd0fd48-20a6-4ecb-938d-59857b98d907-10,3bd0fd48-20a6-4ecb-938d-59857b98d907,10,8fb51b42-3e85-4952-ba27-70641d596581-10,8fb51b42-3e85-4952-ba27-70641d596581,10,PART003-1,380,Each
3bd0fd48-20a6-4ecb-938d-59857b98d907-20,3bd0fd48-20a6-4ecb-938d-59857b98d907,20,8fb51b42-3e85-4952-ba27-70641d596581-20,8fb51b42-3e85-4952-ba27-70641d596581,20,PART002,450,Each
b8eda5d9-e71d-44a0-9d33-6c48a48db5cd-10,b8eda5d9-e71d-44a0-9d33-6c48a48db5cd,10,c7be2e01-ff76-4121-adc3-676227203e93-10,c7be2e01-ff76-4121-adc3-676227203e93,10,PART003-3,410,Each
b8eda5d9-e71d-44a0-9d33-6c48a48db5cd-20,b8eda5d9-e71d-44a0-9d33-6c48a48db5cd,20,c7be2e01-ff76-4121-adc3-676227203e93-20,c7be2e01-ff76-4121-adc3-676227203e93,20,PART004,150,Each
92ff7b72-24e8-4d44-83d0-6da0180a56c0-10,92ff7b72-24e8-4d44-83d0-6da0180a56c0,10,a4d4dfea-8985-42c0-9026-3f2f0c1e766c-10,a4d4dfea-8985-42c0-9026-3f2f0c1e766c,10,PART005,240,Each
8cfd7f7b-2bc4-4366-88a8-729d4fe9049c-10,8cfd7f7b-2bc4-4366-88a8-729d4fe9049c,10,a4d4dfea-8985-42c0-9026-3f2f0c1e766c-20,a4d4dfea-8985-42c0-9026-3f2f0c1e766c,20,PART003,120,Each
c3142f9d-b00d-444e-8904-912a59854618-10,c3142f9d-b00d-444e-8904-912a59854618,10,b032f7cf-fed6-4bf2-bfca-639cb26006ea-10,b032f7cf-fed6-4bf2-bfca-639cb26006ea,10,PART003,80,Each
c3142f9d-b00d-444e-8904-912a59854618-20,c3142f9d-b00d-444e-8904-912a59854618,20,b032f7cf-fed6-4bf2-bfca-639cb26006ea-20,b032f7cf-fed6-4bf2-bfca-639cb26006ea,20,PART004,230,Each
f0b1caf8-cd50-438f-b85d-7d903862d652-10,f0b1caf8-cd50-438f-b85d-7d903862d652,10,8cdfe485-5b55-4909-8e9a-8123c67f4726-10,8cdfe485-5b55-4909-8e9a-8123c67f4726,10,PART003-1,430,Each
f0b1caf8-cd50-438f-b85d-7d903862d652-20,f0b1caf8-cd50-438f-b85d-7d903862d652,20,8cdfe485-5b55-4909-8e9a-8123c67f4726-20,8cdfe485-5b55-4909-8e9a-8123c67f4726,20,PART003,230,Each
92daae3f-8dd7-46a2-844c-3757a08e0dc1-10,92daae3f-8dd7-46a2-844c-3757a08e0dc1,10,bb1b5273-6541-4c9a-a3e6-ee18512da0cb-10,bb1b5273-6541-4c9a-a3e6-ee18512da0cb,10,PART003-1,360,Each
240ff513-445b-4428-a841-ce7e5ea43ac4-10,240ff513-445b-4428-a841-ce7e5ea43ac4,10,bb1b5273-6541-4c9a-a3e6-ee18512da0cb-10,bb1b5273-6541-4c9a-a3e6-ee18512da0cb,10,PART003-1,90,Each
d7a4dbf7-f79d-4ab9-942c-b507271c9f19-10,d7a4dbf7-f79d-4ab9-942c-b507271c9f19,10,bce48931-37b8-4f36-81f7-b9d0e76b98c8-10,bce48931-37b8-4f36-81f7-b9d0e76b98c8,10,PART002,500,Each
7eb7948c-f898-4ff4-b44e-289325800529-10,7eb7948c-f898-4ff4-b44e-289325800529,10,dc608281-e0c7-41b5-8808-11e0db1703ea-10,dc608281-e0c7-41b5-8808-11e0db1703ea,10,PART002,480,Each
835aa077-c686-4d4c-9cb7-38d47f8709da-10,835aa077-c686-4d4c-9cb7-38d47f8709da,10,38850b9c-b003-4d0d-959a-69ca5ec08855-20,38850b9c-b003-4d0d-959a-69ca5ec08855,20,PART006,80,Each
e4bc0874-6b4e-4417-b249-f6a615c82990-10,e4bc0874-6b4e-4417-b249-f6a615c82990,10,38850b9c-b003-4d0d-959a-69ca5ec08855-10,38850b9c-b003-4d0d-959a-69ca5ec08855,10,PART003-2,120,Each
fb441ad5-2bbe-42dc-9f73-ce8864545839-10,fb441ad5-2bbe-42dc-9f73-ce8864545839,10,03182a27-7263-4f80-8412-56f313f23e70-10,03182a27-7263-4f80-8412-56f313f23e70,10,PART002,220,Each
fb441ad5-2bbe-42dc-9f73-ce8864545839-20,fb441ad5-2bbe-42dc-9f73-ce8864545839,20,03182a27-7263-4f80-8412-56f313f23e70-20,03182a27-7263-4f80-8412-56f313f23e70,20,PART006,110,Each
fb441ad5-2bbe-42dc-9f73-ce8864545839-30,fb441ad5-2bbe-42dc-9f73-ce8864545839,30,03182a27-7263-4f80-8412-56f313f23e70-30,03182a27-7263-4f80-8412-56f313f23e70,30,PART003,130,Each
36e516aa-1e0f-48ea-8f87-51622befc0c1-10,36e516aa-1e0f-48ea-8f87-51622befc0c1,10,54d6d277-c514-4ddf-acd8-8eacfca77c04-10,54d6d277-c514-4ddf-acd8-8eacfca77c04,10,PART003-2,440,Each
36e516aa-1e0f-48ea-8f87-51622befc0c1-20,36e516aa-1e0f-48ea-8f87-51622befc0c1,20,54d6d277-c514-4ddf-acd8-8eacfca77c04-20,54d6d277-c514-4ddf-acd8-8eacfca77c04,20,PART001,220,Each
36e516aa-1e0f-48ea-8f87-51622befc0c1-30,36e516aa-1e0f-48ea-8f87-51622befc0c1,30,54d6d277-c514-4ddf-acd8-8eacfca77c04-30,54d6d277-c514-4ddf-acd8-8eacfca77c04,30,PART004,270,Each
2ee46925-6e18-469e-904b-dc9e33b7aae4-10,2ee46925-6e18-469e-904b-dc9e33b7aae4,10,b2344468-de45-4b5d-a8da-013fc718ed2c-20,b2344468-de45-4b5d-a8da-013fc718ed2c,20,PART003-2,180,Each
52ff3d2d-206d-4fab-9ade-9b989ad9b4cb-10,52ff3d2d-206d-4fab-9ade-9b989ad9b4cb,10,b2344468-de45-4b5d-a8da-013fc718ed2c-10,b2344468-de45-4b5d-a8da-013fc718ed2c,10,PART004,420,Each
52ff3d2d-206d-4fab-9ade-9b989ad9b4cb-20,52ff3d2d-206d-4fab-9ade-9b989ad9b4cb,20,b2344468-de45-4b5d-a8da-013fc718ed2c-30,b2344468-de45-4b5d-a8da-013fc718ed2c,30,PART006,150,Each
647aa33e-7b76-468b-82ea-813c85c8855e-10,647aa33e-7b76-468b-82ea-813c85c8855e,10,7947baf3-c49a-48f7-976a-54a087e41af7-10,7947baf3-c49a-48f7-976a-54a087e41af7,10,PART004,180,Each
647aa33e-7b76-468b-82ea-813c85c8855e-20,647aa33e-7b76-468b-82ea-813c85c8855e,20,7947baf3-c49a-48f7-976a-54a087e41af7-20,7947baf3-c49a-48f7-976a-54a087e41af7,20,PART006,170,Each
f8959000-ff80-4cbe-9cf0-8db5ee0ec2bf-10,f8959000-ff80-4cbe-9cf0-8db5ee0ec2bf,10,e697e7de-f6af-4672-a02a-f969cf784913-10,e697e7de-f6af-4672-a02a-f969cf784913,10,PART004,150,Each
1f35aaf3-3888-4fd5-b84b-f01c235ff62e-10,1f35aaf3-3888-4fd5-b84b-f01c235ff62e,10,6fcf8fcf-933d-48b1-be9a-88eea47a75da-10,6fcf8fcf-933d-48b1-be9a-88eea47a75da,10,PART003-1,110,Each
432492f1-97c4-42b8-a5c0-2e8ca73a4264-10,432492f1-97c4-42b8-a5c0-2e8ca73a4264,10,6fcf8fcf-933d-48b1-be9a-88eea47a75da-20,6fcf8fcf-933d-48b1-be9a-88eea47a75da,20,PART003,410,Each
432492f1-97c4-42b8-a5c0-2e8ca73a4264-20,432492f1-97c4-42b8-a5c0-2e8ca73a4264,20,6fcf8fcf-933d-48b1-be9a-88eea47a75da-30,6fcf8fcf-933d-48b1-be9a-88eea47a75da,30,PART003-3,310,Each
18bf28b1-c899-4401-8871-b2f50a1a1f06-10,18bf28b1-c899-4401-8871-b2f50a1a1f06,10,f27da9ff-2baa-477a-8d24-a971085490c0-10,f27da9ff-2baa-477a-8d24-a971085490c0,10,PART002,290,Each
18bf28b1-c899-4401-8871-b2f50a1a1f06-20,18bf28b1-c899-4401-8871-b2f50a1a1f06,20,f27da9ff-2baa-477a-8d24-a971085490c0-20,f27da9ff-2baa-477a-8d24-a971085490c0,20,PART005,190,Each
a9a7059e-15b4-4dfa-8571-34708be09605-10,a9a7059e-15b4-4dfa-8571-34708be09605,10,4c2f1234-2708-4046-a409-2b7b77ad0fc5-10,4c2f1234-2708-4046-a409-2b7b77ad0fc5,10,PART003-1,220,Each
a9a7059e-15b4-4dfa-8571-34708be09605-20,a9a7059e-15b4-4dfa-8571-34708be09605,20,4c2f1234-2708-4046-a409-2b7b77ad0fc5-20,4c2f1234-2708-4046-a409-2b7b77ad0fc5,20,PART003-2,440,Each
33a5a0b2-9537-4fb2-b7b4-b03ad423760f-10,33a5a0b2-9537-4fb2-b7b4-b03ad423760f,10,4503ed7b-7c65-49cf-b853-2bbf65589157-10,4503ed7b-7c65-49cf-b853-2bbf65589157,10,PART002,260,Each
f410e92e-106f-4f7c-82cd-f99d1d048b2b-10,f410e92e-106f-4f7c-82cd-f99d1d048b2b,10,4503ed7b-7c65-49cf-b853-2bbf65589157-20,4503ed7b-7c65-49cf-b853-2bbf65589157,20,PART003,190,Each
f410e92e-106f-4f7c-82cd-f99d1d048b2b-20,f410e92e-106f-4f7c-82cd-f99d1d048b2b,20,4503ed7b-7c65-49cf-b853-2bbf65589157-30,4503ed7b-7c65-49cf-b853-2bbf65589157,30,PART006,400,Each
9c5bbe35-2bdd-4caa-b6e3-6bfa127ce193-10,9c5bbe35-2bdd-4caa-b6e3-6bfa127ce193,10,f16691b8-8593-4ac8-baf3-a4b784f999d5-10,f16691b8-8593-4ac8-baf3-a4b784f999d5,10,PART006,410,Each
9c5bbe35-2bdd-4caa-b6e3-6bfa127ce193-20,9c5bbe35-2bdd-4caa-b6e3-6bfa127ce193,20,f16691b8-8593-4ac8-baf3-a4b784f999d5-20,f16691b8-8593-4ac8-baf3-a4b784f999d5,20,PART003,250,Each
9c5bbe35-2bdd-4caa-b6e3-6bfa127ce193-30,9c5bbe35-2bdd-4caa-b6e3-6bfa127ce193,30,f16691b8-8593-4ac8-baf3-a4b784f999d5-30,f16691b8-8593-4ac8-baf3-a4b784f999d5,30,PART002,110,Each
de84b831-8cf5-4ada-85a5-326e569938d1-10,de84b831-8cf5-4ada-85a5-326e569938d1,10,3a893716-9e4c-4acc-aa0d-52a1beecff85-10,3a893716-9e4c-4acc-aa0d-52a1beecff85,10,PART002,220,Each
b4f4ac71-a94e-47ad-9362-123f5ffab7ad-10,b4f4ac71-a94e-47ad-9362-123f5ffab7ad,10,8fb78771-cbca-4a45-9d68-63df339be0cb-20,8fb78771-cbca-4a45-9d68-63df339be0cb,20,PART005,90,Each
0d2e59b9-40db-44f9-b3d7-8268b6862d3d-10,0d2e59b9-40db-44f9-b3d7-8268b6862d3d,10,8fb78771-cbca-4a45-9d68-63df339be0cb-10,8fb78771-cbca-4a45-9d68-63df339be0cb,10,PART001,80,Each
0d2e59b9-40db-44f9-b3d7-8268b6862d3d-20,0d2e59b9-40db-44f9-b3d7-8268b6862d3d,20,8fb78771-cbca-4a45-9d68-63df339be0cb-30,8fb78771-cbca-4a45-9d68-63df339be0cb,30,PART002,200,Each
8cecb1d2-2903-4076-837d-041cc7d52808-10,8cecb1d2-2903-4076-837d-041cc7d52808,10,911e2c59-59df-496b-8e63-892058b779b5-10,911e2c59-59df-496b-8e63-892058b779b5,10,PART004,270,Each
b8a3edc4-dfa9-4b16-a37f-ccb495ef7cb0-10,b8a3edc4-dfa9-4b16-a37f-ccb495ef7cb0,10,8cdc88bf-f85d-4f52-94d7-c65e4a1fe481-10,8cdc88bf-f85d-4f52-94d7-c65e4a1fe481,10,PART006,470,Each
b8a3edc4-dfa9-4b16-a37f-ccb495ef7cb0-20,b8a3edc4-dfa9-4b16-a37f-ccb495ef7cb0,20,8cdc88bf-f85d-4f52-94d7-c65e4a1fe481-20,8cdc88bf-f85d-4f52-94d7-c65e4a1fe481,20,PART003-1,200,Each
b8a3edc4-dfa9-4b16-a37f-ccb495ef7cb0-30,b8a3edc4-dfa9-4b16-a37f-ccb495ef7cb0,30,8cdc88bf-f85d-4f52-94d7-c65e4a1fe481-30,8cdc88bf-f85d-4f52-94d7-c65e4a1fe481,30,PART002,470,Each
be11c793-ee7d-462e-b96e-4d663794a817-10,be11c793-ee7d-462e-b96e-4d663794a817,10,b442e344-da67-4c6c-8004-f9b2b343cabb-30,b442e344-da67-4c6c-8004-f9b2b343cabb,30,PART003-1,170,Each
98b21ce7-746a-4474-a23c-d435940c7819-10,98b21ce7-746a-4474-a23c-d435940c7819,10,b442e344-da67-4c6c-8004-f9b2b343cabb-10,b442e344-da67-4c6c-8004-f9b2b343cabb,10,PART005,180,Each
98b21ce7-746a-4474-a23c-d435940c7819-20,98b21ce7-746a-4474-a23c-d435940c7819,20,b442e344-da67-4c6c-8004-f9b2b343cabb-20,b442e344-da67-4c6c-8004-f9b2b343cabb,20,PART004,250,Each
01e2f4cb-06a3-4824-8b18-6475ddd84a10-10,01e2f4cb-06a3-4824-8b18-6475ddd84a10,10,eb6c79dc-ec0a-4470-8c57-72296a39228e-10,eb6c79dc-ec0a-4470-8c57-72296a39228e,10,PART005,220,Each
01e2f4cb-06a3-4824-8b18-6475ddd84a10-20,01e2f4cb-06a3-4824-8b18-6475ddd84a10,20,eb6c79dc-ec0a-4470-8c57-72296a39228e-20,eb6c79dc-ec0a-4470-8c57-72296a39228e,20,PART006,360,Each
01e2f4cb-06a3-4824-8b18-6475ddd84a10-30,01e2f4cb-06a3-4824-8b18-6475ddd84a10,30,eb6c79dc-ec0a-4470-8c57-72296a39228e-30,eb6c79dc-ec0a-4470-8c57-72296a39228e,30,PART002,370,Each
c4c1c5f5-740e-4035-8ec3-f5d58f52c11b-10,c4c1c5f5-740e-4035-8ec3-f5d58f52c11b,10,975a0be2-f07e-4951-874e-005a4aa2d972-10,975a0be2-f07e-4951-874e-005a4aa2d972,10,PART002,270,Each
c4c1c5f5-740e-4035-8ec3-f5d58f52c11b-20,c4c1c5f5-740e-4035-8ec3-f5d58f52c11b,20,975a0be2-f07e-4951-874e-005a4aa2d972-20,975a0be2-f07e-4951-874e-005a4aa2d972,20,PART003-3,360,Each
c4c1c5f5-740e-4035-8ec3-f5d58f52c11b-30,c4c1c5f5-740e-4035-8ec3-f5d58f52c11b,30,975a0be2-f07e-4951-874e-005a4aa2d972-30,975a0be2-f07e-4951-874e-005a4aa2d972,30,PART006,380,Each
0ec20894-02e8-45f6-8e1c-3d59877ce1c8-10,0ec20894-02e8-45f6-8e1c-3d59877ce1c8,10,eaa46e40-e592-47fa-b04c-31e46c118c61-10,eaa46e40-e592-47fa-b04c-31e46c118c61,10,PART003-2,160,Each
c22daf28-8f34-4536-8d6d-8cf9beac8a9d-10,c22daf28-8f34-4536-8d6d-8cf9beac8a9d,10,eaa46e40-e592-47fa-b04c-31e46c118c61-20,eaa46e40-e592-47fa-b04c-31e46c118c61,20,PART003-1,50,Each
c22daf28-8f34-4536-8d6d-8cf9beac8a9d-20,c22daf28-8f34-4536-8d6d-8cf9beac8a9d,20,eaa46e40-e592-47fa-b04c-31e46c118c61-30,eaa46e40-e592-47fa-b04c-31e46c118c61,30,PART003-3,240,Each
8e497db2-44e7-453c-a1b8-ea0e1147d027-10,8e497db2-44e7-453c-a1b8-ea0e1147d027,10,7791578f-401f-4490-aeee-7c37b4e95c85-10,7791578f-401f-4490-aeee-7c37b4e95c85,10,PART003,380,Each
ccb1ff6f-5474-4059-9fdf-caf9166aa31c-10,ccb1ff6f-5474-4059-9fdf-caf9166aa31c,10,52820488-b7eb-4718-827e-257a15509149-10,52820488-b7eb-4718-827e-257a15509149,10,PART002,290,Each
ccb1ff6f-5474-4059-9fdf-caf9166aa31c-20,ccb1ff6f-5474-4059-9fdf-caf9166aa31c,20,52820488-b7eb-4718-827e-257a15509149-20,52820488-b7eb-4718-827e-257a15509149,20,PART003-1,290,Each
ccb1ff6f-5474-4059-9fdf-caf9166aa31c-30,ccb1ff6f-5474-4059-9fdf-caf9166aa31c,30,52820488-b7eb-4718-827e-257a15509149-30,52820488-b7eb-4718-827e-257a15509149,30,PART006,360,Each
673c9ab6-7bfe-455b-94d5-db52841ff160-10,673c9ab6-7bfe-455b-94d5-db52841ff160,10,244eb782-b34f-4476-baf6-e34d640f11f7-10,244eb782-b34f-4476-baf6-e34d640f11f7,10,PART003-2,194,Each
d452b5da-e2a9-4f2a-adc6-3d84828abbc0-10,d452b5da-e2a9-4f2a-adc6-3d84828abbc0,10,244eb782-b34f-4476-baf6-e34d640f11f7-10,244eb782-b34f-4476-baf6-e34d640f11f7,10,PART003-2,146,Each
19012b2d-c2ed-4305-aeed-258b84e79395-10,19012b2d-c2ed-4305-aeed-258b84e79395,10,d37e0797-4008-4886-80e9-dada215c4c0f-10,d37e0797-4008-4886-80e9-dada215c4c0f,10,PART003-3,480,Each
19012b2d-c2ed-4305-aeed-258b84e79395-20,19012b2d-c2ed-4305-aeed-258b84e79395,20,d37e0797-4008-4886-80e9-dada215c4c0f-20,d37e0797-4008-4886-80e9-dada215c4c0f,20,PART003-1,180,Each
19012b2d-c2ed-4305-aeed-258b84e79395-30,19012b2d-c2ed-4305-aeed-258b84e79395,30,d37e0797-4008-4886-80e9-dada215c4c0f-30,d37e0797-4008-4886-80e9-dada215c4c0f,30,PART004,100,Each
77fa8790-143c-431a-bf7f-fb0d91555c51-10,77fa8790-143c-431a-bf7f-fb0d91555c51,10,df3c8403-4220-4f60-86c6-d0dd11a99562-10,df3c8403-4220-4f60-86c6-d0dd11a99562,10,PART003-2,490,Each
c0655f8c-b05d-44d5-a723-760b59c8e383-10,c0655f8c-b05d-44d5-a723-760b59c8e383,10,18bd4f18-b222-4b6c-9750-f485a6bc8263-30,18bd4f18-b222-4b6c-9750-f485a6bc8263,30,PART001,170,Each
a40d840b-774b-423a-8227-b1e97d245254-10,a40d840b-774b-423a-8227-b1e97d245254,10,18bd4f18-b222-4b6c-9750-f485a6bc8263-10,18bd4f18-b222-4b6c-9750-f485a6bc8263,10,PART003-2,230,Each
a40d840b-774b-423a-8227-b1e97d245254-20,a40d840b-774b-423a-8227-b1e97d245254,20,18bd4f18-b222-4b6c-9750-f485a6bc8263-20,18bd4f18-b222-4b6c-9750-f485a6bc8263,20,PART006,350,Each
927cbd36-dfa1-48c5-93fd-abf142a79500-10,927cbd36-dfa1-48c5-93fd-abf142a79500,10,3a7f44dd-4ff1-43a3-ac9a-1197d34af705-10,3a7f44dd-4ff1-43a3-ac9a-1197d34af705,10,PART003,280,Each
927cbd36-dfa1-48c5-93fd-abf142a79500-20,927cbd36-dfa1-48c5-93fd-abf142a79500,20,3a7f44dd-4ff1-43a3-ac9a-1197d34af705-20,3a7f44dd-4ff1-43a3-ac9a-1197d34af705,20,PART003-3,140,Each
185a02b0-98d0-4810-a3ac-026095967a7c-10,185a02b0-98d0-4810-a3ac-026095967a7c,10,957fe570-a9e3-4eb5-b569-492de4540eb4-10,957fe570-a9e3-4eb5-b569-492de4540eb4,10,PART005,260,Each
4a1060d7-971e-4a1b-8500-38613927f642-10,4a1060d7-971e-4a1b-8500-38613927f642,10,eab09e46-7631-4e57-87d6-f866636f2488-10,eab09e46-7631-4e57-87d6-f866636f2488,10,PART003-1,175,Each
5f900eb5-b9c7-444b-8183-71d56f5ef2e1-10,5f900eb5-b9c7-444b-8183-71d56f5ef2e1,10,eab09e46-7631-4e57-87d6-f866636f2488-10,eab09e46-7631-4e57-87d6-f866636f2488,10,PART003-1,325,Each
a977b266-74d6-441e-9f2d-e351bdb95620-10,a977b266-74d6-441e-9f2d-e351bdb95620,10,b92240d4-33cd-4be2-9bbe-953eab25e3e4-10,b92240d4-33cd-4be2-9bbe-953eab25e3e4,10,PART003,270,Each
a977b266-74d6-441e-9f2d-e351bdb95620-20,a977b266-74d6-441e-9f2d-e351bdb95620,20,b92240d4-33cd-4be2-9bbe-953eab25e3e4-20,b92240d4-33cd-4be2-9bbe-953eab25e3e4,20,PART004,140,Each
91faf710-cd58-45d1-8d20-4e8da5c6b4e0-10,91faf710-cd58-45d1-8d20-4e8da5c6b4e0,10,9c942746-ccc1-443d-ab8c-d9d1008c290b-10,9c942746-ccc1-443d-ab8c-d9d1008c290b,10,PART002,390,Each
b7909257-28ca-4159-829b-30003219f4bc-10,b7909257-28ca-4159-829b-30003219f4bc,10,3f9a8c6d-d2a1-4fb0-92f2-0a47a821fe0f-20,3f9a8c6d-d2a1-4fb0-92f2-0a47a821fe0f,20,PART003,70,Each
a9c77bba-4f87-4186-85d2-df829a9c66f7-10,a9c77bba-4f87-4186-85d2-df829a9c66f7,10,3f9a8c6d-d2a1-4fb0-92f2-0a47a821fe0f-10,3f9a8c6d-d2a1-4fb0-92f2-0a47a821fe0f,10,PART003-2,430,Each
97b15023-6a41-4845-8963-6551310f8f19-10,97b15023-6a41-4845-8963-6551310f8f19,10,abe2156e-9e0e-45be-892c-709c52fdd28c-10,abe2156e-9e0e-45be-892c-709c52fdd28c,10,PART003,90,Each
cd30bb42-a92c-47ae-a4a2-40f5e9720699-10,cd30bb42-a92c-47ae-a4a2-40f5e9720699,10,e5674d1a-3f60-412b-8fc9-bcca117d29ec-10,e5674d1a-3f60-412b-8fc9-bcca117d29ec,10,PART002,230,Each
cd30bb42-a92c-47ae-a4a2-40f5e9720699-20,cd30bb42-a92c-47ae-a4a2-40f5e9720699,20,e5674d1a-3f60-412b-8fc9-bcca117d29ec-20,e5674d1a-3f60-412b-8fc9-bcca117d29ec,20,PART005,460,Each
cd30bb42-a92c-47ae-a4a2-40f5e9720699-30,cd30bb42-a92c-47ae-a4a2-40f5e9720699,30,e5674d1a-3f60-412b-8fc9-bcca117d29ec-30,e5674d1a-3f60-412b-8fc9-bcca117d29ec,30,PART004,410,Each
f3372a43-8cce-4808-8b8d-d5e2a300982e-10,f3372a43-8cce-4808-8b8d-d5e2a300982e,10,e57140c0-0e84-4001-8088-211f98d452d0-10,e57140c0-0e84-4001-8088-211f98d452d0,10,PART006,28,Each
7e9af00f-9a11-4629-acd0-856f1a66ab47-10,7e9af00f-9a11-4629-acd0-856f1a66ab47,10,e57140c0-0e84-4001-8088-211f98d452d0-10,e57140c0-0e84-4001-8088-211f98d452d0,10,PART006,52,Each
f30e91b0-6d61-4387-a643-d4272f72291c-10,f30e91b0-6d61-4387-a643-d4272f72291c,10,4754b9ed-8cfb-47f3-a971-4c80b36705ac-10,4754b9ed-8cfb-47f3-a971-4c80b36705ac,10,PART003-3,410,Each
f30e91b0-6d61-4387-a643-d4272f72291c-20,f30e91b0-6d61-4387-a643-d4272f72291c,20,4754b9ed-8cfb-47f3-a971-4c80b36705ac-20,4754b9ed-8cfb-47f3-a971-4c80b36705ac,20,PART003-1,190,Each
a0cb6bf7-c6fa-4624-b22d-01a20c9407bb-10,a0cb6bf7-c6fa-4624-b22d-01a20c9407bb,10,c275c47f-3b7e-4e2e-8b57-bc6594a52200-10,c275c47f-3b7e-4e2e-8b57-bc6594a52200,10,PART003-3,280,Each
d6ddb194-c694-42a6-8347-e90a813d54a3-10,d6ddb194-c694-42a6-8347-e90a813d54a3,10,a785d149-3557-4485-a2f8-9420bd764a18-10,a785d149-3557-4485-a2f8-9420bd764a18,10,PART003-2,330,Each
4e8fa78a-81b2-4e16-b140-03dfd0955848-10,4e8fa78a-81b2-4e16-b140-03dfd0955848,10,a785d149-3557-4485-a2f8-9420bd764a18-20,a785d149-3557-4485-a2f8-9420bd764a18,20,PART003-1,220,Each
4e8fa78a-81b2-4e16-b140-03dfd0955848-20,4e8fa78a-81b2-4e16-b140-03dfd0955848,20,a785d149-3557-4485-a2f8-9420bd764a18-30,a785d149-3557-4485-a2f8-9420bd764a18,30,PART004,490,Each
b2e54851-d9e3-4f93-b9c0-19d32f638a90-10,b2e54851-d9e3-4f93-b9c0-19d32f638a90,10,1360c47c-1fcf-43fd-bd45-c93cbeb8b896-10,1360c47c-1fcf-43fd-bd45-c93cbeb8b896,10,PART006,480,Each
b2e54851-d9e3-4f93-b9c0-19d32f638a90-20,b2e54851-d9e3-4f93-b9c0-19d32f638a90,20,1360c47c-1fcf-43fd-bd45-c93cbeb8b896-20,1360c47c-1fcf-43fd-bd45-c93cbeb8b896,20,PART001,450,Each
b2e54851-d9e3-4f93-b9c0-19d32f638a90-30,b2e54851-d9e3-4f93-b9c0-19d32f638a90,30,1360c47c-1fcf-43fd-bd45-c93cbeb8b896-30,1360c47c-1fcf-43fd-bd45-c93cbeb8b896,30,PART003,440,Each
14526617-3d76-4307-9225-8e7135940f77-10,14526617-3d76-4307-9225-8e7135940f77,10,1f757646-93b9-4c4c-8895-4243047d27a1-10,1f757646-93b9-4c4c-8895-4243047d27a1,10,PART003,110,Each
80ad32d5-2efb-4e89-a4c4-97f2d32f6167-10,80ad32d5-2efb-4e89-a4c4-97f2d32f6167,10,015d9dce-f48b-472a-b121-ca02ece23906-20,015d9dce-f48b-472a-b121-ca02ece23906,20,PART001,90,Each
cbade138-9d41-4d1b-b809-c4c7bb6748af-10,cbade138-9d41-4d1b-b809-c4c7bb6748af,10,015d9dce-f48b-472a-b121-ca02ece23906-10,015d9dce-f48b-472a-b121-ca02ece23906,10,PART003,350,Each
cbade138-9d41-4d1b-b809-c4c7bb6748af-20,cbade138-9d41-4d1b-b809-c4c7bb6748af,20,015d9dce-f48b-472a-b121-ca02ece23906-30,015d9dce-f48b-472a-b121-ca02ece23906,30,PART005,500,Each
1e0e9cd0-8c6e-4cac-b7c9-3c4bcad7e38d-10,1e0e9cd0-8c6e-4cac-b7c9-3c4bcad7e38d,10,07a03707-f8b9-4009-b5b7-2c282e893257-10,07a03707-f8b9-4009-b5b7-2c282e893257,10,PART003-2,100,Each
1e0e9cd0-8c6e-4cac-b7c9-3c4bcad7e38d-20,1e0e9cd0-8c6e-4cac-b7c9-3c4bcad7e38d,20,07a03707-f8b9-4009-b5b7-2c282e893257-20,07a03707-f8b9-4009-b5b7-2c282e893257,20,PART003-3,50,Each
eda26da9-9f6a-469b-9995-8a8d91db4d81-10,eda26da9-9f6a-469b-9995-8a8d91db4d81,10,67e8f1fe-df3c-4d6b-b2d4-158558cfec51-10,67e8f1fe-df3c-4d6b-b2d4-158558cfec51,10,PART003-3,240,Each
21f6a7cf-7fa1-4f86-a12c-9370a1b187bf-10,21f6a7cf-7fa1-4f86-a12c-9370a1b187bf,10,20f86888-9322-4429-8d76-b9b60564ad39-10,20f86888-9322-4429-8d76-b9b60564ad39,10,PART003-3,50,Each
9f6f8a3c-714e-4333-aa76-936a69edab88-10,9f6f8a3c-714e-4333-aa76-936a69edab88,10,20f86888-9322-4429-8d76-b9b60564ad39-10,20f86888-9322-4429-8d76-b9b60564ad39,10,PART003-3,110,Each
3941ec61-b9c1-4bf9-8b0c-1cceb1482d6f-10,3941ec61-b9c1-4bf9-8b0c-1cceb1482d6f,10,e8350590-3cf2-41db-bd93-4a3f9cd55af4-10,e8350590-3cf2-41db-bd93-4a3f9cd55af4,10,PART006,120,Each
3941ec61-b9c1-4bf9-8b0c-1cceb1482d6f-20,3941ec61-b9c1-4bf9-8b0c-1cceb1482d6f,20,e8350590-3cf2-41db-bd93-4a3f9cd55af4-20,e8350590-3cf2-41db-bd93-4a3f9cd55af4,20,PART002,50,Each
137bc949-2a40-4acc-8f12-af2f1fdbc47d-10,137bc949-2a40-4acc-8f12-af2f1fdbc47d,10,f4c6c32d-1512-4ff3-83f9-8eeb605ebb0c-10,f4c6c32d-1512-4ff3-83f9-8eeb605ebb0c,10,PART003,270,Each
137bc949-2a40-4acc-8f12-af2f1fdbc47d-20,137bc949-2a40-4acc-8f12-af2f1fdbc47d,20,f4c6c32d-1512-4ff3-83f9-8eeb605ebb0c-20,f4c6c32d-1512-4ff3-83f9-8eeb605ebb0c,20,PART002,300,Each
396b34af-7c74-4a2f-94d0-250f046253b8-10,396b34af-7c74-4a2f-94d0-250f046253b8,10,24aeb3ba-f917-448a-b09b-543ae7d4aaf1-10,24aeb3ba-f917-448a-b09b-543ae7d4aaf1,10,PART003-1,270,Each
9226ed05-8a3f-459f-88b1-5b1cd8e64fbe-10,9226ed05-8a3f-459f-88b1-5b1cd8e64fbe,10,24aeb3ba-f917-448a-b09b-543ae7d4aaf1-20,24aeb3ba-f917-448a-b09b-543ae7d4aaf1,20,PART002,130,Each
646f1220-2d07-4a54-bbd5-44cf705a982e-10,646f1220-2d07-4a54-bbd5-44cf705a982e,10,cba1e35a-658e-4f42-a3a2-2b28ed4cca67-10,cba1e35a-658e-4f42-a3a2-2b28ed4cca67,10,PART005,80,Each
646f1220-2d07-4a54-bbd5-44cf705a982e-20,646f1220-2d07-4a54-bbd5-44cf705a982e,20,cba1e35a-658e-4f42-a3a2-2b28ed4cca67-20,cba1e35a-658e-4f42-a3a2-2b28ed4cca67,20,PART003-2,140,Each
646f1220-2d07-4a54-bbd5-44cf705a982e-30,646f1220-2d07-4a54-bbd5-44cf705a982e,30,cba1e35a-658e-4f42-a3a2-2b28ed4cca67-30,cba1e35a-658e-4f42-a3a2-2b28ed4cca67,30,PART002,240,Each
1395184d-32e0-4f4a-b27d-b6b26aa748f4-10,1395184d-32e0-4f4a-b27d-b6b26aa748f4,10,f18b5b5b-e903-4dd4-bd71-95e21d9c01cf-10,f18b5b5b-e903-4dd4-bd71-95e21d9c01cf,10,PART002,340,Each
9399fac0-1ff9-4a65-8d13-f27752086fa1-10,9399fac0-1ff9-4a65-8d13-f27752086fa1,10,1097e024-8493-4677-99d5-afd054ce8982-10,1097e024-8493-4677-99d5-afd054ce8982,10,PART003-1,130,Each
4f74f404-5201-45d3-8699-be21afe60a58-10,4f74f404-5201-45d3-8699-be21afe60a58,10,1097e024-8493-4677-99d5-afd054ce8982-20,1097e024-8493-4677-99d5-afd054ce8982,20,PART001,180,Each
6ac0c003-5e9a-4e8e-9b7b-976713d5a1e1-10,6ac0c003-5e9a-4e8e-9b7b-976713d5a1e1,10,6aeb0451-ecb0-477d-b142-387e6f6b1f02-10,6aeb0451-ecb0-477d-b142-387e6f6b1f02,10,PART003,500,Each
6ac0c003-5e9a-4e8e-9b7b-976713d5a1e1-20,6ac0c003-5e9a-4e8e-9b7b-976713d5a1e1,20,6aeb0451-ecb0-477d-b142-387e6f6b1f02-20,6aeb0451-ecb0-477d-b142-387e6f6b1f02,20,PART001,380,Each
89e53ac0-63a4-4170-b6c3-e3fb32f84c18-10,89e53ac0-63a4-4170-b6c3-e3fb32f84c18,10,88bae844-e918-4803-abeb-5fbbd07c1f47-10,88bae844-e918-4803-abeb-5fbbd07c1f47,10,PART004,370,Each
89e53ac0-63a4-4170-b6c3-e3fb32f84c18-20,89e53ac0-63a4-4170-b6c3-e3fb32f84c18,20,88bae844-e918-4803-abeb-5fbbd07c1f47-20,88bae844-e918-4803-abeb-5fbbd07c1f47,20,PART002,130,Each
89e53ac0-63a4-4170-b6c3-e3fb32f84c18-30,89e53ac0-63a4-4170-b6c3-e3fb32f84c18,30,88bae844-e918-4803-abeb-5fbbd07c1f47-30,88bae844-e918-4803-abeb-5fbbd07c1f47,30,PART003,440,Each
218e47ea-2b00-4007-b5ae-3028df85e7c2-10,218e47ea-2b00-4007-b5ae-3028df85e7c2,10,43ad557e-2353-4226-a51e-67dba2d6133a-10,43ad557e-2353-4226-a51e-67dba2d6133a,10,PART005,132,Each
577d9cfb-167c-45c7-8a34-f938462a2703-10,577d9cfb-167c-45c7-8a34-f938462a2703,10,43ad557e-2353-4226-a51e-67dba2d6133a-10,43ad557e-2353-4226-a51e-67dba2d6133a,10,PART005,338,Each
f8233018-420a-4c39-a228-78e3d1f0f65e-10,f8233018-420a-4c39-a228-78e3d1f0f65e,10,bf1f2373-4579-49a6-8238-a8b2b4ba453a-10,bf1f2373-4579-49a6-8238-a8b2b4ba453a,10,PART003-1,80,Each
f8233018-420a-4c39-a228-78e3d1f0f65e-20,f8233018-420a-4c39-a228-78e3d1f0f65e,20,bf1f2373-4579-49a6-8238-a8b2b4ba453a-20,bf1f2373-4579-49a6-8238-a8b2b4ba453a,20,PART005,140,Each
f8233018-420a-4c39-a228-78e3d1f0f65e-30,f8233018-420a-4c39-a228-78e3d1f0f65e,30,bf1f2373-4579-49a6-8238-a8b2b4ba453a-30,bf1f2373-4579-49a6-8238-a8b2b4ba453a,30,PART002,70,Each
f43ae6f6-def6-4994-94b0-47f788dbcb96-10,f43ae6f6-def6-4994-94b0-47f788dbcb96,10,063e89cd-a202-411f-bc31-2fba29706337-10,063e89cd-a202-411f-bc31-2fba29706337,10,PART002,260,Each
f43ae6f6-def6-4994-94b0-47f788dbcb96-20,f43ae6f6-def6-4994-94b0-47f788dbcb96,20,063e89cd-a202-411f-bc31-2fba29706337-20,063e89cd-a202-411f-bc31-2fba29706337,20,PART003-2,210,Each
5e590dc1-386d-4822-988c-36d3877a4dc2-10,5e590dc1-386d-4822-988c-36d3877a4dc2,10,2b5aa27a-4d94-44fa-8cb4-e56290649882-30,2b5aa27a-4d94-44fa-8cb4-e56290649882,30,PART001,160,Each
69425630-a94f-4472-84af-e51a50d152ba-10,69425630-a94f-4472-84af-e51a50d152ba,10,2b5aa27a-4d94-44fa-8cb4-e56290649882-10,2b5aa27a-4d94-44fa-8cb4-e56290649882,10,PART002,350,Each
69425630-a94f-4472-84af-e51a50d152ba-20,69425630-a94f-4472-84af-e51a50d152ba,20,2b5aa27a-4d94-44fa-8cb4-e56290649882-20,2b5aa27a-4d94-44fa-8cb4-e56290649882,20,PART003-3,420,Each
256b11ad-1673-414c-ad27-ebe9008c6e1a-10,256b11ad-1673-414c-ad27-ebe9008c6e1a,10,d82e093d-d81c-4219-9089-069943ecaaab-10,d82e093d-d81c-4219-9089-069943ecaaab,10,PART006,270,Each
256b11ad-1673-414c-ad27-ebe9008c6e1a-20,256b11ad-1673-414c-ad27-ebe9008c6e1a,20,d82e093d-d81c-4219-9089-069943ecaaab-20,d82e093d-d81c-4219-9089-069943ecaaab,20,PART003-3,500,Each
50f33670-d50b-437a-8fed-be5ea2ca753c-10,50f33670-d50b-437a-8fed-be5ea2ca753c,10,c44cf10a-c592-4528-97f2-4998da80d32b-10,c44cf10a-c592-4528-97f2-4998da80d32b,10,PART005,310,Each
50f33670-d50b-437a-8fed-be5ea2ca753c-20,50f33670-d50b-437a-8fed-be5ea2ca753c,20,c44cf10a-c592-4528-97f2-4998da80d32b-20,c44cf10a-c592-4528-97f2-4998da80d32b,20,PART003-1,150,Each
50f33670-d50b-437a-8fed-be5ea2ca753c-30,50f33670-d50b-437a-8fed-be5ea2ca753c,30,c44cf10a-c592-4528-97f2-4998da80d32b-30,c44cf10a-c592-4528-97f2-4998da80d32b,30,PART003,170,Each
2ed9c400-aaa3-4faf-a06a-559bc69c7115-10,2ed9c400-aaa3-4faf-a06a-559bc69c7115,10,bf0d0eea-2728-4a1b-a2bd-34cd42d02ed6-10,bf0d0eea-2728-4a1b-a2bd-34cd42d02ed6,10,PART003-3,70,Each
98203e5a-92de-4550-9414-e7154a40dae7-10,98203e5a-92de-4550-9414-e7154a40dae7,10,bf0d0eea-2728-4a1b-a2bd-34cd42d02ed6-20,bf0d0eea-2728-4a1b-a2bd-34cd42d02ed6,20,PART006,110,Each
cd6463b2-e9a1-428f-9080-c4e1e9cc136e-10,cd6463b2-e9a1-428f-9080-c4e1e9cc136e,10,79052b9b-adcc-4982-ad55-27ed7fcaea11-10,79052b9b-adcc-4982-ad55-27ed7fcaea11,10,PART005,470,Each
cd6463b2-e9a1-428f-9080-c4e1e9cc136e-20,cd6463b2-e9a1-428f-9080-c4e1e9cc136e,20,79052b9b-adcc-4982-ad55-27ed7fcaea11-20,79052b9b-adcc-4982-ad55-27ed7fcaea11,20,PART006,70,Each
cd6463b2-e9a1-428f-9080-c4e1e9cc136e-30,cd6463b2-e9a1-428f-9080-c4e1e9cc136e,30,79052b9b-adcc-4982-ad55-27ed7fcaea11-30,79052b9b-adcc-4982-ad55-27ed7fcaea11,30,PART003-3,490,Each
b2eaf5ca-cebe-4095-83fd-2769f6a54ba2-10,b2eaf5ca-cebe-4095-83fd-2769f6a54ba2,10,9b233c76-1a37-4678-831d-ecb70a3c5884-10,9b233c76-1a37-4678-831d-ecb70a3c5884,10,PART003-2,240,Each
21d11ab7-4c3e-4031-a2cc-696c11fab24d-10,21d11ab7-4c3e-4031-a2cc-696c11fab24d,10,524bc7a9-477e-4648-a932-b2265efb0e7e-10,524bc7a9-477e-4648-a932-b2265efb0e7e,10,PART003-1,410,Each
4aa08795-b9aa-4ddf-bc91-8e7655b256db-10,4aa08795-b9aa-4ddf-bc91-8e7655b256db,10,524bc7a9-477e-4648-a932-b2265efb0e7e-20,524bc7a9-477e-4648-a932-b2265efb0e7e,20,PART006,260,Each
8dbc87a7-e326-40c1-ad9b-cdbda70232d8-10,8dbc87a7-e326-40c1-ad9b-cdbda70232d8,10,cc47e02f-96cd-424d-baa8-67db42c09458-10,cc47e02f-96cd-424d-baa8-67db42c09458,10,PART006,180,Each
c2a1fa67-3753-46cf-b44f-23b2e808b842-10,c2a1fa67-3753-46cf-b44f-23b2e808b842,10,b7e68a8b-0065-420e-b15e-5dd7a426a8c4-10,b7e68a8b-0065-420e-b15e-5dd7a426a8c4,10,PART003-1,190,Each
c2a1fa67-3753-46cf-b44f-23b2e808b842-20,c2a1fa67-3753-46cf-b44f-23b2e808b842,20,b7e68a8b-0065-420e-b15e-5dd7a426a8c4-20,b7e68a8b-0065-420e-b15e-5dd7a426a8c4,20,PART004,460,Each
f43658fe-0846-44a7-89ab-7b11d9ffbc4c-10,f43658fe-0846-44a7-89ab-7b11d9ffbc4c,10,904133ad-f4a0-44fe-82bb-4913f70ccf21-10,904133ad-f4a0-44fe-82bb-4913f70ccf21,10,PART006,368,Each
b39b721c-e472-4dfc-9795-c15538cb5f1f-10,b39b721c-e472-4dfc-9795-c15538cb5f1f,10,904133ad-f4a0-44fe-82bb-4913f70ccf21-10,904133ad-f4a0-44fe-82bb-4913f70ccf21,10,PART006,122,Each
47f350a1-b826-420c-a509-ff612610e77e-10,47f350a1-b826-420c-a509-ff612610e77e,10,22f081eb-d72b-4fb0-84dc-9e9848bfdc96-10,22f081eb-d72b-4fb0-84dc-9e9848bfdc96,10,PART002,480,Each
47f350a1-b826-420c-a509-ff612610e77e-20,47f350a1-b826-420c-a509-ff612610e77e,20,22f081eb-d72b-4fb0-84dc-9e9848bfdc96-20,22f081eb-d72b-4fb0-84dc-9e9848bfdc96,20,PART003-1,210,Each
47f350a1-b826-420c-a509-ff612610e77e-30,47f350a1-b826-420c-a509-ff612610e77e,30,22f081eb-d72b-4fb0-84dc-9e9848bfdc96-30,22f081eb-d72b-4fb0-84dc-9e9848bfdc96,30,PART006,170,Each
f6ee1820-911b-43f1-8e24-07c5f808124c-10,f6ee1820-911b-43f1-8e24-07c5f808124c,10,92d70d2a-142b-4e63-9267-a2db1bff349e-10,92d70d2a-142b-4e63-9267-a2db1bff349e,10,PART003-3,60,Each
f6ee1820-911b-43f1-8e24-07c5f808124c-20,f6ee1820-911b-43f1-8e24-07c5f808124c,20,92d70d2a-142b-4e63-9267-a2db1bff349e-20,92d70d2a-142b-4e63-9267-a2db1bff349e,20,PART003,300,Each
f6ee1820-911b-43f1-8e24-07c5f808124c-30,f6ee1820-911b-43f1-8e24-07c5f808124c,30,92d70d2a-142b-4e63-9267-a2db1bff349e-30,92d70d2a-142b-4e63-9267-a2db1bff349e,30,PART002,280,Each
acf9605c-fb43-4e47-8d28-2c1cb7b874a8-10,acf9605c-fb43-4e47-8d28-2c1cb7b874a8,10,ca386d18-7c09-4975-8076-a2b2e9a1b0b7-20,ca386d18-7c09-4975-8076-a2b2e9a1b0b7,20,PART004,430,Each
5544fece-9258-4f08-b047-97c59d64201f-10,5544fece-9258-4f08-b047-97c59d64201f,10,ca386d18-7c09-4975-8076-a2b2e9a1b0b7-10,ca386d18-7c09-4975-8076-a2b2e9a1b0b7,10,PART002,240,Each
5544fece-9258-4f08-b047-97c59d64201f-20,5544fece-9258-4f08-b047-97c59d64201f,20,ca386d18-7c09-4975-8076-a2b2e9a1b0b7-30,ca386d18-7c09-4975-8076-a2b2e9a1b0b7,30,PART005,410,Each
48285b0f-3f81-4239-aa68-18710a359649-10,48285b0f-3f81-4239-aa68-18710a359649,10,1edca6e8-7a5c-4c10-b10f-538d2f658e2c-10,1edca6e8-7a5c-4c10-b10f-538d2f658e2c,10,PART006,440,Each
48285b0f-3f81-4239-aa68-18710a359649-20,48285b0f-3f81-4239-aa68-18710a359649,20,1edca6e8-7a5c-4c10-b10f-538d2f658e2c-20,1edca6e8-7a5c-4c10-b10f-538d2f658e2c,20,PART003-3,180,Each
1a1d8caa-2990-4f90-ba05-4400ba83abde-10,1a1d8caa-2990-4f90-ba05-4400ba83abde,10,5baf40bc-9712-4f69-8d96-76f52068babc-10,5baf40bc-9712-4f69-8d96-76f52068babc,10,PART002,450,Each
1a1d8caa-2990-4f90-ba05-4400ba83abde-20,1a1d8caa-2990-4f90-ba05-4400ba83abde,20,5baf40bc-9712-4f69-8d96-76f52068babc-20,5baf40bc-9712-4f69-8d96-76f52068babc,20,PART005,490,Each
1a1d8caa-2990-4f90-ba05-4400ba83abde-30,1a1d8caa-2990-4f90-ba05-4400ba83abde,30,5baf40bc-9712-4f69-8d96-76f52068babc-30,5baf40bc-9712-4f69-8d96-76f52068babc,30,PART003-3,220,Each
3bee4eea-9000-4126-8321-000faae9bdbe-10,3bee4eea-9000-4126-8321-000faae9bdbe,10,3dae1317-945f-40a0-a5de-9374aad563dd-20,3dae1317-945f-40a0-a5de-9374aad563dd,20,PART006,460,Each
1639831f-6caa-4397-8cc7-84ebf146abf7-10,1639831f-6caa-4397-8cc7-84ebf146abf7,10,3dae1317-945f-40a0-a5de-9374aad563dd-10,3dae1317-945f-40a0-a5de-9374aad563dd,10,PART003-2,190,Each
70534647-e3a3-4507-9653-af2ebb09ccee-10,70534647-e3a3-4507-9653-af2ebb09ccee,10,fe60aafe-dbec-40cd-8ddf-7c63282bf739-10,fe60aafe-dbec-40cd-8ddf-7c63282bf739,10,PART001,270,Each
3e549075-a92d-4524-b376-c896a7112e9c-10,3e549075-a92d-4524-b376-c896a7112e9c,10,a0b2bd26-cba1-4928-a81a-4d239f8c329a-10,a0b2bd26-cba1-4928-a81a-4d239f8c329a,10,PART006,90,Each
3e549075-a92d-4524-b376-c896a7112e9c-20,3e549075-a92d-4524-b376-c896a7112e9c,20,a0b2bd26-cba1-4928-a81a-4d239f8c329a-20,a0b2bd26-cba1-4928-a81a-4d239f8c329a,20,PART005,100,Each
4f63a698-9f6d-4030-a16c-b8cf938d1907-10,4f63a698-9f6d-4030-a16c-b8cf938d1907,10,960a1791-5464-4cc5-8065-20ebddcb548d-10,960a1791-5464-4cc5-8065-20ebddcb548d,10,PART003-2,460,Each
9ce17bdd-fef8-4989-9bf0-34e08f3223f8-10,9ce17bdd-fef8-4989-9bf0-34e08f3223f8,10,960a1791-5464-4cc5-8065-20ebddcb548d-20,960a1791-5464-4cc5-8065-20ebddcb548d,20,PART005,420,Each
b3ee8642-e6bf-4187-9652-fe3930934ea1-10,b3ee8642-e6bf-4187-9652-fe3930934ea1,10,8b018169-fa05-4a3a-941e-5a2c130b191f-10,8b018169-fa05-4a3a-941e-5a2c130b191f,10,PART003-2,70,Each
b3ee8642-e6bf-4187-9652-fe3930934ea1-20,b3ee8642-e6bf-4187-9652-fe3930934ea1,20,8b018169-fa05-4a3a-941e-5a2c130b191f-20,8b018169-fa05-4a3a-941e-5a2c130b191f,20,PART005,450,Each
84cc67ce-e706-4e8b-a39a-828750d1de88-10,84cc67ce-e706-4e8b-a39a-828750d1de88,10,0efd87d2-7754-4cd3-a285-e5028760381e-10,0efd87d2-7754-4cd3-a285-e5028760381e,10,PART003-1,480,Each
84cc67ce-e706-4e8b-a39a-828750d1de88-20,84cc67ce-e706-4e8b-a39a-828750d1de88,20,0efd87d2-7754-4cd3-a285-e5028760381e-20,0efd87d2-7754-4cd3-a285-e5028760381e,20,PART003-2,310,Each
daca7215-511c-4594-ad0a-1a49a96a5382-10,daca7215-511c-4594-ad0a-1a49a96a5382,10,de98e4d3-9e07-4656-a90d-8035fa2d54f1-30,de98e4d3-9e07-4656-a90d-8035fa2d54f1,30,PART003-2,260,Each
62d8ee8f-5e0f-4c3a-a2fe-c06c35a3ab75-10,62d8ee8f-5e0f-4c3a-a2fe-c06c35a3ab75,10,de98e4d3-9e07-4656-a90d-8035fa2d54f1-10,de98e4d3-9e07-4656-a90d-8035fa2d54f1,10,PART003,200,Each
62d8ee8f-5e0f-4c3a-a2fe-c06c35a3ab75-20,62d8ee8f-5e0f-4c3a-a2fe-c06c35a3ab75,20,de98e4d3-9e07-4656-a90d-8035fa2d54f1-20,de98e4d3-9e07-4656-a90d-8035fa2d54f1,20,PART005,50,Each
7820e052-c117-40c2-9b8f-570071bba0df-10,7820e052-c117-40c2-9b8f-570071bba0df,10,d98c87c7-fc39-4886-8d17-3bbe7efc55eb-10,d98c87c7-fc39-4886-8d17-3bbe7efc55eb,10,PART003,360,Each
db60bde6-0cb3-4d82-b9b6-14932cc8aad5-10,db60bde6-0cb3-4d82-b9b6-14932cc8aad5,10,5ccaa53f-1bef-4420-b0cf-07767a83a073-10,5ccaa53f-1bef-4420-b0cf-07767a83a073,10,PART002,350,Each
db60bde6-0cb3-4d82-b9b6-14932cc8aad5-20,db60bde6-0cb3-4d82-b9b6-14932cc8aad5,20,5ccaa53f-1bef-4420-b0cf-07767a83a073-20,5ccaa53f-1bef-4420-b0cf-07767a83a073,20,PART004,430,Each
db60bde6-0cb3-4d82-b9b6-14932cc8aad5-30,db60bde6-0cb3-4d82-b9b6-14932cc8aad5,30,5ccaa53f-1bef-4420-b0cf-07767a83a073-30,5ccaa53f-1bef-4420-b0cf-07767a83a073,30,PART001,140,Each
a2f965ff-0760-44b4-a36d-c88b11e1fb6e-10,a2f965ff-0760-44b4-a36d-c88b11e1fb6e,10,5f560701-970a-4712-bfe5-b50332bc8243-30,5f560701-970a-4712-bfe5-b50332bc8243,30,PART001,450,Each
712a4b5b-290b-4011-8809-8aa649626ba1-10,712a4b5b-290b-4011-8809-8aa649626ba1,10,5f560701-970a-4712-bfe5-b50332bc8243-10,5f560701-970a-4712-bfe5-b50332bc8243,10,PART004,190,Each
712a4b5b-290b-4011-8809-8aa649626ba1-20,712a4b5b-290b-4011-8809-8aa649626ba1,20,5f560701-970a-4712-bfe5-b50332bc8243-20,5f560701-970a-4712-bfe5-b50332bc8243,20,PART005,130,Each
ccf2a053-ef01-4720-8f65-99d26b35aa23-10,ccf2a053-ef01-4720-8f65-99d26b35aa23,10,89f2ecc9-0e9a-4822-98eb-cd1a5ac4a93b-10,89f2ecc9-0e9a-4822-98eb-cd1a5ac4a93b,10,PART003-3,450,Each
ccf2a053-ef01-4720-8f65-99d26b35aa23-20,ccf2a053-ef01-4720-8f65-99d26b35aa23,20,89f2ecc9-0e9a-4822-98eb-cd1a5ac4a93b-20,89f2ecc9-0e9a-4822-98eb-cd1a5ac4a93b,20,PART003-1,220,Each
ccf2a053-ef01-4720-8f65-99d26b35aa23-30,ccf2a053-ef01-4720-8f65-99d26b35aa23,30,89f2ecc9-0e9a-4822-98eb-cd1a5ac4a93b-30,89f2ecc9-0e9a-4822-98eb-cd1a5ac4a93b,30,PART006,320,Each
71d07513-6390-4d48-a628-429d57df5d40-10,71d07513-6390-4d48-a628-429d57df5d40,10,89e68d28-4a73-4a2f-a80d-155baaf22d7c-10,89e68d28-4a73-4a2f-a80d-155baaf22d7c,10,PART003-3,300,Each
71d07513-6390-4d48-a628-429d57df5d40-20,71d07513-6390-4d48-a628-429d57df5d40,20,89e68d28-4a73-4a2f-a80d-155baaf22d7c-20,89e68d28-4a73-4a2f-a80d-155baaf22d7c,20,PART003,380,Each
71d07513-6390-4d48-a628-429d57df5d40-30,71d07513-6390-4d48-a628-429d57df5d40,30,89e68d28-4a73-4a2f-a80d-155baaf22d7c-30,89e68d28-4a73-4a2f-a80d-155baaf22d7c,30,PART001,360,Each
7c3b8817-3c58-4b27-9c5a-a0c8b6ee4109-10,7c3b8817-3c58-4b27-9c5a-a0c8b6ee4109,10,befb1488-7ab8-4484-bd48-ae664f28d031-10,befb1488-7ab8-4484-bd48-ae664f28d031,10,PART003-2,121,Each
66323dcd-2b3c-4772-ae32-81a0f82c381b-10,66323dcd-2b3c-4772-ae32-81a0f82c381b,10,befb1488-7ab8-4484-bd48-ae664f28d031-10,befb1488-7ab8-4484-bd48-ae664f28d031,10,PART003-2,59,Each
77d82573-ff8f-4b84-b302-8d9c8a540e43-10,77d82573-ff8f-4b84-b302-8d9c8a540e43,10,d1feedd5-f6f4-4ebe-9260-4992b74a9c18-10,d1feedd5-f6f4-4ebe-9260-4992b74a9c18,10,PART004,450,Each
077ed6b9-f08f-404f-9966-8e980e827546-10,077ed6b9-f08f-404f-9966-8e980e827546,10,26abfc22-2a7f-4de9-9196-292469cb351b-10,26abfc22-2a7f-4de9-9196-292469cb351b,10,PART003-1,160,Each
cdb515a7-926e-4692-9707-d86290c6ddce-10,cdb515a7-926e-4692-9707-d86290c6ddce,10,e6c28910-aa2c-417c-b027-32a4b525b41f-20,e6c28910-aa2c-417c-b027-32a4b525b41f,20,PART003,370,Each
f8dd19b6-69b2-41d3-912b-0bec6f8e0baf-10,f8dd19b6-69b2-41d3-912b-0bec6f8e0baf,10,e6c28910-aa2c-417c-b027-32a4b525b41f-10,e6c28910-aa2c-417c-b027-32a4b525b41f,10,PART004,290,Each
f8dd19b6-69b2-41d3-912b-0bec6f8e0baf-20,f8dd19b6-69b2-41d3-912b-0bec6f8e0baf,20,e6c28910-aa2c-417c-b027-32a4b525b41f-30,e6c28910-aa2c-417c-b027-32a4b525b41f,30,PART003-2,370,Each
f0192be8-aab7-4908-8270-af78ad87db78-10,f0192be8-aab7-4908-8270-af78ad87db78,10,29e634a3-6999-49ad-ade3-35187d299280-10,29e634a3-6999-49ad-ade3-35187d299280,10,PART003-1,200,Each
f0192be8-aab7-4908-8270-af78ad87db78-20,f0192be8-aab7-4908-8270-af78ad87db78,20,29e634a3-6999-49ad-ade3-35187d299280-20,29e634a3-6999-49ad-ade3-35187d299280,20,PART001,210,Each
4002ee7a-474c-4109-9f7d-ec2ed2d90195-10,4002ee7a-474c-4109-9f7d-ec2ed2d90195,10,f1ff05f1-ad9e-46b4-9fdb-7b5b88e31dee-10,f1ff05f1-ad9e-46b4-9fdb-7b5b88e31dee,10,PART002,380,Each
19d14a4f-b042-4045-a6a3-d390efd2d038-10,19d14a4f-b042-4045-a6a3-d390efd2d038,10,a95a55ce-1f7d-41f4-bb0b-a9054ae7fa6f-10,a95a55ce-1f7d-41f4-bb0b-a9054ae7fa6f,10,PART003-3,480,Each
8cc460c1-0e16-4e49-800a-d5b9f8e86278-10,8cc460c1-0e16-4e49-800a-d5b9f8e86278,10,a95a55ce-1f7d-41f4-bb0b-a9054ae7fa6f-20,a95a55ce-1f7d-41f4-bb0b-a9054ae7fa6f,20,PART001,190,Each
f3fa0615-331b-4361-9f8e-3964610a04c2-10,f3fa0615-331b-4361-9f8e-3964610a04c2,10,07b9ff7b-c3a9-4344-9b8f-1097a2bcb06c-10,07b9ff7b-c3a9-4344-9b8f-1097a2bcb06c,10,PART004,130,Each
4a5647c6-8db5-410e-b898-c9961ddd54db-10,4a5647c6-8db5-410e-b898-c9961ddd54db,10,06059229-8470-4e9a-903e-9c50303f0a60-10,06059229-8470-4e9a-903e-9c50303f0a60,10,PART003,480,Each
98d43515-38e5-4639-a433-f7dd5fc8625e-10,98d43515-38e5-4639-a433-f7dd5fc8625e,10,64a8c275-44e1-4b63-aa5f-96b58283d882-10,64a8c275-44e1-4b63-aa5f-96b58283d882,10,PART002,78,Each
adfa2094-336b-4bef-b990-e86a2d20abde-10,adfa2094-336b-4bef-b990-e86a2d20abde,10,64a8c275-44e1-4b63-aa5f-96b58283d882-10,64a8c275-44e1-4b63-aa5f-96b58283d882,10,PART002,22,Each
3126256d-d7c7-4a88-8886-b52d4b268bbe-10,3126256d-d7c7-4a88-8886-b52d4b268bbe,10,343c3a76-556c-4702-897b-59f876dfe020-10,343c3a76-556c-4702-897b-59f876dfe020,10,PART003-1,370,Each
873cdb5f-25b9-46a4-87d5-5daed9b9cdd1-10,873cdb5f-25b9-46a4-87d5-5daed9b9cdd1,10,b8f139f0-c12f-46cb-a8d4-6ef222ba3e66-10,b8f139f0-c12f-46cb-a8d4-6ef222ba3e66,10,PART003-2,450,Each
873cdb5f-25b9-46a4-87d5-5daed9b9cdd1-20,873cdb5f-25b9-46a4-87d5-5daed9b9cdd1,20,b8f139f0-c12f-46cb-a8d4-6ef222ba3e66-20,b8f139f0-c12f-46cb-a8d4-6ef222ba3e66,20,PART003,250,Each
2a10e779-ecbb-4fce-a340-0b09c26fd6b9-10,2a10e779-ecbb-4fce-a340-0b09c26fd6b9,10,b1006985-e4cb-46de-9747-cb24c8c95576-10,b1006985-e4cb-46de-9747-cb24c8c95576,10,PART003-2,180,Each
69e926f3-2306-4ee3-abfc-fb8dd24233c3-10,69e926f3-2306-4ee3-abfc-fb8dd24233c3,10,b1006985-e4cb-46de-9747-cb24c8c95576-20,b1006985-e4cb-46de-9747-cb24c8c95576,20,PART005,200,Each
dbb90eeb-e2d4-486e-8804-a6380a66b08e-10,dbb90eeb-e2d4-486e-8804-a6380a66b08e,10,6a522fa6-c529-40bb-baa7-ae1f6f5dda89-10,6a522fa6-c529-40bb-baa7-ae1f6f5dda89,10,PART006,120,Each
dbb90eeb-e2d4-486e-8804-a6380a66b08e-20,dbb90eeb-e2d4-486e-8804-a6380a66b08e,20,6a522fa6-c529-40bb-baa7-ae1f6f5dda89-20,6a522fa6-c529-40bb-baa7-ae1f6f5dda89,20,PART003-1,390,Each
3d2cc8ca-5b5a-44a2-971b-7e8347cd4bfd-10,3d2cc8ca-5b5a-44a2-971b-7e8347cd4bfd,10,49c588b3-11c5-476c-b685-fab383c81c00-10,49c588b3-11c5-476c-b685-fab383c81c00,10,PART003-2,400,Each
3d2cc8ca-5b5a-44a2-971b-7e8347cd4bfd-20,3d2cc8ca-5b5a-44a2-971b-7e8347cd4bfd,20,49c588b3-11c5-476c-b685-fab383c81c00-20,49c588b3-11c5-476c-b685-fab383c81c00,20,PART005,330,Each
7f91f37b-9c9a-4b80-8c4a-8321b3e49bc4-10,7f91f37b-9c9a-4b80-8c4a-8321b3e49bc4,10,1d8f0da8-8500-4ccd-b6ce-b76a94d73338-20,1d8f0da8-8500-4ccd-b6ce-b76a94d73338,20,PART003-3,460,Each
bd26200e-c209-454a-a40b-d6aa6af03ec8-10,bd26200e-c209-454a-a40b-d6aa6af03ec8,10,1d8f0da8-8500-4ccd-b6ce-b76a94d73338-10,1d8f0da8-8500-4ccd-b6ce-b76a94d73338,10,PART002,500,Each
bd26200e-c209-454a-a40b-d6aa6af03ec8-20,bd26200e-c209-454a-a40b-d6aa6af03ec8,20,1d8f0da8-8500-4ccd-b6ce-b76a94d73338-30,1d8f0da8-8500-4ccd-b6ce-b76a94d73338,30,PART004,400,Each
a1cdf377-0392-4386-bbca-c0321d0e52e2-10,a1cdf377-0392-4386-bbca-c0321d0e52e2,10,c5dd1c23-192d-4966-b741-078900c2bc98-10,c5dd1c23-192d-4966-b741-078900c2bc98,10,PART002,490,Each
a1cdf377-0392-4386-bbca-c0321d0e52e2-20,a1cdf377-0392-4386-bbca-c0321d0e52e2,20,c5dd1c23-192d-4966-b741-078900c2bc98-20,c5dd1c23-192d-4966-b741-078900c2bc98,20,PART006,450,Each
0e23f597-6bed-48de-a3ed-0a4906f4cda9-10,0e23f597-6bed-48de-a3ed-0a4906f4cda9,10,fff84d02-73d1-4f97-8eae-e3420264af49-10,fff84d02-73d1-4f97-8eae-e3420264af49,10,PART003-1,150,Each
cad703a8-723e-40de-907f-40476cde7a3f-10,cad703a8-723e-40de-907f-40476cde7a3f,10,229b7e47-7202-4f54-a5bb-72fde96f13a6-10,229b7e47-7202-4f54-a5bb-72fde96f13a6,10,PART006,60,Each
8bf95f88-cfe9-4bf8-99d9-ac5c15f8da0c-10,8bf95f88-cfe9-4bf8-99d9-ac5c15f8da0c,10,229b7e47-7202-4f54-a5bb-72fde96f13a6-20,229b7e47-7202-4f54-a5bb-72fde96f13a6,20,PART001,290,Each
8d604278-6d2c-4eb0-ba66-04e05b31ce6b-10,8d604278-6d2c-4eb0-ba66-04e05b31ce6b,10,0f25ea64-7e6b-4516-94d6-90a573b4afb1-10,0f25ea64-7e6b-4516-94d6-90a573b4afb1,10,PART003,300,Each
8d604278-6d2c-4eb0-ba66-04e05b31ce6b-20,8d604278-6d2c-4eb0-ba66-04e05b31ce6b,20,0f25ea64-7e6b-4516-94d6-90a573b4afb1-20,0f25ea64-7e6b-4516-94d6-90a573b4afb1,20,PART003-1,330,Each
8d604278-6d2c-4eb0-ba66-04e05b31ce6b-30,8d604278-6d2c-4eb0-ba66-04e05b31ce6b,30,0f25ea64-7e6b-4516-94d6-90a573b4afb1-30,0f25ea64-7e6b-4516-94d6-90a573b4afb1,30,PART002,100,Each
972ffaf3-22fa-4156-8cbc-16ade2e121e1-10,972ffaf3-22fa-4156-8cbc-16ade2e121e1,10,3c347a6d-7729-43b9-a3d4-d17161d248ce-10,3c347a6d-7729-43b9-a3d4-d17161d248ce,10,PART004,60,Each
972ffaf3-22fa-4156-8cbc-16ade2e121e1-20,972ffaf3-22fa-4156-8cbc-16ade2e121e1,20,3c347a6d-7729-43b9-a3d4-d17161d248ce-20,3c347a6d-7729-43b9-a3d4-d17161d248ce,20,PART003-2,270,Each
972ffaf3-22fa-4156-8cbc-16ade2e121e1-30,972ffaf3-22fa-4156-8cbc-16ade2e121e1,30,3c347a6d-7729-43b9-a3d4-d17161d248ce-30,3c347a6d-7729-43b9-a3d4-d17161d248ce,30,PART001,310,Each
9f4b3ce5-2dd9-4718-8e2f-43907ab4ffb4-10,9f4b3ce5-2dd9-4718-8e2f-43907ab4ffb4,10,3429d334-6359-4763-993c-2a1c9318edd4-30,3429d334-6359-4763-993c-2a1c9318edd4,30,PART006,90,Each
7d33e342-8152-4cb0-be09-892b84929fda-10,7d33e342-8152-4cb0-be09-892b84929fda,10,3429d334-6359-4763-993c-2a1c9318edd4-10,3429d334-6359-4763-993c-2a1c9318edd4,10,PART003-2,170,Each
7d33e342-8152-4cb0-be09-892b84929fda-20,7d33e342-8152-4cb0-be09-892b84929fda,20,3429d334-6359-4763-993c-2a1c9318edd4-20,3429d334-6359-4763-993c-2a1c9318edd4,20,PART004,370,Each
02803add-9c56-4274-bf1f-838f6740094e-10,02803add-9c56-4274-bf1f-838f6740094e,10,94362187-c138-410f-9d0b-cfcd0e062a12-10,94362187-c138-410f-9d0b-cfcd0e062a12,10,PART004,220,Each
36dfc935-ab81-44eb-a345-f930d9ced320-10,36dfc935-ab81-44eb-a345-f930d9ced320,10,ea2878b3-9570-41cf-8f41-6f47d85f21ad-10,ea2878b3-9570-41cf-8f41-6f47d85f21ad,10,PART003-3,100,Each
36dfc935-ab81-44eb-a345-f930d9ced320-20,36dfc935-ab81-44eb-a345-f930d9ced320,20,ea2878b3-9570-41cf-8f41-6f47d85f21ad-20,ea2878b3-9570-41cf-8f41-6f47d85f21ad,20,PART001,500,Each
2f78e6bb-62c9-4866-a68a-ea6a41eaca70-10,2f78e6bb-62c9-4866-a68a-ea6a41eaca70,10,76875215-f627-4ec9-aded-c6c1b5969d51-10,76875215-f627-4ec9-aded-c6c1b5969d51,10,PART006,177,Each
53d60f05-083b-47ef-9b74-eba083ded606-10,53d60f05-083b-47ef-9b74-eba083ded606,10,76875215-f627-4ec9-aded-c6c1b5969d51-10,76875215-f627-4ec9-aded-c6c1b5969d51,10,PART006,83,Each
ff5c2858-2ab6-42d9-8621-d65a66f89351-10,ff5c2858-2ab6-42d9-8621-d65a66f89351,10,3b273869-4e3a-4324-804d-8af3475fa937-10,3b273869-4e3a-4324-804d-8af3475fa937,10,PART003-2,270,Each
ff5c2858-2ab6-42d9-8621-d65a66f89351-20,ff5c2858-2ab6-42d9-8621-d65a66f89351,20,3b273869-4e3a-4324-804d-8af3475fa937-20,3b273869-4e3a-4324-804d-8af3475fa937,20,PART003-1,440,Each
0f9f02f2-bc86-45da-ba64-04cc97ebc527-10,0f9f02f2-bc86-45da-ba64-04cc97ebc527,10,428d47c9-85e5-40fb-b86a-cfd74b3b9dad-10,428d47c9-85e5-40fb-b86a-cfd74b3b9dad,10,PART005,250,Each
11bb3876-0bb6-445c-b530-5eb602328fba-10,11bb3876-0bb6-445c-b530-5eb602328fba,10,250daa0a-365a-4ec9-9d3c-2d2bda9365b6-10,250daa0a-365a-4ec9-9d3c-2d2bda9365b6,10,PART003-2,87,Each
ec24854f-fec6-4b96-b47e-6a9f541c9ed8-10,ec24854f-fec6-4b96-b47e-6a9f541c9ed8,10,250daa0a-365a-4ec9-9d3c-2d2bda9365b6-10,250daa0a-365a-4ec9-9d3c-2d2bda9365b6,10,PART003-2,213,Each
ec1a195a-ab31-4b10-86f7-4a275eb79a49-10,ec1a195a-ab31-4b10-86f7-4a275eb79a49,10,e502eb1d-bc95-4c22-9fa4-3d95ed6b2ce7-10,e502eb1d-bc95-4c22-9fa4-3d95ed6b2ce7,10,PART006,320,Each
fe34c7a9-ce4d-41dd-9335-b63ba4627648-10,fe34c7a9-ce4d-41dd-9335-b63ba4627648,10,848ee89c-bf61-484b-b4bd-7cb8c3ab5f89-10,848ee89c-bf61-484b-b4bd-7cb8c3ab5f89,10,PART006,450,Each
fe34c7a9-ce4d-41dd-9335-b63ba4627648-20,fe34c7a9-ce4d-41dd-9335-b63ba4627648,20,848ee89c-bf61-484b-b4bd-7cb8c3ab5f89-20,848ee89c-bf61-484b-b4bd-7cb8c3ab5f89,20,PART003-2,290,Each
fe34c7a9-ce4d-41dd-9335-b63ba4627648-30,fe34c7a9-ce4d-41dd-9335-b63ba4627648,30,848ee89c-bf61-484b-b4bd-7cb8c3ab5f89-30,848ee89c-bf61-484b-b4bd-7cb8c3ab5f89,30,PART002,240,Each
fa2b8c1f-a4b6-488f-884a-dd63137cda90-10,fa2b8c1f-a4b6-488f-884a-dd63137cda90,10,f6957fa3-ad43-450a-b827-cf2200f07c27-10,f6957fa3-ad43-450a-b827-cf2200f07c27,10,PART001,72,Each
da8fa860-a319-4849-aef8-60630750dd79-10,da8fa860-a319-4849-aef8-60630750dd79,10,f6957fa3-ad43-450a-b827-cf2200f07c27-10,f6957fa3-ad43-450a-b827-cf2200f07c27,10,PART001,118,Each
f5d3271e-2400-47b6-a8c7-c676ba1da60f-10,f5d3271e-2400-47b6-a8c7-c676ba1da60f,10,bd55b0b0-1798-4264-9fa4-a000b8909cbc-10,bd55b0b0-1798-4264-9fa4-a000b8909cbc,10,PART003-2,320,Each
f5d3271e-2400-47b6-a8c7-c676ba1da60f-20,f5d3271e-2400-47b6-a8c7-c676ba1da60f,20,bd55b0b0-1798-4264-9fa4-a000b8909cbc-20,bd55b0b0-1798-4264-9fa4-a000b8909cbc,20,PART003,200,Each
f5d3271e-2400-47b6-a8c7-c676ba1da60f-30,f5d3271e-2400-47b6-a8c7-c676ba1da60f,30,bd55b0b0-1798-4264-9fa4-a000b8909cbc-30,bd55b0b0-1798-4264-9fa4-a000b8909cbc,30,PART003-3,270,Each
fb759c91-85be-4a79-beb3-78352719694e-10,fb759c91-85be-4a79-beb3-78352719694e,10,ec291aa4-b481-4024-99f2-ea3ecf86e7c0-10,ec291aa4-b481-4024-99f2-ea3ecf86e7c0,10,PART003,140,Each
fb759c91-85be-4a79-beb3-78352719694e-20,fb759c91-85be-4a79-beb3-78352719694e,20,ec291aa4-b481-4024-99f2-ea3ecf86e7c0-20,ec291aa4-b481-4024-99f2-ea3ecf86e7c0,20,PART001,390,Each
fb759c91-85be-4a79-beb3-78352719694e-30,fb759c91-85be-4a79-beb3-78352719694e,30,ec291aa4-b481-4024-99f2-ea3ecf86e7c0-30,ec291aa4-b481-4024-99f2-ea3ecf86e7c0,30,PART003-2,300,Each
b14fbcaa-6019-422e-9d73-bf49e9090024-10,b14fbcaa-6019-422e-9d73-bf49e9090024,10,0275ea42-3611-4323-a8c9-233a2b0e0c5c-10,0275ea42-3611-4323-a8c9-233a2b0e0c5c,10,PART006,250,Each
1c306533-7f43-4ff3-80f2-95511f4377fb-10,1c306533-7f43-4ff3-80f2-95511f4377fb,10,0275ea42-3611-4323-a8c9-233a2b0e0c5c-20,0275ea42-3611-4323-a8c9-233a2b0e0c5c,20,PART001,300,Each
432f22c9-64ad-441c-a7e3-54959b5d423e-10,432f22c9-64ad-441c-a7e3-54959b5d423e,10,c4ad2dbc-5fee-4561-b625-9decbbc3acb6-10,c4ad2dbc-5fee-4561-b625-9decbbc3acb6,10,PART004,370,Each
ba569bd5-db6c-4997-8f2d-53e244fa81c8-10,ba569bd5-db6c-4997-8f2d-53e244fa81c8,10,cc3b9a11-deb0-4d06-a1f3-8928cf0840ae-10,cc3b9a11-deb0-4d06-a1f3-8928cf0840ae,10,PART003-1,80,Each
ba569bd5-db6c-4997-8f2d-53e244fa81c8-20,ba569bd5-db6c-4997-8f2d-53e244fa81c8,20,cc3b9a11-deb0-4d06-a1f3-8928cf0840ae-20,cc3b9a11-deb0-4d06-a1f3-8928cf0840ae,20,PART005,140,Each
ba569bd5-db6c-4997-8f2d-53e244fa81c8-30,ba569bd5-db6c-4997-8f2d-53e244fa81c8,30,cc3b9a11-deb0-4d06-a1f3-8928cf0840ae-30,cc3b9a11-deb0-4d06-a1f3-8928cf0840ae,30,PART001,310,Each
794791ad-949a-471f-93ed-691bfec1e883-10,794791ad-949a-471f-93ed-691bfec1e883,10,9fd393cd-d016-40ee-8897-76342d62c407-30,9fd393cd-d016-40ee-8897-76342d62c407,30,PART004,280,Each
8b204c5a-671f-4f21-b860-4a7b35cbb012-10,8b204c5a-671f-4f21-b860-4a7b35cbb012,10,9fd393cd-d016-40ee-8897-76342d62c407-10,9fd393cd-d016-40ee-8897-76342d62c407,10,PART002,270,Each
8b204c5a-671f-4f21-b860-4a7b35cbb012-20,8b204c5a-671f-4f21-b860-4a7b35cbb012,20,9fd393cd-d016-40ee-8897-76342d62c407-20,9fd393cd-d016-40ee-8897-76342d62c407,20,PART003,360,Each
3d77849b-5cac-4d38-acc5-74a59c57febe-10,3d77849b-5cac-4d38-acc5-74a59c57febe,10,7cca09f3-9a0e-4cf6-bd46-29ce797a42b0-10,7cca09f3-9a0e-4cf6-bd46-29ce797a42b0,10,PART005,60,Each
3ab7e2e9-ce9a-49bd-84db-9f7702c9f729-10,3ab7e2e9-ce9a-49bd-84db-9f7702c9f729,10,1d8d1348-c784-4f5a-afa1-affb3d62a383-10,1d8d1348-c784-4f5a-afa1-affb3d62a383,10,PART006,340,Each
7e2da7fa-6195-4c1c-b8c4-0e6d3da444bb-10,7e2da7fa-6195-4c1c-b8c4-0e6d3da444bb,10,64e25137-7de3-46a9-8494-d9eabe8a3e8b-10,64e25137-7de3-46a9-8494-d9eabe8a3e8b,10,PART003-3,49,Each
694b2c9b-92fd-4992-bf63-113373e650ff-10,694b2c9b-92fd-4992-bf63-113373e650ff,10,64e25137-7de3-46a9-8494-d9eabe8a3e8b-10,64e25137-7de3-46a9-8494-d9eabe8a3e8b,10,PART003-3,121,Each
f339da7e-a5ae-41e1-97d5-83deddc2ec79-10,f339da7e-a5ae-41e1-97d5-83deddc2ec79,10,b5a2d360-5331-41c7-b45a-2210e48f5aa7-10,b5a2d360-5331-41c7-b45a-2210e48f5aa7,10,PART001,150,Each
51ee17af-7b06-4a0c-aa15-bb562970e2bf-10,51ee17af-7b06-4a0c-aa15-bb562970e2bf,10,3551a6a7-a6c6-4d60-a9a8-3c38bdcf3541-10,3551a6a7-a6c6-4d60-a9a8-3c38bdcf3541,10,PART003-1,490,Each
51ee17af-7b06-4a0c-aa15-bb562970e2bf-20,51ee17af-7b06-4a0c-aa15-bb562970e2bf,20,3551a6a7-a6c6-4d60-a9a8-3c38bdcf3541-20,3551a6a7-a6c6-4d60-a9a8-3c38bdcf3541,20,PART002,230,Each
43649579-97d2-4123-86fb-500262c337b9-10,43649579-97d2-4123-86fb-500262c337b9,10,3264d9f5-3a0b-487c-a3c7-85c094618eb4-10,3264d9f5-3a0b-487c-a3c7-85c094618eb4,10,PART003-1,55,Each
2e08eb48-5d81-4cd6-aeac-8f22b555ee91-10,2e08eb48-5d81-4cd6-aeac-8f22b555ee91,10,3264d9f5-3a0b-487c-a3c7-85c094618eb4-10,3264d9f5-3a0b-487c-a3c7-85c094618eb4,10,PART003-1,55,Each
eae2fc36-1d62-44f8-8e03-5747f31ce5bc-10,eae2fc36-1d62-44f8-8e03-5747f31ce5bc,10,34556e02-ddb9-4ed1-9952-2ff2d2720db2-10,34556e02-ddb9-4ed1-9952-2ff2d2720db2,10,PART003-3,390,Each
aceeeef4-b8fd-481b-8f6a-c5fe39c128d4-10,aceeeef4-b8fd-481b-8f6a-c5fe39c128d4,10,b26dbd4f-be61-4a5e-aa3c-7a8e150469c4-10,b26dbd4f-be61-4a5e-aa3c-7a8e150469c4,10,PART006,260,Each
841a697c-3436-4c69-9af4-d245d4a6df40-10,841a697c-3436-4c69-9af4-d245d4a6df40,10,3aa446f6-76c3-47ec-bbca-45251154af43-10,3aa446f6-76c3-47ec-bbca-45251154af43,10,PART001,160,Each
183af005-d2e3-4e08-a3ae-78481a566f14-10,183af005-d2e3-4e08-a3ae-78481a566f14,10,3aa446f6-76c3-47ec-bbca-45251154af43-20,3aa446f6-76c3-47ec-bbca-45251154af43,20,PART005,490,Each
183af005-d2e3-4e08-a3ae-78481a566f14-20,183af005-d2e3-4e08-a3ae-78481a566f14,20,3aa446f6-76c3-47ec-bbca-45251154af43-30,3aa446f6-76c3-47ec-bbca-45251154af43,30,PART002,440,Each
5cbe9aa4-bcd7-4610-8293-6001b065c85a-10,5cbe9aa4-bcd7-4610-8293-6001b065c85a,10,8dcfc087-7eb0-4017-aeba-71660bd4aaf6-10,8dcfc087-7eb0-4017-aeba-71660bd4aaf6,10,PART001,430,Each
5cbe9aa4-bcd7-4610-8293-6001b065c85a-20,5cbe9aa4-bcd7-4610-8293-6001b065c85a,20,8dcfc087-7eb0-4017-aeba-71660bd4aaf6-20,8dcfc087-7eb0-4017-aeba-71660bd4aaf6,20,PART006,440,Each
5cbe9aa4-bcd7-4610-8293-6001b065c85a-30,5cbe9aa4-bcd7-4610-8293-6001b065c85a,30,8dcfc087-7eb0-4017-aeba-71660bd4aaf6-30,8dcfc087-7eb0-4017-aeba-71660bd4aaf6,30,PART003,420,Each
9cec650b-fe00-47ef-9afa-834ba58f002e-10,9cec650b-fe00-47ef-9afa-834ba58f002e,10,984b7323-ae19-4926-9698-578f25514802-10,984b7323-ae19-4926-9698-578f25514802,10,PART002,280,Each
9cec650b-fe00-47ef-9afa-834ba58f002e-20,9cec650b-fe00-47ef-9afa-834ba58f002e,20,984b7323-ae19-4926-9698-578f25514802-20,984b7323-ae19-4926-9698-578f25514802,20,PART003-3,210,Each
a1a86f6a-1aea-4336-a9b6-1a6f935cd530-10,a1a86f6a-1aea-4336-a9b6-1a6f935cd530,10,3409b2f0-20e0-4f68-ad60-605c972942b6-20,3409b2f0-20e0-4f68-ad60-605c972942b6,20,PART004,70,Each
49302590-1259-4beb-b114-f078cb367bce-10,49302590-1259-4beb-b114-f078cb367bce,10,3409b2f0-20e0-4f68-ad60-605c972942b6-10,3409b2f0-20e0-4f68-ad60-605c972942b6,10,PART003,300,Each
49302590-1259-4beb-b114-f078cb367bce-20,49302590-1259-4beb-b114-f078cb367bce,20,3409b2f0-20e0-4f68-ad60-605c972942b6-30,3409b2f0-20e0-4f68-ad60-605c972942b6,30,PART003-1,470,Each
0c110def-2de9-4348-a1d8-164aea0b8df7-10,0c110def-2de9-4348-a1d8-164aea0b8df7,10,8d109c1c-4ad3-4f47-8276-c36f398138a6-10,8d109c1c-4ad3-4f47-8276-c36f398138a6,10,PART003-1,160,Each
0c110def-2de9-4348-a1d8-164aea0b8df7-20,0c110def-2de9-4348-a1d8-164aea0b8df7,20,8d109c1c-4ad3-4f47-8276-c36f398138a6-20,8d109c1c-4ad3-4f47-8276-c36f398138a6,20,PART003-3,420,Each
f832aed7-b21c-47af-921c-e7d156cac702-10,f832aed7-b21c-47af-921c-e7d156cac702,10,3ddca8a7-65fa-4b97-8f24-3d8c0c48d882-10,3ddca8a7-65fa-4b97-8f24-3d8c0c48d882,10,PART003-3,370,Each
f832aed7-b21c-47af-921c-e7d156cac702-20,f832aed7-b21c-47af-921c-e7d156cac702,20,3ddca8a7-65fa-4b97-8f24-3d8c0c48d882-20,3ddca8a7-65fa-4b97-8f24-3d8c0c48d882,20,PART004,140,Each
d93cc77a-3751-4ca6-891c-19439b7e499d-10,d93cc77a-3751-4ca6-891c-19439b7e499d,10,0901a9b0-19a0-4e93-9daa-7cb12c738a5a-10,0901a9b0-19a0-4e93-9daa-7cb12c738a5a,10,PART001,272,Each
25a0139f-c5ca-4a71-a30b-5ca7a2c8d2f3-10,25a0139f-c5ca-4a71-a30b-5ca7a2c8d2f3,10,0901a9b0-19a0-4e93-9daa-7cb12c738a5a-10,0901a9b0-19a0-4e93-9daa-7cb12c738a5a,10,PART001,128,Each
d5d7cc33-9b9b-434f-942c-2ae01a8693df-10,d5d7cc33-9b9b-434f-942c-2ae01a8693df,10,203c6e3a-7b9a-44e8-ae1a-21deda5eb82a-10,203c6e3a-7b9a-44e8-ae1a-21deda5eb82a,10,PART005,460,Each
d5d7cc33-9b9b-434f-942c-2ae01a8693df-20,d5d7cc33-9b9b-434f-942c-2ae01a8693df,20,203c6e3a-7b9a-44e8-ae1a-21deda5eb82a-20,203c6e3a-7b9a-44e8-ae1a-21deda5eb82a,20,PART006,170,Each
d5d7cc33-9b9b-434f-942c-2ae01a8693df-30,d5d7cc33-9b9b-434f-942c-2ae01a8693df,30,203c6e3a-7b9a-44e8-ae1a-21deda5eb82a-30,203c6e3a-7b9a-44e8-ae1a-21deda5eb82a,30,PART004,490,Each
14aa2a4c-8de8-41fb-87fe-308cc986fc96-10,14aa2a4c-8de8-41fb-87fe-308cc986fc96,10,ef7e7108-5387-43e2-8fd3-30aefab41114-10,ef7e7108-5387-43e2-8fd3-30aefab41114,10,PART003-3,480,Each
14aa2a4c-8de8-41fb-87fe-308cc986fc96-20,14aa2a4c-8de8-41fb-87fe-308cc986fc96,20,ef7e7108-5387-43e2-8fd3-30aefab41114-20,ef7e7108-5387-43e2-8fd3-30aefab41114,20,PART003,490,Each
14aa2a4c-8de8-41fb-87fe-308cc986fc96-30,14aa2a4c-8de8-41fb-87fe-308cc986fc96,30,ef7e7108-5387-43e2-8fd3-30aefab41114-30,ef7e7108-5387-43e2-8fd3-30aefab41114,30,PART003-2,370,Each
685125d1-de87-4b64-aa16-f34fc2b9777b-10,685125d1-de87-4b64-aa16-f34fc2b9777b,10,60bde490-0c97-470c-af71-48eadc328afe-20,60bde490-0c97-470c-af71-48eadc328afe,20,PART003-2,370,Each
f2c9999c-4603-4778-8bdd-754548167662-10,f2c9999c-4603-4778-8bdd-754548167662,10,60bde490-0c97-470c-af71-48eadc328afe-10,60bde490-0c97-470c-af71-48eadc328afe,10,PART003-1,180,Each
6b76947f-5a98-4c36-a5a9-a62572ee4f40-10,6b76947f-5a98-4c36-a5a9-a62572ee4f40,10,2b896b60-1313-4e78-a302-a3dfc5bd3839-10,2b896b60-1313-4e78-a302-a3dfc5bd3839,10,PART006,390,Each
6b76947f-5a98-4c36-a5a9-a62572ee4f40-20,6b76947f-5a98-4c36-a5a9-a62572ee4f40,20,2b896b60-1313-4e78-a302-a3dfc5bd3839-20,2b896b60-1313-4e78-a302-a3dfc5bd3839,20,PART004,60,Each
6b76947f-5a98-4c36-a5a9-a62572ee4f40-30,6b76947f-5a98-4c36-a5a9-a62572ee4f40,30,2b896b60-1313-4e78-a302-a3dfc5bd3839-30,2b896b60-1313-4e78-a302-a3dfc5bd3839,30,PART002,80,Each
1b597fd0-c4bd-42f7-afd8-f67efb2b88ba-10,1b597fd0-c4bd-42f7-afd8-f67efb2b88ba,10,03c5f27a-f635-4177-94bb-68e93eba62b6-10,03c5f27a-f635-4177-94bb-68e93eba62b6,10,PART003,350,Each
1b597fd0-c4bd-42f7-afd8-f67efb2b88ba-20,1b597fd0-c4bd-42f7-afd8-f67efb2b88ba,20,03c5f27a-f635-4177-94bb-68e93eba62b6-20,03c5f27a-f635-4177-94bb-68e93eba62b6,20,PART003-1,200,Each
1b597fd0-c4bd-42f7-afd8-f67efb2b88ba-30,1b597fd0-c4bd-42f7-afd8-f67efb2b88ba,30,03c5f27a-f635-4177-94bb-68e93eba62b6-30,03c5f27a-f635-4177-94bb-68e93eba62b6,30,PART003-2,400,Each
04a6516e-0286-4965-8d4e-6fcf4c58253a-10,04a6516e-0286-4965-8d4e-6fcf4c58253a,10,ffa0419f-f357-4bf8-b2e2-a9f63887d328-10,ffa0419f-f357-4bf8-b2e2-a9f63887d328,10,PART004,368,Each
ca05f6e3-2326-4e82-a7a9-c7ea07344e12-10,ca05f6e3-2326-4e82-a7a9-c7ea07344e12,10,ffa0419f-f357-4bf8-b2e2-a9f63887d328-10,ffa0419f-f357-4bf8-b2e2-a9f63887d328,10,PART004,122,Each
54460d63-1d69-4888-83af-5bc59aa29be6-10,54460d63-1d69-4888-83af-5bc59aa29be6,10,0f6fbde5-2969-4678-81b1-df39615376b8-10,0f6fbde5-2969-4678-81b1-df39615376b8,10,PART006,180,Each
3f12bfa9-4796-43eb-97b7-5c0307a73abb-10,3f12bfa9-4796-43eb-97b7-5c0307a73abb,10,bf7dbed0-07d7-4adf-a77b-05de698a680a-10,bf7dbed0-07d7-4adf-a77b-05de698a680a,10,PART001,110,Each
3f12bfa9-4796-43eb-97b7-5c0307a73abb-20,3f12bfa9-4796-43eb-97b7-5c0307a73abb,20,bf7dbed0-07d7-4adf-a77b-05de698a680a-20,bf7dbed0-07d7-4adf-a77b-05de698a680a,20,PART006,150,Each
3f12bfa9-4796-43eb-97b7-5c0307a73abb-30,3f12bfa9-4796-43eb-97b7-5c0307a73abb,30,bf7dbed0-07d7-4adf-a77b-05de698a680a-30,bf7dbed0-07d7-4adf-a77b-05de698a680a,30,PART003-2,470,Each
b7436db1-c848-4d63-b6f1-d2d869795005-10,b7436db1-c848-4d63-b6f1-d2d869795005,10,f3d1fc7c-1ca5-4856-a60c-70e753b5573a-10,f3d1fc7c-1ca5-4856-a60c-70e753b5573a,10,PART003-2,270,Each
22f3ba79-61b8-415b-89c2-324c4134bb2e-10,22f3ba79-61b8-415b-89c2-324c4134bb2e,10,f3d1fc7c-1ca5-4856-a60c-70e753b5573a-20,f3d1fc7c-1ca5-4856-a60c-70e753b5573a,20,PART002,320,Each
22f3ba79-61b8-415b-89c2-324c4134bb2e-20,22f3ba79-61b8-415b-89c2-324c4134bb2e,20,f3d1fc7c-1ca5-4856-a60c-70e753b5573a-30,f3d1fc7c-1ca5-4856-a60c-70e753b5573a,30,PART004,100,Each
a7a3e3e1-1d2c-477a-b9b0-1bc38792417f-10,a7a3e3e1-1d2c-477a-b9b0-1bc38792417f,10,f74a7b4c-57be-4a3d-8e8b-d14640458bf3-10,f74a7b4c-57be-4a3d-8e8b-d14640458bf3,10,PART005,270,Each
a7a3e3e1-1d2c-477a-b9b0-1bc38792417f-20,a7a3e3e1-1d2c-477a-b9b0-1bc38792417f,20,f74a7b4c-57be-4a3d-8e8b-d14640458bf3-20,f74a7b4c-57be-4a3d-8e8b-d14640458bf3,20,PART003-2,100,Each
a7a3e3e1-1d2c-477a-b9b0-1bc38792417f-30,a7a3e3e1-1d2c-477a-b9b0-1bc38792417f,30,f74a7b4c-57be-4a3d-8e8b-d14640458bf3-30,f74a7b4c-57be-4a3d-8e8b-d14640458bf3,30,PART004,200,Each
8708cbe0-65df-4320-a4a2-3c3cc520e364-10,8708cbe0-65df-4320-a4a2-3c3cc520e364,10,f3340883-95e4-4151-a267-10585191b782-10,f3340883-95e4-4151-a267-10585191b782,10,PART003-2,130,Each
8708cbe0-65df-4320-a4a2-3c3cc520e364-20,8708cbe0-65df-4320-a4a2-3c3cc520e364,20,f3340883-95e4-4151-a267-10585191b782-20,f3340883-95e4-4151-a267-10585191b782,20,PART003-1,180,Each
8708cbe0-65df-4320-a4a2-3c3cc520e364-30,8708cbe0-65df-4320-a4a2-3c3cc520e364,30,f3340883-95e4-4151-a267-10585191b782-30,f3340883-95e4-4151-a267-10585191b782,30,PART004,180,Each
8b610808-1b01-4e01-a4e2-aacaebb1bdaa-10,8b610808-1b01-4e01-a4e2-aacaebb1bdaa,10,18736b56-46fe-4784-9bac-120f51dfc1a9-10,18736b56-46fe-4784-9bac-120f51dfc1a9,10,PART001,118,Each
3eb3df84-f038-4fd4-b020-c1b224a00fd5-10,3eb3df84-f038-4fd4-b020-c1b224a00fd5,10,18736b56-46fe-4784-9bac-120f51dfc1a9-10,18736b56-46fe-4784-9bac-120f51dfc1a9,10,PART001,202,Each
bd68b4ea-1f9c-41d0-97d1-1ec3f82f80a7-10,bd68b4ea-1f9c-41d0-97d1-1ec3f82f80a7,10,f78558a0-df55-4217-83ae-67386f3b4c19-10,f78558a0-df55-4217-83ae-67386f3b4c19,10,PART003-3,410,Each
005ffd7d-0c42-4334-8726-a45e9e80bd89-10,005ffd7d-0c42-4334-8726-a45e9e80bd89,10,f73c37e1-6306-4569-9a7e-23c61c40f82d-10,f73c37e1-6306-4569-9a7e-23c61c40f82d,10,PART002,480,Each
005ffd7d-0c42-4334-8726-a45e9e80bd89-20,005ffd7d-0c42-4334-8726-a45e9e80bd89,20,f73c37e1-6306-4569-9a7e-23c61c40f82d-20,f73c37e1-6306-4569-9a7e-23c61c40f82d,20,PART006,240,Each
e7bb5a78-4d5c-4079-90d2-d6e3bd6ce7ab-10,e7bb5a78-4d5c-4079-90d2-d6e3bd6ce7ab,10,1e358aaa-d474-410d-87a2-46911d8d0178-10,1e358aaa-d474-410d-87a2-46911d8d0178,10,PART003,450,Each
7219b3be-ed47-4ffd-9d25-de00945b7fa5-10,7219b3be-ed47-4ffd-9d25-de00945b7fa5,10,93f1f8a2-2118-4e84-8a44-6365cabfb6cc-20,93f1f8a2-2118-4e84-8a44-6365cabfb6cc,20,PART005,390,Each
b8f890a7-8ddd-49a2-8547-57b2ca38a7d0-10,b8f890a7-8ddd-49a2-8547-57b2ca38a7d0,10,93f1f8a2-2118-4e84-8a44-6365cabfb6cc-10,93f1f8a2-2118-4e84-8a44-6365cabfb6cc,10,PART003-1,310,Each
b8f890a7-8ddd-49a2-8547-57b2ca38a7d0-20,b8f890a7-8ddd-49a2-8547-57b2ca38a7d0,20,93f1f8a2-2118-4e84-8a44-6365cabfb6cc-30,93f1f8a2-2118-4e84-8a44-6365cabfb6cc,30,PART004,480,Each
83ea8be1-5e9b-4c6c-a9c0-cc5533f36b91-10,83ea8be1-5e9b-4c6c-a9c0-cc5533f36b91,10,c341579c-cfbf-4640-9d9f-2fc06ebd78f2-10,c341579c-cfbf-4640-9d9f-2fc06ebd78f2,10,PART002,270,Each
83ea8be1-5e9b-4c6c-a9c0-cc5533f36b91-20,83ea8be1-5e9b-4c6c-a9c0-cc5533f36b91,20,c341579c-cfbf-4640-9d9f-2fc06ebd78f2-20,c341579c-cfbf-4640-9d9f-2fc06ebd78f2,20,PART006,190,Each
83ea8be1-5e9b-4c6c-a9c0-cc5533f36b91-30,83ea8be1-5e9b-4c6c-a9c0-cc5533f36b91,30,c341579c-cfbf-4640-9d9f-2fc06ebd78f2-30,c341579c-cfbf-4640-9d9f-2fc06ebd78f2,30,PART003-2,230,Each
5cfb8b18-cb3a-4b4c-93f8-05e7b2858989-10,5cfb8b18-cb3a-4b4c-93f8-05e7b2858989,10,963351e9-e447-4dac-bbd0-176c2f2a1fdd-10,963351e9-e447-4dac-bbd0-176c2f2a1fdd,10,PART001,490,Each
5cfb8b18-cb3a-4b4c-93f8-05e7b2858989-20,5cfb8b18-cb3a-4b4c-93f8-05e7b2858989,20,963351e9-e447-4dac-bbd0-176c2f2a1fdd-20,963351e9-e447-4dac-bbd0-176c2f2a1fdd,20,PART005,440,Each
fa9c140a-cbad-476c-aba2-e5f8eff78f0d-10,fa9c140a-cbad-476c-aba2-e5f8eff78f0d,10,8df7b2c2-34be-43fa-a87d-abc8a0ad1c9c-20,8df7b2c2-34be-43fa-a87d-abc8a0ad1c9c,20,PART004,70,Each
5e51925f-2b3c-44a8-85cc-116baa6fdd20-10,5e51925f-2b3c-44a8-85cc-116baa6fdd20,10,8df7b2c2-34be-43fa-a87d-abc8a0ad1c9c-10,8df7b2c2-34be-43fa-a87d-abc8a0ad1c9c,10,PART003-2,60,Each
5e51925f-2b3c-44a8-85cc-116baa6fdd20-20,5e51925f-2b3c-44a8-85cc-116baa6fdd20,20,8df7b2c2-34be-43fa-a87d-abc8a0ad1c9c-30,8df7b2c2-34be-43fa-a87d-abc8a0ad1c9c,30,PART003-1,340,Each
a147ad1b-ee8a-4cc8-9571-0da9313afef2-10,a147ad1b-ee8a-4cc8-9571-0da9313afef2,10,0ce13b8b-4478-4efb-a24e-9774ef488d6d-10,0ce13b8b-4478-4efb-a24e-9774ef488d6d,10,PART006,150,Each
a147ad1b-ee8a-4cc8-9571-0da9313afef2-20,a147ad1b-ee8a-4cc8-9571-0da9313afef2,20,0ce13b8b-4478-4efb-a24e-9774ef488d6d-20,0ce13b8b-4478-4efb-a24e-9774ef488d6d,20,PART003-2,110,Each
c5799994-800a-438b-83fb-4c58f79d9567-10,c5799994-800a-438b-83fb-4c58f79d9567,10,2f289e53-372f-4b16-8a64-eb6375d40555-10,2f289e53-372f-4b16-8a64-eb6375d40555,10,PART002,350,Each
f3d66b0b-37ae-4a5d-bba5-6b0b1e35ab46-10,f3d66b0b-37ae-4a5d-bba5-6b0b1e35ab46,10,6213bd83-e2f9-4f4f-b8c7-2c3bfb4c51f1-10,6213bd83-e2f9-4f4f-b8c7-2c3bfb4c51f1,10,PART001,280,Each
c6b4f464-84a1-4b53-83bf-60b414e924e4-10,c6b4f464-84a1-4b53-83bf-60b414e924e4,10,6213bd83-e2f9-4f4f-b8c7-2c3bfb4c51f1-10,6213bd83-e2f9-4f4f-b8c7-2c3bfb4c51f1,10,PART001,150,Each
acecb585-d399-486e-be8f-cd7621d1599b-10,acecb585-d399-486e-be8f-cd7621d1599b,10,5e92776e-e78b-4975-9295-02da3150907c-10,5e92776e-e78b-4975-9295-02da3150907c,10,PART003-1,80,Each
acecb585-d399-486e-be8f-cd7621d1599b-20,acecb585-d399-486e-be8f-cd7621d1599b,20,5e92776e-e78b-4975-9295-02da3150907c-20,5e92776e-e78b-4975-9295-02da3150907c,20,PART003-2,500,Each
0ddda75f-944a-4c6d-b8b1-56158f2f0224-10,0ddda75f-944a-4c6d-b8b1-56158f2f0224,10,b59a08b9-c142-47f3-a684-82281f3f9a54-10,b59a08b9-c142-47f3-a684-82281f3f9a54,10,PART005,60,Each
0ddda75f-944a-4c6d-b8b1-56158f2f0224-20,0ddda75f-944a-4c6d-b8b1-56158f2f0224,20,b59a08b9-c142-47f3-a684-82281f3f9a54-20,b59a08b9-c142-47f3-a684-82281f3f9a54,20,PART003-1,400,Each
0ddda75f-944a-4c6d-b8b1-56158f2f0224-30,0ddda75f-944a-4c6d-b8b1-56158f2f0224,30,b59a08b9-c142-47f3-a684-82281f3f9a54-30,b59a08b9-c142-47f3-a684-82281f3f9a54,30,PART004,480,Each
42d43b0e-a5f7-4a53-8fd6-3bba3e202fd1-10,42d43b0e-a5f7-4a53-8fd6-3bba3e202fd1,10,7308940e-ce9e-4f1b-be4e-9f1b9a898f29-10,7308940e-ce9e-4f1b-be4e-9f1b9a898f29,10,PART006,146,Each
f1806c3a-47a2-456f-a961-55531e1f34cc-10,f1806c3a-47a2-456f-a961-55531e1f34cc,10,7308940e-ce9e-4f1b-be4e-9f1b9a898f29-10,7308940e-ce9e-4f1b-be4e-9f1b9a898f29,10,PART006,284,Each
e032dece-3496-47ed-87a6-e5a66db7269f-10,e032dece-3496-47ed-87a6-e5a66db7269f,10,99c670a1-0915-4be0-bb75-607815cfe5f6-10,99c670a1-0915-4be0-bb75-607815cfe5f6,10,PART003,60,Each
e032dece-3496-47ed-87a6-e5a66db7269f-20,e032dece-3496-47ed-87a6-e5a66db7269f,20,99c670a1-0915-4be0-bb75-607815cfe5f6-20,99c670a1-0915-4be0-bb75-607815cfe5f6,20,PART002,350,Each
e032dece-3496-47ed-87a6-e5a66db7269f-30,e032dece-3496-47ed-87a6-e5a66db7269f,30,99c670a1-0915-4be0-bb75-607815cfe5f6-30,99c670a1-0915-4be0-bb75-607815cfe5f6,30,PART003-2,450,Each
80b5784e-9da5-4937-ba93-29ec5251bec2-10,80b5784e-9da5-4937-ba93-29ec5251bec2,10,66f3ad22-8bcc-410e-978b-0c882bd2ebda-10,66f3ad22-8bcc-410e-978b-0c882bd2ebda,10,PART003-3,70,Each
80b5784e-9da5-4937-ba93-29ec5251bec2-20,80b5784e-9da5-4937-ba93-29ec5251bec2,20,66f3ad22-8bcc-410e-978b-0c882bd2ebda-20,66f3ad22-8bcc-410e-978b-0c882bd2ebda,20,PART004,70,Each
573aaff9-c811-4236-9d18-f7457e0a34ae-10,573aaff9-c811-4236-9d18-f7457e0a34ae,10,9128f74f-b8db-4048-ac43-c6583815698f-30,9128f74f-b8db-4048-ac43-c6583815698f,30,PART003-3,250,Each
9d00cf1f-3f1b-48ee-952e-8996b9ea83c6-10,9d00cf1f-3f1b-48ee-952e-8996b9ea83c6,10,9128f74f-b8db-4048-ac43-c6583815698f-10,9128f74f-b8db-4048-ac43-c6583815698f,10,PART001,60,Each
9d00cf1f-3f1b-48ee-952e-8996b9ea83c6-20,9d00cf1f-3f1b-48ee-952e-8996b9ea83c6,20,9128f74f-b8db-4048-ac43-c6583815698f-20,9128f74f-b8db-4048-ac43-c6583815698f,20,PART002,70,Each
7ef04eb1-4ed3-4811-ae6d-8d4c4793e3d4-10,7ef04eb1-4ed3-4811-ae6d-8d4c4793e3d4,10,108a4e51-273d-4d0c-8f95-fce63f4f6d74-10,108a4e51-273d-4d0c-8f95-fce63f4f6d74,10,PART006,290,Each
7ef04eb1-4ed3-4811-ae6d-8d4c4793e3d4-20,7ef04eb1-4ed3-4811-ae6d-8d4c4793e3d4,20,108a4e51-273d-4d0c-8f95-fce63f4f6d74-20,108a4e51-273d-4d0c-8f95-fce63f4f6d74,20,PART003-3,120,Each
9a4f9322-de85-4fe0-968f-671dd1893fcb-10,9a4f9322-de85-4fe0-968f-671dd1893fcb,10,81ade6ef-305d-4025-9e27-9f12b8e8a523-10,81ade6ef-305d-4025-9e27-9f12b8e8a523,10,PART003-3,370,Each
9a4f9322-de85-4fe0-968f-671dd1893fcb-20,9a4f9322-de85-4fe0-968f-671dd1893fcb,20,81ade6ef-305d-4025-9e27-9f12b8e8a523-20,81ade6ef-305d-4025-9e27-9f12b8e8a523,20,PART003,470,Each
b37baea8-980b-4b6f-a66f-8565af8ca9ce-10,b37baea8-980b-4b6f-a66f-8565af8ca9ce,10,a3ed8907-b250-4bed-82d6-8ac03ec735ff-10,a3ed8907-b250-4bed-82d6-8ac03ec735ff,10,PART004,71,Each
50e1df8e-fe28-45cf-872e-92457f30a2b9-10,50e1df8e-fe28-45cf-872e-92457f30a2b9,10,a3ed8907-b250-4bed-82d6-8ac03ec735ff-10,a3ed8907-b250-4bed-82d6-8ac03ec735ff,10,PART004,29,Each
a074dea4-a2ef-4721-a675-368b1918bc4a-10,a074dea4-a2ef-4721-a675-368b1918bc4a,10,bf3b4331-7494-4e87-8745-53b4d8975428-10,bf3b4331-7494-4e87-8745-53b4d8975428,10,PART003-2,210,Each
a074dea4-a2ef-4721-a675-368b1918bc4a-20,a074dea4-a2ef-4721-a675-368b1918bc4a,20,bf3b4331-7494-4e87-8745-53b4d8975428-20,bf3b4331-7494-4e87-8745-53b4d8975428,20,PART003-1,490,Each
a074dea4-a2ef-4721-a675-368b1918bc4a-30,a074dea4-a2ef-4721-a675-368b1918bc4a,30,bf3b4331-7494-4e87-8745-53b4d8975428-30,bf3b4331-7494-4e87-8745-53b4d8975428,30,PART001,140,Each
dcfe9412-0701-41d5-af07-0e2d5865f05f-10,dcfe9412-0701-41d5-af07-0e2d5865f05f,10,2bf5da60-93f7-48bb-82c6-c742e7c60f18-10,2bf5da60-93f7-48bb-82c6-c742e7c60f18,10,PART005,230,Each
dcfe9412-0701-41d5-af07-0e2d5865f05f-20,dcfe9412-0701-41d5-af07-0e2d5865f05f,20,2bf5da60-93f7-48bb-82c6-c742e7c60f18-20,2bf5da60-93f7-48bb-82c6-c742e7c60f18,20,PART002,190,Each
dcfe9412-0701-41d5-af07-0e2d5865f05f-30,dcfe9412-0701-41d5-af07-0e2d5865f05f,30,2bf5da60-93f7-48bb-82c6-c742e7c60f18-30,2bf5da60-93f7-48bb-82c6-c742e7c60f18,30,PART003-3,140,Each
a5f15b47-5153-4086-9f54-681f3055f0db-10,a5f15b47-5153-4086-9f54-681f3055f0db,10,013a2e6e-677b-4bc6-aa48-c5016c7c396a-10,013a2e6e-677b-4bc6-aa48-c5016c7c396a,10,PART003,36,Each
3f7fdbd0-cb33-42d0-b115-8c3b56fc652b-10,3f7fdbd0-cb33-42d0-b115-8c3b56fc652b,10,013a2e6e-677b-4bc6-aa48-c5016c7c396a-10,013a2e6e-677b-4bc6-aa48-c5016c7c396a,10,PART003,114,Each
e8d1d42e-d9f4-41b5-beb2-5dfb0847c538-10,e8d1d42e-d9f4-41b5-beb2-5dfb0847c538,10,5abbef68-68f8-4601-b9ae-5e02b9eef384-10,5abbef68-68f8-4601-b9ae-5e02b9eef384,10,PART001,340,Each
e8d1d42e-d9f4-41b5-beb2-5dfb0847c538-20,e8d1d42e-d9f4-41b5-beb2-5dfb0847c538,20,5abbef68-68f8-4601-b9ae-5e02b9eef384-20,5abbef68-68f8-4601-b9ae-5e02b9eef384,20,PART003-2,440,Each
9e57be22-7b09-4174-9d88-1d52819e565b-10,9e57be22-7b09-4174-9d88-1d52819e565b,10,11a6b018-df42-4d2c-8ef4-4d9934c98a95-10,11a6b018-df42-4d2c-8ef4-4d9934c98a95,10,PART003-2,430,Each
9e57be22-7b09-4174-9d88-1d52819e565b-20,9e57be22-7b09-4174-9d88-1d52819e565b,20,11a6b018-df42-4d2c-8ef4-4d9934c98a95-20,11a6b018-df42-4d2c-8ef4-4d9934c98a95,20,PART001,300,Each
9e57be22-7b09-4174-9d88-1d52819e565b-30,9e57be22-7b09-4174-9d88-1d52819e565b,30,11a6b018-df42-4d2c-8ef4-4d9934c98a95-30,11a6b018-df42-4d2c-8ef4-4d9934c98a95,30,PART003-3,170,Each
e832d467-aa0f-4db6-9551-ec4a0cb7e968-10,e832d467-aa0f-4db6-9551-ec4a0cb7e968,10,8428aa8b-fff2-4beb-9c0b-bca196d91092-10,8428aa8b-fff2-4beb-9c0b-bca196d91092,10,PART004,191,Each
1897d355-eca7-4f15-9624-156bb3844d93-10,1897d355-eca7-4f15-9624-156bb3844d93,10,8428aa8b-fff2-4beb-9c0b-bca196d91092-10,8428aa8b-fff2-4beb-9c0b-bca196d91092,10,PART004,139,Each
75e2a411-978e-44a0-97f7-f406300c3a92-10,75e2a411-978e-44a0-97f7-f406300c3a92,10,245f6679-0f23-42fb-b47b-ed8a4931770b-10,245f6679-0f23-42fb-b47b-ed8a4931770b,10,PART006,340,Each
75e2a411-978e-44a0-97f7-f406300c3a92-20,75e2a411-978e-44a0-97f7-f406300c3a92,20,245f6679-0f23-42fb-b47b-ed8a4931770b-20,245f6679-0f23-42fb-b47b-ed8a4931770b,20,PART003-2,170,Each
53c43e3b-7bad-4c88-b11f-d899a4a8f83a-10,53c43e3b-7bad-4c88-b11f-d899a4a8f83a,10,b4e409ac-570c-4222-9c23-1ee92b686074-10,b4e409ac-570c-4222-9c23-1ee92b686074,10,PART003-2,350,Each
53c43e3b-7bad-4c88-b11f-d899a4a8f83a-20,53c43e3b-7bad-4c88-b11f-d899a4a8f83a,20,b4e409ac-570c-4222-9c23-1ee92b686074-20,b4e409ac-570c-4222-9c23-1ee92b686074,20,PART003,270,Each
53c43e3b-7bad-4c88-b11f-d899a4a8f83a-30,53c43e3b-7bad-4c88-b11f-d899a4a8f83a,30,b4e409ac-570c-4222-9c23-1ee92b686074-30,b4e409ac-570c-4222-9c23-1ee92b686074,30,PART001,120,Each
50b794e1-0722-4382-8885-6bc05de74cbb-10,50b794e1-0722-4382-8885-6bc05de74cbb,10,d602d35d-6b1e-42fe-aa32-de3c311ccb1e-10,d602d35d-6b1e-42fe-aa32-de3c311ccb1e,10,PART003-3,110,Each
8190deca-4767-4628-a384-f7d28265fec9-10,8190deca-4767-4628-a384-f7d28265fec9,10,d602d35d-6b1e-42fe-aa32-de3c311ccb1e-20,d602d35d-6b1e-42fe-aa32-de3c311ccb1e,20,PART001,330,Each
ef503fa5-9c39-478d-9699-636d99fad9f6-10,ef503fa5-9c39-478d-9699-636d99fad9f6,10,ddf883b2-b4db-4a3f-aaf1-80bd318c6204-10,ddf883b2-b4db-4a3f-aaf1-80bd318c6204,10,PART003-2,470,Each
ef503fa5-9c39-478d-9699-636d99fad9f6-20,ef503fa5-9c39-478d-9699-636d99fad9f6,20,ddf883b2-b4db-4a3f-aaf1-80bd318c6204-20,ddf883b2-b4db-4a3f-aaf1-80bd318c6204,20,PART004,370,Each
ef503fa5-9c39-478d-9699-636d99fad9f6-30,ef503fa5-9c39-478d-9699-636d99fad9f6,30,ddf883b2-b4db-4a3f-aaf1-80bd318c6204-30,ddf883b2-b4db-4a3f-aaf1-80bd318c6204,30,PART001,280,Each
fb43fc43-2788-4805-a915-39f659487654-10,fb43fc43-2788-4805-a915-39f659487654,10,9d1e801d-4996-4f88-99a1-56efec4a2dc2-10,9d1e801d-4996-4f88-99a1-56efec4a2dc2,10,PART002,290,Each
fb43fc43-2788-4805-a915-39f659487654-20,fb43fc43-2788-4805-a915-39f659487654,20,9d1e801d-4996-4f88-99a1-56efec4a2dc2-20,9d1e801d-4996-4f88-99a1-56efec4a2dc2,20,PART006,360,Each
fb43fc43-2788-4805-a915-39f659487654-30,fb43fc43-2788-4805-a915-39f659487654,30,9d1e801d-4996-4f88-99a1-56efec4a2dc2-30,9d1e801d-4996-4f88-99a1-56efec4a2dc2,30,PART003-2,460,Each
007d352f-b134-482b-8ff5-80339d0effbc-10,007d352f-b134-482b-8ff5-80339d0effbc,10,4e6129d4-9a47-4144-b36f-6665fdeb636b-10,4e6129d4-9a47-4144-b36f-6665fdeb636b,10,PART005,36,Each
a26bc1c8-a93f-4469-9f44-e64f76d11c95-10,a26bc1c8-a93f-4469-9f44-e64f76d11c95,10,4e6129d4-9a47-4144-b36f-6665fdeb636b-10,4e6129d4-9a47-4144-b36f-6665fdeb636b,10,PART005,84,Each
94091209-1722-4ea8-a31d-1a892e25bef3-10,94091209-1722-4ea8-a31d-1a892e25bef3,10,c28f3ac4-fc02-411e-b4ae-24f4728adc39-10,c28f3ac4-fc02-411e-b4ae-24f4728adc39,10,PART003-2,460,Each
d4340a32-f767-4a19-b20b-03e69b707ee0-10,d4340a32-f767-4a19-b20b-03e69b707ee0,10,5c8c0271-c243-405f-a7f6-83946d933409-10,5c8c0271-c243-405f-a7f6-83946d933409,10,PART003-1,80,Each
d4340a32-f767-4a19-b20b-03e69b707ee0-20,d4340a32-f767-4a19-b20b-03e69b707ee0,20,5c8c0271-c243-405f-a7f6-83946d933409-20,5c8c0271-c243-405f-a7f6-83946d933409,20,PART003-3,480,Each
d4340a32-f767-4a19-b20b-03e69b707ee0-30,d4340a32-f767-4a19-b20b-03e69b707ee0,30,5c8c0271-c243-405f-a7f6-83946d933409-30,5c8c0271-c243-405f-a7f6-83946d933409,30,PART004,240,Each
0ad6cfac-55f5-4107-ba1d-4346bb401ed3-10,0ad6cfac-55f5-4107-ba1d-4346bb401ed3,10,129f683c-e1b8-44a3-a5d6-b036bc91656a-10,129f683c-e1b8-44a3-a5d6-b036bc91656a,10,PART003-3,44,Each
d6ee7afe-fd33-4770-b401-716b919d15ca-10,d6ee7afe-fd33-4770-b401-716b919d15ca,10,129f683c-e1b8-44a3-a5d6-b036bc91656a-10,129f683c-e1b8-44a3-a5d6-b036bc91656a,10,PART003-3,76,Each
6144ea09-dd2b-4985-a74f-34f3b1f3baa1-10,6144ea09-dd2b-4985-a74f-34f3b1f3baa1,10,155c09a8-707d-43d0-ad7d-4f4d9d43162f-10,155c09a8-707d-43d0-ad7d-4f4d9d43162f,10,PART004,490,Each
6144ea09-dd2b-4985-a74f-34f3b1f3baa1-20,6144ea09-dd2b-4985-a74f-34f3b1f3baa1,20,155c09a8-707d-43d0-ad7d-4f4d9d43162f-20,155c09a8-707d-43d0-ad7d-4f4d9d43162f,20,PART002,480,Each
6144ea09-dd2b-4985-a74f-34f3b1f3baa1-30,6144ea09-dd2b-4985-a74f-34f3b1f3baa1,30,155c09a8-707d-43d0-ad7d-4f4d9d43162f-30,155c09a8-707d-43d0-ad7d-4f4d9d43162f,30,PART003-1,160,Each
8f61673a-fe17-477a-99e9-371959f782c2-10,8f61673a-fe17-477a-99e9-371959f782c2,10,d07b8fe1-10bf-48ff-9be7-ffe02f09613a-10,d07b8fe1-10bf-48ff-9be7-ffe02f09613a,10,PART003-3,480,Each
2b1315d4-d741-4f8f-b619-2aa69ddb5760-10,2b1315d4-d741-4f8f-b619-2aa69ddb5760,10,5c43597f-d08c-4046-bffb-012c1fc852ad-10,5c43597f-d08c-4046-bffb-012c1fc852ad,10,PART001,66,Each
d1cec481-ac0a-44d9-b637-b85d22502b4b-10,d1cec481-ac0a-44d9-b637-b85d22502b4b,10,5c43597f-d08c-4046-bffb-012c1fc852ad-10,5c43597f-d08c-4046-bffb-012c1fc852ad,10,PART001,134,Each
fba373c9-3abe-4777-982f-969e3728034b-10,fba373c9-3abe-4777-982f-969e3728034b,10,73f2df05-0ffa-49d7-bb3d-4153f5e99005-10,73f2df05-0ffa-49d7-bb3d-4153f5e99005,10,PART002,350,Each
fba373c9-3abe-4777-982f-969e3728034b-20,fba373c9-3abe-4777-982f-969e3728034b,20,73f2df05-0ffa-49d7-bb3d-4153f5e99005-20,73f2df05-0ffa-49d7-bb3d-4153f5e99005,20,PART003-1,170,Each
30a3a328-1741-4e53-a0e4-3fc64ec21602-10,30a3a328-1741-4e53-a0e4-3fc64ec21602,10,e4b3aeea-3f93-4e1e-a6df-792e5952b9d2-10,e4b3aeea-3f93-4e1e-a6df-792e5952b9d2,10,PART001,490,Each
30a3a328-1741-4e53-a0e4-3fc64ec21602-20,30a3a328-1741-4e53-a0e4-3fc64ec21602,20,e4b3aeea-3f93-4e1e-a6df-792e5952b9d2-20,e4b3aeea-3f93-4e1e-a6df-792e5952b9d2,20,PART006,130,Each
96b4fa11-7c8f-4a22-baad-1b52a22cba1e-10,96b4fa11-7c8f-4a22-baad-1b52a22cba1e,10,31e0e768-8e17-4618-9e19-b4103f24860a-10,31e0e768-8e17-4618-9e19-b4103f24860a,10,PART003-3,54,Each
de407c59-548a-499c-a561-542a7f0190c4-10,de407c59-548a-499c-a561-542a7f0190c4,10,31e0e768-8e17-4618-9e19-b4103f24860a-10,31e0e768-8e17-4618-9e19-b4103f24860a,10,PART003-3,26,Each
db94389d-3d8d-400c-b653-e72c65fd716d-10,db94389d-3d8d-400c-b653-e72c65fd716d,10,69f7df8f-11d3-4769-9679-5e4a253997f6-10,69f7df8f-11d3-4769-9679-5e4a253997f6,10,PART003,70,Each
db94389d-3d8d-400c-b653-e72c65fd716d-20,db94389d-3d8d-400c-b653-e72c65fd716d,20,69f7df8f-11d3-4769-9679-5e4a253997f6-20,69f7df8f-11d3-4769-9679-5e4a253997f6,20,PART003-1,200,Each
db94389d-3d8d-400c-b653-e72c65fd716d-30,db94389d-3d8d-400c-b653-e72c65fd716d,30,69f7df8f-11d3-4769-9679-5e4a253997f6-30,69f7df8f-11d3-4769-9679-5e4a253997f6,30,PART005,250,Each
ebd82001-69af-4eb2-85c3-49f75148334e-10,ebd82001-69af-4eb2-85c3-49f75148334e,10,9aa39463-ea0b-4c75-be70-44d434d0c747-10,9aa39463-ea0b-4c75-be70-44d434d0c747,10,PART005,330,Each
a65066b7-69e2-4a8a-9637-9fadf08ed6c2-10,a65066b7-69e2-4a8a-9637-9fadf08ed6c2,10,7067e651-9dd8-4058-8033-b1103c300610-10,7067e651-9dd8-4058-8033-b1103c300610,10,PART003,33,Each
3a1057de-14c4-460b-9d07-703f2c58a23e-10,3a1057de-14c4-460b-9d07-703f2c58a23e,10,7067e651-9dd8-4058-8033-b1103c300610-10,7067e651-9dd8-4058-8033-b1103c300610,10,PART003,27,Each
d1153bff-aded-48fc-ac02-a819749345d5-10,d1153bff-aded-48fc-ac02-a819749345d5,10,413f7fc3-7425-48f3-ba56-16925710978f-10,413f7fc3-7425-48f3-ba56-16925710978f,10,PART002,410,Each
d1153bff-aded-48fc-ac02-a819749345d5-20,d1153bff-aded-48fc-ac02-a819749345d5,20,413f7fc3-7425-48f3-ba56-16925710978f-20,413f7fc3-7425-48f3-ba56-16925710978f,20,PART003-1,110,Each
c6479d98-e2fe-4906-94a3-5de966a31db7-10,c6479d98-e2fe-4906-94a3-5de966a31db7,10,a4fa237c-30cf-4b02-b827-eb2721ed429b-10,a4fa237c-30cf-4b02-b827-eb2721ed429b,10,PART004,400,Each
04be71e9-fc89-450f-82e6-21a9cfc7fb8d-10,04be71e9-fc89-450f-82e6-21a9cfc7fb8d,10,75da2691-2e46-44ea-9139-ae2e1f8b9bd8-20,75da2691-2e46-44ea-9139-ae2e1f8b9bd8,20,PART003-2,100,Each
c97052e9-f8d0-4089-9deb-5b9f097640b8-10,c97052e9-f8d0-4089-9deb-5b9f097640b8,10,75da2691-2e46-44ea-9139-ae2e1f8b9bd8-10,75da2691-2e46-44ea-9139-ae2e1f8b9bd8,10,PART005,360,Each
335595d4-041b-4791-bb6e-b2eb4538924c-10,335595d4-041b-4791-bb6e-b2eb4538924c,10,f12d2716-6df7-461b-a2a4-796e10170b66-10,f12d2716-6df7-461b-a2a4-796e10170b66,10,PART002,500,Each
a003cca7-cf92-4675-989f-ec339f0391d5-10,a003cca7-cf92-4675-989f-ec339f0391d5,10,46adc0a0-ab46-49ab-8fdd-60e427ab958a-10,46adc0a0-ab46-49ab-8fdd-60e427ab958a,10,PART003-3,250,Each
1d6cac1e-4276-4df1-86a9-7dc253afd146-10,1d6cac1e-4276-4df1-86a9-7dc253afd146,10,532d121a-0d62-41a0-a98e-023f82a52c5e-20,532d121a-0d62-41a0-a98e-023f82a52c5e,20,PART005,360,Each
9de7cd00-0c01-4cd4-95a1-f0c72fa717e0-10,9de7cd00-0c01-4cd4-95a1-f0c72fa717e0,10,532d121a-0d62-41a0-a98e-023f82a52c5e-10,532d121a-0d62-41a0-a98e-023f82a52c5e,10,PART003-2,450,Each
9de7cd00-0c01-4cd4-95a1-f0c72fa717e0-20,9de7cd00-0c01-4cd4-95a1-f0c72fa717e0,20,532d121a-0d62-41a0-a98e-023f82a52c5e-30,532d121a-0d62-41a0-a98e-023f82a52c5e,30,PART001,460,Each
be767923-692f-4238-a6d9-d3f4444dd443-10,be767923-692f-4238-a6d9-d3f4444dd443,10,09371a8a-ac9a-43eb-b795-d1ae2c30b2bd-10,09371a8a-ac9a-43eb-b795-d1ae2c30b2bd,10,PART002,130,Each
be767923-692f-4238-a6d9-d3f4444dd443-20,be767923-692f-4238-a6d9-d3f4444dd443,20,09371a8a-ac9a-43eb-b795-d1ae2c30b2bd-20,09371a8a-ac9a-43eb-b795-d1ae2c30b2bd,20,PART005,220,Each
be767923-692f-4238-a6d9-d3f4444dd443-30,be767923-692f-4238-a6d9-d3f4444dd443,30,09371a8a-ac9a-43eb-b795-d1ae2c30b2bd-30,09371a8a-ac9a-43eb-b795-d1ae2c30b2bd,30,PART003-3,200,Each
4ce8b0ee-e842-44df-b46a-d74c11822887-10,4ce8b0ee-e842-44df-b46a-d74c11822887,10,55d71ca7-7f51-4d68-b8c2-2725932e9a46-10,55d71ca7-7f51-4d68-b8c2-2725932e9a46,10,PART006,470,Each
4ce8b0ee-e842-44df-b46a-d74c11822887-20,4ce8b0ee-e842-44df-b46a-d74c11822887,20,55d71ca7-7f51-4d68-b8c2-2725932e9a46-20,55d71ca7-7f51-4d68-b8c2-2725932e9a46,20,PART003-1,130,Each
82a0910d-e6fa-4870-ad12-dc86e2955dce-10,82a0910d-e6fa-4870-ad12-dc86e2955dce,10,f167a3e5-5afe-417b-beee-7f293d349320-30,f167a3e5-5afe-417b-beee-7f293d349320,30,PART005,230,Each
151106cc-cb76-4385-a324-37a81446e998-10,151106cc-cb76-4385-a324-37a81446e998,10,f167a3e5-5afe-417b-beee-7f293d349320-10,f167a3e5-5afe-417b-beee-7f293d349320,10,PART002,250,Each
151106cc-cb76-4385-a324-37a81446e998-20,151106cc-cb76-4385-a324-37a81446e998,20,f167a3e5-5afe-417b-beee-7f293d349320-20,f167a3e5-5afe-417b-beee-7f293d349320,20,PART003-2,90,Each
a8c0e761-becd-45f4-ab67-eb3f561feb71-10,a8c0e761-becd-45f4-ab67-eb3f561feb71,10,dab32e16-fca9-4141-a732-66caf1259657-10,dab32e16-fca9-4141-a732-66caf1259657,10,PART003-1,230,Each
b2896d32-ec95-46db-8ee5-1f18247a3d4c-10,b2896d32-ec95-46db-8ee5-1f18247a3d4c,10,197ad217-0d88-4d59-9219-4084a254392d-10,197ad217-0d88-4d59-9219-4084a254392d,10,PART005,180,Each
c6a3cd4b-51e3-41e4-baf4-a426bae9289e-10,c6a3cd4b-51e3-41e4-baf4-a426bae9289e,10,7359ab86-ce1c-4ffa-80c1-6e13390d136c-10,7359ab86-ce1c-4ffa-80c1-6e13390d136c,10,PART001,185,Each
b0b5867d-da86-44aa-a77f-329d421b4cfa-10,b0b5867d-da86-44aa-a77f-329d421b4cfa,10,7359ab86-ce1c-4ffa-80c1-6e13390d136c-10,7359ab86-ce1c-4ffa-80c1-6e13390d136c,10,PART001,145,Each
a87463b0-c6cd-426e-8352-4abb18066f9e-10,a87463b0-c6cd-426e-8352-4abb18066f9e,10,0210807d-d10d-499c-b697-68be4effbd0c-10,0210807d-d10d-499c-b697-68be4effbd0c,10,PART003,400,Each
df0a2b2a-fc8d-46bc-8ac7-4d7e482ead30-10,df0a2b2a-fc8d-46bc-8ac7-4d7e482ead30,10,40faaa6a-5dcb-4b7e-8153-807552b5ee8f-10,40faaa6a-5dcb-4b7e-8153-807552b5ee8f,10,PART003-3,150,Each
df0a2b2a-fc8d-46bc-8ac7-4d7e482ead30-20,df0a2b2a-fc8d-46bc-8ac7-4d7e482ead30,20,40faaa6a-5dcb-4b7e-8153-807552b5ee8f-20,40faaa6a-5dcb-4b7e-8153-807552b5ee8f,20,PART005,430,Each
df0a2b2a-fc8d-46bc-8ac7-4d7e482ead30-30,df0a2b2a-fc8d-46bc-8ac7-4d7e482ead30,30,40faaa6a-5dcb-4b7e-8153-807552b5ee8f-30,40faaa6a-5dcb-4b7e-8153-807552b5ee8f,30,PART006,370,Each
8004d101-3301-4105-b3c1-5545e81bb37b-10,8004d101-3301-4105-b3c1-5545e81bb37b,10,da6d1a29-8e8f-4b3a-986e-6e66417fd22b-10,da6d1a29-8e8f-4b3a-986e-6e66417fd22b,10,PART004,170,Each
eeddde79-8a9c-4dd8-b9b3-2a401d7ac4a1-10,eeddde79-8a9c-4dd8-b9b3-2a401d7ac4a1,10,da6d1a29-8e8f-4b3a-986e-6e66417fd22b-20,da6d1a29-8e8f-4b3a-986e-6e66417fd22b,20,PART002,400,Each
7ef2cd06-07c1-4855-b994-e2a83698343c-10,7ef2cd06-07c1-4855-b994-e2a83698343c,10,dcd7a523-d4d7-4e8a-9a30-7265d3ddc23f-10,dcd7a523-d4d7-4e8a-9a30-7265d3ddc23f,10,PART003-3,60,Each
7ef2cd06-07c1-4855-b994-e2a83698343c-20,7ef2cd06-07c1-4855-b994-e2a83698343c,20,dcd7a523-d4d7-4e8a-9a30-7265d3ddc23f-20,dcd7a523-d4d7-4e8a-9a30-7265d3ddc23f,20,PART003,190,Each
7ef2cd06-07c1-4855-b994-e2a83698343c-30,7ef2cd06-07c1-4855-b994-e2a83698343c,30,dcd7a523-d4d7-4e8a-9a30-7265d3ddc23f-30,dcd7a523-d4d7-4e8a-9a30-7265d3ddc23f,30,PART004,450,Each
6b67e41a-0104-43f4-be74-919493a3cac6-10,6b67e41a-0104-43f4-be74-919493a3cac6,10,b8f04e5a-4705-4da8-aae4-5159e168c956-10,b8f04e5a-4705-4da8-aae4-5159e168c956,10,PART001,100,Each
aae570ad-b75d-4d22-8f13-91f4d89a2149-10,aae570ad-b75d-4d22-8f13-91f4d89a2149,10,54519579-fff0-4508-9608-f80b3557db31-10,54519579-fff0-4508-9608-f80b3557db31,10,PART004,80,Each
0af61bbc-f87e-4a69-b8c1-4dd659478c8e-10,0af61bbc-f87e-4a69-b8c1-4dd659478c8e,10,54519579-fff0-4508-9608-f80b3557db31-10,54519579-fff0-4508-9608-f80b3557db31,10,PART004,80,Each
b2b1589f-0bc4-4e99-87b5-8018128a9123-10,b2b1589f-0bc4-4e99-87b5-8018128a9123,10,5705a716-095f-4947-8a08-00a5f844db9d-10,5705a716-095f-4947-8a08-00a5f844db9d,10,PART003-2,260,Each
b2b1589f-0bc4-4e99-87b5-8018128a9123-20,b2b1589f-0bc4-4e99-87b5-8018128a9123,20,5705a716-095f-4947-8a08-00a5f844db9d-20,5705a716-095f-4947-8a08-00a5f844db9d,20,PART003,180,Each
262eeee0-7521-4dbe-85ce-1c9c740243b7-10,262eeee0-7521-4dbe-85ce-1c9c740243b7,10,cf7526a3-b12d-4eb7-94bc-f37267f3289a-10,cf7526a3-b12d-4eb7-94bc-f37267f3289a,10,PART001,270,Each
8d6c394e-cd2e-41fd-8746-9574ebb8bde6-10,8d6c394e-cd2e-41fd-8746-9574ebb8bde6,10,97e9ca01-4173-4e0c-bc41-9d1c8086b993-10,97e9ca01-4173-4e0c-bc41-9d1c8086b993,10,PART003,270,Each
e5154d92-4826-4792-aff8-cec9da943d3d-10,e5154d92-4826-4792-aff8-cec9da943d3d,10,97e9ca01-4173-4e0c-bc41-9d1c8086b993-20,97e9ca01-4173-4e0c-bc41-9d1c8086b993,20,PART002,460,Each
e5154d92-4826-4792-aff8-cec9da943d3d-20,e5154d92-4826-4792-aff8-cec9da943d3d,20,97e9ca01-4173-4e0c-bc41-9d1c8086b993-30,97e9ca01-4173-4e0c-bc41-9d1c8086b993,30,PART004,490,Each
62aac220-b0f7-496a-8dce-5c70f70722a8-10,62aac220-b0f7-496a-8dce-5c70f70722a8,10,0c2522ff-353f-4928-9d86-1c46e823c9e2-10,0c2522ff-353f-4928-9d86-1c46e823c9e2,10,PART006,360,Each
a76d53df-fcb5-4212-b6c3-9f24d926dd34-10,a76d53df-fcb5-4212-b6c3-9f24d926dd34,10,9fdcfb5e-ec5e-419d-81ab-558e0ebd17e5-10,9fdcfb5e-ec5e-419d-81ab-558e0ebd17e5,10,PART003-2,260,Each
a76d53df-fcb5-4212-b6c3-9f24d926dd34-20,a76d53df-fcb5-4212-b6c3-9f24d926dd34,20,9fdcfb5e-ec5e-419d-81ab-558e0ebd17e5-20,9fdcfb5e-ec5e-419d-81ab-558e0ebd17e5,20,PART006,170,Each
efe147b1-5493-4558-bec0-331fda0b4f15-10,efe147b1-5493-4558-bec0-331fda0b4f15,10,8ed94491-0b8b-4526-acc3-1b1b354ff94d-10,8ed94491-0b8b-4526-acc3-1b1b354ff94d,10,PART004,120,Each
79bd1efe-177c-4859-af2e-d1169f67fde3-10,79bd1efe-177c-4859-af2e-d1169f67fde3,10,8ed94491-0b8b-4526-acc3-1b1b354ff94d-20,8ed94491-0b8b-4526-acc3-1b1b354ff94d,20,PART002,460,Each
79bd1efe-177c-4859-af2e-d1169f67fde3-20,79bd1efe-177c-4859-af2e-d1169f67fde3,20,8ed94491-0b8b-4526-acc3-1b1b354ff94d-30,8ed94491-0b8b-4526-acc3-1b1b354ff94d,30,PART005,370,Each
cc117141-18c8-4967-a6d2-1a9bac4c1314-10,cc117141-18c8-4967-a6d2-1a9bac4c1314,10,a8f921d8-5255-4607-8635-a3331eae5c99-10,a8f921d8-5255-4607-8635-a3331eae5c99,10,PART003-3,250,Each
761edee9-5081-4cd0-a469-48ed6d7ca3a0-10,761edee9-5081-4cd0-a469-48ed6d7ca3a0,10,de685b4a-431e-45d5-a80e-904850a5581c-10,de685b4a-431e-45d5-a80e-904850a5581c,10,PART003-1,230,Each
761edee9-5081-4cd0-a469-48ed6d7ca3a0-20,761edee9-5081-4cd0-a469-48ed6d7ca3a0,20,de685b4a-431e-45d5-a80e-904850a5581c-20,de685b4a-431e-45d5-a80e-904850a5581c,20,PART004,330,Each
761edee9-5081-4cd0-a469-48ed6d7ca3a0-30,761edee9-5081-4cd0-a469-48ed6d7ca3a0,30,de685b4a-431e-45d5-a80e-904850a5581c-30,de685b4a-431e-45d5-a80e-904850a5581c,30,PART001,280,Each
f70764dd-831e-435e-a7cd-629e39c0e02d-10,f70764dd-831e-435e-a7cd-629e39c0e02d,10,117b1676-4b21-4164-ba45-9c887740a03a-10,117b1676-4b21-4164-ba45-9c887740a03a,10,PART003-2,90,Each
3321467f-72a8-42e9-9df9-3e91f11b6eaf-10,3321467f-72a8-42e9-9df9-3e91f11b6eaf,10,117b1676-4b21-4164-ba45-9c887740a03a-20,117b1676-4b21-4164-ba45-9c887740a03a,20,PART006,50,Each
4995757e-0d6d-4efa-b1cc-77ffaee9b5a4-10,4995757e-0d6d-4efa-b1cc-77ffaee9b5a4,10,91649517-5295-47ac-8a0a-15e3b1a49784-10,91649517-5295-47ac-8a0a-15e3b1a49784,10,PART003-3,210,Each
4995757e-0d6d-4efa-b1cc-77ffaee9b5a4-20,4995757e-0d6d-4efa-b1cc-77ffaee9b5a4,20,91649517-5295-47ac-8a0a-15e3b1a49784-20,91649517-5295-47ac-8a0a-15e3b1a49784,20,PART003,100,Each
4995757e-0d6d-4efa-b1cc-77ffaee9b5a4-30,4995757e-0d6d-4efa-b1cc-77ffaee9b5a4,30,91649517-5295-47ac-8a0a-15e3b1a49784-30,91649517-5295-47ac-8a0a-15e3b1a49784,30,PART005,130,Each
0c50dafb-7899-43da-b1f7-7e4c0890417a-10,0c50dafb-7899-43da-b1f7-7e4c0890417a,10,92905edf-f428-4249-84d7-0dbf04d2f749-10,92905edf-f428-4249-84d7-0dbf04d2f749,10,PART003-1,480,Each
0c50dafb-7899-43da-b1f7-7e4c0890417a-20,0c50dafb-7899-43da-b1f7-7e4c0890417a,20,92905edf-f428-4249-84d7-0dbf04d2f749-20,92905edf-f428-4249-84d7-0dbf04d2f749,20,PART003-3,100,Each
0c50dafb-7899-43da-b1f7-7e4c0890417a-30,0c50dafb-7899-43da-b1f7-7e4c0890417a,30,92905edf-f428-4249-84d7-0dbf04d2f749-30,92905edf-f428-4249-84d7-0dbf04d2f749,30,PART005,440,Each
2a5bf506-6aaa-412b-86ab-200d412f3282-10,2a5bf506-6aaa-412b-86ab-200d412f3282,10,8201df0e-f242-460e-83f8-e26e615bb0f8-10,8201df0e-f242-460e-83f8-e26e615bb0f8,10,PART006,50,Each
ccbb1141-e894-42e4-9021-f8628486f496-10,ccbb1141-e894-42e4-9021-f8628486f496,10,8201df0e-f242-460e-83f8-e26e615bb0f8-20,8201df0e-f242-460e-83f8-e26e615bb0f8,20,PART004,150,Each
eebbd8ab-14a6-4e73-afa8-cb56757f7cf3-10,eebbd8ab-14a6-4e73-afa8-cb56757f7cf3,10,2dc6b931-5984-4ac9-8a1d-0c0f7f78059b-10,2dc6b931-5984-4ac9-8a1d-0c0f7f78059b,10,PART002,480,Each
03c96d19-4b98-427b-80cd-064f1c0fbbce-10,03c96d19-4b98-427b-80cd-064f1c0fbbce,10,be42fcc0-3fa1-466d-8967-702dc821a457-10,be42fcc0-3fa1-466d-8967-702dc821a457,10,PART006,160,Each
03c96d19-4b98-427b-80cd-064f1c0fbbce-20,03c96d19-4b98-427b-80cd-064f1c0fbbce,20,be42fcc0-3fa1-466d-8967-702dc821a457-20,be42fcc0-3fa1-466d-8967-702dc821a457,20,PART003-3,450,Each
fe79ec3f-dc62-4a0d-886b-b0c6e1d2bd0b-10,fe79ec3f-dc62-4a0d-886b-b0c6e1d2bd0b,10,b91826d5-19a3-4053-bde2-df773c835f63-30,b91826d5-19a3-4053-bde2-df773c835f63,30,PART003-1,440,Each
944a4341-0685-489a-8a6f-e147988ed474-10,944a4341-0685-489a-8a6f-e147988ed474,10,b91826d5-19a3-4053-bde2-df773c835f63-10,b91826d5-19a3-4053-bde2-df773c835f63,10,PART003-2,390,Each
944a4341-0685-489a-8a6f-e147988ed474-20,944a4341-0685-489a-8a6f-e147988ed474,20,b91826d5-19a3-4053-bde2-df773c835f63-20,b91826d5-19a3-4053-bde2-df773c835f63,20,PART006,230,Each